elementTag;caso;tipo;seccion;global_i_Fx_kN;global_i_Fy_kN;global_i_Fz_kN;global_i_Mx_kNm;global_i_My_kNm;global_i_Mz_kNm;global_j_Fx_kN;global_j_Fy_kN;global_j_Fz_kN;global_j_Mx_kNm;global_j_My_kNm;global_j_Mz_kNm;local_i_N_kN;local_i_Vy_kN;local_i_Vz_kN;local_i_T_kNm;local_i_My_kNm;local_i_Mz_kNm;local_j_N_kN;local_j_Vy_kN;local_j_Vz_kN;local_j_T_kNm;local_j_My_kNm;local_j_Mz_kNm;unity_abs_i_N_kN;unity_abs_i_Vy_kN;unity_abs_i_Vz_kN;unity_abs_i_T_kNm;unity_abs_i_My_kNm;unity_abs_i_Mz_kNm;unity_abs_j_N_kN;unity_abs_j_Vy_kN;unity_abs_j_Vz_kN;unity_abs_j_T_kNm;unity_abs_j_My_kNm;unity_abs_j_Mz_kNm
1;G;column;70x70;-12,93856892;-5,07380893;984,79111624;4,86495965;-12,49993862;0,02957937;12,93856892;5,07380893;-984,79111624;13,19780014;-33,56136672;-0,02957937;984,79111624;5,07380893;-12,93856892;0,02957937;12,49993862;4,86495965;-984,79111624;-5,07380893;12,93856892;-0,02957937;33,56136672;13,19780014;984,79111624;5,07380893;12,93856892;0,02957937;12,49993862;4,86495965;984,79111624;5,07380893;12,93856892;0,02957937;33,56136672;13,19780014
2;G;column;70x70;0,57018461;-8,58135147;2300,88632184;9,50361682;11,60172087;2,082559;-0,57018461;8,58135147;-2300,88632184;21,0459944;-9,57186366;-2,082559;2300,88632184;8,58135147;0,57018461;2,082559;-11,60172087;9,50361682;-2300,88632184;-8,58135147;-0,57018461;-2,082559;9,57186366;21,0459944;2300,88632184;8,58135147;0,57018461;2,082559;11,60172087;9,50361682;2300,88632184;8,58135147;0,57018461;2,082559;9,57186366;21,0459944
3;G;column;70x70;-23,65346936;4,95276123;1509,63631241;-7,03323693;-25,33079783;0,02957937;23,65346936;-4,95276123;-1509,63631241;-10,59859303;-58,8755531;-0,02957937;1509,63631241;-4,95276123;-23,65346936;0,02957937;25,33079783;-7,03323693;-1509,63631241;4,95276123;23,65346936;-0,02957937;58,8755531;-10,59859303;1509,63631241;4,95276123;23,65346936;0,02957937;25,33079783;7,03323693;1509,63631241;4,95276123;23,65346936;0,02957937;58,8755531;10,59859303
4;G;column;70x70;30,86991481;7,69187313;2818,35534875;-10,12386488;39,37028472;0,02957937;-30,86991481;-7,69187313;-2818,35534875;-17,25920347;70,52661201;-0,02957937;2818,35534875;-7,69187313;30,86991481;0,02957937;-39,37028472;-10,12386488;-2818,35534875;7,69187313;-30,86991481;-0,02957937;-70,52661201;-17,25920347;2818,35534875;7,69187313;30,86991481;0,02957937;39,37028472;10,12386488;2818,35534875;7,69187313;30,86991481;0,02957937;70,52661201;17,25920347
5;G;column;70x70;-17,74244942;17,01483981;1191,8472522;-21,34690352;-18,45859601;0,02957937;17,74244942;-17,01483981;-1191,8472522;-39,22592622;-44,70452392;-0,02957937;1191,8472522;-17,01483981;-17,74244942;0,02957937;18,45859601;-21,34690352;-1191,8472522;17,01483981;17,74244942;-0,02957937;44,70452392;-39,22592622;1191,8472522;17,01483981;17,74244942;0,02957937;18,45859601;21,34690352;1191,8472522;17,01483981;17,74244942;0,02957937;44,70452392;39,22592622
6;G;column;70x70;2,14558459;6,7108374;2040,36577857;-7,58070047;12,77092487;-1,38295336;-2,14558459;-6,7108374;-2040,36577857;-16,30988069;-5,13264371;1,38295336;2040,36577857;-6,7108374;2,14558459;-1,38295336;-12,77092487;-7,58070047;-2040,36577857;6,7108374;-2,14558459;1,38295336;5,13264371;-16,30988069;2040,36577857;6,7108374;2,14558459;1,38295336;12,77092487;7,58070047;2040,36577857;6,7108374;2,14558459;1,38295336;5,13264371;16,30988069
7;G;beam_x;60x80;122,69936221;0,28613588;53,46396411;-0,76019462;79,68583365;-0,92490963;-122,69936221;-0,28613588;59,13175389;0,76019462;-108,02478251;-1,93644919;-122,69936221;-0,28613588;53,46396411;0,76019462;-79,68583365;-0,92490963;122,69936221;0,28613588;59,13175389;-0,76019462;108,02478251;-1,93644919;122,69936221;0,28613588;53,46396411;0,76019462;79,68583365;0,92490963;122,69936221;0,28613588;59,13175389;0,76019462;108,02478251;1,93644919
8;G;beam_x;60x80;0,0;-0,0;100,16852777;0,84556788;160,86072808;0,0;0,0;0,0;94,97940573;-0,84556788;-134,91511791;0,0;0,0;0,0;100,16852777;-0,84556788;-160,86072808;0,0;0,0;-0,0;94,97940573;0,84556788;134,91511791;0,0;0,0;0,0;100,16852777;0,84556788;160,86072808;0,0;0,0;0,0;94,97940573;0,84556788;134,91511791;0,0
9;G;beam_x;60x80;115,9767686;-0,28426285;82,69320217;-2,16718512;122,12510934;1,07332423;-115,9767686;0,28426285;90,97137983;2,16718512;-163,51599764;1,76930422;-115,9767686;0,28426285;82,69320217;2,16718512;-122,12510934;1,07332423;115,9767686;-0,28426285;90,97137983;-2,16718512;163,51599764;1,76930422;115,9767686;0,28426285;82,69320217;2,16718512;122,12510934;1,07332423;115,9767686;0,28426285;90,97137983;2,16718512;163,51599764;1,76930422
10;G;beam_y;60x80;-2,57545216;7,01681205;-16,39248718;-43,33826847;-13,04740195;4,64803761;2,57545216;-7,01681205;50,61234768;-78,1079947;13,04740195;4,68797647;7,01681205;2,57545216;-16,39248718;-13,04740195;43,33826847;4,64803761;-7,01681205;-2,57545216;50,61234768;13,04740195;78,1079947;4,68797647;7,01681205;2,57545216;16,39248718;13,04740195;43,33826847;4,64803761;7,01681205;2,57545216;50,61234768;13,04740195;78,1079947;4,68797647
11;G;beam_y;60x80;-10,14942845;3,65517771;-82,13365479;-157,79667147;-13,82693199;17,00093807;10,14942845;-3,65517771;116,35351529;-201,9613243;13,82693199;19,79074007;3,65517771;10,14942845;-82,13365479;-13,82693199;157,79667147;17,00093807;-3,65517771;-10,14942845;116,35351529;13,82693199;201,9613243;19,79074007;3,65517771;10,14942845;82,13365479;13,82693199;157,79667147;17,00093807;3,65517771;10,14942845;116,35351529;13,82693199;201,9613243;19,79074007
12;G;beam_y;60x80;-0,68721813;-1,68411657;4,71729345;-33,71723669;-13,45371738;1,98098779;0,68721813;1,68411657;45,2193518;-84,24500825;13,45371738;2,02205784;-1,68411657;0,68721813;4,71729345;-13,45371738;33,71723669;1,98098779;1,68411657;-0,68721813;45,2193518;13,45371738;84,24500825;2,02205784;1,68411657;0,68721813;4,71729345;13,45371738;33,71723669;1,98098779;1,68411657;0,68721813;45,2193518;13,45371738;84,24500825;2,02205784
13;G;beam_y;60x80;-1,68668812;-19,66582671;-48,80303123;-145,68258211;16,57721925;3,7307297;1,68668812;19,66582671;86,95205635;-156,37248777;-16,57721925;3,77503242;-19,66582671;1,68668812;-48,80303123;16,57721925;145,68258211;3,7307297;19,66582671;-1,68668812;86,95205635;-16,57721925;156,37248777;3,77503242;19,66582671;1,68668812;48,80303123;16,57721925;145,68258211;3,7307297;19,66582671;1,68668812;86,95205635;16,57721925;156,37248777;3,77503242
14;G;column;70x70;-18,40471767;-24,10104157;829,6606057;30,90066295;-33,07706497;0,05866079;18,40471767;24,10104157;-829,6606057;54,89904502;-32,44372994;-0,05866079;829,6606057;24,10104157;-18,40471767;0,05866079;33,07706497;30,90066295;-829,6606057;-24,10104157;18,40471767;-0,05866079;32,44372994;54,89904502;829,6606057;24,10104157;18,40471767;0,05866079;33,07706497;30,90066295;829,6606057;24,10104157;18,40471767;0,05866079;32,44372994;54,89904502
15;G;column;70x70;-62,29761168;-11,93681951;2227,0365193;19,67561449;-93,34672759;-1,99431884;62,29761168;11,93681951;-2227,0365193;22,81946298;-128,43277;1,99431884;2227,0365193;11,93681951;-62,29761168;-1,99431884;93,34672759;19,67561449;-2227,0365193;-11,93681951;62,29761168;1,99431884;128,43277;22,81946298;2227,0365193;11,93681951;62,29761168;1,99431884;93,34672759;19,67561449;2227,0365193;11,93681951;62,29761168;1,99431884;128,43277;22,81946298
16;G;column;70x70;-36,55421953;33,34862118;1293,7187231;-49,17113343;-67,32753886;0,05866079;36,55421953;-33,34862118;-1293,7187231;-69,54995798;-62,80548266;-0,05866079;1293,7187231;-33,34862118;-36,55421953;0,05866079;67,32753886;-49,17113343;-1293,7187231;33,34862118;36,55421953;-0,05866079;62,80548266;-69,54995798;1293,7187231;33,34862118;36,55421953;0,05866079;67,32753886;49,17113343;1293,7187231;33,34862118;36,55421953;0,05866079;62,80548266;69,54995798
17;G;column;70x70;-11,21206975;15,34175482;2725,0623261;-31,05608805;27,44622809;0,05866079;11,21206975;-15,34175482;-2725,0623261;-23,56055912;-67,36119642;-0,05866079;2725,0623261;-15,34175482;-11,21206975;0,05866079;-27,44622809;-31,05608805;-2725,0623261;15,34175482;11,21206975;-0,05866079;67,36119642;-23,56055912;2725,0623261;15,34175482;11,21206975;0,05866079;27,44622809;31,05608805;2725,0623261;15,34175482;11,21206975;0,05866079;67,36119642;23,56055912
18;G;column;70x70;-34,23372592;-0,90867636;1032,82232929;-22,83280694;-57,5570821;0,05866079;34,23372592;0,90867636;-1032,82232929;26,06769478;-64,31498218;-0,05866079;1032,82232929;0,90867636;-34,23372592;0,05866079;57,5570821;-22,83280694;-1032,82232929;-0,90867636;34,23372592;-0,05866079;64,31498218;26,06769478;1032,82232929;0,90867636;34,23372592;0,05866079;57,5570821;22,83280694;1032,82232929;0,90867636;34,23372592;0,05866079;64,31498218;26,06769478
19;G;column;70x70;-33,67456635;-21,01046933;1861,91162902;9,10904095;-56,18024059;1,47119352;33,67456635;21,01046933;-1861,91162902;65,68822985;-63,70121561;-1,47119352;1861,91162902;21,01046933;-33,67456635;1,47119352;56,18024059;9,10904095;-1861,91162902;-21,01046933;33,67456635;-1,47119352;63,70121561;65,68822985;1861,91162902;21,01046933;33,67456635;1,47119352;56,18024059;9,10904095;1861,91162902;21,01046933;33,67456635;1,47119352;63,70121561;65,68822985
20;G;beam_x;60x80;0,0;0,0;51,87490897;4,17930406;79,87547132;-0,0;0,0;-0,0;60,72080903;-4,17930406;-124,10497165;-0,0;0,0;-0,0;51,87490897;-4,17930406;-79,87547132;-0,0;0,0;0,0;60,72080903;4,17930406;124,10497165;-0,0;0,0;0,0;51,87490897;4,17930406;79,87547132;0,0;0,0;0,0;60,72080903;4,17930406;124,10497165;0,0
21;G;beam_x;60x80;0,0;0,0;91,025916;-5,75660961;137,76947237;-0,0;0,0;-0,0;104,1220175;5,75660961;-203,24997989;-0,0;0,0;-0,0;91,025916;5,75660961;-137,76947237;-0,0;0,0;0,0;104,1220175;-5,75660961;203,24997989;-0,0;0,0;0,0;91,025916;5,75660961;137,76947237;0,0;0,0;0,0;104,1220175;5,75660961;203,24997989;0,0
22;G;beam_x;60x80;0,0;0,0;82,59248191;-3,98591988;121,79529464;-0,0;0,0;-0,0;91,07210009;3,98591988;-164,1933855;-0,0;0,0;-0,0;82,59248191;3,98591988;-121,79529464;-0,0;0,0;0,0;91,07210009;-3,98591988;164,1933855;-0,0;0,0;0,0;82,59248191;3,98591988;121,79529464;0,0;0,0;0,0;91,07210009;3,98591988;164,1933855;0,0
23;G;beam_y;60x80;-12,25733356;-8,91694656;-36,30481842;-58,7702618;-12,34415606;22,1534816;12,25733356;8,91694656;70,52467892;-134,85820213;12,34415606;22,27935255;-8,91694656;12,25733356;-36,30481842;-12,34415606;58,7702618;22,1534816;8,91694656;-12,25733356;70,52467892;12,34415606;134,85820213;22,27935255;8,91694656;12,25733356;36,30481842;12,34415606;58,7702618;22,1534816;8,91694656;12,25733356;70,52467892;12,34415606;134,85820213;22,27935255
24;G;beam_y;60x80;0,0;0,0;76,92292184;121,27515207;2,41476695;-0,0;-0,0;0,0;57,20454916;-49,7960511;-2,41476695;-0,0;0,0;-0,0;76,92292184;2,41476695;-121,27515207;-0,0;0,0;0,0;57,20454916;-2,41476695;49,7960511;-0,0;0,0;0,0;76,92292184;2,41476695;121,27515207;0,0;0,0;0,0;57,20454916;2,41476695;49,7960511;0,0
25;G;beam_y;60x80;-0,0;0,0;37,53785311;39,80265681;1,05949431;0,0;0,0;0,0;38,76019714;-45,24208777;-1,05949431;0,0;0,0;0,0;37,53785311;1,05949431;-39,80265681;0,0;0,0;-0,0;38,76019714;-1,05949431;45,24208777;0,0;0,0;0,0;37,53785311;1,05949431;39,80265681;0,0;0,0;0,0;38,76019714;1,05949431;45,24208777;0,0
26;G;beam_y;60x80;-0,0;0,0;85,52290107;123,96583189;-10,17319881;0,0;0,0;0,0;79,28074918;-96,18825594;10,17319881;0,0;0,0;0,0;85,52290107;-10,17319881;-123,96583189;0,0;0,0;-0,0;79,28074918;10,17319881;96,18825594;0,0;0,0;0,0;85,52290107;10,17319881;123,96583189;0,0;0,0;0,0;79,28074918;10,17319881;96,18825594;0,0
27;G;column;70x70;-23,7768544;9,61485742;696,03148155;-0,30808729;-35,08758532;-0,36259994;23,7768544;-9,61485742;-696,03148155;-33,92080512;-49,55801636;0,36259994;696,03148155;-9,61485742;-23,7768544;-0,36259994;35,08758532;-0,30808729;-696,03148155;9,61485742;23,7768544;0,36259994;49,55801636;-33,92080512;696,03148155;9,61485742;23,7768544;0,36259994;35,08758532;0,30808729;696,03148155;9,61485742;23,7768544;0,36259994;49,55801636;33,92080512
28;G;column;70x70;-59,20036901;21,31743748;1685,54224199;-33,79887458;-112,95502318;-0,36259994;59,20036901;-21,31743748;-1685,54224199;-42,09120286;-97,79829051;0,36259994;1685,54224199;-21,31743748;-59,20036901;-0,36259994;112,95502318;-33,79887458;-1685,54224199;21,31743748;59,20036901;0,36259994;97,79829051;-42,09120286;1685,54224199;21,31743748;59,20036901;0,36259994;112,95502318;33,79887458;1685,54224199;21,31743748;59,20036901;0,36259994;97,79829051;42,09120286
29;G;column;70x70;-37,09277667;45,14661968;1063,68938865;-98,74784838;-58,06367379;-0,36259994;37,09277667;-45,14661968;-1063,68938865;-61,97411769;-73,98661116;0,36259994;1063,68938865;-45,14661968;-37,09277667;-0,36259994;58,06367379;-98,74784838;-1063,68938865;45,14661968;37,09277667;0,36259994;73,98661116;-61,97411769;1063,68938865;45,14661968;37,09277667;0,36259994;58,06367379;98,74784838;1063,68938865;45,14661968;37,09277667;0,36259994;73,98661116;61,97411769
30;G;column;70x70;-69,2225083;33,84141495;2060,207215;-62,98669691;-130,81935348;-0,36259994;69,2225083;-33,84141495;-2060,207215;-57,4887403;-115,61277605;0,36259994;2060,207215;-33,84141495;-69,2225083;-0,36259994;130,81935348;-62,98669691;-2060,207215;33,84141495;69,2225083;0,36259994;115,61277605;-57,4887403;2060,207215;33,84141495;69,2225083;0,36259994;130,81935348;62,98669691;2060,207215;33,84141495;69,2225083;0,36259994;115,61277605;57,4887403
31;G;column;70x70;-33,82251069;-11,26560074;763,60391263;23,16031287;-56,42081815;-0,36259994;33,82251069;11,26560074;-763,60391263;16,94522578;-63,98731989;0,36259994;763,60391263;11,26560074;-33,82251069;-0,36259994;56,42081815;23,16031287;-763,60391263;-11,26560074;33,82251069;0,36259994;63,98731989;16,94522578;763,60391263;11,26560074;33,82251069;0,36259994;56,42081815;23,16031287;763,60391263;11,26560074;33,82251069;0,36259994;63,98731989;16,94522578
32;G;column;70x70;-22,46132719;-39,55580408;1392,53137619;71,60115466;-35,35959601;-0,36259994;22,46132719;39,55580408;-1392,53137619;69,21750785;-44,6027288;0,36259994;1392,53137619;39,55580408;-22,46132719;-0,36259994;35,35959601;71,60115466;-1392,53137619;-39,55580408;22,46132719;0,36259994;44,6027288;69,21750785;1392,53137619;39,55580408;22,46132719;0,36259994;35,35959601;71,60115466;1392,53137619;39,55580408;22,46132719;0,36259994;44,6027288;69,21750785
33;G;beam_x;60x80;0,0;0,0;54,17718116;-1,81795454;84,63939072;-0,0;0,0;-0,0;58,41853684;1,81795454;-105,84616916;-0,0;0,0;-0,0;54,17718116;1,81795454;-84,63939072;-0,0;0,0;0,0;58,41853684;-1,81795454;105,84616916;-0,0;0,0;0,0;54,17718116;1,81795454;84,63939072;0,0;0,0;0,0;58,41853684;1,81795454;105,84616916;0,0
34;G;beam_x;60x80;0,0;0,0;93,15215769;1,65121106;141,31108616;-0,0;0,0;-0,0;101,99577581;-1,65121106;-185,5291768;-0,0;0,0;-0,0;93,15215769;-1,65121106;-141,31108616;-0,0;0,0;0,0;101,99577581;1,65121106;185,5291768;-0,0;0,0;0,0;93,15215769;1,65121106;141,31108616;0,0;0,0;0,0;101,99577581;1,65121106;185,5291768;0,0
35;G;beam_x;60x80;0,0;0,0;81,6991992;-4,89341532;117,7107256;-0,0;0,0;-0,0;91,9653828;4,89341532;-169,04164357;-0,0;0,0;-0,0;81,6991992;4,89341532;-117,7107256;-0,0;0,0;0,0;91,9653828;-4,89341532;169,04164357;-0,0;0,0;0,0;81,6991992;4,89341532;117,7107256;0,0;0,0;0,0;91,9653828;4,89341532;169,04164357;0,0
36;G;beam_y;60x80;-0,0;0,0;45,16713646;76,60015412;3,28235571;0,0;0,0;0,0;23,27258454;2,76759657;-3,28235571;0,0;0,0;0,0;45,16713646;3,28235571;-76,60015412;0,0;0,0;-0,0;23,27258454;-3,28235571;-2,76759657;0,0;0,0;0,0;45,16713646;3,28235571;76,60015412;0,0;0,0;0,0;23,27258454;3,28235571;2,76759657;0,0
37;G;beam_y;60x80;-0,0;0,0;78,3908087;122,26428346;2,39848285;0,0;0,0;0,0;55,7366623;-40,14300276;-2,39848285;0,0;0,0;0,0;78,3908087;2,39848285;-122,26428346;0,0;0,0;-0,0;55,7366623;-2,39848285;40,14300276;0,0;0,0;0,0;78,3908087;2,39848285;122,26428346;0,0;0,0;0,0;55,7366623;2,39848285;40,14300276;0,0
38;G;beam_y;60x80;-0,0;0,0;41,85953981;70,03471642;-1,16439649;0,0;0,0;0,0;34,43851044;-37,01113573;1,16439649;0,0;0,0;0,0;41,85953981;-1,16439649;-70,03471642;0,0;0,0;-0,0;34,43851044;1,16439649;37,01113573;0,0;0,0;0,0;41,85953981;1,16439649;70,03471642;0,0;0,0;0,0;34,43851044;1,16439649;37,01113573;0,0
39;G;beam_y;60x80;-0,0;0,0;83,94632463;118,96691683;-3,66641912;0,0;0,0;0,0;80,85732562;-105,22087124;3,66641912;0,0;0,0;0,0;83,94632463;-3,66641912;-118,96691683;0,0;0,0;-0,0;80,85732562;3,66641912;105,22087124;0,0;0,0;0,0;83,94632463;3,66641912;118,96691683;0,0;0,0;0,0;80,85732562;3,66641912;105,22087124;0,0
40;G;column;70x70;-20,6162489;19,8069916;458,14485034;-40,86139446;-38,36373007;-0,39036537;20,6162489;-19,8069916;-458,14485034;-29,65149563;-35,03011603;0,39036537;458,14485034;-19,8069916;-20,6162489;-0,39036537;38,36373007;-40,86139446;-458,14485034;19,8069916;20,6162489;0,39036537;35,03011603;-29,65149563;458,14485034;19,8069916;20,6162489;0,39036537;38,36373007;40,86139446;458,14485034;19,8069916;20,6162489;0,39036537;35,03011603;29,65149563
41;G;column;70x70;-68,19326589;9,80522705;970,72931589;-23,42595606;-101,02616038;-0,39036537;68,19326589;-9,80522705;-970,72931589;-11,48065222;-141,74186621;0,39036537;970,72931589;-9,80522705;-68,19326589;-0,39036537;101,02616038;-23,42595606;-970,72931589;9,80522705;68,19326589;0,39036537;141,74186621;-11,48065222;970,72931589;9,80522705;68,19326589;0,39036537;101,02616038;23,42595606;970,72931589;9,80522705;68,19326589;0,39036537;141,74186621;11,48065222
42;G;column;70x70;-34,09577051;7,78091622;716,57280901;-12,47940636;-62,87772279;-0,39036537;34,09577051;-7,78091622;-716,57280901;-15,2206554;-58,50322021;0,39036537;716,57280901;-7,78091622;-34,09577051;-0,39036537;62,87772279;-12,47940636;-716,57280901;7,78091622;34,09577051;0,39036537;58,50322021;-15,2206554;716,57280901;7,78091622;34,09577051;0,39036537;62,87772279;12,47940636;716,57280901;7,78091622;34,09577051;0,39036537;58,50322021;15,2206554
43;G;column;70x70;-67,54773259;20,14101555;1403,58185647;-36,22684261;-106,0729345;-0,39036537;67,54773259;-20,14101555;-1403,58185647;-35,47517275;-134,39699352;0,39036537;1403,58185647;-20,14101555;-67,54773259;-0,39036537;106,0729345;-36,22684261;-1403,58185647;20,14101555;67,54773259;0,39036537;134,39699352;-35,47517275;1403,58185647;20,14101555;67,54773259;0,39036537;106,0729345;36,22684261;1403,58185647;20,14101555;67,54773259;0,39036537;134,39699352;35,47517275
44;G;column;70x70;-32,63128402;-13,67573243;499,60046539;24,95932527;-54,8878022;-0,39036537;32,63128402;13,67573243;-499,60046539;23,72628217;-61,27956893;0,39036537;499,60046539;13,67573243;-32,63128402;-0,39036537;54,8878022;24,95932527;-499,60046539;-13,67573243;32,63128402;0,39036537;61,27956893;23,72628217;499,60046539;13,67573243;32,63128402;0,39036537;54,8878022;24,95932527;499,60046539;13,67573243;32,63128402;0,39036537;61,27956893;23,72628217
45;G;column;70x70;-22,06754276;-43,18885756;921,34417713;78,53282173;-36,44950922;-0,39036537;22,06754276;43,18885756;-921,34417713;75,21951118;-42,11094301;0,39036537;921,34417713;43,18885756;-22,06754276;-0,39036537;36,44950922;78,53282173;-921,34417713;-43,18885756;22,06754276;0,39036537;42,11094301;75,21951118;921,34417713;43,18885756;22,06754276;0,39036537;36,44950922;78,53282173;921,34417713;43,18885756;22,06754276;0,39036537;42,11094301;75,21951118
46;G;beam_x;60x80;0,0;0,0;50,21306639;-1,99213883;74,85083394;-0,0;0,0;-0,0;62,38265161;1,99213883;-135,69876;-0,0;0,0;-0,0;50,21306639;1,99213883;-74,85083394;-0,0;0,0;0,0;62,38265161;-1,99213883;135,69876;-0,0;0,0;0,0;50,21306639;1,99213883;74,85083394;0,0;0,0;0,0;62,38265161;1,99213883;135,69876;0,0
47;G;beam_x;60x80;0,0;0,0;91,41285802;0,82389607;140,0615252;-0,0;0,0;-0,0;103,73507548;-0,82389607;-201,67261254;-0,0;0,0;-0,0;91,41285802;-0,82389607;-140,0615252;-0,0;0,0;0,0;103,73507548;0,82389607;201,67261254;-0,0;0,0;0,0;91,41285802;0,82389607;140,0615252;0,0;0,0;0,0;103,73507548;0,82389607;201,67261254;0,0
48;G;beam_x;60x80;0,0;0,0;80,99345539;-4,40069376;114,01567681;-0,0;0,0;-0,0;92,67112661;4,40069376;-172,40403286;-0,0;0,0;-0,0;80,99345539;4,40069376;-114,01567681;-0,0;0,0;0,0;92,67112661;-4,40069376;172,40403286;-0,0;0,0;0,0;80,99345539;4,40069376;114,01567681;0,0;0,0;0,0;92,67112661;4,40069376;172,40403286;0,0
49;G;beam_y;60x80;-0,0;0,0;48,88230006;94,45011274;2,94230114;0,0;0,0;0,0;19,55742094;11,85257409;-2,94230114;0,0;0,0;0,0;48,88230006;2,94230114;-94,45011274;0,0;0,0;-0,0;19,55742094;-2,94230114;-11,85257409;0,0;0,0;0,0;48,88230006;2,94230114;94,45011274;0,0;0,0;0,0;19,55742094;2,94230114;11,85257409;0,0
50;G;beam_y;60x80;-0,0;0,0;70,09354592;129,85830051;-1,64982391;0,0;0,0;0,0;35,76744908;-5,42619947;1,64982391;0,0;0,0;0,0;70,09354592;-1,64982391;-129,85830051;0,0;0,0;-0,0;35,76744908;1,64982391;5,42619947;0,0;0,0;0,0;70,09354592;1,64982391;129,85830051;0,0;0,0;0,0;35,76744908;1,64982391;5,42619947;0,0
51;G;beam_y;60x80;0,0;0,0;40,48699991;63,54097397;1,70082121;-0,0;-0,0;0,0;35,81105034;-42,73299836;-1,70082121;-0,0;0,0;-0,0;40,48699991;1,70082121;-63,54097397;-0,0;0,0;0,0;35,81105034;-1,70082121;42,73299836;-0,0;0,0;0,0;40,48699991;1,70082121;63,54097397;0,0;0,0;0,0;35,81105034;1,70082121;42,73299836;0,0
52;G;beam_y;60x80;0,0;0,0;81,97766577;111,24658648;-9,69760346;-0,0;-0,0;0,0;82,82598448;-115,02160471;9,69760346;-0,0;0,0;-0,0;81,97766577;-9,69760346;-111,24658648;-0,0;0,0;0,0;82,82598448;9,69760346;115,02160471;-0,0;0,0;0,0;81,97766577;9,69760346;111,24658648;0,0;0,0;0,0;82,82598448;9,69760346;115,02160471;0,0
53;G;column;70x70;-34,63800852;39,48610301;220,50717028;-62,80647828;-42,76301905;-0,6691171;34,63800852;-39,48610301;-220,50717028;-77,76404843;-80,54829128;0,6691171;220,50717028;-39,48610301;-34,63800852;-0,6691171;42,76301905;-62,80647828;-220,50717028;39,48610301;34,63800852;0,6691171;80,54829128;-77,76404843;220,50717028;39,48610301;34,63800852;0,6691171;42,76301905;62,80647828;220,50717028;39,48610301;34,63800852;0,6691171;80,54829128;77,76404843
54;G;column;70x70;-56,96272101;55,55311261;396,81020114;-77,07636958;-119,50870123;-0,6691171;56,96272101;-55,55311261;-396,81020114;-120,69271131;-83,27858558;0,6691171;396,81020114;-55,55311261;-56,96272101;-0,6691171;119,50870123;-77,07636958;-396,81020114;55,55311261;56,96272101;0,6691171;83,27858558;-120,69271131;396,81020114;55,55311261;56,96272101;0,6691171;119,50870123;77,07636958;396,81020114;55,55311261;56,96272101;0,6691171;83,27858558;120,69271131
55;G;column;70x70;-60,90325972;38,09582877;376,28323254;-60,99678873;-80,31682505;-0,6691171;60,90325972;-38,09582877;-376,28323254;-74,62436169;-136,49877953;0,6691171;376,28323254;-38,09582877;-60,90325972;-0,6691171;80,31682505;-60,99678873;-376,28323254;38,09582877;60,90325972;0,6691171;136,49877953;-74,62436169;376,28323254;38,09582877;60,90325972;0,6691171;80,31682505;60,99678873;376,28323254;38,09582877;60,90325972;0,6691171;136,49877953;74,62436169
56;G;column;70x70;-67,72364913;49,89179568;712,09804844;-82,08765833;-124,6077988;-0,6691171;67,72364913;-49,89179568;-712,09804844;-95,52713429;-116,48839211;0,6691171;712,09804844;-49,89179568;-67,72364913;-0,6691171;124,6077988;-82,08765833;-712,09804844;49,89179568;67,72364913;0,6691171;116,48839211;-95,52713429;712,09804844;49,89179568;67,72364913;0,6691171;124,6077988;82,08765833;712,09804844;49,89179568;67,72364913;0,6691171;116,48839211;95,52713429
57;G;column;70x70;-33,55304186;-21,6675006;234,93022206;23,40740996;-51,03528667;-0,6691171;33,55304186;21,6675006;-234,93022206;53,72889218;-68,41354237;0,6691171;234,93022206;21,6675006;-33,55304186;-0,6691171;51,03528667;23,40740996;-234,93022206;-21,6675006;33,55304186;0,6691171;68,41354237;53,72889218;234,93022206;21,6675006;33,55304186;0,6691171;51,03528667;23,40740996;234,93022206;21,6675006;33,55304186;0,6691171;68,41354237;53,72889218
58;G;column;70x70;-26,04381205;-61,16216835;447,81415263;85,2396135;-35,49134767;-0,6691171;26,04381205;61,16216835;-447,81415263;132,49770582;-57,22462323;0,6691171;447,81415263;61,16216835;-26,04381205;-0,6691171;35,49134767;85,2396135;-447,81415263;-61,16216835;26,04381205;0,6691171;57,22462323;132,49770582;447,81415263;61,16216835;26,04381205;0,6691171;35,49134767;85,2396135;447,81415263;61,16216835;26,04381205;0,6691171;57,22462323;132,49770582
59;G;beam_x;60x80;0,0;0,0;58,01210028;4,79583195;71,59585976;-0,0;0,0;-0,0;69,81971847;-4,79583195;-130,63395069;-0,0;0,0;-0,0;58,01210028;-4,79583195;-71,59585976;-0,0;0,0;0,0;69,81971847;4,79583195;130,63395069;-0,0;0,0;0,0;58,01210028;4,79583195;71,59585976;0,0;0,0;0,0;69,81971847;4,79583195;130,63395069;0,0
60;G;beam_x;60x80;0,0;0,0;120,24504588;0,77934437;154,07718379;-0,0;0,0;-0,0;144,20346387;-0,77934437;-273,86927371;-0,0;0,0;-0,0;120,24504588;-0,77934437;-154,07718379;-0,0;0,0;0,0;144,20346387;0,77934437;273,86927371;-0,0;0,0;0,0;120,24504588;0,77934437;154,07718379;0,0;0,0;0,0;144,20346387;0,77934437;273,86927371;0,0
61;G;beam_x;60x80;0,0;0,0;57,60017007;-8,41221303;59,78756964;-0,0;0,0;-0,0;79,01652093;8,41221303;-166,86932395;-0,0;0,0;-0,0;57,60017007;8,41221303;-59,78756964;-0,0;0,0;0,0;79,01652093;-8,41221303;166,86932395;-0,0;0,0;0,0;57,60017007;8,41221303;59,78756964;0,0;0,0;0,0;79,01652093;8,41221303;166,86932395;0,0
62;G;beam_y;60x80;0,0;0,0;44,4878332;72,96821648;8,95243153;-0,0;-0,0;0,0;28,20084805;-13,92789531;-8,95243153;-0,0;0,0;-0,0;44,4878332;8,95243153;-72,96821648;-0,0;0,0;0,0;28,20084805;-8,95243153;13,92789531;-0,0;0,0;0,0;44,4878332;8,95243153;72,96821648;0,0;0,0;0,0;28,20084805;8,95243153;13,92789531;0,0
63;G;beam_y;60x80;0,0;0,0;73,36500794;92,94837037;7,53384431;-0,0;-0,0;0,0;65,01142331;-62,66662612;-7,53384431;-0,0;0,0;-0,0;73,36500794;7,53384431;-92,94837037;-0,0;0,0;0,0;65,01142331;-7,53384431;62,66662612;-0,0;0,0;0,0;73,36500794;7,53384431;92,94837037;0,0;0,0;0,0;65,01142331;7,53384431;62,66662612;0,0
64;G;beam_y;60x80;0,0;0,0;59,54011781;87,77291262;-8,62597272;-0,0;-0,0;0,0;49,99939119;-45,31667915;8,62597272;-0,0;0,0;-0,0;59,54011781;-8,62597272;-87,77291262;-0,0;0,0;0,0;49,99939119;8,62597272;45,31667915;-0,0;0,0;0,0;59,54011781;8,62597272;87,77291262;0,0;0,0;0,0;49,99939119;8,62597272;45,31667915;0,0
65;G;beam_y;60x80;0,0;0,0;103,59581383;142,60707575;-1,75293562;-0,0;-0,0;0,0;94,44929517;-101,90506772;1,75293562;-0,0;0,0;-0,0;103,59581383;-1,75293562;-142,60707575;-0,0;0,0;0,0;94,44929517;1,75293562;101,90506772;-0,0;0,0;0,0;103,59581383;1,75293562;142,60707575;0,0;0,0;0,0;94,44929517;1,75293562;101,90506772;0,0
66;G;column;70x70;79,48344507;16,70450764;2805,65164039;-26,05739361;106,99881274;0,08824016;-79,48344507;-16,70450764;-2805,65164039;-33,4106536;175,96225171;-0,08824016;2805,65164039;-16,70450764;79,48344507;0,08824016;-106,99881274;-26,05739361;-2805,65164039;16,70450764;-79,48344507;-0,08824016;-175,96225171;-33,4106536;2805,65164039;16,70450764;79,48344507;0,08824016;106,99881274;26,05739361;2805,65164039;16,70450764;79,48344507;0,08824016;175,96225171;33,4106536
67;G;column;70x70;3,78291994;22,77621416;2367,62796676;-32,78582071;17,16752292;0,08824016;-3,78291994;-22,77621416;-2367,62796676;-48,2975017;-3,70032792;-0,08824016;2367,62796676;-22,77621416;3,78291994;0,08824016;-17,16752292;-32,78582071;-2367,62796676;22,77621416;-3,78291994;-0,08824016;3,70032792;-48,2975017;2367,62796676;22,77621416;3,78291994;0,08824016;17,16752292;32,78582071;2367,62796676;22,77621416;3,78291994;0,08824016;3,70032792;48,2975017
68;G;column;70x70;45,21767735;-11,94567953;1252,99646155;8,89415777;66,33676837;0,08824016;-45,21767735;11,94567953;-1252,99646155;33,63246135;94,63816298;-0,08824016;1252,99646155;11,94567953;45,21767735;0,08824016;-66,33676837;8,89415777;-1252,99646155;-11,94567953;-45,21767735;-0,08824016;-94,63816298;33,63246135;1252,99646155;11,94567953;45,21767735;0,08824016;66,33676837;8,89415777;1252,99646155;11,94567953;45,21767735;0,08824016;94,63816298;33,63246135
69;G;column;70x70;8,37115075;-4,1167758;1097,1872956;-0,157809;22,61222348;0,08824016;-8,37115075;4,1167758;-1097,1872956;14,81353086;7,18907319;-0,08824016;1097,1872956;4,1167758;8,37115075;0,08824016;-22,61222348;-0,157809;-1097,1872956;-4,1167758;-8,37115075;-0,08824016;-7,18907319;14,81353086;1097,1872956;4,1167758;8,37115075;0,08824016;22,61222348;0,157809;1097,1872956;4,1167758;8,37115075;0,08824016;7,18907319;14,81353086
70;G;column;70x70;34,86889065;9,78744027;3213,88101955;-17,84914033;53,7106263;0,08824016;-34,86889065;-9,78744027;-3213,88101955;-16,99414703;70,42262441;-0,08824016;3213,88101955;-9,78744027;34,86889065;0,08824016;-53,7106263;-17,84914033;-3213,88101955;9,78744027;-34,86889065;-0,08824016;-70,42262441;-16,99414703;3213,88101955;9,78744027;34,86889065;0,08824016;53,7106263;17,84914033;3213,88101955;9,78744027;34,86889065;0,08824016;70,42262441;16,99414703
71;G;column;70x70;8,34314226;10,71179352;3099,61308257;-18,46937488;22,23340488;0,08824016;-8,34314226;-10,71179352;-3099,61308257;-19,66461004;7,46818157;-0,08824016;3099,61308257;-10,71179352;8,34314226;0,08824016;-22,23340488;-18,46937488;-3099,61308257;10,71179352;-8,34314226;-0,08824016;-7,46818157;-19,66461004;3099,61308257;10,71179352;8,34314226;0,08824016;22,23340488;18,46937488;3099,61308257;10,71179352;8,34314226;0,08824016;7,46818157;19,66461004
72;G;column;70x70;64,53475105;5,93177986;2042,88579415;-12,32042738;88,91411397;0,08824016;-64,53475105;-5,93177986;-2042,88579415;-8,79670893;140,82959976;-0,08824016;2042,88579415;-5,93177986;64,53475105;0,08824016;-88,91411397;-12,32042738;-2042,88579415;5,93177986;-64,53475105;-0,08824016;-140,82959976;-8,79670893;2042,88579415;5,93177986;64,53475105;0,08824016;88,91411397;12,32042738;2042,88579415;5,93177986;64,53475105;0,08824016;140,82959976;8,79670893
73;G;column;70x70;5,47856031;-0,69330557;1711,02577855;-4,22032702;18,83410097;0,08824016;-5,47856031;0,69330557;-1711,02577855;6,68849483;0,66957375;-0,08824016;1711,02577855;0,69330557;5,47856031;0,08824016;-18,83410097;-4,22032702;-1711,02577855;-0,69330557;-5,47856031;-0,08824016;-0,66957375;6,68849483;1711,02577855;0,69330557;5,47856031;0,08824016;18,83410097;4,22032702;1711,02577855;0,69330557;5,47856031;0,08824016;0,66957375;6,68849483
74;G;column;70x70;15,62139682;-34,6607735;1991,14701924;34,89607334;30,44603543;0,08824016;-15,62139682;34,6607735;-1991,14701924;88,49628031;25,16613724;-0,08824016;1991,14701924;34,6607735;15,62139682;0,08824016;-30,44603543;34,89607334;-1991,14701924;-34,6607735;-15,62139682;-0,08824016;-25,16613724;88,49628031;1991,14701924;34,6607735;15,62139682;0,08824016;30,44603543;34,89607334;1991,14701924;34,6607735;15,62139682;0,08824016;25,16613724;88,49628031
75;G;column;70x70;8,69812374;-34,7388562;1974,47535429;35,46539612;22,23041804;0,08824016;-8,69812374;34,7388562;-1974,47535429;88,20493196;8,73490247;-0,08824016;1974,47535429;34,7388562;8,69812374;0,08824016;-22,23041804;35,46539612;-1974,47535429;-34,7388562;-8,69812374;-0,08824016;-8,73490247;88,20493196;1974,47535429;34,7388562;8,69812374;0,08824016;22,23041804;35,46539612;1974,47535429;34,7388562;8,69812374;0,08824016;8,73490247;88,20493196
76;G;column;70x70;46,67739174;3,03145091;1348,90660788;-8,87870368;67,29914941;0,08824016;-46,67739174;-3,03145091;-1348,90660788;-1,91326155;98,87236519;-0,08824016;1348,90660788;-3,03145091;46,67739174;0,08824016;-67,29914941;-8,87870368;-1348,90660788;3,03145091;-46,67739174;-0,08824016;-98,87236519;-1,91326155;1348,90660788;3,03145091;46,67739174;0,08824016;67,29914941;8,87870368;1348,90660788;3,03145091;46,67739174;0,08824016;98,87236519;1,91326155
77;G;column;70x70;6,30233806;-2,68204718;1142,5297261;-1,86035364;19,38741904;0,08824016;-6,30233806;2,68204718;-1142,5297261;11,40844159;3,04890446;-0,08824016;1142,5297261;2,68204718;6,30233806;0,08824016;-19,38741904;-1,86035364;-1142,5297261;-2,68204718;-6,30233806;-0,08824016;-3,04890446;11,40844159;1142,5297261;2,68204718;6,30233806;0,08824016;19,38741904;1,86035364;1142,5297261;2,68204718;6,30233806;0,08824016;3,04890446;11,40844159
78;G;column;70x70;77,16752206;26,56288162;2087,10413334;-64,0216835;174,09127346;-0,36259994;-77,16752206;-26,56288162;-2087,10413334;-30,54217509;100,62510507;0,36259994;2087,10413334;-26,56288162;77,16752206;-0,36259994;-174,09127346;-64,0216835;-2087,10413334;26,56288162;-77,16752206;0,36259994;-100,62510507;-30,54217509;2087,10413334;26,56288162;77,16752206;0,36259994;174,09127346;64,0216835;2087,10413334;26,56288162;77,16752206;0,36259994;100,62510507;30,54217509
79;G;column;70x70;19,36250271;40,88978049;1935,78112896;-91,14008695;15,66469401;-0,36259994;-19,36250271;-40,88978049;-1935,78112896;-54,42753159;53,26581563;0,36259994;1935,78112896;-40,88978049;19,36250271;-0,36259994;-15,66469401;-91,14008695;-1935,78112896;40,88978049;-19,36250271;0,36259994;-53,26581563;-54,42753159;1935,78112896;40,88978049;19,36250271;0,36259994;15,66469401;91,14008695;1935,78112896;40,88978049;19,36250271;0,36259994;53,26581563;54,42753159
80;G;column;70x70;65,09309067;31,05351684;1038,70712814;-41,17646532;119,10090384;-0,36259994;-65,09309067;-31,05351684;-1038,70712814;-69,37405464;112,63049894;0,36259994;1038,70712814;-31,05351684;65,09309067;-0,36259994;-119,10090384;-41,17646532;-1038,70712814;31,05351684;-65,09309067;0,36259994;-112,63049894;-69,37405464;1038,70712814;31,05351684;65,09309067;0,36259994;119,10090384;41,17646532;1038,70712814;31,05351684;65,09309067;0,36259994;112,63049894;69,37405464
81;G;column;70x70;2,57540408;28,49328349;980,83165556;-48,88465002;1,18870419;-0,36259994;-2,57540408;-28,49328349;-980,83165556;-52,55143919;7,97973433;0,36259994;980,83165556;-28,49328349;2,57540408;-0,36259994;-1,18870419;-48,88465002;-980,83165556;28,49328349;-2,57540408;0,36259994;-7,97973433;-52,55143919;980,83165556;28,49328349;2,57540408;0,36259994;1,18870419;48,88465002;980,83165556;28,49328349;2,57540408;0,36259994;7,97973433;52,55143919
82;G;column;70x70;43,36903672;40,58881065;2366,20466622;-72,45753266;83,15237528;-0,36259994;-43,36903672;-40,58881065;-2366,20466622;-72,03863325;71,24139544;0,36259994;2366,20466622;-40,58881065;43,36903672;-0,36259994;-83,15237528;-72,45753266;-2366,20466622;40,58881065;-43,36903672;0,36259994;-71,24139544;-72,03863325;2366,20466622;40,58881065;43,36903672;0,36259994;83,15237528;72,45753266;2366,20466622;40,58881065;43,36903672;0,36259994;71,24139544;72,03863325
83;G;column;70x70;2,20185171;44,7400895;2310,33644297;-81,39267449;2,82342765;-0,36259994;-2,20185171;-44,7400895;-2310,33644297;-77,88204414;5,01516445;0,36259994;2310,33644297;-44,7400895;2,20185171;-0,36259994;-2,82342765;-81,39267449;-2310,33644297;44,7400895;-2,20185171;0,36259994;-5,01516445;-77,88204414;2310,33644297;44,7400895;2,20185171;0,36259994;2,82342765;81,39267449;2310,33644297;44,7400895;2,20185171;0,36259994;5,01516445;77,88204414
84;G;column;70x70;106,24799858;41,30012929;1758,63763065;-74,55036389;192,97223102;-0,36259994;-106,24799858;-41,30012929;-1758,63763065;-72,47809636;185,2706439;0,36259994;1758,63763065;-41,30012929;106,24799858;-0,36259994;-192,97223102;-74,55036389;-1758,63763065;41,30012929;-106,24799858;0,36259994;-185,2706439;-72,47809636;1758,63763065;41,30012929;106,24799858;0,36259994;192,97223102;74,55036389;1758,63763065;41,30012929;106,24799858;0,36259994;185,2706439;72,47809636
85;G;column;70x70;3,80508437;31,30176621;1570,92083925;-56,27990087;1,3266265;-0,36259994;-3,80508437;-31,30176621;-1570,92083925;-55,15438685;12,21947387;0,36259994;1570,92083925;-31,30176621;3,80508437;-0,36259994;-1,3266265;-56,27990087;-1570,92083925;31,30176621;-3,80508437;0,36259994;-12,21947387;-55,15438685;1570,92083925;31,30176621;3,80508437;0,36259994;1,3266265;56,27990087;1570,92083925;31,30176621;3,80508437;0,36259994;12,21947387;55,15438685
86;G;column;70x70;16,77445737;-48,92434255;1490,88904319;86,50995615;31,34484708;-0,36259994;-16,77445737;48,92434255;-1490,88904319;87,66070335;28,37222115;0,36259994;1490,88904319;48,92434255;16,77445737;-0,36259994;-31,34484708;86,50995615;-1490,88904319;-48,92434255;-16,77445737;0,36259994;-28,37222115;87,66070335;1490,88904319;48,92434255;16,77445737;0,36259994;31,34484708;86,50995615;1490,88904319;48,92434255;16,77445737;0,36259994;28,37222115;87,66070335
87;G;column;70x70;4,48227486;-46,09927397;1475,65781881;80,33814116;8,54250645;-0,36259994;-4,48227486;46,09927397;-1475,65781881;83,77527415;7,41439205;0,36259994;1475,65781881;46,09927397;4,48227486;-0,36259994;-8,54250645;80,33814116;-1475,65781881;-46,09927397;-4,48227486;0,36259994;-7,41439205;83,77527415;1475,65781881;46,09927397;4,48227486;0,36259994;8,54250645;80,33814116;1475,65781881;46,09927397;4,48227486;0,36259994;7,41439205;83,77527415
88;G;column;70x70;75,15712573;-4,74074983;1110,54156683;-16,47346365;137,47872751;-0,36259994;-75,15712573;4,74074983;-1110,54156683;33,35053304;130,08064007;0,36259994;1110,54156683;4,74074983;75,15712573;-0,36259994;-137,47872751;-16,47346365;-1110,54156683;-4,74074983;-75,15712573;0,36259994;-130,08064007;33,35053304;1110,54156683;4,74074983;75,15712573;0,36259994;137,47872751;16,47346365;1110,54156683;4,74074983;75,15712573;0,36259994;130,08064007;33,35053304
89;G;column;70x70;5,31102066;7,39428492;1029,93009741;-25,54971636;6,68295246;-0,36259994;-5,31102066;-7,39428492;-1029,93009741;-0,77393796;12,22428109;0,36259994;1029,93009741;-7,39428492;5,31102066;-0,36259994;-6,68295246;-25,54971636;-1029,93009741;7,39428492;-5,31102066;0,36259994;-12,22428109;-0,77393796;1029,93009741;7,39428492;5,31102066;0,36259994;6,68295246;25,54971636;1029,93009741;7,39428492;5,31102066;0,36259994;12,22428109;0,77393796
90;G;column;70x70;13,28858927;1,74136879;1351,87109482;3,76679108;32,26580592;-0,39036537;-13,28858927;-1,74136879;-1351,87109482;-9,96606397;15,04157187;0,39036537;1351,87109482;-1,74136879;13,28858927;-0,39036537;-32,26580592;3,76679108;-1351,87109482;1,74136879;-13,28858927;0,39036537;-15,04157187;-9,96606397;1351,87109482;1,74136879;13,28858927;0,39036537;32,26580592;3,76679108;1351,87109482;1,74136879;13,28858927;0,39036537;15,04157187;9,96606397
91;G;column;70x70;43,22667832;8,40543108;1353,66109023;-11,17531884;89,02833845;-0,39036537;-43,22667832;-8,40543108;-1353,66109023;-18,7480158;64,85863638;0,39036537;1353,66109023;-8,40543108;43,22667832;-0,39036537;-89,02833845;-11,17531884;-1353,66109023;8,40543108;-43,22667832;0,39036537;-64,85863638;-18,7480158;1353,66109023;8,40543108;43,22667832;0,39036537;89,02833845;11,17531884;1353,66109023;8,40543108;43,22667832;0,39036537;64,85863638;18,7480158
92;G;column;70x70;67,18269922;37,58105142;685,71875749;-72,56593036;122,55386884;-0,39036537;-67,18269922;-37,58105142;-685,71875749;-61,22261268;116,61654036;0,39036537;685,71875749;-37,58105142;67,18269922;-0,39036537;-122,55386884;-72,56593036;-685,71875749;37,58105142;-67,18269922;0,39036537;-116,61654036;-61,22261268;685,71875749;37,58105142;67,18269922;0,39036537;122,55386884;72,56593036;685,71875749;37,58105142;67,18269922;0,39036537;116,61654036;61,22261268
93;G;column;70x70;-0,10038197;22,91636906;810,69237831;-41,45436184;12,24816931;-0,39036537;0,10038197;-22,91636906;-810,69237831;-40,12791202;-12,60552912;0,39036537;810,69237831;-22,91636906;-0,10038197;-0,39036537;-12,24816931;-41,45436184;-810,69237831;22,91636906;0,10038197;0,39036537;12,60552912;-40,12791202;810,69237831;22,91636906;0,10038197;0,39036537;12,24816931;41,45436184;810,69237831;22,91636906;0,10038197;0,39036537;12,60552912;40,12791202
94;G;column;70x70;25,7329434;24,76261432;1547,21456282;-48,40410934;57,86567242;-0,39036537;-25,7329434;-24,76261432;-1547,21456282;-39,75079763;33,7436061;0,39036537;1547,21456282;-24,76261432;25,7329434;-0,39036537;-57,86567242;-48,40410934;-1547,21456282;24,76261432;-25,7329434;0,39036537;-33,7436061;-39,75079763;1547,21456282;24,76261432;25,7329434;0,39036537;57,86567242;48,40410934;1547,21456282;24,76261432;25,7329434;0,39036537;33,7436061;39,75079763
95;G;column;70x70;11,79906408;27,31309652;1540,00766327;-52,49789435;23,9562975;-0,39036537;-11,79906408;-27,31309652;-1540,00766327;-44,73672926;18,04837062;0,39036537;1540,00766327;-27,31309652;11,79906408;-0,39036537;-23,9562975;-52,49789435;-1540,00766327;27,31309652;-11,79906408;0,39036537;-18,04837062;-44,73672926;1540,00766327;27,31309652;11,79906408;0,39036537;23,9562975;52,49789435;1540,00766327;27,31309652;11,79906408;0,39036537;18,04837062;44,73672926
96;G;column;70x70;104,42590731;26,84864586;1156,82346357;-50,77487073;190,66086999;-0,39036537;-104,42590731;-26,84864586;-1156,82346357;-44,80630854;181,09536004;0,39036537;1156,82346357;-26,84864586;104,42590731;-0,39036537;-190,66086999;-50,77487073;-1156,82346357;26,84864586;-104,42590731;0,39036537;-181,09536004;-44,80630854;1156,82346357;26,84864586;104,42590731;0,39036537;190,66086999;50,77487073;1156,82346357;26,84864586;104,42590731;0,39036537;181,09536004;44,80630854
97;G;column;70x70;-3,27361146;20,44570329;1317,57914949;-37,79271995;11,37186253;-0,39036537;3,27361146;-20,44570329;-1317,57914949;-34,99398377;-23,02591931;0,39036537;1317,57914949;-20,44570329;-3,27361146;-0,39036537;-11,37186253;-37,79271995;-1317,57914949;20,44570329;3,27361146;0,39036537;23,02591931;-34,99398377;1317,57914949;20,44570329;3,27361146;0,39036537;11,37186253;37,79271995;1317,57914949;20,44570329;3,27361146;0,39036537;23,02591931;34,99398377
98;G;column;70x70;17,4584459;-55,75455127;986,18452255;100,61998862;36,86981625;-0,39036537;-17,4584459;55,75455127;-986,18452255;97,86621389;25,28225114;0,39036537;986,18452255;55,75455127;17,4584459;-0,39036537;-36,86981625;100,61998862;-986,18452255;-55,75455127;-17,4584459;0,39036537;-25,28225114;97,86621389;986,18452255;55,75455127;17,4584459;0,39036537;36,86981625;100,61998862;986,18452255;55,75455127;17,4584459;0,39036537;25,28225114;97,86621389
99;G;column;70x70;10,5562375;-54,88755039;976,96555933;98,90814696;22,30808977;-0,39036537;-10,5562375;54,88755039;-976,96555933;96,49153242;15,27211574;0,39036537;976,96555933;54,88755039;10,5562375;-0,39036537;-22,30808977;98,90814696;-976,96555933;-54,88755039;-10,5562375;0,39036537;-15,27211574;96,49153242;976,96555933;54,88755039;10,5562375;0,39036537;22,30808977;98,90814696;976,96555933;54,88755039;10,5562375;0,39036537;15,27211574;96,49153242
100;G;column;70x70;74,26454048;-47,56369383;728,17934198;88,72122523;136,70736763;-0,39036537;-74,26454048;47,56369383;-728,17934198;80,6055248;127,67439647;0,39036537;728,17934198;47,56369383;74,26454048;-0,39036537;-136,70736763;88,72122523;-728,17934198;-47,56369383;-74,26454048;0,39036537;-127,67439647;80,6055248;728,17934198;47,56369383;74,26454048;0,39036537;136,70736763;88,72122523;728,17934198;47,56369383;74,26454048;0,39036537;127,67439647;80,6055248
101;G;column;70x70;-0,0244824;-28,10060555;856,09274098;45,8258043;13,57874618;-0,39036537;0,0244824;28,10060555;-856,09274098;54,21235146;-13,66590351;0,39036537;856,09274098;28,10060555;-0,0244824;-0,39036537;-13,57874618;45,8258043;-856,09274098;-28,10060555;0,0244824;0,39036537;13,66590351;54,21235146;856,09274098;28,10060555;0,0244824;0,39036537;13,57874618;45,8258043;856,09274098;28,10060555;0,0244824;0,39036537;13,66590351;54,21235146
102;G;column;70x70;5,44606847;39,77788019;773,12576088;-67,91674003;14,64136558;-0,6691171;-5,44606847;-39,77788019;-773,12576088;-73,69251345;4,74663817;0,6691171;773,12576088;-39,77788019;5,44606847;-0,6691171;-14,64136558;-67,91674003;-773,12576088;39,77788019;-5,44606847;0,6691171;-4,74663817;-73,69251345;773,12576088;39,77788019;5,44606847;0,6691171;14,64136558;67,91674003;773,12576088;39,77788019;5,44606847;0,6691171;4,74663817;73,69251345
103;G;column;70x70;51,14862278;43,32298824;783,25461006;-74,5033222;83,16559552;-0,6691171;-51,14862278;-43,32298824;-783,25461006;-79,72651592;98,92350158;0,6691171;783,25461006;-43,32298824;51,14862278;-0,6691171;-83,16559552;-74,5033222;-783,25461006;43,32298824;-51,14862278;0,6691171;-98,92350158;-79,72651592;783,25461006;43,32298824;51,14862278;0,6691171;83,16559552;74,5033222;783,25461006;43,32298824;51,14862278;0,6691171;98,92350158;79,72651592
104;G;column;70x70;105,18414768;72,70273529;333,77026588;-118,72593883;170,61784426;-0,6691171;-105,18414768;-72,70273529;-333,77026588;-140,0957988;203,83772148;0,6691171;333,77026588;-72,70273529;105,18414768;-0,6691171;-170,61784426;-118,72593883;-333,77026588;72,70273529;-105,18414768;0,6691171;-203,83772148;-140,0957988;333,77026588;72,70273529;105,18414768;0,6691171;170,61784426;118,72593883;333,77026588;72,70273529;105,18414768;0,6691171;203,83772148;140,0957988
105;G;column;70x70;-5,32158982;61,6377273;204,6466229;-102,65574643;-9,89511072;-0,6691171;5,32158982;-61,6377273;-204,6466229;-116,77456275;-9,04974904;0,6691171;204,6466229;-61,6377273;-5,32158982;-0,6691171;9,89511072;-102,65574643;-204,6466229;61,6377273;5,32158982;0,6691171;9,04974904;-116,77456275;204,6466229;61,6377273;5,32158982;0,6691171;9,89511072;102,65574643;204,6466229;61,6377273;5,32158982;0,6691171;9,04974904;116,77456275
106;G;column;70x70;31,63178817;51,67363735;774,23629575;-84,49922749;50,74151757;-0,6691171;-31,63178817;-51,67363735;-774,23629575;-99,45892147;61,86764832;0,6691171;774,23629575;-51,67363735;31,63178817;-0,6691171;-50,74151757;-84,49922749;-774,23629575;51,67363735;-31,63178817;0,6691171;-61,86764832;-99,45892147;774,23629575;51,67363735;31,63178817;0,6691171;50,74151757;84,49922749;774,23629575;51,67363735;31,63178817;0,6691171;61,86764832;99,45892147
107;G;column;70x70;23,63113175;58,15707307;768,82329727;-95,65805334;42,08703994;-0,6691171;-23,63113175;-58,15707307;-768,82329727;-111,38112677;42,03978909;0,6691171;768,82329727;-58,15707307;23,63113175;-0,6691171;-42,08703994;-95,65805334;-768,82329727;58,15707307;-23,63113175;0,6691171;-42,03978909;-111,38112677;768,82329727;58,15707307;23,63113175;0,6691171;42,08703994;95,65805334;768,82329727;58,15707307;23,63113175;0,6691171;42,03978909;111,38112677
108;G;column;70x70;155,09556959;61,09403404;583,14773579;-101,26976379;251,2213083;-0,6691171;-155,09556959;-61,09403404;-583,14773579;-116,22499737;300,91891946;0,6691171;583,14773579;-61,09403404;155,09556959;-0,6691171;-251,2213083;-101,26976379;-583,14773579;61,09403404;-155,09556959;0,6691171;-300,91891946;-116,22499737;583,14773579;61,09403404;155,09556959;0,6691171;251,2213083;101,26976379;583,14773579;61,09403404;155,09556959;0,6691171;300,91891946;116,22499737
109;G;column;70x70;-13,30483648;55,68178124;334,65602493;-93,38595224;-24,93169065;-0,6691171;13,30483648;-55,68178124;-334,65602493;-104,84118896;-22,4335272;0,6691171;334,65602493;-55,68178124;-13,30483648;-0,6691171;24,93169065;-93,38595224;-334,65602493;55,68178124;13,30483648;0,6691171;22,4335272;-104,84118896;334,65602493;55,68178124;13,30483648;0,6691171;24,93169065;93,38595224;334,65602493;55,68178124;13,30483648;0,6691171;22,4335272;104,84118896
110;G;column;70x70;37,61360216;-69,80221664;481,21163231;101,72209428;60,53780479;-0,6691171;-37,61360216;69,80221664;-481,21163231;146,77379698;73,36661888;0,6691171;481,21163231;69,80221664;37,61360216;-0,6691171;-60,53780479;101,72209428;-481,21163231;-69,80221664;-37,61360216;0,6691171;-73,36661888;146,77379698;481,21163231;69,80221664;37,61360216;0,6691171;60,53780479;101,72209428;481,21163231;69,80221664;37,61360216;0,6691171;73,36661888;146,77379698
111;G;column;70x70;21,87540425;-66,65234398;476,75699551;96,13261557;40,04229518;-0,6691171;-21,87540425;66,65234398;-476,75699551;141,14972899;37,83414396;0,6691171;476,75699551;66,65234398;21,87540425;-0,6691171;-40,04229518;96,13261557;-476,75699551;-66,65234398;-21,87540425;0,6691171;-37,83414396;141,14972899;476,75699551;66,65234398;21,87540425;0,6691171;40,04229518;96,13261557;476,75699551;66,65234398;21,87540425;0,6691171;37,83414396;141,14972899
112;G;column;70x70;116,79057061;-46,97205111;358,61638378;64,0778475;189,47672045;-0,6691171;-116,79057061;46,97205111;-358,61638378;103,14265447;226,29771092;0,6691171;358,61638378;46,97205111;116,79057061;-0,6691171;-189,47672045;64,0778475;-358,61638378;-46,97205111;-116,79057061;0,6691171;-226,29771092;103,14265447;358,61638378;46,97205111;116,79057061;0,6691171;189,47672045;64,0778475;358,61638378;46,97205111;116,79057061;0,6691171;226,29771092;103,14265447
113;G;column;70x70;-3,15741768;-28,91279086;217,5024178;38,59765539;-6,04555182;-0,6691171;3,15741768;28,91279086;-217,5024178;64,33188009;-5,19485511;0,6691171;217,5024178;28,91279086;-3,15741768;-0,6691171;6,04555182;38,59765539;-217,5024178;-28,91279086;3,15741768;0,6691171;5,19485511;64,33188009;217,5024178;28,91279086;3,15741768;0,6691171;6,04555182;38,59765539;217,5024178;28,91279086;3,15741768;0,6691171;5,19485511;64,33188009
114;G;beam_x;60x80;0,0;0,0;123,40543327;38,78454108;313,87575314;-0,0;0,0;-0,0;-88,83293327;-38,78454108;216,72016322;-0,0;0,0;-0,0;123,40543327;-38,78454108;-313,87575314;-0,0;0,0;0,0;-88,83293327;38,78454108;-216,72016322;-0,0;0,0;0,0;123,40543327;38,78454108;313,87575314;0,0;0,0;0,0;88,83293327;38,78454108;216,72016322;0,0
115;G;beam_x;60x80;0,0;-0,0;116,11003074;29,84607733;246,87099434;0,0;-0,0;0,0;-81,53753074;-29,84607733;247,24790936;0,0;0,0;0,0;116,11003074;-29,84607733;-246,87099434;0,0;0,0;-0,0;-81,53753074;29,84607733;-247,24790936;0,0;0,0;0,0;116,11003074;29,84607733;246,87099434;0,0;0,0;0,0;81,53753074;29,84607733;247,24790936;0,0
116;G;beam_x;60x80;0,0;0,0;4,25709072;4,62670663;30,55882905;-0,0;0,0;-0,0;-4,25709072;-4,62670663;-9,27337543;-0,0;0,0;-0,0;4,25709072;-4,62670663;-30,55882905;-0,0;0,0;0,0;-4,25709072;4,62670663;9,27337543;-0,0;0,0;0,0;4,25709072;4,62670663;30,55882905;0,0;0,0;0,0;4,25709072;4,62670663;9,27337543;0,0
117;G;beam_x;60x80;0,0;0,0;219,38072984;19,56511877;498,16650598;-0,0;0,0;-0,0;-150,23572984;-19,56511877;425,87464322;-0,0;0,0;-0,0;219,38072984;-19,56511877;-498,16650598;-0,0;0,0;0,0;-150,23572984;19,56511877;-425,87464322;-0,0;0,0;0,0;219,38072984;19,56511877;498,16650598;0,0;0,0;0,0;150,23572984;19,56511877;425,87464322;0,0
118;G;beam_x;60x80;0,0;-0,0;221,17189405;16,34282112;486,66629826;0,0;-0,0;0,0;-152,02689405;-16,34282112;446,33067199;0,0;0,0;0,0;221,17189405;-16,34282112;-486,66629826;0,0;0,0;-0,0;-152,02689405;16,34282112;-446,33067199;0,0;0,0;0,0;221,17189405;16,34282112;486,66629826;0,0;0,0;0,0;152,02689405;16,34282112;446,33067199;0,0
119;G;beam_x;60x80;0,0;0,0;12,52244517;-3,49839601;63,22687294;-0,0;0,0;-0,0;-12,52244517;3,49839601;-0,61464707;-0,0;0,0;-0,0;12,52244517;3,49839601;-63,22687294;-0,0;0,0;0,0;-12,52244517;-3,49839601;0,61464707;-0,0;0,0;0,0;12,52244517;3,49839601;63,22687294;0,0;0,0;0,0;12,52244517;3,49839601;0,61464707;0,0
120;G;beam_x;60x80;0,0;0,0;128,71479739;-39,43463062;288,47362814;-0,0;0,0;-0,0;-94,14229739;39,43463062;268,66910879;-0,0;0,0;-0,0;128,71479739;39,43463062;-288,47362814;-0,0;0,0;0,0;-94,14229739;-39,43463062;-268,66910879;-0,0;0,0;0,0;128,71479739;39,43463062;288,47362814;0,0;0,0;0,0;94,14229739;39,43463062;268,66910879;0,0
121;G;beam_x;60x80;0,0;-0,0;133,53641179;-34,93699765;297,41854543;0,0;-0,0;0,0;-98,96391179;34,93699765;283,83226353;0,0;0,0;0,0;133,53641179;34,93699765;-297,41854543;0,0;0,0;-0,0;-98,96391179;-34,93699765;-283,83226353;0,0;0,0;0,0;133,53641179;34,93699765;297,41854543;0,0;0,0;0,0;98,96391179;34,93699765;283,83226353;0,0
122;G;beam_x;60x80;0,0;0,0;4,64220488;-2,98596026;33,42883644;-0,0;0,0;-0,0;-4,64220488;2,98596026;-10,21781205;-0,0;0,0;-0,0;4,64220488;2,98596026;-33,42883644;-0,0;0,0;0,0;-4,64220488;-2,98596026;10,21781205;-0,0;0,0;0,0;4,64220488;2,98596026;33,42883644;0,0;0,0;0,0;4,64220488;2,98596026;10,21781205;0,0
123;G;beam_y;60x80;0,0;0,0;54,35455687;64,79539915;17,0703591;-0,0;-0,0;0,0;52,95143034;-59,70906547;-17,0703591;-0,0;0,0;-0,0;54,35455687;17,0703591;-64,79539915;-0,0;0,0;0,0;52,95143034;-17,0703591;59,70906547;-0,0;0,0;0,0;54,35455687;17,0703591;64,79539915;0,0;0,0;0,0;52,95143034;17,0703591;59,70906547;0,0
124;G;beam_y;60x80;-0,0;0,0;94,02867258;142,36382877;5,85268385;0,0;0,0;0,0;82,98252742;-93,20848279;-5,85268385;0,0;0,0;0,0;94,02867258;5,85268385;-142,36382877;0,0;0,0;-0,0;82,98252742;-5,85268385;93,20848279;0,0;0,0;0,0;94,02867258;5,85268385;142,36382877;0,0;0,0;0,0;82,98252742;5,85268385;93,20848279;0,0
125;G;beam_y;60x80;0,0;0,0;65,63153993;74,67169439;-1,99370662;-0,0;-0,0;0,0;65,74396007;-75,07921738;1,99370662;-0,0;0,0;-0,0;65,63153993;-1,99370662;-74,67169439;-0,0;0,0;0,0;65,74396007;1,99370662;75,07921738;-0,0;0,0;0,0;65,63153993;1,99370662;74,67169439;0,0;0,0;0,0;65,74396007;1,99370662;75,07921738;0,0
126;G;beam_y;60x80;-0,0;0,0;93,83549201;141,19977538;-0,33790619;0,0;0,0;0,0;83,17570799;-93,76373649;0,33790619;0,0;0,0;0,0;93,83549201;-0,33790619;-141,19977538;0,0;0,0;-0,0;83,17570799;0,33790619;93,76373649;0,0;0,0;0,0;93,83549201;0,33790619;141,19977538;0,0;0,0;0,0;83,17570799;0,33790619;93,76373649;0,0
127;G;beam_y;60x80;-11,24113902;-7,86119469;-27,76316691;-45,99559298;18,43018327;20,33625741;11,24113902;7,86119469;60,60704191;-114,17541052;-18,43018327;20,41287153;-7,86119469;11,24113902;-27,76316691;18,43018327;45,99559298;20,33625741;7,86119469;-11,24113902;60,60704191;-18,43018327;114,17541052;20,41287153;7,86119469;11,24113902;27,76316691;18,43018327;45,99559298;20,33625741;7,86119469;11,24113902;60,60704191;18,43018327;114,17541052;20,41287153
128;G;beam_y;60x80;-5,93267613;-1,04663223;-21,00456243;-81,32786908;27,5932895;13,16795679;5,93267613;1,04663223;65,25736243;-110,60491372;-27,5932895;13,23245198;-1,04663223;5,93267613;-21,00456243;27,5932895;81,32786908;13,16795679;1,04663223;-5,93267613;65,25736243;-27,5932895;110,60491372;13,23245198;1,04663223;5,93267613;21,00456243;27,5932895;81,32786908;13,16795679;1,04663223;5,93267613;65,25736243;27,5932895;110,60491372;13,23245198
129;G;beam_y;60x80;0,0;0,0;10,32321716;38,6978258;0,89559805;-0,0;-0,0;0,0;-10,32321716;36,14549863;-0,89559805;-0,0;0,0;-0,0;10,32321716;0,89559805;-38,6978258;-0,0;0,0;0,0;-10,32321716;-0,89559805;-36,14549863;-0,0;0,0;0,0;10,32321716;0,89559805;38,6978258;0,0;0,0;0,0;10,32321716;0,89559805;36,14549863;0,0
130;G;beam_y;60x80;-0,0;0,0;2,37110403;9,94751139;-0,48595512;0,0;0,0;0,0;-2,37110403;11,15531451;0,48595512;0,0;0,0;0,0;2,37110403;-0,48595512;-9,94751139;0,0;0,0;-0,0;-2,37110403;0,48595512;-11,15531451;0,0;0,0;0,0;2,37110403;0,48595512;9,94751139;0,0;0,0;0,0;2,37110403;0,48595512;11,15531451;0,0
131;G;beam_x;60x80;0,0;-0,0;178,66452755;7,70098855;392,48380499;0,0;-0,0;0,0;-118,44144519;-7,70098855;350,28112688;0,0;0,0;0,0;178,66452755;-7,70098855;-392,48380499;0,0;0,0;-0,0;-118,44144519;7,70098855;-350,28112688;0,0;0,0;0,0;178,66452755;7,70098855;392,48380499;0,0;0,0;0,0;118,44144519;7,70098855;350,28112688;0,0
132;G;beam_x;60x80;0,0;-0,0;119,95552553;50,01886536;271,98302907;0,0;-0,0;0,0;-85,38302553;-50,01886536;241,36334859;0,0;0,0;0,0;119,95552553;-50,01886536;-271,98302907;0,0;0,0;-0,0;-85,38302553;50,01886536;-241,36334859;0,0;0,0;0,0;119,95552553;50,01886536;271,98302907;0,0;0,0;0,0;85,38302553;50,01886536;241,36334859;0,0
133;G;beam_x;60x80;0,0;0,0;20,68521163;-6,99377431;36,77826078;-0,0;0,0;-0,0;13,88728837;6,99377431;-19,78345265;-0,0;0,0;-0,0;20,68521163;6,99377431;-36,77826078;-0,0;0,0;0,0;13,88728837;-6,99377431;19,78345265;-0,0;0,0;0,0;20,68521163;6,99377431;36,77826078;0,0;0,0;0,0;13,88728837;6,99377431;19,78345265;0,0
134;G;beam_x;60x80;0,0;-0,0;215,50954541;14,70341797;481,44146019;0,0;-0,0;0,0;-146,36454541;-14,70341797;423,24376686;0,0;0,0;0,0;215,50954541;-14,70341797;-481,44146019;0,0;0,0;-0,0;-146,36454541;14,70341797;-423,24376686;0,0;0,0;0,0;215,50954541;14,70341797;481,44146019;0,0;0,0;0,0;146,36454541;14,70341797;423,24376686;0,0
135;G;beam_x;60x80;0,0;-0,0;217,77198339;20,04103474;475,6609387;0,0;-0,0;0,0;-148,62698339;-20,04103474;440,33647827;0,0;0,0;0,0;217,77198339;-20,04103474;-475,6609387;0,0;0,0;-0,0;-148,62698339;20,04103474;-440,33647827;0,0;0,0;0,0;217,77198339;20,04103474;475,6609387;0,0;0,0;0,0;148,62698339;20,04103474;440,33647827;0,0
136;G;beam_x;60x80;0,0;0,0;45,48752663;-3,04990958;79,54916032;-0,0;0,0;-0,0;23,65747337;3,04990958;-24,9740272;-0,0;0,0;-0,0;45,48752663;3,04990958;-79,54916032;-0,0;0,0;0,0;23,65747337;-3,04990958;24,9740272;-0,0;0,0;0,0;45,48752663;3,04990958;79,54916032;0,0;0,0;0,0;23,65747337;3,04990958;24,9740272;0,0
137;G;beam_x;60x80;0,0;-0,0;128,28966604;-41,1079051;285,43203576;0,0;-0,0;0,0;-93,71716604;41,1079051;269,58504445;0,0;0,0;0,0;128,28966604;41,1079051;-285,43203576;0,0;0,0;-0,0;-93,71716604;-41,1079051;-269,58504445;0,0;0,0;0,0;128,28966604;41,1079051;285,43203576;0,0;0,0;0,0;93,71716604;41,1079051;269,58504445;0,0
138;G;beam_x;60x80;0,0;-0,0;131,37834066;-42,0426273;288,46762157;0,0;-0,0;0,0;-96,80584066;42,0426273;281,99283175;0,0;0,0;0,0;131,37834066;42,0426273;-288,46762157;0,0;0,0;-0,0;-96,80584066;-42,0426273;-281,99283175;0,0;0,0;0,0;131,37834066;42,0426273;288,46762157;0,0;0,0;0,0;96,80584066;42,0426273;281,99283175;0,0
139;G;beam_x;60x80;0,0;0,0;19,4742371;8,87962674;35,80472295;-0,0;0,0;-0,0;15,0982629;-8,87962674;-24,86478746;-0,0;0,0;-0,0;19,4742371;-8,87962674;-35,80472295;-0,0;0,0;0,0;15,0982629;8,87962674;24,86478746;-0,0;0,0;0,0;19,4742371;8,87962674;35,80472295;0,0;0,0;0,0;15,0982629;8,87962674;24,86478746;0,0
140;G;beam_y;60x80;-0,0;0,0;64,80178609;113,05197321;-3,03950114;0,0;0,0;0,0;42,50420112;-32,22322771;3,03950114;0,0;0,0;0,0;64,80178609;-3,03950114;-113,05197321;0,0;0,0;-0,0;42,50420112;3,03950114;32,22322771;0,0;0,0;0,0;64,80178609;3,03950114;113,05197321;0,0;0,0;0,0;42,50420112;3,03950114;32,22322771;0,0
141;G;beam_y;60x80;-0,0;0,0;91,52824382;131,04964579;3,47392766;0,0;0,0;0,0;85,48295618;-104,14811576;-3,47392766;0,0;0,0;0,0;91,52824382;3,47392766;-131,04964579;0,0;0,0;-0,0;85,48295618;-3,47392766;104,14811576;0,0;0,0;0,0;91,52824382;3,47392766;131,04964579;0,0;0,0;0,0;85,48295618;3,47392766;104,14811576;0,0
142;G;beam_y;60x80;-0,0;0,0;78,28208614;130,95968431;9,57441293;0,0;0,0;0,0;53,09341386;-39,65074728;-9,57441293;0,0;0,0;0,0;78,28208614;9,57441293;-130,95968431;0,0;0,0;-0,0;53,09341386;-9,57441293;39,65074728;0,0;0,0;0,0;78,28208614;9,57441293;130,95968431;0,0;0,0;0,0;53,09341386;9,57441293;39,65074728;0,0
143;G;beam_y;60x80;-0,0;0,0;92,39151004;134,7928631;0,54560286;0,0;0,0;0,0;84,61968996;-100,20826375;-0,54560286;0,0;0,0;0,0;92,39151004;0,54560286;-134,7928631;0,0;0,0;-0,0;84,61968996;-0,54560286;100,20826375;0,0;0,0;0,0;92,39151004;0,54560286;134,7928631;0,0;0,0;0,0;84,61968996;0,54560286;100,20826375;0,0
144;G;beam_y;60x80;-0,0;0,0;75,0859567;110,59665399;-7,31241641;0,0;0,0;0,0;56,2895433;-42,45965545;7,31241641;0,0;0,0;0,0;75,0859567;-7,31241641;-110,59665399;0,0;0,0;-0,0;56,2895433;7,31241641;42,45965545;0,0;0,0;0,0;75,0859567;7,31241641;110,59665399;0,0;0,0;0,0;56,2895433;7,31241641;42,45965545;0,0
145;G;beam_y;60x80;-0,0;0,0;95,01890522;147,16744931;5,33290017;0,0;0,0;0,0;81,99229478;-89,19903288;-5,33290017;0,0;0,0;0,0;95,01890522;5,33290017;-147,16744931;0,0;0,0;-0,0;81,99229478;-5,33290017;89,19903288;0,0;0,0;0,0;95,01890522;5,33290017;147,16744931;0,0;0,0;0,0;81,99229478;5,33290017;89,19903288;0,0
146;G;beam_y;60x80;-0,0;0,0;45,96247528;87,01202671;-0,44445099;0,0;0,0;0,0;19,72527472;8,09782535;0,44445099;0,0;0,0;0,0;45,96247528;-0,44445099;-87,01202671;0,0;0,0;-0,0;19,72527472;0,44445099;-8,09782535;0,0;0,0;0,0;45,96247528;0,44445099;87,01202671;0,0;0,0;0,0;19,72527472;0,44445099;8,09782535;0,0
147;G;beam_y;60x80;-0,0;0,0;49,37944407;81,79937186;0,93823981;0,0;0,0;0,0;39,12615593;-36,17223961;-0,93823981;0,0;0,0;0,0;49,37944407;0,93823981;-81,79937186;0,0;0,0;-0,0;39,12615593;-0,93823981;36,17223961;0,0;0,0;0,0;49,37944407;0,93823981;81,79937186;0,0;0,0;0,0;39,12615593;0,93823981;36,17223961;0,0
148;G;beam_x;60x80;0,0;-0,0;157,13075894;36,9593165;309,9233077;0,0;-0,0;0,0;-77,31972782;-36,9593165;276,20290919;0,0;0,0;0,0;157,13075894;-36,9593165;-309,9233077;0,0;0,0;-0,0;-77,31972782;36,9593165;-276,20290919;0,0;0,0;0,0;157,13075894;36,9593165;309,9233077;0,0;0,0;0,0;77,31972782;36,9593165;276,20290919;0,0
149;G;beam_x;60x80;0,0;-0,0;114,44003949;46,31666578;240,28193229;0,0;-0,0;0,0;-79,86753949;-46,31666578;245,48701516;0,0;0,0;0,0;114,44003949;-46,31666578;-240,28193229;0,0;0,0;-0,0;-79,86753949;46,31666578;-245,48701516;0,0;0,0;0,0;114,44003949;46,31666578;240,28193229;0,0;0,0;0,0;79,86753949;46,31666578;245,48701516;0,0
150;G;beam_x;60x80;0,0;-0,0;6,086629;-2,24868563;8,89802557;0,0;0,0;0,0;28,485871;2,24868563;-64,89613059;0,0;0,0;0,0;6,086629;2,24868563;-8,89802557;0,0;0,0;-0,0;28,485871;-2,24868563;64,89613059;0,0;0,0;0,0;6,086629;2,24868563;8,89802557;0,0;0,0;0,0;28,485871;2,24868563;64,89613059;0,0
151;G;beam_x;60x80;0,0;-0,0;213,61823717;15,78952122;462,25672902;0,0;-0,0;0,0;-144,47323717;-15,78952122;432,97195681;0,0;0,0;0,0;213,61823717;-15,78952122;-462,25672902;0,0;0,0;-0,0;-144,47323717;15,78952122;-432,97195681;0,0;0,0;0,0;213,61823717;15,78952122;462,25672902;0,0;0,0;0,0;144,47323717;15,78952122;432,97195681;0,0
152;G;beam_x;60x80;0,0;-0,0;214,30294355;21,66672057;460,20478806;0,0;-0,0;0,0;-145,15794355;-21,66672057;438,44742971;0,0;0,0;0,0;214,30294355;-21,66672057;-460,20478806;0,0;0,0;-0,0;-145,15794355;21,66672057;-438,44742971;0,0;0,0;0,0;214,30294355;21,66672057;460,20478806;0,0;0,0;0,0;145,15794355;21,66672057;438,44742971;0,0
153;G;beam_x;60x80;0,0;-0,0;24,32803523;-1,54833187;37,96128864;0,0;0,0;0,0;44,81696477;1,54833187;-89,18361249;0,0;0,0;0,0;24,32803523;1,54833187;-37,96128864;0,0;0,0;-0,0;44,81696477;-1,54833187;89,18361249;0,0;0,0;0,0;24,32803523;1,54833187;37,96128864;0,0;0,0;0,0;44,81696477;1,54833187;89,18361249;0,0
154;G;beam_x;60x80;0,0;-0,0;126,36736892;-43,97111996;273,08784715;0,0;-0,0;0,0;-91,79486892;43,97111996;272,31774747;0,0;0,0;0,0;126,36736892;43,97111996;-273,08784715;0,0;0,0;-0,0;-91,79486892;-43,97111996;-272,31774747;0,0;0,0;0,0;126,36736892;43,97111996;273,08784715;0,0;0,0;0,0;91,79486892;43,97111996;272,31774747;0,0
155;G;beam_x;60x80;0,0;-0,0;129,03737742;-42,84590895;276,13289245;0,0;-0,0;0,0;-94,46487742;42,84590895;282,62274464;0,0;0,0;0,0;129,03737742;42,84590895;-276,13289245;0,0;0,0;-0,0;-94,46487742;-42,84590895;-282,62274464;0,0;0,0;0,0;129,03737742;42,84590895;276,13289245;0,0;0,0;0,0;94,46487742;42,84590895;282,62274464;0,0
156;G;beam_x;60x80;0,0;-0,0;1,92923703;1,06234999;0,2374641;0,0;0,0;0,0;32,64326297;-1,06234999;-77,02252895;0,0;0,0;0,0;1,92923703;-1,06234999;-0,2374641;0,0;0,0;-0,0;32,64326297;1,06234999;77,02252895;0,0;0,0;0,0;1,92923703;1,06234999;0,2374641;0,0;0,0;0,0;32,64326297;1,06234999;77,02252895;0,0
157;G;beam_y;60x80;-0,0;0,0;76,6600999;119,92217315;-0,78600397;0,0;0,0;0,0;54,7154001;-40,37263639;0,78600397;0,0;0,0;0,0;76,6600999;-0,78600397;-119,92217315;0,0;0,0;-0,0;54,7154001;0,78600397;40,37263639;0,0;0,0;0,0;76,6600999;0,78600397;119,92217315;0,0;0,0;0,0;54,7154001;0,78600397;40,37263639;0,0
158;G;beam_y;60x80;0,0;0,0;90,76978966;130,59352266;0,13813197;-0,0;-0,0;0,0;86,24141034;-110,44223465;-0,13813197;-0,0;0,0;-0,0;90,76978966;0,13813197;-130,59352266;-0,0;0,0;0,0;86,24141034;-0,13813197;110,44223465;-0,0;0,0;0,0;90,76978966;0,13813197;130,59352266;0,0;0,0;0,0;86,24141034;0,13813197;110,44223465;0,0
159;G;beam_y;60x80;-0,0;0,0;79,42247873;130,27676324;3,6083562;0,0;0,0;0,0;51,95302127;-30,69997997;-3,6083562;0,0;0,0;0,0;79,42247873;3,6083562;-130,27676324;0,0;0,0;-0,0;51,95302127;-3,6083562;30,69997997;0,0;0,0;0,0;79,42247873;3,6083562;130,27676324;0,0;0,0;0,0;51,95302127;3,6083562;30,69997997;0,0
160;G;beam_y;60x80;0,0;0,0;91,53094373;133,56776945;0,84580905;-0,0;-0,0;0,0;85,48025627;-106,64221021;-0,84580905;-0,0;0,0;-0,0;91,53094373;0,84580905;-133,56776945;-0,0;0,0;0,0;85,48025627;-0,84580905;106,64221021;-0,0;0,0;0,0;91,53094373;0,84580905;133,56776945;0,0;0,0;0,0;85,48025627;0,84580905;106,64221021;0,0
161;G;beam_y;60x80;-0,0;0,0;82,34570765;138,60162948;-6,12710248;0,0;0,0;0,0;49,02979235;-17,83143655;6,12710248;0,0;0,0;0,0;82,34570765;-6,12710248;-138,60162948;0,0;0,0;-0,0;49,02979235;6,12710248;17,83143655;0,0;0,0;0,0;82,34570765;6,12710248;138,60162948;0,0;0,0;0,0;49,02979235;6,12710248;17,83143655;0,0
162;G;beam_y;60x80;0,0;0,0;93,29142811;143,08424571;5,19117609;-0,0;-0,0;0,0;83,71977189;-100,49037555;-5,19117609;-0,0;0,0;-0,0;93,29142811;5,19117609;-143,08424571;-0,0;0,0;0,0;83,71977189;-5,19117609;100,49037555;-0,0;0,0;0,0;93,29142811;5,19117609;143,08424571;0,0;0,0;0,0;83,71977189;5,19117609;100,49037555;0,0
163;G;beam_y;60x80;-0,0;0,0;68,38343493;123,40768105;2,67356697;0,0;0,0;0,0;34,06390127;1,00062847;-2,67356697;0,0;0,0;0,0;68,38343493;2,67356697;-123,40768105;0,0;0,0;-0,0;34,06390127;-2,67356697;-1,00062847;0,0;0,0;0,0;68,38343493;2,67356697;123,40768105;0,0;0,0;0,0;34,06390127;2,67356697;1,00062847;0,0
164;G;beam_y;60x80;0,0;0,0;73,30338207;117,24670479;-0,9654169;-0,0;-0,0;0,0;62,11298693;-67,44944638;0,9654169;-0,0;0,0;-0,0;73,30338207;-0,9654169;-117,24670479;-0,0;0,0;0,0;62,11298693;0,9654169;67,44944638;-0,0;0,0;0,0;73,30338207;0,9654169;117,24670479;0,0;0,0;0,0;62,11298693;0,9654169;67,44944638;0,0
165;G;beam_x;60x80;0,0;0,0;156,58083065;33,08967012;304,80422632;-0,0;0,0;-0,0;-76,76979953;-33,08967012;278,57234911;-0,0;0,0;-0,0;156,58083065;-33,08967012;-304,80422632;-0,0;0,0;0,0;-76,76979953;33,08967012;-278,57234911;-0,0;0,0;0,0;156,58083065;33,08967012;304,80422632;0,0;0,0;0,0;76,76979953;33,08967012;278,57234911;0,0
166;G;beam_x;60x80;0,0;-0,0;119,57627452;48,50068898;263,48110402;0,0;-0,0;0,0;-85,00377452;-48,50068898;247,96901858;0,0;0,0;0,0;119,57627452;-48,50068898;-263,48110402;0,0;0,0;-0,0;-85,00377452;48,50068898;-247,96901858;0,0;0,0;0,0;119,57627452;48,50068898;263,48110402;0,0;0,0;0,0;85,00377452;48,50068898;247,96901858;0,0
167;G;beam_x;60x80;0,0;0,0;22,4007579;-5,68357623;64,4296228;-0,0;0,0;-0,0;12,1717421;5,68357623;-38,85708329;-0,0;0,0;-0,0;22,4007579;5,68357623;-64,4296228;-0,0;0,0;0,0;12,1717421;-5,68357623;38,85708329;-0,0;0,0;0,0;22,4007579;5,68357623;64,4296228;0,0;0,0;0,0;12,1717421;5,68357623;38,85708329;0,0
168;G;beam_x;60x80;0,0;0,0;217,55181505;10,80678114;478,35084564;-0,0;0,0;-0,0;-148,40681505;-10,80678114;436,54572961;-0,0;0,0;-0,0;217,55181505;-10,80678114;-478,35084564;-0,0;0,0;0,0;-148,40681505;10,80678114;-436,54572961;-0,0;0,0;0,0;217,55181505;10,80678114;478,35084564;0,0;0,0;0,0;148,40681505;10,80678114;436,54572961;0,0
169;G;beam_x;60x80;0,0;-0,0;221,98187026;18,51112055;483,80858916;0,0;-0,0;0,0;-152,83687026;-18,51112055;453,23826213;0,0;0,0;0,0;221,98187026;-18,51112055;-483,80858916;0,0;0,0;-0,0;-152,83687026;18,51112055;-453,23826213;0,0;0,0;0,0;221,98187026;18,51112055;483,80858916;0,0;0,0;0,0;152,83687026;18,51112055;453,23826213;0,0
170;G;beam_x;60x80;0,0;0,0;48,42075934;-3,20631475;119,69198537;-0,0;0,0;-0,0;20,72424066;3,20631475;-50,45068868;-0,0;0,0;-0,0;48,42075934;3,20631475;-119,69198537;-0,0;0,0;0,0;20,72424066;-3,20631475;50,45068868;-0,0;0,0;0,0;48,42075934;3,20631475;119,69198537;0,0;0,0;0,0;20,72424066;3,20631475;50,45068868;0,0
171;G;beam_x;60x80;0,0;0,0;126,75066728;-35,27405778;281,07456819;-0,0;0,0;-0,0;-92,17816728;35,27405778;266,24751824;-0,0;0,0;-0,0;126,75066728;35,27405778;-281,07456819;-0,0;0,0;0,0;-92,17816728;-35,27405778;-266,24751824;-0,0;0,0;0,0;126,75066728;35,27405778;281,07456819;0,0;0,0;0,0;92,17816728;35,27405778;266,24751824;0,0
172;G;beam_x;60x80;0,0;-0,0;132,74791179;-33,9688514;287,76367679;0,0;-0,0;0,0;-98,17541179;33,9688514;289,54463217;0,0;0,0;0,0;132,74791179;33,9688514;-287,76367679;0,0;0,0;-0,0;-98,17541179;-33,9688514;-289,54463217;0,0;0,0;0,0;132,74791179;33,9688514;287,76367679;0,0;0,0;0,0;98,17541179;33,9688514;289,54463217;0,0
173;G;beam_x;60x80;0,0;0,0;20,00051839;7,37717773;61,79978424;-0,0;0,0;-0,0;14,57198161;-7,37717773;-48,2284423;-0,0;0,0;-0,0;20,00051839;-7,37717773;-61,79978424;-0,0;0,0;0,0;14,57198161;7,37717773;48,2284423;-0,0;0,0;0,0;20,00051839;7,37717773;61,79978424;0,0;0,0;0,0;14,57198161;7,37717773;48,2284423;0,0
174;G;beam_y;60x80;0,0;0,0;71,27599151;103,28973607;-7,65344325;-0,0;-0,0;0,0;60,09950849;-62,77498509;7,65344325;-0,0;0,0;-0,0;71,27599151;-7,65344325;-103,28973607;-0,0;0,0;0,0;60,09950849;7,65344325;62,77498509;-0,0;0,0;0,0;71,27599151;7,65344325;103,28973607;0,0;0,0;0,0;60,09950849;7,65344325;62,77498509;0,0
175;G;beam_y;60x80;0,0;0,0;95,0333303;134,2097595;-0,31500164;-0,0;-0,0;0,0;81,9778697;-76,11295981;0,31500164;-0,0;0,0;-0,0;95,0333303;-0,31500164;-134,2097595;-0,0;0,0;0,0;81,9778697;0,31500164;76,11295981;-0,0;0,0;0,0;95,0333303;0,31500164;134,2097595;0,0;0,0;0,0;81,9778697;0,31500164;76,11295981;0,0
176;G;beam_y;60x80;0,0;0,0;73,89254295;113,52908568;8,77184451;-0,0;-0,0;0,0;57,48295705;-54,04433676;-8,77184451;-0,0;0,0;-0,0;73,89254295;8,77184451;-113,52908568;-0,0;0,0;0,0;57,48295705;-8,77184451;54,04433676;-0,0;0,0;0,0;73,89254295;8,77184451;113,52908568;0,0;0,0;0,0;57,48295705;8,77184451;54,04433676;0,0
177;G;beam_y;60x80;0,0;0,0;95,65985901;136,39843085;1,42088755;-0,0;-0,0;0,0;81,35134099;-72,72552565;-1,42088755;-0,0;0,0;-0,0;95,65985901;1,42088755;-136,39843085;-0,0;0,0;0,0;81,35134099;-1,42088755;72,72552565;-0,0;0,0;0,0;95,65985901;1,42088755;136,39843085;0,0;0,0;0,0;81,35134099;1,42088755;72,72552565;0,0
178;G;beam_y;60x80;0,0;0,0;74,36280647;107,64857855;-11,51031931;-0,0;-0,0;0,0;57,01269353;-44,75441915;11,51031931;-0,0;0,0;-0,0;74,36280647;-11,51031931;-107,64857855;-0,0;0,0;0,0;57,01269353;11,51031931;44,75441915;-0,0;0,0;0,0;74,36280647;11,51031931;107,64857855;0,0;0,0;0,0;57,01269353;11,51031931;44,75441915;0,0
179;G;beam_y;60x80;0,0;0,0;96,73977146;144,60600297;8,61801973;-0,0;-0,0;0,0;80,27142854;-71,321877;-8,61801973;-0,0;0,0;-0,0;96,73977146;8,61801973;-144,60600297;-0,0;0,0;0,0;80,27142854;-8,61801973;71,321877;-0,0;0,0;0,0;96,73977146;8,61801973;144,60600297;0,0;0,0;0,0;80,27142854;8,61801973;71,321877;0,0
180;G;beam_y;60x80;0,0;0,0;62,49637251;101,23036636;2,13360254;-0,0;-0,0;0,0;39,95096369;-19,50325941;-2,13360254;-0,0;0,0;-0,0;62,49637251;2,13360254;-101,23036636;-0,0;0,0;0,0;39,95096369;-2,13360254;19,50325941;-0,0;0,0;0,0;62,49637251;2,13360254;101,23036636;0,0;0,0;0,0;39,95096369;2,13360254;19,50325941;0,0
181;G;beam_y;60x80;0,0;0,0;75,39578104;117,04134331;-0,52697804;-0,0;-0,0;0,0;60,02058796;-48,62173407;0,52697804;-0,0;0,0;-0,0;75,39578104;-0,52697804;-117,04134331;-0,0;0,0;0,0;60,02058796;0,52697804;48,62173407;-0,0;0,0;0,0;75,39578104;0,52697804;117,04134331;0,0;0,0;0,0;60,02058796;0,52697804;48,62173407;0,0
182;G;beam_x;60x80;0,0;0,0;161,70523773;23,11855274;342,9151652;-0,0;0,0;-0,0;-104,8380388;-23,11855274;323,44302611;-0,0;0,0;-0,0;161,70523773;-23,11855274;-342,9151652;-0,0;0,0;0,0;-104,8380388;23,11855274;-323,44302611;-0,0;0,0;0,0;161,70523773;23,11855274;342,9151652;0,0;0,0;0,0;104,8380388;23,11855274;323,44302611;0,0
183;G;beam_x;60x80;0,0;0,0;200,92054577;6,62086563;414,01849554;-0,0;0,0;-0,0;-140,41853248;-6,62086563;439,32920008;-0,0;0,0;-0,0;200,92054577;-6,62086563;-414,01849554;-0,0;0,0;0,0;-140,41853248;6,62086563;-439,32920008;-0,0;0,0;0,0;200,92054577;6,62086563;414,01849554;0,0;0,0;0,0;140,41853248;6,62086563;439,32920008;0,0
184;G;beam_x;60x80;0,0;0,0;122,90886597;-45,08704845;253,0809983;-0,0;0,0;-0,0;-88,33636597;45,08704845;275,03208157;-0,0;0,0;-0,0;122,90886597;45,08704845;-253,0809983;-0,0;0,0;0,0;-88,33636597;-45,08704845;-275,03208157;-0,0;0,0;0,0;122,90886597;45,08704845;253,0809983;0,0;0,0;0,0;88,33636597;45,08704845;275,03208157;0,0
185;G;beam_x;60x80;0,0;-0,0;140,95088242;26,54746315;285,59024897;0,0;-0,0;0,0;-84,08368349;-26,54746315;276,99616582;0,0;0,0;0,0;140,95088242;-26,54746315;-285,59024897;0,0;0,0;-0,0;-84,08368349;26,54746315;-276,99616582;0,0;0,0;0,0;140,95088242;26,54746315;285,59024897;0,0;0,0;0,0;84,08368349;26,54746315;276,99616582;0,0
186;G;beam_x;60x80;0,0;-0,0;197,86149818;16,5428799;413,27978932;0,0;-0,0;0,0;-137,35948489;-16,5428799;424,77266836;0,0;0,0;0,0;197,86149818;-16,5428799;-413,27978932;0,0;0,0;-0,0;-137,35948489;16,5428799;-424,77266836;0,0;0,0;0,0;197,86149818;16,5428799;413,27978932;0,0;0,0;0,0;137,35948489;16,5428799;424,77266836;0,0
187;G;beam_x;60x80;0,0;-0,0;122,24595304;-47,42287367;246,42746247;0,0;-0,0;0,0;-87,67345304;47,42287367;278,37105271;0,0;0,0;0,0;122,24595304;47,42287367;-246,42746247;0,0;0,0;-0,0;-87,67345304;-47,42287367;-278,37105271;0,0;0,0;0,0;122,24595304;47,42287367;246,42746247;0,0;0,0;0,0;87,67345304;47,42287367;278,37105271;0,0
188;G;beam_x;60x80;0,0;0,0;232,37696253;38,34478994;357,50050175;-0,0;0,0;-0,0;-219,44076277;-38,34478994;139,49899608;-0,0;0,0;-0,0;232,37696253;-38,34478994;-357,50050175;-0,0;0,0;0,0;-219,44076277;38,34478994;-139,49899608;-0,0;0,0;0,0;232,37696253;38,34478994;357,50050175;0,0;0,0;0,0;219,44076277;38,34478994;139,49899608;0,0
189;G;beam_x;60x80;0,0;0,0;268,74008809;12,56634013;468,72518442;-0,0;0,0;-0,0;-242,06450025;-12,56634013;93,15986276;-0,0;0,0;-0,0;268,74008809;-12,56634013;-468,72518442;-0,0;0,0;0,0;-242,06450025;12,56634013;-93,15986276;-0,0;0,0;0,0;268,74008809;12,56634013;468,72518442;0,0;0,0;0,0;242,06450025;12,56634013;93,15986276;0,0
190;G;beam_x;60x80;0,0;-0,0;121,91437582;-49,83821373;240,30872007;0,0;-0,0;0,0;-87,34187582;49,83821373;282,83190903;0,0;0,0;0,0;121,91437582;49,83821373;-240,30872007;0,0;0,0;-0,0;-87,34187582;-49,83821373;-282,83190903;0,0;0,0;0,0;121,91437582;49,83821373;240,30872007;0,0;0,0;0,0;87,34187582;49,83821373;282,83190903;0,0
191;G;beam_x;60x80;0,0;-0,0;107,36543794;32,54017289;206,37869195;0,0;-0,0;0,0;-72,79293794;-32,54017289;244,01724773;0,0;0,0;0,0;107,36543794;-32,54017289;-206,37869195;0,0;0,0;-0,0;-72,79293794;32,54017289;-244,01724773;0,0;0,0;0,0;107,36543794;32,54017289;206,37869195;0,0;0,0;0,0;72,79293794;32,54017289;244,01724773;0,0
192;G;beam_x;60x80;0,0;-0,0;202,73732663;16,36602903;399,64444575;0,0;-0,0;0,0;-133,59232663;-16,36602903;441,17968743;0,0;0,0;0,0;202,73732663;-16,36602903;-399,64444575;0,0;0,0;-0,0;-133,59232663;16,36602903;-441,17968743;0,0;0,0;0,0;202,73732663;16,36602903;399,64444575;0,0;0,0;0,0;133,59232663;16,36602903;441,17968743;0,0
193;G;beam_x;60x80;0,0;-0,0;118,76487573;-39,00485113;222,34101155;0,0;-0,0;0,0;-84,19237573;39,00485113;285,0521171;0,0;0,0;0,0;118,76487573;39,00485113;-222,34101155;0,0;0,0;-0,0;-84,19237573;-39,00485113;-285,0521171;0,0;0,0;0,0;118,76487573;39,00485113;222,34101155;0,0;0,0;0,0;84,19237573;39,00485113;285,0521171;0,0
194;G;beam_x;60x80;0,0;-0,0;54,18149153;29,91338223;85,4277897;0,0;-0,0;0,0;-46,48812541;-29,91338223;42,9259719;0,0;0,0;0,0;54,18149153;-29,91338223;-85,4277897;0,0;0,0;-0,0;-46,48812541;29,91338223;-42,9259719;0,0;0,0;0,0;54,18149153;29,91338223;85,4277897;0,0;0,0;0,0;46,48812541;29,91338223;42,9259719;0,0
195;G;beam_x;60x80;0,0;-0,0;94,07260907;19,77325621;143,00786568;0,0;-0,0;0,0;-78,68587683;-19,77325621;77,25920385;0,0;0,0;0,0;94,07260907;-19,77325621;-143,00786568;0,0;0,0;-0,0;-78,68587683;19,77325621;-77,25920385;0,0;0,0;0,0;94,07260907;19,77325621;143,00786568;0,0;0,0;0,0;78,68587683;19,77325621;77,25920385;0,0
196;G;beam_x;60x80;0,0;-0,0;60,35039795;-28,86335905;96,04273215;0,0;-0,0;0,0;-52,65703183;28,86335905;48,04174082;0,0;0,0;0,0;60,35039795;28,86335905;-96,04273215;0,0;0,0;-0,0;-52,65703183;-28,86335905;-48,04174082;0,0;0,0;0,0;60,35039795;28,86335905;96,04273215;0,0;0,0;0,0;52,65703183;28,86335905;48,04174082;0,0
197;G;beam_x;60x80;0,0;-0,0;25,8151435;9,86062016;45,77322978;0,0;-0,0;0,0;-18,12177738;-9,86062016;10,24634434;0,0;0,0;0,0;25,8151435;-9,86062016;-45,77322978;0,0;0,0;-0,0;-18,12177738;9,86062016;-10,24634434;0,0;0,0;0,0;25,8151435;9,86062016;45,77322978;0,0;0,0;0,0;18,12177738;9,86062016;10,24634434;0,0
198;G;beam_x;60x80;0,0;-0,0;44,13169073;4,09679031;75,54479645;0,0;-0,0;0,0;-28,74495849;-4,09679031;17,3729313;0,0;0,0;0,0;44,13169073;-4,09679031;-75,54479645;0,0;0,0;-0,0;-28,74495849;4,09679031;-17,3729313;0,0;0,0;0,0;44,13169073;4,09679031;75,54479645;0,0;0,0;0,0;28,74495849;4,09679031;17,3729313;0,0
199;G;beam_x;60x80;0,0;-0,0;29,42305943;-8,33296829;52,89631938;0,0;-0,0;0,0;-21,72969332;8,33296829;12,32344038;0,0;0,0;0,0;29,42305943;8,33296829;-52,89631938;0,0;0,0;-0,0;-21,72969332;-8,33296829;-12,32344038;0,0;0,0;0,0;29,42305943;8,33296829;52,89631938;0,0;0,0;0,0;21,72969332;8,33296829;12,32344038;0,0
200;G;beam_y;60x80;-0,0;0,0;25,93575159;47,16240932;0,91014402;0,0;0,0;0,0;9,67783061;11,77255424;-0,91014402;0,0;0,0;0,0;25,93575159;0,91014402;-47,16240932;0,0;0,0;-0,0;9,67783061;-0,91014402;-11,77255424;0,0;0,0;0,0;25,93575159;0,91014402;47,16240932;0,0;0,0;0,0;9,67783061;0,91014402;11,77255424;0,0
201;G;beam_y;60x80;0,0;0,0;25,41256647;27,39254686;0,5993058;-0,0;-0,0;0,0;19,95411293;-3,10242862;-0,5993058;-0,0;0,0;-0,0;25,41256647;0,5993058;-27,39254686;-0,0;0,0;0,0;19,95411293;-0,5993058;3,10242862;-0,0;0,0;0,0;25,41256647;0,5993058;27,39254686;0,0;0,0;0,0;19,95411293;0,5993058;3,10242862;0,0
202;G;beam_y;60x80;0,0;0,0;24,00979722;39,33761468;4,39343423;-0,0;-0,0;0,0;11,60378498;5,63417972;-4,39343423;-0,0;0,0;-0,0;24,00979722;4,39343423;-39,33761468;-0,0;0,0;0,0;11,60378498;-4,39343423;-5,63417972;-0,0;0,0;0,0;24,00979722;4,39343423;39,33761468;0,0;0,0;0,0;11,60378498;4,39343423;5,63417972;0,0
203;G;beam_y;60x80;0,0;0,0;25,59711476;25,12573196;-1,99223701;-0,0;-0,0;0,0;19,76956464;0,80686605;1,99223701;-0,0;0,0;-0,0;25,59711476;-1,99223701;-25,12573196;-0,0;0,0;0,0;19,76956464;1,99223701;-0,80686605;-0,0;0,0;0,0;25,59711476;1,99223701;25,12573196;0,0;0,0;0,0;19,76956464;1,99223701;0,80686605;0,0
204;G;beam_y;60x80;0,0;0,0;52,56761313;54,77383089;-14,73155368;-0,0;-0,0;0,0;54,47562308;-61,69036694;14,73155368;-0,0;0,0;-0,0;52,56761313;-14,73155368;-54,77383089;-0,0;0,0;0,0;54,47562308;14,73155368;61,69036694;-0,0;0,0;0,0;52,56761313;14,73155368;54,77383089;0,0;0,0;0,0;54,47562308;14,73155368;61,69036694;0,0
205;G;beam_y;60x80;-0,0;0,0;89,34800437;94,9475704;-2,87930808;0,0;0,0;0,0;87,66319563;-87,45017149;2,87930808;0,0;0,0;0,0;89,34800437;-2,87930808;-94,9475704;0,0;0,0;-0,0;87,66319563;2,87930808;87,45017149;0,0;0,0;0,0;89,34800437;2,87930808;94,9475704;0,0;0,0;0,0;87,66319563;2,87930808;87,45017149;0,0
206;G;beam_y;60x80;0,0;0,0;69,22924674;78,75896764;2,27464152;-0,0;-0,0;0,0;62,14625326;-53,08311626;-2,27464152;-0,0;0,0;-0,0;69,22924674;2,27464152;-78,75896764;-0,0;0,0;0,0;62,14625326;-2,27464152;53,08311626;-0,0;0,0;0,0;69,22924674;2,27464152;78,75896764;0,0;0,0;0,0;62,14625326;2,27464152;53,08311626;0,0
207;G;beam_y;60x80;-0,0;0,0;88,10633484;88,00417316;0,26420482;0,0;0,0;0,0;88,90486516;-91,55763304;-0,26420482;0,0;0,0;0,0;88,10633484;0,26420482;-88,00417316;0,0;0,0;-0,0;88,90486516;-0,26420482;91,55763304;0,0;0,0;0,0;88,10633484;0,26420482;88,00417316;0,0;0,0;0,0;88,90486516;0,26420482;91,55763304;0,0
208;G;beam_y;60x80;-0,0;0,0;72,01325426;88,3559707;0,92963286;0,0;0,0;0,0;59,36224574;-42,49606484;-0,92963286;0,0;0,0;0,0;72,01325426;0,92963286;-88,3559707;0,0;0,0;-0,0;59,36224574;-0,92963286;42,49606484;0,0;0,0;0,0;72,01325426;0,92963286;88,3559707;0,0;0,0;0,0;59,36224574;0,92963286;42,49606484;0,0
209;G;beam_y;60x80;-0,0;0,0;88,54348797;84,13218238;0,53413542;0,0;0,0;0,0;88,46771203;-83,79497943;-0,53413542;0,0;0,0;0,0;88,54348797;0,53413542;-84,13218238;0,0;0,0;-0,0;88,46771203;-0,53413542;83,79497943;0,0;0,0;0,0;88,54348797;0,53413542;84,13218238;0,0;0,0;0,0;88,46771203;0,53413542;83,79497943;0,0
210;G;beam_y;60x80;-0,0;0,0;72,79672086;89,91227345;2,94563397;0,0;0,0;0,0;58,57877914;-38,37223473;-2,94563397;0,0;0,0;0,0;72,79672086;2,94563397;-89,91227345;0,0;0,0;-0,0;58,57877914;-2,94563397;38,37223473;0,0;0,0;0,0;72,79672086;2,94563397;89,91227345;0,0;0,0;0,0;58,57877914;2,94563397;38,37223473;0,0
211;G;beam_y;60x80;0,0;0,0;87,8661949;82,41055034;1,01034118;-0,0;-0,0;0,0;89,1450051;-88,10125569;-1,01034118;-0,0;0,0;-0,0;87,8661949;1,01034118;-82,41055034;-0,0;0,0;0,0;89,1450051;-1,01034118;88,10125569;-0,0;0,0;0,0;87,8661949;1,01034118;82,41055034;0,0;0,0;0,0;89,1450051;1,01034118;88,10125569;0,0
212;G;beam_y;60x80;0,0;0,0;71,95857923;86,63148546;3,84003;-0,0;-0,0;0,0;59,41692077;-41,16797353;-3,84003;-0,0;0,0;-0,0;71,95857923;3,84003;-86,63148546;-0,0;0,0;0,0;59,41692077;-3,84003;41,16797353;-0,0;0,0;0,0;71,95857923;3,84003;86,63148546;0,0;0,0;0,0;59,41692077;3,84003;41,16797353;0,0
213;G;beam_y;60x80;0,0;0,0;89,19009615;79,25882238;0,38647733;-0,0;-0,0;0,0;87,82110385;-73,16680661;-0,38647733;-0,0;0,0;-0,0;89,19009615;0,38647733;-79,25882238;-0,0;0,0;0,0;87,82110385;-0,38647733;73,16680661;-0,0;0,0;0,0;89,19009615;0,38647733;79,25882238;0,0;0,0;0,0;87,82110385;0,38647733;73,16680661;0,0
214;G;beam_y;60x80;0,0;0,0;68,3512268;73,70435802;-2,17829938;-0,0;-0,0;0,0;63,0242732;-54,3941512;2,17829938;-0,0;0,0;-0,0;68,3512268;-2,17829938;-73,70435802;-0,0;0,0;0,0;63,0242732;2,17829938;54,3941512;-0,0;0,0;0,0;68,3512268;2,17829938;73,70435802;0,0;0,0;0,0;63,0242732;2,17829938;54,3941512;0,0
215;G;beam_y;60x80;-0,0;0,0;89,99730851;92,55317538;-1,06417115;0,0;0,0;0,0;87,01389149;-79,2769696;1,06417115;0,0;0,0;0,0;89,99730851;-1,06417115;-92,55317538;0,0;0,0;-0,0;87,01389149;1,06417115;79,2769696;0,0;0,0;0,0;89,99730851;1,06417115;92,55317538;0,0;0,0;0,0;87,01389149;1,06417115;79,2769696;0,0
216;G;beam_y;60x80;-0,0;0,0;73,51215047;120,18657032;0,03032204;0,0;0,0;0,0;57,86334953;-63,45966688;-0,03032204;0,0;0,0;0,0;73,51215047;0,03032204;-120,18657032;0,0;0,0;-0,0;57,86334953;-0,03032204;63,45966688;0,0;0,0;0,0;73,51215047;0,03032204;120,18657032;0,0;0,0;0,0;57,86334953;0,03032204;63,45966688;0,0
217;G;beam_y;60x80;-0,0;0,0;89,8336267;93,35987277;-0,48166133;0,0;0,0;0,0;87,1775733;-81,54043516;0,48166133;0,0;0,0;0,0;89,8336267;-0,48166133;-93,35987277;0,0;0,0;-0,0;87,1775733;0,48166133;81,54043516;0,0;0,0;0,0;89,8336267;0,48166133;93,35987277;0,0;0,0;0,0;87,1775733;0,48166133;81,54043516;0,0
218;G;beam_y;60x80;-0,0;0,0;68,00346954;74,50356231;0,8108382;0,0;0,0;0,0;63,37203046;-57,71459566;-0,8108382;0,0;0,0;0,0;68,00346954;0,8108382;-74,50356231;0,0;0,0;-0,0;63,37203046;-0,8108382;57,71459566;0,0;0,0;0,0;68,00346954;0,8108382;74,50356231;0,0;0,0;0,0;63,37203046;0,8108382;57,71459566;0,0
219;G;beam_y;60x80;0,0;0,0;88,75922254;89,36438943;0,22452913;-0,0;-0,0;0,0;88,25197746;-87,1071488;-0,22452913;-0,0;0,0;-0,0;88,75922254;0,22452913;-89,36438943;-0,0;0,0;0,0;88,25197746;-0,22452913;87,1071488;-0,0;0,0;0,0;88,75922254;0,22452913;89,36438943;0,0;0,0;0,0;88,25197746;0,22452913;87,1071488;0,0
220;G;beam_y;60x80;0,0;0,0;65,34847358;67,02603199;1,11899193;-0,0;-0,0;0,0;66,02702642;-69,48578602;-1,11899193;-0,0;0,0;-0,0;65,34847358;1,11899193;-67,02603199;-0,0;0,0;0,0;66,02702642;-1,11899193;69,48578602;-0,0;0,0;0,0;65,34847358;1,11899193;67,02603199;0,0;0,0;0,0;66,02702642;1,11899193;69,48578602;0,0
221;G;beam_y;60x80;0,0;0,0;90,87403479;90,8084793;0,22029179;-0,0;-0,0;0,0;86,13716521;-69,72940971;-0,22029179;-0,0;0,0;-0,0;90,87403479;0,22029179;-90,8084793;-0,0;0,0;0,0;86,13716521;-0,22029179;69,72940971;-0,0;0,0;0,0;90,87403479;0,22029179;90,8084793;0,0;0,0;0,0;86,13716521;0,22029179;69,72940971;0,0
222;G;beam_y;60x80;-0,0;0,0;57,35543061;72,10348256;-5,89138375;0,0;0,0;0,0;49,6878056;-44,30834191;5,89138375;0,0;0,0;0,0;57,35543061;-5,89138375;-72,10348256;0,0;0,0;-0,0;49,6878056;5,89138375;44,30834191;0,0;0,0;0,0;57,35543061;5,89138375;72,10348256;0,0;0,0;0,0;49,6878056;5,89138375;44,30834191;0,0
223;G;beam_y;60x80;-0,0;0,0;87,63967015;82,74076912;-3,32835586;0,0;0,0;0,0;89,37152985;-90,44754477;3,32835586;0,0;0,0;0,0;87,63967015;-3,32835586;-82,74076912;0,0;0,0;-0,0;89,37152985;3,32835586;90,44754477;0,0;0,0;0,0;87,63967015;3,32835586;82,74076912;0,0;0,0;0,0;89,37152985;3,32835586;90,44754477;0,0
224;G;beam_y;60x80;-0,0;0,0;60,20500074;73,52201132;0,90617778;0,0;0,0;0,0;50,78655326;-39,38013919;-0,90617778;0,0;0,0;0,0;60,20500074;0,90617778;-73,52201132;0,0;0,0;-0,0;50,78655326;-0,90617778;39,38013919;0,0;0,0;0,0;60,20500074;0,90617778;73,52201132;0,0;0,0;0,0;50,78655326;0,90617778;39,38013919;0,0
225;G;beam_y;60x80;0,0;0,0;86,53903479;77,51073696;5,54106321;-0,0;-0,0;0,0;90,47216521;-95,01316729;-5,54106321;-0,0;0,0;-0,0;86,53903479;5,54106321;-77,51073696;-0,0;0,0;0,0;90,47216521;-5,54106321;95,01316729;-0,0;0,0;0,0;86,53903479;5,54106321;77,51073696;0,0;0,0;0,0;90,47216521;5,54106321;95,01316729;0,0
226;G;beam_y;60x80;0,0;0,0;70,47037;80,18920685;-4,19559937;-0,0;-0,0;0,0;60,90513;-45,51521187;4,19559937;-0,0;0,0;-0,0;70,47037;-4,19559937;-80,18920685;-0,0;0,0;0,0;60,90513;4,19559937;45,51521187;-0,0;0,0;0,0;70,47037;4,19559937;80,18920685;0,0;0,0;0,0;60,90513;4,19559937;45,51521187;0,0
227;G;beam_y;60x80;0,0;0,0;89,03447374;79,09860682;0,47738317;-0,0;-0,0;0,0;87,97672626;-74,39163052;-0,47738317;-0,0;0,0;-0,0;89,03447374;0,47738317;-79,09860682;-0,0;0,0;0,0;87,97672626;-0,47738317;74,39163052;-0,0;0,0;0,0;89,03447374;0,47738317;79,09860682;0,0;0,0;0,0;87,97672626;0,47738317;74,39163052;0,0
228;G;beam_y;40x60;-0,0;0,0;38,25116384;50,05049988;1,77955911;0,0;0,0;0,0;34,12200456;-35,08229752;-1,77955911;0,0;0,0;0,0;38,25116384;1,77955911;-50,05049988;0,0;0,0;-0,0;34,12200456;-1,77955911;35,08229752;0,0;0,0;0,0;38,25116384;1,77955911;50,05049988;0,0;0,0;0,0;34,12200456;1,77955911;35,08229752;0,0
229;G;beam_y;40x60;0,0;0,0;47,77603682;69,68250038;-0,87819602;-0,0;-0,0;0,0;44,50141158;-55,11041811;0,87819602;-0,0;0,0;-0,0;47,77603682;-0,87819602;-69,68250038;-0,0;0,0;0,0;44,50141158;0,87819602;55,11041811;-0,0;0,0;0,0;47,77603682;0,87819602;69,68250038;0,0;0,0;0,0;44,50141158;0,87819602;55,11041811;0,0
230;G;beam_y;40x60;0,0;0,0;39,05026669;53,12818535;1,59673442;-0,0;-0,0;0,0;33,32290171;-32,36648726;-1,59673442;-0,0;0,0;-0,0;39,05026669;1,59673442;-53,12818535;-0,0;0,0;0,0;33,32290171;-1,59673442;32,36648726;-0,0;0,0;0,0;39,05026669;1,59673442;53,12818535;0,0;0,0;0,0;33,32290171;1,59673442;32,36648726;0,0
231;G;beam_y;40x60;0,0;0,0;48,28371446;72,07057476;-0,74865475;-0,0;-0,0;0,0;43,99373394;-52,98016143;0,74865475;-0,0;0,0;-0,0;48,28371446;-0,74865475;-72,07057476;-0,0;0,0;0,0;43,99373394;0,74865475;52,98016143;-0,0;0,0;0,0;48,28371446;0,74865475;72,07057476;0,0;0,0;0,0;43,99373394;0,74865475;52,98016143;0,0
232;G;beam_y;60x80;0,0;0,0;43,1263127;51,29055992;-18,22901847;-0,0;-0,0;0,0;39,84741072;-39,40454022;18,22901847;-0,0;0,0;-0,0;43,1263127;-18,22901847;-51,29055992;-0,0;0,0;0,0;39,84741072;18,22901847;39,40454022;-0,0;0,0;0,0;43,1263127;18,22901847;51,29055992;0,0;0,0;0,0;39,84741072;18,22901847;39,40454022;0,0
233;G;beam_y;60x80;0,0;0,0;52,06988791;-129,23498915;20,16283268;0,0;-0,0;-0,0;-28,59599015;-36,93671965;-20,16283268;0,0;0,0;0,0;52,06988791;-20,16283268;-129,23498915;0,0;0,0;-0,0;-28,59599015;20,16283268;-36,93671965;0,0;0,0;0,0;52,06988791;20,16283268;129,23498915;0,0;0,0;0,0;28,59599015;20,16283268;36,93671965;0,0
234;G;beam_x;60x80;0,0;-0,0;49,62495943;8,33539562;59,45611809;0,0;0,0;0,0;12,25041185;-8,33539562;80,51156263;0,0;0,0;0,0;49,62495943;-8,33539562;-59,45611809;0,0;0,0;-0,0;12,25041185;8,33539562;-80,51156263;0,0;0,0;0,0;49,62495943;8,33539562;59,45611809;0,0;0,0;0,0;12,25041185;8,33539562;80,51156263;0,0
235;G;beam_y;60x80;-0,0;0,0;-9,63873626;-3,87361908;-107,2350104;0,0;0,0;0,0;33,11263402;-84,1942037;107,2350104;0,0;0,0;0,0;-9,63873626;-107,2350104;3,87361908;0,0;0,0;-0,0;33,11263402;107,2350104;84,1942037;0,0;0,0;0,0;9,63873626;107,2350104;3,87361908;0,0;0,0;0,0;33,11263402;107,2350104;84,1942037;0,0
236;G;beam_y;60x80;-0,0;0,0;51,55661613;87,98236032;-27,19105933;0,0;0,0;0,0;31,41710729;-14,97664076;27,19105933;0,0;0,0;0,0;51,55661613;-27,19105933;-87,98236032;0,0;0,0;-0,0;31,41710729;27,19105933;14,97664076;0,0;0,0;0,0;51,55661613;27,19105933;87,98236032;0,0;0,0;0,0;31,41710729;27,19105933;14,97664076;0,0
237;G;beam_y;60x80;0,0;0,0;35,40974981;-84,63120513;23,23722067;0,0;-0,0;-0,0;-11,93585205;-12,90073469;-23,23722067;0,0;0,0;0,0;35,40974981;-23,23722067;-84,63120513;0,0;0,0;-0,0;-11,93585205;23,23722067;-12,90073469;0,0;0,0;0,0;35,40974981;23,23722067;84,63120513;0,0;0,0;0,0;11,93585205;23,23722067;12,90073469;0,0
238;G;beam_x;60x80;0,0;-0,0;44,16188598;-2,08695451;48,6599187;0,0;0,0;0,0;17,7134853;2,08695451;50,38934187;0,0;0,0;0,0;44,16188598;2,08695451;-48,6599187;0,0;0,0;-0,0;17,7134853;-2,08695451;-50,38934187;0,0;0,0;0,0;44,16188598;2,08695451;48,6599187;0,0;0,0;0,0;17,7134853;2,08695451;50,38934187;0,0
239;G;beam_y;60x80;-0,0;0,0;-18,94722907;-19,19113816;-91,81870784;0,0;0,0;0,0;42,42112683;-107,22767501;91,81870784;0,0;0,0;0,0;-18,94722907;-91,81870784;19,19113816;0,0;0,0;-0,0;42,42112683;91,81870784;107,22767501;0,0;0,0;0,0;18,94722907;91,81870784;19,19113816;0,0;0,0;0,0;42,42112683;91,81870784;107,22767501;0,0
240;G;beam_x;30x45;0,0;-0,0;23,27308223;0,99940661;34,963659;0,0;0,0;0,0;2,37750013;-0,99940661;17,27529625;0,0;0,0;0,0;23,27308223;-0,99940661;-34,963659;0,0;0,0;-0,0;2,37750013;0,99940661;-17,27529625;0,0;0,0;0,0;23,27308223;0,99940661;34,963659;0,0;0,0;0,0;2,37750013;0,99940661;17,27529625;0,0
241;G;beam_x;30x45;0,0;-0,0;2,27086086;-0,80653194;-17,66542302;0,0;0,0;0,0;23,3797215;0,80653194;-35,10672857;0,0;0,0;0,0;2,27086086;0,80653194;17,66542302;0,0;0,0;-0,0;23,3797215;-0,80653194;35,10672857;0,0;0,0;0,0;2,27086086;0,80653194;17,66542302;0,0;0,0;0,0;23,3797215;0,80653194;35,10672857;0,0
242;G;beam_y;60x80;-0,0;0,0;53,48831747;-120,28828247;34,963659;-0,0;0,0;0,0;-45,11955983;-0,99940661;-34,963659;-0,0;0,0;-0,0;53,48831747;-34,963659;-120,28828247;-0,0;0,0;0,0;-45,11955983;34,963659;-0,99940661;-0,0;0,0;0,0;53,48831747;34,963659;120,28828247;0,0;0,0;0,0;45,11955983;34,963659;0,99940661;0,0
243;G;beam_y;60x80;-0,0;0,0;51,17845387;-107,11779128;-0,39012677;-0,0;0,0;0,0;-34,44093859;1,80593855;0,39012677;-0,0;0,0;-0,0;51,17845387;0,39012677;-107,11779128;-0,0;0,0;0,0;-34,44093859;-0,39012677;1,80593855;-0,0;0,0;0,0;51,17845387;0,39012677;107,11779128;0,0;0,0;0,0;34,44093859;0,39012677;1,80593855;0,0
244;G;beam_y;60x80;-0,0;0,0;53,59495674;-120,74348974;-35,10672857;-0,0;0,0;0,0;-45,2261991;-0,80653194;35,10672857;-0,0;0,0;-0,0;53,59495674;35,10672857;-120,74348974;-0,0;0,0;0,0;-45,2261991;-35,10672857;-0,80653194;-0,0;0,0;0,0;53,59495674;35,10672857;120,74348974;0,0;0,0;0,0;45,2261991;35,10672857;0,80653194;0,0
245;G;beam_y;60x80;-0,0;0,0;52,07097942;84,96083305;22,41773336;0,0;0,0;0,0;30,65409858;-7,32464002;-22,41773336;0,0;0,0;0,0;52,07097942;22,41773336;-84,96083305;0,0;0,0;-0,0;30,65409858;-22,41773336;7,32464002;0,0;0,0;0,0;52,07097942;22,41773336;84,96083305;0,0;0,0;0,0;30,65409858;22,41773336;7,32464002;0,0
246;G;beam_y;60x80;-0,0;0,0;44,19203149;-81,63820748;41,09864959;-0,0;0,0;0,0;-35,91675789;-16,89560346;-41,09864959;-0,0;0,0;-0,0;44,19203149;-41,09864959;-81,63820748;-0,0;0,0;0,0;-35,91675789;41,09864959;-16,89560346;-0,0;0,0;0,0;44,19203149;41,09864959;81,63820748;0,0;0,0;0,0;35,91675789;41,09864959;16,89560346;0,0
247;G;beam_x;60x80;0,0;0,0;9,58514829;16,89560346;41,09864959;-0,0;0,0;-0,0;-2,89191229;-16,89560346;-27,37388295;-0,0;0,0;-0,0;9,58514829;-16,89560346;-41,09864959;-0,0;0,0;0,0;-2,89191229;16,89560346;27,37388295;-0,0;0,0;0,0;9,58514829;16,89560346;41,09864959;0,0;0,0;0,0;2,89191229;16,89560346;27,37388295;0,0
248;G;beam_y;60x80;0,0;0,0;-23,43969731;16,89560346;27,37388295;-0,0;-0,0;0,0;31,71497091;-84,73584537;-27,37388295;-0,0;0,0;-0,0;-23,43969731;27,37388295;-16,89560346;-0,0;0,0;0,0;31,71497091;-27,37388295;84,73584537;-0,0;0,0;0,0;23,43969731;27,37388295;16,89560346;0,0;0,0;0,0;31,71497091;27,37388295;84,73584537;0,0
249;G;beam_y;60x80;-0,0;0,0;44,55629216;-114,40089472;21,05915664;-0,0;0,0;0,0;-21,0823944;-20,81479959;-21,05915664;-0,0;0,0;-0,0;44,55629216;-21,05915664;-114,40089472;-0,0;0,0;0,0;-21,0823944;21,05915664;-20,81479959;-0,0;0,0;0,0;44,55629216;21,05915664;114,40089472;0,0;0,0;0,0;21,0823944;21,05915664;20,81479959;0,0
250;G;beam_x;60x80;0,0;0,0;42,23160871;-1,13113836;37,42728408;-0,0;0,0;-0,0;48,24545353;1,13113836;-67,49650815;-0,0;0,0;-0,0;42,23160871;1,13113836;-37,42728408;-0,0;0,0;0,0;48,24545353;-1,13113836;67,49650815;-0,0;0,0;0,0;42,23160871;1,13113836;37,42728408;0,0;0,0;0,0;48,24545353;1,13113836;67,49650815;0,0
251;G;beam_y;60x80;0,0;0,0;-23,28051055;-23,38559601;28,62118138;-0,0;-0,0;0,0;46,75440831;-120,88633685;-28,62118138;-0,0;0,0;-0,0;-23,28051055;28,62118138;23,38559601;-0,0;0,0;0,0;46,75440831;-28,62118138;120,88633685;-0,0;0,0;0,0;23,28051055;28,62118138;23,38559601;0,0;0,0;0,0;46,75440831;28,62118138;120,88633685;0,0
252;G;beam_y;60x80;0,0;0,0;40,74169802;-105,10939894;21,70205453;0,0;-0,0;-0,0;-17,26780026;-14,39016752;-21,70205453;0,0;0,0;0,0;40,74169802;-21,70205453;-105,10939894;0,0;0,0;-0,0;-17,26780026;21,70205453;-14,39016752;0,0;0,0;0,0;40,74169802;21,70205453;105,10939894;0,0;0,0;0,0;17,26780026;21,70205453;14,39016752;0,0
253;G;beam_x;60x80;0,0;0,0;42,95785508;-1,05802389;34,85874987;-0,0;0,0;-0,0;47,51920716;1,05802389;-57,6655103;-0,0;0,0;-0,0;42,95785508;1,05802389;-34,85874987;-0,0;0,0;0,0;47,51920716;-1,05802389;57,6655103;-0,0;0,0;0,0;42,95785508;1,05802389;34,85874987;0,0;0,0;0,0;47,51920716;1,05802389;57,6655103;0,0
254;G;beam_y;60x80;-0,0;0,0;-19,17770531;-16,84334057;28,88072153;0,0;0,0;0,0;42,65160307;-110,52503469;-28,88072153;0,0;0,0;0,0;-19,17770531;28,88072153;16,84334057;0,0;0,0;-0,0;42,65160307;-28,88072153;110,52503469;0,0;0,0;0,0;19,17770531;28,88072153;16,84334057;0,0;0,0;0,0;42,65160307;28,88072153;110,52503469;0,0
255;G;column;70x70;-28,18363583;30,09678646;2605,79632832;-37,04338118;-30,59075135;0,02957937;28,18363583;-30,09678646;-2605,79632832;-70,10117863;-69,74299218;-0,02957937;2605,79632832;-30,09678646;-28,18363583;0,02957937;30,59075135;-37,04338118;-2605,79632832;30,09678646;28,18363583;-0,02957937;69,74299218;-70,10117863;2605,79632832;30,09678646;28,18363583;0,02957937;30,59075135;37,04338118;2605,79632832;30,09678646;28,18363583;0,02957937;69,74299218;70,10117863
256;G;column;70x70;-46,1957088;59,50271692;2096,35063949;-110,04199856;-84,14652051;0,05866079;46,1957088;-59,50271692;-2096,35063949;-101,78767368;-80,31020282;-0,05866079;2096,35063949;-59,50271692;-46,1957088;0,05866079;84,14652051;-110,04199856;-2096,35063949;59,50271692;46,1957088;-0,05866079;80,31020282;-101,78767368;2096,35063949;59,50271692;46,1957088;0,05866079;84,14652051;110,04199856;2096,35063949;59,50271692;46,1957088;0,05866079;80,31020282;101,78767368
257;G;column;70x70;-41,45933748;76,87229574;1571,99035005;-135,13951509;-70,95862865;-0,36259994;41,45933748;-76,87229574;-1571,99035005;-138,52585774;-76,63661279;0,36259994;1571,99035005;-76,87229574;-41,45933748;-0,36259994;70,95862865;-135,13951509;-1571,99035005;76,87229574;41,45933748;0,36259994;76,63661279;-138,52585774;1571,99035005;76,87229574;41,45933748;0,36259994;70,95862865;135,13951509;1571,99035005;76,87229574;41,45933748;0,36259994;76,63661279;138,52585774
258;G;column;70x70;-34,21231434;66,08878292;1040,68842131;-120,41336094;-60,5931109;-0,39036537;34,21231434;-66,08878292;-1040,68842131;-114,86270627;-61,20272815;0,39036537;1040,68842131;-66,08878292;-34,21231434;-0,39036537;60,5931109;-120,41336094;-1040,68842131;66,08878292;34,21231434;0,39036537;61,20272815;-114,86270627;1040,68842131;66,08878292;34,21231434;0,39036537;60,5931109;120,41336094;1040,68842131;66,08878292;34,21231434;0,39036537;61,20272815;114,86270627
259;G;column;70x70;-45,1198733;110,09876942;499,5699165;-175,26407484;-65,24011306;-0,6691171;45,1198733;-110,09876942;-499,5699165;-216,68754431;-95,38663588;0,6691171;499,5699165;-110,09876942;-45,1198733;-0,6691171;65,24011306;-175,26407484;-499,5699165;110,09876942;45,1198733;0,6691171;95,38663588;-216,68754431;499,5699165;110,09876942;45,1198733;0,6691171;65,24011306;175,26407484;499,5699165;110,09876942;45,1198733;0,6691171;95,38663588;216,68754431
260;G;column;70x70;-39,1007286;9,20854634;4359,61441271;-12,2560029;-43,66154546;0,02957937;39,1007286;-9,20854634;-4359,61441271;-20,52642207;-95,53704836;-0,02957937;4359,61441271;-9,20854634;-39,1007286;0,02957937;43,66154546;-12,2560029;-4359,61441271;9,20854634;39,1007286;-0,02957937;95,53704836;-20,52642207;4359,61441271;9,20854634;39,1007286;0,02957937;43,66154546;12,2560029;4359,61441271;9,20854634;39,1007286;0,02957937;95,53704836;20,52642207
261;G;column;70x70;-66,46809324;19,47535011;3461,78306569;-37,75547834;-121,1560833;0,05866079;66,46809324;-19,47535011;-3461,78306569;-31,57676807;-115,47032865;-0,05866079;3461,78306569;-19,47535011;-66,46809324;0,05866079;121,1560833;-37,75547834;-3461,78306569;19,47535011;66,46809324;-0,05866079;115,47032865;-31,57676807;3461,78306569;19,47535011;66,46809324;0,05866079;121,1560833;37,75547834;3461,78306569;19,47535011;66,46809324;0,05866079;115,47032865;31,57676807
262;G;column;70x70;-58,29521144;35,53226518;2587,43637209;-63,37091516;-100,39094556;-0,36259994;58,29521144;-35,53226518;-2587,43637209;-63,12394889;-107,14000716;0,36259994;2587,43637209;-35,53226518;-58,29521144;-0,36259994;100,39094556;-63,37091516;-2587,43637209;35,53226518;58,29521144;0,36259994;107,14000716;-63,12394889;2587,43637209;35,53226518;58,29521144;0,36259994;100,39094556;63,37091516;2587,43637209;35,53226518;58,29521144;0,36259994;107,14000716;63,12394889
263;G;column;70x70;-48,74721446;23,42943185;1724,61601157;-43,4458584;-88,25727637;-0,39036537;48,74721446;-23,42943185;-1724,61601157;-39,96291897;-85,28280712;0,39036537;1724,61601157;-23,42943185;-48,74721446;-0,39036537;88,25727637;-43,4458584;-1724,61601157;23,42943185;48,74721446;0,39036537;85,28280712;-39,96291897;1724,61601157;23,42943185;48,74721446;0,39036537;88,25727637;43,4458584;1724,61601157;23,42943185;48,74721446;0,39036537;85,28280712;39,96291897
264;G;column;70x70;-73,89203673;50,06526255;875,9919596;-79,746956;-105,12338052;-0,6691171;73,89203673;-50,06526255;-875,9919596;-98,48537869;-157,93227023;0,6691171;875,9919596;-50,06526255;-73,89203673;-0,6691171;105,12338052;-79,746956;-875,9919596;50,06526255;73,89203673;0,6691171;157,93227023;-98,48537869;875,9919596;50,06526255;73,89203673;0,6691171;105,12338052;79,746956;875,9919596;50,06526255;73,89203673;0,6691171;157,93227023;98,48537869
265;G;column;70x70;-7,40871456;-38,00930644;2619,13811085;43,77584906;-6,19589731;0,02957937;7,40871456;38,00930644;-2619,13811085;91,53728186;-20,17912651;-0,02957937;2619,13811085;38,00930644;-7,40871456;0,02957937;6,19589731;43,77584906;-2619,13811085;-38,00930644;7,40871456;-0,02957937;20,17912651;91,53728186;2619,13811085;38,00930644;7,40871456;0,02957937;6,19589731;43,77584906;2619,13811085;38,00930644;7,40871456;0,02957937;20,17912651;91,53728186
266;G;column;70x70;-7,32350899;-72,84302356;2094,53182206;127,82751038;-13,36092597;0,05866079;7,32350899;72,84302356;-2094,53182206;131,49365349;-12,71076604;-0,05866079;2094,53182206;72,84302356;-7,32350899;0,05866079;13,36092597;127,82751038;-2094,53182206;-72,84302356;7,32350899;-0,05866079;12,71076604;131,49365349;2094,53182206;72,84302356;7,32350899;0,05866079;13,36092597;127,82751038;2094,53182206;72,84302356;7,32350899;0,05866079;12,71076604;131,49365349
267;G;column;70x70;0,24537658;-61,63497256;1569,65899013;105,45349176;3,67716679;-0,36259994;-0,24537658;61,63497256;-1569,65899013;113,96701055;-2,80362617;0,36259994;1569,65899013;61,63497256;0,24537658;-0,36259994;-3,67716679;105,45349176;-1569,65899013;-61,63497256;-0,24537658;0,36259994;2,80362617;113,96701055;1569,65899013;61,63497256;0,24537658;0,36259994;3,67716679;105,45349176;1569,65899013;61,63497256;0,24537658;0,36259994;2,80362617;113,96701055
268;G;column;70x70;8,72797488;-69,84270785;1042,68179693;129,02291803;14,94831921;-0,39036537;-8,72797488;69,84270785;-1042,68179693;119,61712192;16,12327138;0,39036537;1042,68179693;69,84270785;8,72797488;-0,39036537;-14,94831921;129,02291803;-1042,68179693;-69,84270785;-8,72797488;0,39036537;-16,12327138;119,61712192;1042,68179693;69,84270785;8,72797488;0,39036537;14,94831921;129,02291803;1042,68179693;69,84270785;8,72797488;0,39036537;16,12327138;119,61712192
269;G;column;70x70;3,84645339;-101,49467547;514,30900227;149,00127224;21,6686341;-0,6691171;-3,84645339;101,49467547;-514,30900227;212,31977243;-7,97526004;0,6691171;514,30900227;101,49467547;3,84645339;-0,6691171;-21,6686341;149,00127224;-514,30900227;-101,49467547;-3,84645339;0,6691171;7,97526004;212,31977243;514,30900227;101,49467547;3,84645339;0,6691171;21,6686341;149,00127224;514,30900227;101,49467547;3,84645339;0,6691171;7,97526004;212,31977243
270;G;column;70x70;-3,41609138;21,83801944;2157,67547221;-27,40276249;-1,19993194;0,02957937;3,41609138;-21,83801944;-2157,67547221;-50,34058672;-10,96135336;-0,02957937;2157,67547221;-21,83801944;-3,41609138;0,02957937;1,19993194;-27,40276249;-2157,67547221;21,83801944;3,41609138;-0,02957937;10,96135336;-50,34058672;2157,67547221;21,83801944;3,41609138;0,02957937;1,19993194;27,40276249;2157,67547221;21,83801944;3,41609138;0,02957937;10,96135336;50,34058672
271;G;column;70x70;-5,5699692;45,32988853;1740,04209836;-83,42048211;-6,54649011;0,05866079;5,5699692;-45,32988853;-1740,04209836;-77,95392107;-13,28260025;-0,05866079;1740,04209836;-45,32988853;-5,5699692;0,05866079;6,54649011;-83,42048211;-1740,04209836;45,32988853;5,5699692;-0,05866079;13,28260025;-77,95392107;1740,04209836;45,32988853;5,5699692;0,05866079;6,54649011;83,42048211;1740,04209836;45,32988853;5,5699692;0,05866079;13,28260025;77,95392107
272;G;column;70x70;-8,15029152;61,133362;1310,75620035;-107,17170854;-12,61350252;-0,36259994;8,15029152;-61,133362;-1310,75620035;-110,46306017;-16,40153528;0,36259994;1310,75620035;-61,133362;-8,15029152;-0,36259994;12,61350252;-107,17170854;-1310,75620035;61,133362;8,15029152;0,36259994;16,40153528;-110,46306017;1310,75620035;61,133362;8,15029152;0,36259994;12,61350252;107,17170854;1310,75620035;61,133362;8,15029152;0,36259994;16,40153528;110,46306017
273;G;column;70x70;-10,27215177;52,73796031;877,19335845;-95,0344691;-11,47577502;-0,39036537;10,27215177;-52,73796031;-877,19335845;-92,71266962;-25,09308527;0,39036537;877,19335845;-52,73796031;-10,27215177;-0,39036537;11,47577502;-95,0344691;-877,19335845;52,73796031;10,27215177;0,39036537;25,09308527;-92,71266962;877,19335845;52,73796031;10,27215177;0,39036537;11,47577502;95,0344691;877,19335845;52,73796031;10,27215177;0,39036537;25,09308527;92,71266962
274;G;column;70x70;18,98408107;83,51385666;437,13685445;-135,90379516;18,53056275;-0,6691171;-18,98408107;-83,51385666;-437,13685445;-161,40553454;49,05276587;0,6691171;437,13685445;-83,51385666;18,98408107;-0,6691171;-18,53056275;-135,90379516;-437,13685445;83,51385666;-18,98408107;0,6691171;-49,05276587;-161,40553454;437,13685445;83,51385666;18,98408107;0,6691171;18,53056275;135,90379516;437,13685445;83,51385666;18,98408107;0,6691171;49,05276587;161,40553454
275;G;column;70x70;-14,71677721;11,73952387;3585,01888527;-15,41921441;-14,72592314;0,02957937;14,71677721;-11,73952387;-3585,01888527;-26,37349056;-37,66580372;-0,02957937;3585,01888527;-11,73952387;-14,71677721;0,02957937;14,72592314;-15,41921441;-3585,01888527;11,73952387;14,71677721;-0,02957937;37,66580372;-26,37349056;3585,01888527;11,73952387;14,71677721;0,02957937;14,72592314;15,41921441;3585,01888527;11,73952387;14,71677721;0,02957937;37,66580372;26,37349056
276;G;column;70x70;-26,5483654;24,90830632;2849,30852957;-47,20332314;-44,8490506;0,05866079;26,5483654;-24,90830632;-2849,30852957;-41,47024737;-49,66313022;-0,05866079;2849,30852957;-24,90830632;-26,5483654;0,05866079;44,8490506;-47,20332314;-2849,30852957;24,90830632;26,5483654;-0,05866079;49,66313022;-41,47024737;2849,30852957;24,90830632;26,5483654;0,05866079;44,8490506;47,20332314;2849,30852957;24,90830632;26,5483654;0,05866079;49,66313022;41,47024737
277;G;column;70x70;-25,25084233;38,16143102;2128,66843622;-67,66162097;-42,74250616;-0,36259994;25,25084233;-38,16143102;-2128,66843622;-68,19307347;-47,15049252;0,36259994;2128,66843622;-38,16143102;-25,25084233;-0,36259994;42,74250616;-67,66162097;-2128,66843622;38,16143102;25,25084233;0,36259994;47,15049252;-68,19307347;2128,66843622;38,16143102;25,25084233;0,36259994;42,74250616;67,66162097;2128,66843622;38,16143102;25,25084233;0,36259994;47,15049252;68,19307347
278;G;column;70x70;-25,34021132;27,72380344;1414,1725862;-50,34104099;-39,70410267;-0,39036537;25,34021132;-27,72380344;-1414,1725862;-48,35569924;-50,50704961;0,39036537;1414,1725862;-27,72380344;-25,34021132;-0,39036537;39,70410267;-50,34104099;-1414,1725862;27,72380344;25,34021132;0,39036537;50,50704961;-48,35569924;1414,1725862;27,72380344;25,34021132;0,39036537;39,70410267;50,34104099;1414,1725862;27,72380344;25,34021132;0,39036537;50,50704961;48,35569924
279;G;column;70x70;-12,24889446;49,47704775;707,76667322;-80,83994437;-24,97407127;-0,6691171;12,24889446;-49,47704775;-707,76667322;-95,29834563;-18,63199303;0,6691171;707,76667322;-49,47704775;-12,24889446;-0,6691171;24,97407127;-80,83994437;-707,76667322;49,47704775;12,24889446;0,6691171;18,63199303;-95,29834563;707,76667322;49,47704775;12,24889446;0,6691171;24,97407127;80,83994437;707,76667322;49,47704775;12,24889446;0,6691171;18,63199303;95,29834563
280;G;column;70x70;-2,60135464;-34,51257296;2457,2140612;39,46660716;-0,49116354;0,02957937;2,60135464;34,51257296;-2457,2140612;83,39815259;-8,76965897;-0,02957937;2457,2140612;34,51257296;-2,60135464;0,02957937;0,49116354;39,46660716;-2457,2140612;-34,51257296;2,60135464;-0,02957937;8,76965897;83,39815259;2457,2140612;34,51257296;2,60135464;0,02957937;0,49116354;39,46660716;2457,2140612;34,51257296;2,60135464;0,02957937;8,76965897;83,39815259
281;G;column;70x70;-5,02903212;-65,15584893;1968,7519444;114,55862933;-4,93341298;0,05866079;5,02903212;65,15584893;-1968,7519444;117,39619285;-12,96994137;-0,05866079;1968,7519444;65,15584893;-5,02903212;0,05866079;4,93341298;114,55862933;-1968,7519444;-65,15584893;5,02903212;-0,05866079;12,96994137;117,39619285;1968,7519444;65,15584893;5,02903212;0,05866079;4,93341298;114,55862933;1968,7519444;65,15584893;5,02903212;0,05866079;12,96994137;117,39619285
282;G;column;70x70;-3,58131829;-55,18303408;1480,68336238;95,0974536;-3,845799;-0,36259994;3,58131829;55,18303408;-1480,68336238;101,35414771;-8,9036941;0,36259994;1480,68336238;55,18303408;-3,58131829;-0,36259994;3,845799;95,0974536;-1480,68336238;-55,18303408;3,58131829;0,36259994;8,9036941;101,35414771;1480,68336238;55,18303408;3,58131829;0,36259994;3,845799;95,0974536;1480,68336238;55,18303408;3,58131829;0,36259994;8,9036941;101,35414771
283;G;column;70x70;-8,44630294;-64,45245176;993,17863919;117,81990443;-6,99088051;-0,39036537;8,44630294;64,45245176;-993,17863919;111,63082382;-23,07795797;0,39036537;993,17863919;64,45245176;-8,44630294;-0,39036537;6,99088051;117,81990443;-993,17863919;-64,45245176;8,44630294;0,39036537;23,07795797;111,63082382;993,17863919;64,45245176;8,44630294;0,39036537;6,99088051;117,81990443;993,17863919;64,45245176;8,44630294;0,39036537;23,07795797;111,63082382
284;G;column;70x70;30,40995221;-83,11405304;501,93774469;127,1055288;34,36956637;-0,6691171;-30,40995221;83,11405304;-501,93774469;168,78050001;73,88986348;0,6691171;501,93774469;83,11405304;30,40995221;-0,6691171;-34,36956637;127,1055288;-501,93774469;-83,11405304;-30,40995221;0,6691171;-73,88986348;168,78050001;501,93774469;83,11405304;30,40995221;0,6691171;34,36956637;127,1055288;501,93774469;83,11405304;30,40995221;0,6691171;73,88986348;168,78050001
285;G;column;70x70;-43,54528922;8,2618253;2782,63431969;-11,41218408;-48,93575739;0,02957937;43,54528922;-8,2618253;-2782,63431969;-17,99991399;-106,08547223;-0,02957937;2782,63431969;-8,2618253;-43,54528922;0,02957937;48,93575739;-11,41218408;-2782,63431969;8,2618253;43,54528922;-0,02957937;106,08547223;-17,99991399;2782,63431969;8,2618253;43,54528922;0,02957937;48,93575739;11,41218408;2782,63431969;8,2618253;43,54528922;0,02957937;106,08547223;17,99991399
286;G;column;70x70;-79,5357994;18,95677799;2201,9931666;-36,01195646;-141,93730653;0,05866079;79,5357994;-18,95677799;-2201,9931666;-31,47417318;-141,21013932;-0,05866079;2201,9931666;-18,95677799;-79,5357994;0,05866079;141,93730653;-36,01195646;-2201,9931666;18,95677799;79,5357994;-0,05866079;141,21013932;-31,47417318;2201,9931666;18,95677799;79,5357994;0,05866079;141,93730653;36,01195646;2201,9931666;18,95677799;79,5357994;0,05866079;141,21013932;31,47417318
287;G;column;70x70;-77,78824288;30,46781817;1639,42055791;-53,89156647;-133,75547558;-0,36259994;77,78824288;-30,46781817;-1639,42055791;-54,57386623;-143,17066908;0,36259994;1639,42055791;-30,46781817;-77,78824288;-0,36259994;133,75547558;-53,89156647;-1639,42055791;30,46781817;77,78824288;0,36259994;143,17066908;-54,57386623;1639,42055791;30,46781817;77,78824288;0,36259994;133,75547558;53,89156647;1639,42055791;30,46781817;77,78824288;0,36259994;143,17066908;54,57386623
288;G;column;70x70;-72,29835438;21,66730237;1089,49881653;-38,55205012;-129,10356034;-0,39036537;72,29835438;-21,66730237;-1089,49881653;-38,5835463;-128,27858126;0,39036537;1089,49881653;-21,66730237;-72,29835438;-0,39036537;129,10356034;-38,55205012;-1089,49881653;21,66730237;72,29835438;0,39036537;128,27858126;-38,5835463;1089,49881653;21,66730237;72,29835438;0,39036537;129,10356034;38,55205012;1089,49881653;21,66730237;72,29835438;0,39036537;128,27858126;38,5835463
289;G;column;70x70;-101,8069047;35,97976269;549,92001886;-61,10871907;-153,29744529;-0,6691171;101,8069047;-35,97976269;-549,92001886;-66,97923612;-209,13513546;0,6691171;549,92001886;-35,97976269;-101,8069047;-0,6691171;153,29744529;-61,10871907;-549,92001886;35,97976269;101,8069047;0,6691171;209,13513546;-66,97923612;549,92001886;35,97976269;101,8069047;0,6691171;153,29744529;61,10871907;549,92001886;35,97976269;101,8069047;0,6691171;209,13513546;66,97923612
290;G;column;70x70;55,89478744;-13,83404152;1152,80448115;15,24765287;68,92425839;0,02957937;-55,89478744;13,83404152;-1152,80448115;34,00153495;130,06118489;-0,02957937;1152,80448115;13,83404152;55,89478744;0,02957937;-68,92425839;15,24765287;-1152,80448115;-13,83404152;-55,89478744;-0,02957937;-130,06118489;34,00153495;1152,80448115;13,83404152;55,89478744;0,02957937;68,92425839;15,24765287;1152,80448115;13,83404152;55,89478744;0,02957937;130,06118489;34,00153495
291;G;column;70x70;102,74198463;-28,48913593;925,89152734;46,50355946;192,37028216;0,05866079;-102,74198463;28,48913593;-925,89152734;54,91776446;173,39118313;-0,05866079;925,89152734;28,48913593;102,74198463;0,05866079;-192,37028216;46,50355946;-925,89152734;-28,48913593;-102,74198463;-0,05866079;-173,39118313;54,91776446;925,89152734;28,48913593;102,74198463;0,05866079;192,37028216;46,50355946;925,89152734;28,48913593;102,74198463;0,05866079;173,39118313;54,91776446
292;G;column;70x70;102,3365484;-17,00490029;693,45532058;26,27425468;180,31625408;-0,36259994;-102,3365484;17,00490029;-693,45532058;34,26319033;184,00185821;0,36259994;693,45532058;17,00490029;102,3365484;-0,36259994;-180,31625408;26,27425468;-693,45532058;-17,00490029;-102,3365484;0,36259994;-184,00185821;34,26319033;693,45532058;17,00490029;102,3365484;0,36259994;180,31625408;26,27425468;693,45532058;17,00490029;102,3365484;0,36259994;184,00185821;34,26319033
293;G;column;70x70;92,05648623;-23,75503312;458,62383838;47,43942341;179,48877983;-0,39036537;-92,05648623;23,75503312;-458,62383838;37,1284945;148,23231116;0,39036537;458,62383838;23,75503312;92,05648623;-0,39036537;-179,48877983;47,43942341;-458,62383838;-23,75503312;-92,05648623;0,39036537;-148,23231116;37,1284945;458,62383838;23,75503312;92,05648623;0,39036537;179,48877983;47,43942341;458,62383838;23,75503312;92,05648623;0,39036537;148,23231116;37,1284945
294;G;column;70x70;169,94445532;-42,14118398;217,45515745;49,26475289;251,99746937;-0,6691171;-169,94445532;42,14118398;-217,45515745;100,75786208;353,00479157;0,6691171;217,45515745;42,14118398;169,94445532;-0,6691171;-251,99746937;49,26475289;-217,45515745;-42,14118398;-169,94445532;0,6691171;-353,00479157;100,75786208;217,45515745;42,14118398;169,94445532;0,6691171;251,99746937;49,26475289;217,45515745;42,14118398;169,94445532;0,6691171;353,00479157;100,75786208
295;G;wall;60x291.5;-35,57309495;50,05114331;842,85500177;-64,03401744;137,66560371;-11,71969656;35,57309495;-50,05114331;-842,85500177;-114,14805275;-264,30582173;11,71969656;842,85500177;-50,05114331;-35,57309495;-11,71969656;-137,66560371;-64,03401744;-842,85500177;50,05114331;35,57309495;11,71969656;264,30582173;-114,14805275;842,85500177;50,05114331;35,57309495;11,71969656;137,66560371;64,03401744;842,85500177;50,05114331;35,57309495;11,71969656;264,30582173;114,14805275
296;G;wall;60x291.5;60,14375176;105,0140203;698,40786259;-193,11072918;271,68604127;6,20958532;-60,14375176;-105,0140203;-698,40786259;-180,73918309;-57,57428502;-6,20958532;698,40786259;-105,0140203;60,14375176;6,20958532;-271,68604127;-193,11072918;-698,40786259;105,0140203;-60,14375176;-6,20958532;57,57428502;-180,73918309;698,40786259;105,0140203;60,14375176;6,20958532;271,68604127;193,11072918;698,40786259;105,0140203;60,14375176;6,20958532;57,57428502;180,73918309
297;G;wall;60x291.5;-49,57157722;139,81105638;470,79141198;-242,65969866;54,9950756;-14,31049595;49,57157722;-139,81105638;-470,79141198;-255,06766203;-231,4698905;14,31049595;470,79141198;-139,81105638;-49,57157722;-14,31049595;-54,9950756;-242,65969866;-470,79141198;139,81105638;49,57157722;14,31049595;231,4698905;-255,06766203;470,79141198;139,81105638;49,57157722;14,31049595;54,9950756;242,65969866;470,79141198;139,81105638;49,57157722;14,31049595;231,4698905;255,06766203
298;G;wall;60x291.5;-60,90426309;120,57512299;300,32277426;-218,19233221;217,99837397;-19,34019549;60,90426309;-120,57512299;-300,32277426;-211,05510564;-434,81755057;19,34019549;300,32277426;-120,57512299;-60,90426309;-19,34019549;-217,99837397;-218,19233221;-300,32277426;120,57512299;60,90426309;19,34019549;434,81755057;-211,05510564;300,32277426;120,57512299;60,90426309;19,34019549;217,99837397;218,19233221;300,32277426;120,57512299;60,90426309;19,34019549;434,81755057;211,05510564
299;G;wall;60x291.5;89,59979314;212,20867258;210,3545703;-348,48933388;430,70442971;17,93923934;-89,59979314;-212,20867258;-210,3545703;-406,97354049;-111,72916614;-17,93923934;210,3545703;-212,20867258;89,59979314;17,93923934;-430,70442971;-348,48933388;-210,3545703;212,20867258;-89,59979314;-17,93923934;111,72916614;-406,97354049;210,3545703;212,20867258;89,59979314;17,93923934;430,70442971;348,48933388;210,3545703;212,20867258;89,59979314;17,93923934;111,72916614;406,97354049
300;G;wall;30x356;128,8996996;5,0670291;269,33089929;44,6593987;58,98721965;107,31368889;-128,8996996;-5,0670291;-269,33089929;-62,69802231;-71,43336284;-98,44638796;298,57063126;-5,0670291;-3,1375181;116,00835423;-58,98721965;-7,2630203;-298,57063126;5,0670291;3,1375181;-116,00835423;71,43336284;-12,83725251;298,57063126;5,0670291;3,1375181;116,00835423;58,98721965;7,2630203;298,57063126;5,0670291;3,1375181;116,00835423;71,43336284;12,83725251
301;G;wall;30x356;480,70641604;10,21785114;784,63093497;173,20451151;433,95633827;388,10358183;-480,70641604;-10,21785114;-784,63093497;-209,58006159;-95,74563335;-370,22234232;916,21794001;-10,21785114;85,25871764;424,70622343;-433,95633827;-15,77392829;-916,21794001;10,21785114;-85,25871764;-424,70622343;95,74563335;-24,75901349;916,21794001;10,21785114;85,25871764;424,70622343;433,95633827;15,77392829;916,21794001;10,21785114;85,25871764;424,70622343;95,74563335;24,75901349
302;G;wall;30x356;628,45822921;16,06570767;1038,51095637;204,85452047;577,5145464;475,45220643;-628,45822921;-16,06570767;-1038,51095637;-262,04843978;-157,59742405;-447,33721801;1209,23913383;-16,06570767;105,85589056;517,05815976;-577,5145464;-25,90433514;-1209,23913383;16,06570767;-105,85589056;-517,05815976;157,59742405;-37,82632452;1209,23913383;16,06570767;105,85589056;517,05815976;577,5145464;25,90433514;1209,23913383;16,06570767;105,85589056;517,05815976;157,59742405;37,82632452
303;G;wall;30x356;926,63012826;14,76991142;1335,45261456;248,19422714;1032,46064154;555,91671467;-926,63012826;-14,76991142;-1335,45261456;-300,77511179;-70,69946043;-530,06936969;1607,26352062;-14,76991142;242,44804728;608,38901958;-1032,46064154;-22,50708537;-1607,26352062;14,76991142;-242,44804728;-608,38901958;70,69946043;-36,08331207;1607,26352062;14,76991142;242,44804728;608,38901958;1032,46064154;22,50708537;1607,26352062;14,76991142;242,44804728;608,38901958;70,69946043;36,08331207
304;G;wall;30x356;1206,81587397;17,70462842;1581,19459418;257,36175843;1593,9975902;587,08928749;-1206,81587397;-17,70462842;-1581,19459418;-320,39023559;-64,82361869;-556,10618777;1951,40503852;-17,70462842;385,48576364;640,40856342;-1593,9975902;-28,03173366;-1951,40503852;17,70462842;-385,48576364;-640,40856342;64,82361869;-42,2003203;1951,40503852;17,70462842;385,48576364;640,40856342;1593,9975902;28,03173366;1951,40503852;17,70462842;385,48576364;640,40856342;64,82361869;42,2003203
305;G;wall;60x292;-28,84722732;-55,87767585;1118,90285136;62,14316268;127,76422487;-0,66904055;28,84722732;55,87767585;-1118,90285136;136,78136335;-230,46035415;0,66904055;1118,90285136;55,87767585;-28,84722732;-0,66904055;-127,76422487;62,14316268;-1118,90285136;-55,87767585;28,84722732;0,66904055;230,46035415;136,78136335;1118,90285136;55,87767585;28,84722732;0,66904055;127,76422487;62,14316268;1118,90285136;55,87767585;28,84722732;0,66904055;230,46035415;136,78136335
306;G;wall;60x292;-12,64838966;-106,36283162;961,78940453;182,06999332;205,92137698;-9,56771999;12,64838966;106,36283162;-961,78940453;196,58168727;-250,94964417;9,56771999;961,78940453;106,36283162;-12,64838966;-9,56771999;-205,92137698;182,06999332;-961,78940453;-106,36283162;12,64838966;9,56771999;250,94964417;196,58168727;961,78940453;106,36283162;12,64838966;9,56771999;205,92137698;182,06999332;961,78940453;106,36283162;12,64838966;9,56771999;250,94964417;196,58168727
307;G;wall;60x292;16,83503663;-99,04676378;634,43354114;167,53986883;236,89831769;-19,94477779;-16,83503663;99,04676378;-634,43354114;185,06661023;-176,96558728;19,94477779;634,43354114;99,04676378;16,83503663;-19,94477779;-236,89831769;167,53986883;-634,43354114;-99,04676378;-16,83503663;19,94477779;176,96558728;185,06661023;634,43354114;99,04676378;16,83503663;19,94477779;236,89831769;167,53986883;634,43354114;99,04676378;16,83503663;19,94477779;176,96558728;185,06661023
308;G;wall;60x292;-125,20398769;-132,72769899;403,10917612;239,77630908;147,23818947;-2,45728922;125,20398769;132,72769899;-403,10917612;232,73429933;-592,96438564;2,45728922;403,10917612;132,72769899;-125,20398769;-2,45728922;-147,23818947;239,77630908;-403,10917612;-132,72769899;125,20398769;2,45728922;592,96438564;232,73429933;403,10917612;132,72769899;125,20398769;2,45728922;147,23818947;239,77630908;403,10917612;132,72769899;125,20398769;2,45728922;592,96438564;232,73429933
309;G;wall;60x292;120,27584683;-184,22504714;279,96770924;292,99065017;576,49746763;-48,77444598;-120,27584683;184,22504714;-279,96770924;362,85051764;-148,31545292;48,77444598;279,96770924;184,22504714;120,27584683;-48,77444598;-576,49746763;292,99065017;-279,96770924;-184,22504714;-120,27584683;48,77444598;148,31545292;362,85051764;279,96770924;184,22504714;120,27584683;48,77444598;576,49746763;292,99065017;279,96770924;184,22504714;120,27584683;48,77444598;148,31545292;362,85051764
310;G;wall;30x356;133,28560773;-4,93622967;309,89129806;-62,89477952;16,19176429;-141,60160676;-133,28560773;4,93622967;-309,89129806;80,46775713;-84,00477239;132,96320485;336,90567978;4,93622967;-17,094817;-154,82401912;-16,19176429;6,02423688;-336,90567978;-4,93622967;17,094817;154,82401912;84,00477239;13,55717088;336,90567978;4,93622967;17,094817;154,82401912;16,19176429;6,02423688;336,90567978;4,93622967;17,094817;154,82401912;84,00477239;13,55717088
311;G;wall;30x356;487,25164519;-6,51722409;884,9927225;-299,01934546;356,88390886;-624,38448736;-487,25164519;6,51722409;-884,9927225;322,22066322;-171,00531635;612,9793452;1009,17324679;6,51722409;46,85768429;-692,25584143;-356,88390886;7,09979029;-1009,17324679;-6,51722409;-46,85768429;692,25584143;171,00531635;18,75322528;1009,17324679;6,51722409;46,85768429;692,25584143;356,88390886;7,09979029;1009,17324679;6,51722409;46,85768429;692,25584143;171,00531635;18,75322528
312;G;wall;30x356;790,13224614;-5,46910106;1272,2558467;-373,66168603;741,49884312;-767,13148025;-790,13224614;5,46910106;-1272,2558467;393,13168582;-155,0757786;757,56055338;1490,33224676;5,46910106;147,82997033;-853,29024135;-741,49884312;3,08668337;-1490,33224676;-5,46910106;-147,82997033;853,29024135;155,0757786;18,6085588;1490,33224676;5,46910106;147,82997033;853,29024135;741,49884312;3,08668337;1490,33224676;5,46910106;147,82997033;853,29024135;155,0757786;18,6085588
313;G;wall;30x356;1092,38280638;-9,71599341;1617,25033524;-401,93829706;1172,39779402;-841,05667576;-1092,38280638;9,71599341;-1617,25033524;436,52723361;-113,70308998;824,05368729;1933,28008529;9,71599341;266,88378435;-932,10738032;-1172,39779402;10,32269519;-1933,28008529;-9,71599341;-266,88378435;932,10738032;113,70308998;28,21943953;1933,28008529;9,71599341;266,88378435;932,10738032;1172,39779402;10,32269519;1933,28008529;9,71599341;266,88378435;932,10738032;113,70308998;28,21943953
314;G;wall;30x356;1458,40269828;-8,11591553;1930,6772559;-436,25458838;1896,17728851;-902,70771779;-1458,40269828;8,11591553;-1930,6772559;465,14724768;-82,94888046;888,50486561;2376,0302339;8,11591553;457,09235872;-1002,57372855;-1896,17728851;6,72372312;-2376,0302339;-8,11591553;-457,09235872;1002,57372855;82,94888046;25,4711021;2376,0302339;8,11591553;457,09235872;1002,57372855;1896,17728851;6,72372312;2376,0302339;8,11591553;457,09235872;1002,57372855;82,94888046;25,4711021
315;G;wall;25x795;22,68365951;-0,30463047;2242,60425043;-0,64753837;1768,58664653;0,0;-22,68365951;0,30463047;-2242,60425043;1,73202283;-1687,83281867;0,0;2242,60425043;0,30463047;22,68365951;0,0;-1768,58664653;-0,64753837;-2242,60425043;-0,30463047;-22,68365951;0,0;1687,83281867;1,73202283;2242,60425043;0,30463047;22,68365951;0,0;1768,58664653;0,64753837;2242,60425043;0,30463047;22,68365951;0,0;1687,83281867;1,73202283
316;G;wall;25x795;53,85424893;-0,15190269;1764,60056242;-1,73202283;1687,83281867;0,0;-53,85424893;0,15190269;-1764,60056242;2,27279641;-1496,11169248;0,0;1764,60056242;0,15190269;53,85424893;0,0;-1687,83281867;-1,73202283;-1764,60056242;-0,15190269;-53,85424893;0,0;1496,11169248;2,27279641;1764,60056242;0,15190269;53,85424893;0,0;1687,83281867;1,73202283;1764,60056242;0,15190269;53,85424893;0,0;1496,11169248;2,27279641
317;G;wall;25x795;85,07129034;0,43762964;1284,97311314;-2,27279641;1496,11169248;0,0;-85,07129034;-0,43762964;-1284,97311314;0,71483488;-1193,25789887;0,0;1284,97311314;-0,43762964;85,07129034;0,0;-1496,11169248;-2,27279641;-1284,97311314;0,43762964;-85,07129034;0,0;1193,25789887;0,71483488;1284,97311314;0,43762964;85,07129034;0,0;1496,11169248;2,27279641;1284,97311314;0,43762964;85,07129034;0,0;1193,25789887;0,71483488
318;G;wall;25x795;180,21413573;-0,02035014;802,6713567;-0,71483488;1193,25789887;0,0;-180,21413573;0,02035014;-802,6713567;0,7872814;-551,69557566;0,0;802,6713567;0,02035014;180,21413573;0,0;-1193,25789887;-0,71483488;-802,6713567;-0,02035014;-180,21413573;0,0;551,69557566;0,7872814;802,6713567;0,02035014;180,21413573;0,0;1193,25789887;0,71483488;802,6713567;0,02035014;180,21413573;0,0;551,69557566;0,7872814
319;G;wall;25x795;154,97066732;0,22114646;365,83381515;-0,7872814;551,69557566;0,0;-154,97066732;-0,22114646;-365,83381515;0,0;0,0;0,0;365,83381515;-0,22114646;154,97066732;0,0;-551,69557566;-0,7872814;-365,83381515;0,22114646;-154,97066732;0,0;-0,0;0,0;365,83381515;0,22114646;154,97066732;0,0;551,69557566;0,7872814;365,83381515;0,22114646;154,97066732;0,0;0,0;0,0
320;G;wall;25x585;-102,93654054;0,2196591;503,6332356;-0,70423482;429,697187;6,16601214;102,93654054;-0,2196591;-503,6332356;-0,07775159;-796,15127131;-6,16601214;503,6332356;-0,2196591;-102,93654054;6,16601214;-429,697187;-0,70423482;-503,6332356;0,2196591;102,93654054;-6,16601214;796,15127131;-0,07775159;503,6332356;0,2196591;102,93654054;6,16601214;429,697187;0,70423482;503,6332356;0,2196591;102,93654054;6,16601214;796,15127131;0,07775159
321;G;wall;25x585;50,03009731;-1,47861439;381,0513996;0,07775159;796,15127131;12,22822238;-50,03009731;1,47861439;-381,0513996;5,18611564;-618,04412489;-12,22822238;381,0513996;1,47861439;50,03009731;12,22822238;-796,15127131;0,07775159;-381,0513996;-1,47861439;-50,03009731;-12,22822238;618,04412489;5,18611564;381,0513996;1,47861439;50,03009731;12,22822238;796,15127131;0,07775159;381,0513996;1,47861439;50,03009731;12,22822238;618,04412489;5,18611564
322;G;wall;25x585;-80,41686373;2,42838652;258,4695636;-5,18611564;618,04412489;-75,58631471;80,41686373;-2,42838652;-258,4695636;-3,45894037;-904,32815976;75,58631471;258,4695636;-2,42838652;-80,41686373;-75,58631471;-618,04412489;-5,18611564;-258,4695636;2,42838652;80,41686373;75,58631471;904,32815976;-3,45894037;258,4695636;2,42838652;80,41686373;75,58631471;618,04412489;5,18611564;258,4695636;2,42838652;80,41686373;75,58631471;904,32815976;3,45894037
323;G;wall;25x585;102,0755396;-1,74501519;135,8877276;3,45894037;904,32815976;-81,37420026;-102,0755396;1,74501519;-135,8877276;2,75331371;-540,93923877;81,37420026;135,8877276;1,74501519;102,0755396;-81,37420026;-904,32815976;3,45894037;-135,8877276;-1,74501519;-102,0755396;81,37420026;540,93923877;2,75331371;135,8877276;1,74501519;102,0755396;81,37420026;904,32815976;3,45894037;135,8877276;1,74501519;102,0755396;81,37420026;540,93923877;2,75331371
324;G;wall;25x585;151,94922437;0,77340273;37,2984048;-2,75331371;540,93923877;-31,43402344;-151,94922437;-0,77340273;-37,2984048;0,0;-0,0;31,43402344;37,2984048;-0,77340273;151,94922437;-31,43402344;-540,93923877;-2,75331371;-37,2984048;0,77340273;-151,94922437;31,43402344;0,0;0,0;37,2984048;0,77340273;151,94922437;31,43402344;540,93923877;2,75331371;37,2984048;0,77340273;151,94922437;31,43402344;0,0;0,0
325;G;wall;30x2695;-9,43285946;0,20141382;1041,33374453;-0,59901061;53,55383457;0,72342636;9,43285946;-0,20141382;-1041,33374453;-0,11802257;-87,13481426;-0,72342636;1041,33374453;-0,20141382;-9,43285946;0,72342636;-53,55383457;-0,59901061;-1041,33374453;0,20141382;9,43285946;-0,72342636;87,13481426;-0,11802257;1041,33374453;0,20141382;9,43285946;0,72342636;53,55383457;0,59901061;1041,33374453;0,20141382;9,43285946;0,72342636;87,13481426;0,11802257
326;G;wall;30x2695;-2,0610126;-1,25082045;973,56799109;0,11802257;87,13481426;1,43467419;2,0610126;1,25082045;-973,56799109;4,33489822;-94,47201912;-1,43467419;973,56799109;1,25082045;-2,0610126;1,43467419;-87,13481426;0,11802257;-973,56799109;-1,25082045;2,0610126;-1,43467419;94,47201912;4,33489822;973,56799109;1,25082045;2,0610126;1,43467419;87,13481426;0,11802257;973,56799109;1,25082045;2,0610126;1,43467419;94,47201912;4,33489822
327;G;wall;30x2695;19,66916257;2,28998086;905,80223765;-4,33489822;94,47201912;-8,86815199;-19,66916257;-2,28998086;-905,80223765;-3,81743363;-24,44980037;8,86815199;905,80223765;-2,28998086;19,66916257;-8,86815199;-94,47201912;-4,33489822;-905,80223765;2,28998086;-19,66916257;8,86815199;24,44980037;-3,81743363;905,80223765;2,28998086;19,66916257;8,86815199;94,47201912;4,33489822;905,80223765;2,28998086;19,66916257;8,86815199;24,44980037;3,81743363
328;G;wall;30x2695;-96,53135467;-2,8199519;838,03648421;3,81743363;24,44980037;-9,54721471;96,53135467;2,8199519;-838,03648421;6,22159515;-368,10142298;9,54721471;838,03648421;2,8199519;-96,53135467;-9,54721471;-24,44980037;3,81743363;-838,03648421;-2,8199519;96,53135467;9,54721471;368,10142298;6,22159515;838,03648421;2,8199519;96,53135467;9,54721471;24,44980037;3,81743363;838,03648421;2,8199519;96,53135467;9,54721471;368,10142298;6,22159515
329;G;wall;30x2695;103,39927612;1,74763909;402,07680374;-6,22159515;368,10142298;-338,85877269;-103,39927612;-1,74763909;-402,07680374;-0,0;0,0;338,85877269;402,07680374;-1,74763909;103,39927612;-338,85877269;-368,10142298;-6,22159515;-402,07680374;1,74763909;-103,39927612;338,85877269;-0,0;-0,0;402,07680374;1,74763909;103,39927612;338,85877269;368,10142298;6,22159515;402,07680374;1,74763909;103,39927612;338,85877269;0,0;0,0
330;G;wall;25x282;-10,78268566;0,10166055;281,4143688;-0,34221797;49,60427478;0,69069149;10,78268566;-0,10166055;-281,4143688;-0,01969358;-87,99063572;-0,69069149;281,4143688;-0,10166055;-10,78268566;0,69069149;-49,60427478;-0,34221797;-281,4143688;0,10166055;10,78268566;-0,69069149;87,99063572;-0,01969358;281,4143688;0,10166055;10,78268566;0,69069149;49,60427478;0,34221797;281,4143688;0,10166055;10,78268566;0,69069149;87,99063572;0,01969358
331;G;wall;25x282;3,86097367;-0,69344275;222,3236376;0,01969358;87,99063572;1,36975551;-3,86097367;0,69344275;-222,3236376;2,44896262;-74,24556944;-1,36975551;222,3236376;0,69344275;3,86097367;1,36975551;-87,99063572;0,01969358;-222,3236376;-0,69344275;-3,86097367;-1,36975551;74,24556944;2,44896262;222,3236376;0,69344275;3,86097367;1,36975551;87,99063572;0,01969358;222,3236376;0,69344275;3,86097367;1,36975551;74,24556944;2,44896262
332;G;wall;25x282;4,70848138;1,19704158;163,2329064;-2,44896262;74,24556944;-8,46687012;-4,70848138;-1,19704158;-163,2329064;-1,81250541;-57,48337572;8,46687012;163,2329064;-1,19704158;4,70848138;-8,46687012;-74,24556944;-2,44896262;-163,2329064;1,19704158;-4,70848138;8,46687012;57,48337572;-1,81250541;163,2329064;1,19704158;4,70848138;8,46687012;74,24556944;2,44896262;163,2329064;1,19704158;4,70848138;8,46687012;57,48337572;1,81250541
333;G;wall;25x282;-48,23438505;-1,05319911;104,1421752;1,81250541;57,48337572;-9,11520541;48,23438505;1,05319911;-104,1421752;1,93688341;-229,19778651;9,11520541;104,1421752;1,05319911;-48,23438505;-9,11520541;-57,48337572;1,81250541;-104,1421752;-1,05319911;48,23438505;9,11520541;229,19778651;1,93688341;104,1421752;1,05319911;48,23438505;9,11520541;57,48337572;1,81250541;104,1421752;1,05319911;48,23438505;9,11520541;229,19778651;1,93688341
334;G;wall;25x282;64,38140071;0,54406837;37,2984048;-1,93688341;229,19778651;-31,43402344;-64,38140071;-0,54406837;-37,2984048;0,0;-0,0;31,43402344;37,2984048;-0,54406837;64,38140071;-31,43402344;-229,19778651;-1,93688341;-37,2984048;0,54406837;-64,38140071;31,43402344;0,0;0,0;37,2984048;0,54406837;64,38140071;31,43402344;229,19778651;1,93688341;37,2984048;0,54406837;64,38140071;31,43402344;0,0;0,0
335;G;beam_x;60x80;-13,8919687;-0,07636389;93,65110088;-0,0;0,0;0,0;13,8919687;0,07636389;-56,96249272;0,0;-391,59534336;-0,39709223;-13,8919687;-0,07636389;93,65110088;-0,0;0,0;0,0;13,8919687;0,07636389;-56,96249272;0,0;-391,59534336;-0,39709223;13,8919687;0,07636389;93,65110088;0,0;0,0;0,0;13,8919687;0,07636389;56,96249272;0,0;391,59534336;0,39709223
336;G;beam_x;60x80;-10,55704903;-0,29476617;94,60508211;-0,0;-0,0;0,0;10,55704903;0,29476617;-57,91647395;0,0;-396,55604575;-1,53278406;-10,55704903;-0,29476617;94,60508211;-0,0;-0,0;0,0;10,55704903;0,29476617;-57,91647395;0,0;-396,55604575;-1,53278406;10,55704903;0,29476617;94,60508211;0,0;0,0;0,0;10,55704903;0,29476617;57,91647395;0,0;396,55604575;1,53278406
337;G;beam_x;60x80;-63,27765785;0,22898989;95,72388765;-0,0;-0,0;0,0;63,27765785;-0,22898989;-59,03527949;0,0;-402,37383455;1,19074745;-63,27765785;0,22898989;95,72388765;-0,0;-0,0;0,0;63,27765785;-0,22898989;-59,03527949;0,0;-402,37383455;1,19074745;63,27765785;0,22898989;95,72388765;0,0;0,0;0,0;63,27765785;0,22898989;59,03527949;0,0;402,37383455;1,19074745
338;G;beam_x;60x80;-25,43169169;-0,1207483;96,42263348;-0,0;0,0;0,0;25,43169169;0,1207483;-59,73402532;0,0;-406,00731288;-0,62789117;-25,43169169;-0,1207483;96,42263348;-0,0;0,0;0,0;25,43169169;0,1207483;-59,73402532;0,0;-406,00731288;-0,62789117;25,43169169;0,1207483;96,42263348;0,0;0,0;0,0;25,43169169;0,1207483;59,73402532;0,0;406,00731288;0,62789117
339;G;beam_x;60x80;1,12705658;0,11057323;97,61214735;-0,0;0,0;0,0;-1,12705658;-0,11057323;-60,92353919;0,0;-412,19278502;0,5749808;1,12705658;0,11057323;97,61214735;-0,0;0,0;0,0;-1,12705658;-0,11057323;-60,92353919;0,0;-412,19278502;0,5749808;1,12705658;0,11057323;97,61214735;0,0;0,0;0,0;1,12705658;0,11057323;60,92353919;0,0;412,19278502;0,5749808
340;G;beam_x;60x80;-17,27862071;-0,07636389;159,00119113;0,0;-0,0;-0,0;17,27862071;0,07636389;-74,26277343;-0,0;-606,48630785;-0,39709223;-17,27862071;-0,07636389;159,00119113;0,0;-0,0;-0,0;17,27862071;0,07636389;-74,26277343;-0,0;-606,48630785;-0,39709223;17,27862071;0,07636389;159,00119113;0,0;0,0;0,0;17,27862071;0,07636389;74,26277343;0,0;606,48630785;0,39709223
341;G;beam_x;60x80;-20,65999238;-0,29476617;159,67097117;0,0;-0,0;0,0;20,65999238;0,29476617;-74,93255346;-0,0;-609,96916403;-1,53278406;-20,65999238;-0,29476617;159,67097117;0,0;-0,0;0,0;20,65999238;0,29476617;-74,93255346;-0,0;-609,96916403;-1,53278406;20,65999238;0,29476617;159,67097117;0,0;0,0;0,0;20,65999238;0,29476617;74,93255346;0,0;609,96916403;1,53278406
342;G;beam_x;60x80;-31,86518754;0,22898989;161,2264728;0,0;0,0;0,0;31,86518754;-0,22898989;-76,4880551;-0,0;-618,05777253;1,19074745;-31,86518754;0,22898989;161,2264728;0,0;0,0;0,0;31,86518754;-0,22898989;-76,4880551;-0,0;-618,05777253;1,19074745;31,86518754;0,22898989;161,2264728;0,0;0,0;0,0;31,86518754;0,22898989;76,4880551;0,0;618,05777253;1,19074745
343;G;beam_x;60x80;50,6751601;-0,1207483;161,05789327;0,0;-0,0;0,0;-50,6751601;0,1207483;-76,31947556;-0,0;-617,18115895;-0,62789117;50,6751601;-0,1207483;161,05789327;0,0;-0,0;0,0;-50,6751601;0,1207483;-76,31947556;-0,0;-617,18115895;-0,62789117;50,6751601;0,1207483;161,05789327;0,0;0,0;0,0;50,6751601;0,1207483;76,31947556;0,0;617,18115895;0,62789117
344;G;beam_x;60x80;153,84361074;0,11057323;172,157439;-0,0;-0,0;0,0;-153,84361074;-0,11057323;-98,78022269;0,0;-704,43792038;0,5749808;153,84361074;0,11057323;172,157439;-0,0;-0,0;0,0;-153,84361074;-0,11057323;-98,78022269;0,0;-704,43792038;0,5749808;153,84361074;0,11057323;172,157439;0,0;0,0;0,0;153,84361074;0,11057323;98,78022269;0,0;704,43792038;0,5749808
345;G;beam_x;60x80;0,0;-0,0;157,5900002;-80,50509441;-322,43146705;-0,0;0,0;0,0;-106,25799681;80,50509441;-337,18852547;-0,0;0,0;-0,0;157,5900002;-80,50509441;-322,43146705;-0,0;0,0;0,0;-106,25799681;80,50509441;-337,18852547;-0,0;0,0;0,0;157,5900002;80,50509441;322,43146705;0,0;0,0;0,0;106,25799681;80,50509441;337,18852547;0,0
346;G;beam_x;60x80;0,0;-0,0;163,11325317;-81,19201914;-353,70743721;-0,0;0,0;0,0;-111,78124978;81,19201914;-333,52882016;-0,0;0,0;-0,0;163,11325317;-81,19201914;-353,70743721;-0,0;0,0;0,0;-111,78124978;81,19201914;-333,52882016;-0,0;0,0;0,0;163,11325317;81,19201914;353,70743721;0,0;0,0;0,0;111,78124978;81,19201914;333,52882016;0,0
347;G;beam_x;60x80;0,0;0,0;165,5085286;-81,70261374;-363,49063804;0,0;0,0;-0,0;-114,17652521;81,70261374;-335,72199649;0,0;0,0;0,0;165,5085286;-81,70261374;-363,49063804;0,0;0,0;-0,0;-114,17652521;81,70261374;-335,72199649;0,0;0,0;0,0;165,5085286;81,70261374;363,49063804;0,0;0,0;0,0;114,17652521;81,70261374;335,72199649;0,0
348;G;beam_x;60x80;0,0;-0,0;171,84572733;-86,39324739;-400,22978052;-0,0;0,0;0,0;-120,51372394;86,39324739;-330,66884764;-0,0;0,0;-0,0;171,84572733;-86,39324739;-400,22978052;-0,0;0,0;0,0;-120,51372394;86,39324739;-330,66884764;-0,0;0,0;0,0;171,84572733;86,39324739;400,22978052;0,0;0,0;0,0;120,51372394;86,39324739;330,66884764;0,0
349;G;beam_x;60x80;0,0;0,0;168,66728065;-100,75786208;-353,00479157;0,0;0,0;-0,0;-132,73953865;100,75786208;-400,51225667;0,0;0,0;0,0;168,66728065;-100,75786208;-353,00479157;0,0;0,0;-0,0;-132,73953865;100,75786208;-400,51225667;0,0;0,0;0,0;168,66728065;100,75786208;353,00479157;0,0;0,0;0,0;132,73953865;100,75786208;400,51225667;0,0
350;G;beam_y;60x80;0,0;0,0;87,20318524;-111,14938114;10,08423718;0,0;-0,0;0,0;89,80801476;122,74087247;-10,08423718;0,0;0,0;0,0;87,20318524;-10,08423718;-111,14938114;0,0;0,0;-0,0;89,80801476;10,08423718;122,74087247;0,0;0,0;0,0;87,20318524;10,08423718;111,14938114;0,0;0,0;0,0;89,80801476;10,08423718;122,74087247;0,0
351;G;beam_y;60x80;-0,0;0,0;66,16009393;-73,29845625;-4,15664427;-0,0;0,0;0,0;65,21540607;69,87396276;4,15664427;-0,0;0,0;-0,0;66,16009393;4,15664427;-73,29845625;-0,0;0,0;0,0;65,21540607;-4,15664427;69,87396276;-0,0;0,0;0,0;66,16009393;4,15664427;73,29845625;0,0;0,0;0,0;65,21540607;4,15664427;69,87396276;0,0
352;G;beam_y;60x80;0,0;0,0;89,83348568;-123,49716737;8,74411883;0,0;-0,0;0,0;87,17771432;111,67898484;-8,74411883;0,0;0,0;0,0;89,83348568;-8,74411883;-123,49716737;0,0;0,0;-0,0;87,17771432;8,74411883;111,67898484;0,0;0,0;0,0;89,83348568;8,74411883;123,49716737;0,0;0,0;0,0;87,17771432;8,74411883;111,67898484;0,0
353;G;beam_y;60x80;-0,0;0,0;54,41085084;-31,3594653;-3,55243982;-0,0;0,0;0,0;76,96464916;113,11698424;3,55243982;-0,0;0,0;-0,0;54,41085084;3,55243982;-31,3594653;-0,0;0,0;0,0;76,96464916;-3,55243982;113,11698424;-0,0;0,0;0,0;54,41085084;3,55243982;31,3594653;0,0;0,0;0,0;76,96464916;3,55243982;113,11698424;0,0
354;G;beam_y;60x80;0,0;0,0;91,54443361;-128,99552963;8,81551292;0,0;-0,0;0,0;85,46676639;101,94991048;-8,81551292;0,0;0,0;0,0;91,54443361;-8,81551292;-128,99552963;0,0;0,0;-0,0;85,46676639;8,81551292;101,94991048;0,0;0,0;0,0;91,54443361;8,81551292;128,99552963;0,0;0,0;0,0;85,46676639;8,81551292;101,94991048;0,0
355;G;beam_y;60x80;0,0;0,0;49,27972243;-11,61778922;-3,902357;0,0;-0,0;0,0;82,09577757;130,57598908;3,902357;0,0;0,0;0,0;49,27972243;3,902357;-11,61778922;0,0;0,0;-0,0;82,09577757;-3,902357;130,57598908;0,0;0,0;0,0;49,27972243;3,902357;11,61778922;0,0;0,0;0,0;82,09577757;3,902357;130,57598908;0,0
356;G;beam_y;60x80;-0,0;0,0;94,72517466;-146,44796935;8,33660904;-0,0;0,0;0,0;82,28602534;91,09375491;-8,33660904;-0,0;0,0;-0,0;94,72517466;-8,33660904;-146,44796935;-0,0;0,0;0,0;82,28602534;8,33660904;91,09375491;-0,0;0,0;0,0;94,72517466;8,33660904;146,44796935;0,0;0,0;0,0;82,28602534;8,33660904;91,09375491;0,0
357;G;beam_y;60x80;0,0;0,0;42,92561955;10,76629989;-2,73144875;0,0;-0,0;0,0;88,44988045;154,25914585;2,73144875;0,0;0,0;0,0;42,92561955;2,73144875;10,76629989;0,0;0,0;-0,0;88,44988045;-2,73144875;154,25914585;0,0;0,0;0,0;42,92561955;2,73144875;10,76629989;0,0;0,0;0,0;88,44988045;2,73144875;154,25914585;0,0
358;G;beam_y;60x80;-0,0;0,0;88,17963191;-96,32248097;14,50148876;-0,0;0,0;0,0;88,83156809;99,22359696;-14,50148876;-0,0;0,0;-0,0;88,17963191;-14,50148876;-96,32248097;-0,0;0,0;0,0;88,83156809;14,50148876;99,22359696;-0,0;0,0;0,0;88,17963191;14,50148876;96,32248097;0,0;0,0;0,0;88,83156809;14,50148876;99,22359696;0,0
359;G;beam_y;60x80;-0,0;0,0;56,36131246;-30,81200635;-10,13516306;-0,0;0,0;0,0;75,01418754;98,42867854;10,13516306;-0,0;0,0;-0,0;56,36131246;10,13516306;-30,81200635;-0,0;0,0;0,0;75,01418754;-10,13516306;98,42867854;-0,0;0,0;0,0;56,36131246;10,13516306;30,81200635;0,0;0,0;0,0;75,01418754;10,13516306;98,42867854;0,0
360;G;beam_x;60x80;0,0;-0,0;122,36273603;30,6703605;-298,07307382;-0,0;0,0;0,0;-87,79023603;-30,6703605;-227,30935632;-0,0;0,0;-0,0;122,36273603;30,6703605;-298,07307382;-0,0;0,0;0,0;-87,79023603;-30,6703605;-227,30935632;-0,0;0,0;0,0;122,36273603;30,6703605;298,07307382;0,0;0,0;0,0;87,79023603;30,6703605;227,30935632;0,0
361;G;beam_x;60x80;0,0;-0,0;228,43195189;15,72630174;-541,0527104;-0,0;0,0;0,0;-159,28695189;-15,72630174;-428,24454907;-0,0;0,0;-0,0;228,43195189;15,72630174;-541,0527104;-0,0;0,0;0,0;-159,28695189;-15,72630174;-428,24454907;-0,0;0,0;0,0;228,43195189;15,72630174;541,0527104;0,0;0,0;0,0;159,28695189;15,72630174;428,24454907;0,0
362;G;beam_x;60x80;0,0;0,0;129,58239201;-43,26573361;289,58447057;-0,0;0,0;-0,0;-95,00989201;43,26573361;271,89623946;-0,0;0,0;-0,0;129,58239201;43,26573361;-289,58447057;-0,0;0,0;0,0;-95,00989201;-43,26573361;-271,89623946;-0,0;0,0;0,0;129,58239201;43,26573361;289,58447057;0,0;0,0;0,0;95,00989201;43,26573361;271,89623946;0,0
363;G;beam_y;60x80;0,0;0,0;78,56516673;-96,20881044;3,90182142;0,0;-0,0;0,0;82,80197702;115,06261624;-3,90182142;0,0;0,0;0,0;78,56516673;-3,90182142;-96,20881044;0,0;0,0;-0,0;82,80197702;3,90182142;115,06261624;0,0;0,0;0,0;78,56516673;3,90182142;96,20881044;0,0;0,0;0,0;82,80197702;3,90182142;115,06261624;0,0
364;G;beam_y;60x80;-0,0;0,0;61,16922522;-71,23898191;-4,30535554;-0,0;0,0;0,0;60,26668103;67,96725925;4,30535554;-0,0;0,0;-0,0;61,16922522;4,30535554;-71,23898191;-0,0;0,0;0,0;60,26668103;-4,30535554;67,96725925;-0,0;0,0;0,0;61,16922522;4,30535554;71,23898191;0,0;0,0;0,0;60,26668103;4,30535554;67,96725925;0,0
365;G;beam_x;60x80;0,0;-0,0;124,06555498;37,5306927;-298,80060563;-0,0;0,0;0,0;-89,49305498;-37,5306927;-235,0959193;-0,0;0,0;-0,0;124,06555498;37,5306927;-298,80060563;-0,0;0,0;0,0;-89,49305498;-37,5306927;-235,0959193;-0,0;0,0;0,0;124,06555498;37,5306927;298,80060563;0,0;0,0;0,0;89,49305498;37,5306927;235,0959193;0,0
366;G;beam_x;60x80;0,0;-0,0;223,75024498;18,95303568;-523,59118815;-0,0;0,0;0,0;-154,60524498;-18,95303568;-422,29753675;-0,0;0,0;-0,0;223,75024498;18,95303568;-523,59118815;-0,0;0,0;0,0;-154,60524498;-18,95303568;-422,29753675;-0,0;0,0;0,0;223,75024498;18,95303568;523,59118815;0,0;0,0;0,0;154,60524498;18,95303568;422,29753675;0,0
367;G;beam_x;60x80;0,0;0,0;129,40743268;-45,9566784;285,57229412;-0,0;0,0;-0,0;-94,83493268;45,9566784;275,03361929;-0,0;0,0;-0,0;129,40743268;45,9566784;-285,57229412;-0,0;0,0;0,0;-94,83493268;-45,9566784;-275,03361929;-0,0;0,0;0,0;129,40743268;45,9566784;285,57229412;0,0;0,0;0,0;94,83493268;45,9566784;275,03361929;0,0
368;G;beam_y;60x80;0,0;0,0;79,87443018;-102,77597519;3,04423399;0,0;-0,0;0,0;81,49271357;109,97733631;-3,04423399;0,0;0,0;0,0;79,87443018;-3,04423399;-102,77597519;0,0;0,0;-0,0;81,49271357;3,04423399;109,97733631;0,0;0,0;0,0;79,87443018;3,04423399;102,77597519;0,0;0,0;0,0;81,49271357;3,04423399;109,97733631;0,0
369;G;beam_y;60x80;-0,0;0,0;51,76088621;-37,05003243;-3,67743503;-0,0;0,0;0,0;69,67502004;101,98876756;3,67743503;-0,0;0,0;-0,0;51,76088621;3,67743503;-37,05003243;-0,0;0,0;0,0;69,67502004;-3,67743503;101,98876756;-0,0;0,0;0,0;51,76088621;3,67743503;37,05003243;0,0;0,0;0,0;69,67502004;3,67743503;101,98876756;0,0
370;G;beam_x;60x80;0,0;0,0;125,78888725;39,8978011;-305,25626616;0,0;0,0;-0,0;-91,21638725;-39,8978011;-237,2569201;0,0;0,0;0,0;125,78888725;39,8978011;-305,25626616;0,0;0,0;-0,0;-91,21638725;-39,8978011;-237,2569201;0,0;0,0;0,0;125,78888725;39,8978011;305,25626616;0,0;0,0;0,0;91,21638725;39,8978011;237,2569201;0,0
371;G;beam_x;60x80;0,0;0,0;222,58244671;19,95165732;-522,64620883;0,0;0,0;-0,0;-153,43744671;-19,95165732;-417,40352474;0,0;0,0;0,0;222,58244671;19,95165732;-522,64620883;0,0;0,0;-0,0;-153,43744671;-19,95165732;-417,40352474;0,0;0,0;0,0;222,58244671;19,95165732;522,64620883;0,0;0,0;0,0;153,43744671;19,95165732;417,40352474;0,0
372;G;beam_x;60x80;0,0;-0,0;128,37170424;-47,30808508;279,9921564;0,0;-0,0;0,0;-93,79920424;47,30808508;275,4351148;0,0;0,0;0,0;128,37170424;47,30808508;-279,9921564;0,0;0,0;-0,0;-93,79920424;-47,30808508;-275,4351148;0,0;0,0;0,0;128,37170424;47,30808508;279,9921564;0,0;0,0;0,0;93,79920424;47,30808508;275,4351148;0,0
373;G;beam_y;60x80;0,0;0,0;80,9382484;-105,77292454;2,87127435;0,0;-0,0;0,0;80,42889535;103,50630343;-2,87127435;0,0;0,0;0,0;80,9382484;-2,87127435;-105,77292454;0,0;0,0;-0,0;80,42889535;2,87127435;103,50630343;0,0;0,0;0,0;80,9382484;2,87127435;105,77292454;0,0;0,0;0,0;80,42889535;2,87127435;103,50630343;0,0
374;G;beam_y;60x80;0,0;0,0;47,96434674;-22,42060647;-3,87997166;0,0;-0,0;0,0;73,47155951;114,88425277;3,87997166;0,0;0,0;0,0;47,96434674;3,87997166;-22,42060647;0,0;0,0;-0,0;73,47155951;-3,87997166;114,88425277;0,0;0,0;0,0;47,96434674;3,87997166;22,42060647;0,0;0,0;0,0;73,47155951;3,87997166;114,88425277;0,0
375;G;beam_x;60x80;0,0;0,0;128,50981424;43,88014118;-312,93676871;0,0;0,0;-0,0;-93,93731424;-43,88014118;-243,18105251;0,0;0,0;0,0;128,50981424;43,88014118;-312,93676871;0,0;0,0;-0,0;-93,93731424;-43,88014118;-243,18105251;0,0;0,0;0,0;128,50981424;43,88014118;312,93676871;0,0;0,0;0,0;93,93731424;43,88014118;243,18105251;0,0
376;G;beam_x;60x80;0,0;0,0;220,97831949;21,58330442;-516,68493295;0,0;0,0;-0,0;-151,83331949;-21,58330442;-415,3441645;0,0;0,0;0,0;220,97831949;21,58330442;-516,68493295;0,0;0,0;-0,0;-151,83331949;-21,58330442;-415,3441645;0,0;0,0;0,0;220,97831949;21,58330442;516,68493295;0,0;0,0;0,0;151,83331949;21,58330442;415,3441645;0,0
377;G;beam_x;60x80;0,0;0,0;126,9540756;-49,69845787;267,83606177;-0,0;0,0;-0,0;-92,3815756;49,69845787;280,50306621;-0,0;0,0;-0,0;126,9540756;49,69845787;-267,83606177;-0,0;0,0;0,0;-92,3815756;-49,69845787;-280,50306621;-0,0;0,0;0,0;126,9540756;49,69845787;267,83606177;0,0;0,0;0,0;92,3815756;49,69845787;280,50306621;0,0
378;G;beam_y;60x80;-0,0;0,0;82,99629447;-117,0230101;1,46501338;-0,0;0,0;0,0;78,37084928;96,43977897;-1,46501338;-0,0;0,0;-0,0;82,99629447;-1,46501338;-117,0230101;-0,0;0,0;0,0;78,37084928;1,46501338;96,43977897;-0,0;0,0;0,0;82,99629447;1,46501338;117,0230101;0,0;0,0;0,0;78,37084928;1,46501338;96,43977897;0,0
379;G;beam_y;60x80;0,0;0,0;43,69963139;-7,06670518;-2,96052921;0,0;-0,0;0,0;77,73627486;130,44953779;2,96052921;0,0;0,0;0,0;43,69963139;2,96052921;-7,06670518;0,0;0,0;-0,0;77,73627486;-2,96052921;130,44953779;0,0;0,0;0,0;43,69963139;2,96052921;7,06670518;0,0;0,0;0,0;77,73627486;2,96052921;130,44953779;0,0
380;G;beam_x;60x80;0,0;0,0;126,33364865;32,73159865;-321,17205315;0,0;0,0;-0,0;-91,76114865;-32,73159865;-224,0649401;0,0;0,0;0,0;126,33364865;32,73159865;-321,17205315;0,0;0,0;-0,0;-91,76114865;-32,73159865;-224,0649401;0,0;0,0;0,0;126,33364865;32,73159865;321,17205315;0,0;0,0;0,0;91,76114865;32,73159865;224,0649401;0,0
381;G;beam_x;60x80;0,0;0,0;230,41246699;16,23773346;-568,00941068;0,0;0,0;-0,0;-161,26746699;-16,23773346;-411,19042429;0,0;0,0;0,0;230,41246699;16,23773346;-568,00941068;0,0;0,0;-0,0;-161,26746699;-16,23773346;-411,19042429;0,0;0,0;0,0;230,41246699;16,23773346;568,00941068;0,0;0,0;0,0;161,26746699;16,23773346;411,19042429;0,0
382;G;beam_x;60x80;0,0;0,0;127,65366251;-45,01526591;288,44774864;-0,0;0,0;-0,0;-93,08116251;45,01526591;263,38931392;-0,0;0,0;-0,0;127,65366251;45,01526591;-288,44774864;-0,0;0,0;0,0;-93,08116251;-45,01526591;-263,38931392;-0,0;0,0;0,0;127,65366251;45,01526591;288,44774864;0,0;0,0;0,0;93,08116251;45,01526591;263,38931392;0,0
383;G;beam_y;60x80;-0,0;0,0;78,95274464;-84,66505505;10,29470334;-0,0;0,0;0,0;82,41439911;100,06941745;-10,29470334;-0,0;0,0;-0,0;78,95274464;-10,29470334;-84,66505505;-0,0;0,0;0,0;82,41439911;10,29470334;100,06941745;-0,0;0,0;0,0;78,95274464;10,29470334;84,66505505;0,0;0,0;0,0;82,41439911;10,29470334;100,06941745;0,0
384;G;beam_y;60x80;-0,0;0,0;52,50306709;-35,51010275;-10,86008965;-0,0;0,0;0,0;68,93283916;95,06802652;10,86008965;-0,0;0,0;-0,0;52,50306709;10,86008965;-35,51010275;-0,0;0,0;0,0;68,93283916;-10,86008965;95,06802652;-0,0;0,0;0,0;52,50306709;10,86008965;35,51010275;0,0;0,0;0,0;68,93283916;10,86008965;95,06802652;0,0
385;G;beam_x;60x80;0,0;0,0;114,71553062;30,32951836;-228,32779704;0,0;0,0;-0,0;-95,26849937;-30,32951836;-165,39225919;0,0;0,0;0,0;114,71553062;30,32951836;-228,32779704;0,0;0,0;-0,0;-95,26849937;-30,32951836;-165,39225919;0,0;0,0;0,0;114,71553062;30,32951836;228,32779704;0,0;0,0;0,0;95,26849937;30,32951836;165,39225919;0,0
386;G;beam_x;60x80;0,0;-0,0;114,75698828;42,13282976;-223,53231418;-0,0;0,0;0,0;-95,30995703;-42,13282976;-170,34320829;-0,0;0,0;-0,0;114,75698828;42,13282976;-223,53231418;-0,0;0,0;0,0;-95,30995703;-42,13282976;-170,34320829;-0,0;0,0;0,0;114,75698828;42,13282976;223,53231418;0,0;0,0;0,0;95,30995703;42,13282976;170,34320829;0,0
387;G;beam_x;60x80;0,0;-0,0;115,07712904;47,19713763;-220,86782689;-0,0;0,0;0,0;-95,63009779;-47,19713763;-174,20822342;-0,0;0,0;-0,0;115,07712904;47,19713763;-220,86782689;-0,0;0,0;0,0;-95,63009779;-47,19713763;-174,20822342;-0,0;0,0;0,0;115,07712904;47,19713763;220,86782689;0,0;0,0;0,0;95,63009779;47,19713763;174,20822342;0,0
388;G;beam_x;60x80;0,0;-0,0;118,00095564;52,29798845;-232,72291067;-0,0;0,0;0,0;-98,55392439;-52,29798845;-173,31748939;-0,0;0,0;-0,0;118,00095564;52,29798845;-232,72291067;-0,0;0,0;0,0;-98,55392439;-52,29798845;-173,31748939;-0,0;0,0;0,0;118,00095564;52,29798845;232,72291067;0,0;0,0;0,0;98,55392439;52,29798845;173,31748939;0,0
389;G;beam_x;60x80;0,0;0,0;145,40968031;24,07483212;-307,72141765;0,0;0,0;-0,0;-125,96264906;-24,07483212;-201,10169993;0,0;0,0;0,0;145,40968031;24,07483212;-307,72141765;0,0;0,0;-0,0;-125,96264906;-24,07483212;-201,10169993;0,0;0,0;0,0;145,40968031;24,07483212;307,72141765;0,0;0,0;0,0;125,96264906;24,07483212;201,10169993;0,0
390;G;beam_y;80x80;-70,63216034;-0,69729758;57,72523812;77,9973377;8,66081732;23,68620227;70,63216034;0,69729758;-55,18352298;-24,93021999;-8,66081732;42,70802845;-0,69729758;70,63216034;57,72523812;8,66081732;-77,9973377;23,68620227;0,69729758;-70,63216034;-55,18352298;-8,66081732;24,93021999;42,70802845;0,69729758;70,63216034;57,72523812;8,66081732;77,9973377;23,68620227;0,69729758;70,63216034;55,18352298;8,66081732;24,93021999;42,70802845
391;G;beam_y;80x80;22,95378878;-2,64217677;364,32929283;266,34701848;35,17582826;-7,77550024;-22,95378878;2,64217677;-361,78757769;74,92791066;-35,17582826;-13,80106121;-2,64217677;-22,95378878;364,32929283;35,17582826;-266,34701848;-7,77550024;2,64217677;22,95378878;-361,78757769;-35,17582826;-74,92791066;-13,80106121;2,64217677;22,95378878;364,32929283;35,17582826;266,34701848;7,77550024;2,64217677;22,95378878;361,78757769;35,17582826;74,92791066;13,80106121
392;G;beam_y;80x80;31,50944087;-3,72663804;468,46403386;343,9920244;48,81645492;-10,64588328;-31,50944087;3,72663804;-465,92231872;95,16956131;-48,81645492;-18,97299114;-3,72663804;-31,50944087;468,46403386;48,81645492;-343,9920244;-10,64588328;3,72663804;31,50944087;-465,92231872;-48,81645492;-95,16956131;-18,97299114;3,72663804;31,50944087;468,46403386;48,81645492;343,9920244;10,64588328;3,72663804;31,50944087;465,92231872;48,81645492;95,16956131;18,97299114
393;G;beam_y;80x80;35,86112381;-3,83234344;557,73459752;404,24527173;73,25736426;-12,10051506;-35,86112381;3,83234344;-555,19288238;118,83064383;-73,25736426;-21,60894133;-3,83234344;-35,86112381;557,73459752;73,25736426;-404,24527173;-12,10051506;3,83234344;35,86112381;-555,19288238;-73,25736426;-118,83064383;-21,60894133;3,83234344;35,86112381;557,73459752;73,25736426;404,24527173;12,10051506;3,83234344;35,86112381;555,19288238;73,25736426;118,83064383;21,60894133
394;G;beam_y;80x80;40,99278799;-4,33367192;468,54068418;368,83861526;110,15705638;-13,83614198;-40,99278799;4,33367192;-465,99896904;70,39502176;-110,15705638;-24,69707873;-4,33367192;-40,99278799;468,54068418;110,15705638;-368,83861526;-13,83614198;4,33367192;40,99278799;-465,99896904;-110,15705638;-70,39502176;-24,69707873;4,33367192;40,99278799;468,54068418;110,15705638;368,83861526;13,83614198;4,33367192;40,99278799;465,99896904;110,15705638;70,39502176;24,69707873
395;G;beam_x;60x80;0,0;0,0;139,51202047;-58,48223786;-279,78322004;0,0;0,0;-0,0;-120,06498922;58,48223786;-206,92367312;0,0;0,0;0,0;139,51202047;-58,48223786;-279,78322004;0,0;0,0;-0,0;-120,06498922;58,48223786;-206,92367312;0,0;0,0;0,0;139,51202047;58,48223786;279,78322004;0,0;0,0;0,0;120,06498922;58,48223786;206,92367312;0,0
396;G;beam_x;60x80;0,0;-0,0;137,98418156;-63,76099285;-271,80078774;-0,0;0,0;0,0;-118,53715031;63,76099285;-209,1767095;-0,0;0,0;-0,0;137,98418156;-63,76099285;-271,80078774;-0,0;0,0;0,0;-118,53715031;63,76099285;-209,1767095;-0,0;0,0;0,0;137,98418156;63,76099285;271,80078774;0,0;0,0;0,0;118,53715031;63,76099285;209,1767095;0,0
397;G;beam_x;60x80;0,0;-0,0;137,39223294;-66,09304253;-266,96885615;-0,0;0,0;0,0;-117,94520169;66,09304253;-211,7888338;-0,0;0,0;-0,0;137,39223294;-66,09304253;-266,96885615;-0,0;0,0;0,0;-117,94520169;66,09304253;-211,7888338;-0,0;0,0;0,0;137,39223294;66,09304253;266,96885615;0,0;0,0;0,0;117,94520169;66,09304253;211,7888338;0,0
398;G;beam_x;60x80;0,0;-0,0;140,48798683;-72,01488464;-280,59268356;-0,0;0,0;0,0;-121,04095558;72,01488464;-209,77408345;-0,0;0,0;-0,0;140,48798683;-72,01488464;-280,59268356;-0,0;0,0;0,0;-121,04095558;72,01488464;-209,77408345;-0,0;0,0;0,0;140,48798683;72,01488464;280,59268356;0,0;0,0;0,0;121,04095558;72,01488464;209,77408345;0,0
399;G;beam_x;60x80;0,0;0,0;175,06387674;-39,10017905;-372,63231546;0,0;0,0;-0,0;-155,61684549;39,10017905;-247,39403873;0,0;0,0;0,0;175,06387674;-39,10017905;-372,63231546;0,0;0,0;-0,0;-155,61684549;39,10017905;-247,39403873;0,0;0,0;0,0;175,06387674;39,10017905;372,63231546;0,0;0,0;0,0;155,61684549;39,10017905;247,39403873;0,0
400;G;beam_x;60x80;0,0;0,0;199,08503075;15,29824704;-364,45592691;0,0;0,0;-0,0;-160,59562207;-15,29824704;-309,94529712;0,0;0,0;0,0;199,08503075;15,29824704;-364,45592691;0,0;0,0;-0,0;-160,59562207;-15,29824704;-309,94529712;0,0;0,0;0,0;199,08503075;15,29824704;364,45592691;0,0;0,0;0,0;160,59562207;15,29824704;309,94529712;0,0
401;G;beam_x;60x80;0,0;-0,0;195,6036436;18,73399963;-354,84715417;-0,0;0,0;0,0;-157,11423493;-18,73399963;-306,49886808;-0,0;0,0;-0,0;195,6036436;18,73399963;-354,84715417;-0,0;0,0;0,0;-157,11423493;-18,73399963;-306,49886808;-0,0;0,0;0,0;195,6036436;18,73399963;354,84715417;0,0;0,0;0,0;157,11423493;18,73399963;306,49886808;0,0
402;G;beam_x;60x80;0,0;-0,0;196,03354326;19,34797563;-355,17597565;-0,0;0,0;0,0;-157,54413459;-19,34797563;-307,78217031;-0,0;0,0;-0,0;196,03354326;19,34797563;-355,17597565;-0,0;0,0;0,0;-157,54413459;-19,34797563;-307,78217031;-0,0;0,0;0,0;196,03354326;19,34797563;355,17597565;0,0;0,0;0,0;157,54413459;19,34797563;307,78217031;0,0
403;G;beam_x;60x80;0,0;-0,0;196,03709318;20,79990759;-360,12381915;-0,0;0,0;0,0;-157,5476845;-20,79990759;-302,847639;-0,0;0,0;-0,0;196,03709318;20,79990759;-360,12381915;-0,0;0,0;0,0;-157,5476845;-20,79990759;-302,847639;-0,0;0,0;0,0;196,03709318;20,79990759;360,12381915;0,0;0,0;0,0;157,5476845;20,79990759;302,847639;0,0
404;G;beam_x;60x80;0,0;0,0;209,20188787;15,03445146;-389,1574166;0,0;0,0;-0,0;-170,71247919;-15,03445146;-323,18202163;0,0;0,0;0,0;209,20188787;15,03445146;-389,1574166;0,0;0,0;-0,0;-170,71247919;-15,03445146;-323,18202163;0,0;0,0;0,0;209,20188787;15,03445146;389,1574166;0,0;0,0;0,0;170,71247919;15,03445146;323,18202163;0,0
405;G;beam_y;60x80;0,0;0,0;106,40794601;79,59885393;10,96888955;-0,0;-0,0;0,0;93,03389199;-31,11790811;-10,96888955;-0,0;0,0;-0,0;106,40794601;10,96888955;-79,59885393;-0,0;0,0;0,0;93,03389199;-10,96888955;31,11790811;-0,0;0,0;0,0;106,40794601;10,96888955;79,59885393;0,0;0,0;0,0;93,03389199;10,96888955;31,11790811;0,0
406;G;beam_y;60x80;-0,0;0,0;75,45636648;24,23109056;-29,85490379;0,0;0,0;0,0;103,105341;-147,26902716;29,85490379;0,0;0,0;0,0;75,45636648;-29,85490379;-24,23109056;0,0;0,0;-0,0;103,105341;29,85490379;147,26902716;0,0;0,0;0,0;75,45636648;29,85490379;24,23109056;0,0;0,0;0,0;103,105341;29,85490379;147,26902716;0,0
407;G;beam_y;60x80;0,0;0,0;66,91762462;66,13465171;-0,58935168;-0,0;-0,0;0,0;64,45787538;-57,21806072;0,58935168;-0,0;0,0;-0,0;66,91762462;-0,58935168;-66,13465171;-0,0;0,0;0,0;64,45787538;0,58935168;57,21806072;-0,0;0,0;0,0;66,91762462;0,58935168;66,13465171;0,0;0,0;0,0;64,45787538;0,58935168;57,21806072;0,0
408;G;beam_y;60x80;-0,0;0,0;88,80695762;87,3992948;1,27053004;0,0;0,0;0,0;88,20424238;-84,71721196;-1,27053004;0,0;0,0;0,0;88,80695762;1,27053004;-87,3992948;0,0;0,0;-0,0;88,20424238;-1,27053004;84,71721196;0,0;0,0;0,0;88,80695762;1,27053004;87,3992948;0,0;0,0;0,0;88,20424238;1,27053004;84,71721196;0,0
409;G;beam_y;60x80;0,0;0,0;51,16236662;29,01671833;26,74121799;-0,0;-0,0;0,0;3,46409982;72,69983563;-26,74121799;-0,0;0,0;-0,0;51,16236662;26,74121799;-29,01671833;-0,0;0,0;0,0;3,46409982;-26,74121799;-72,69983563;-0,0;0,0;0,0;51,16236662;26,74121799;29,01671833;0,0;0,0;0,0;3,46409982;26,74121799;72,69983563;0,0
410;G;beam_y;60x80;-0,0;0,0;106,56927193;179,51099179;8,76877133;0,0;0,0;0,0;-40,80640444;162,03213821;-8,76877133;0,0;0,0;0,0;106,56927193;8,76877133;-179,51099179;0,0;0,0;-0,0;-40,80640444;-8,76877133;-162,03213821;0,0;0,0;0,0;106,56927193;8,76877133;179,51099179;0,0;0,0;0,0;40,80640444;8,76877133;162,03213821;0,0
411;G;beam_y;60x80;0,0;0,0;65,86829399;46,43902315;-31,72797959;-0,0;-0,0;0,0;-14,26896036;124,45367174;31,72797959;-0,0;0,0;-0,0;65,86829399;-31,72797959;-46,43902315;-0,0;0,0;0,0;-14,26896036;31,72797959;-124,45367174;-0,0;0,0;0,0;65,86829399;31,72797959;46,43902315;0,0;0,0;0,0;14,26896036;31,72797959;124,45367174;0,0
412;G;beam_y;60x80;-0,0;0,0;148,5720547;299,05252895;14,91470881;0,0;0,0;0,0;-85,60786759;243,65944095;-14,91470881;0,0;0,0;0,0;148,5720547;14,91470881;-299,05252895;0,0;0,0;-0,0;-85,60786759;-14,91470881;-243,65944095;0,0;0,0;0,0;148,5720547;14,91470881;299,05252895;0,0;0,0;0,0;85,60786759;14,91470881;243,65944095;0,0
413;G;beam_y;60x80;0,0;0,0;108,8244658;86,27951183;7,32795417;-0,0;-0,0;0,0;90,6173722;-20,27879752;-7,32795417;-0,0;0,0;-0,0;108,8244658;7,32795417;-86,27951183;-0,0;0,0;0,0;90,6173722;-7,32795417;20,27879752;-0,0;0,0;0,0;108,8244658;7,32795417;86,27951183;0,0;0,0;0,0;90,6173722;7,32795417;20,27879752;0,0
414;G;beam_y;60x80;-0,0;0,0;74,11926333;15,95392552;-28,13367062;0,0;0,0;0,0;104,44244415;-150,89208017;28,13367062;0,0;0,0;0,0;74,11926333;-28,13367062;-15,95392552;0,0;0,0;-0,0;104,44244415;28,13367062;150,89208017;0,0;0,0;0,0;74,11926333;28,13367062;15,95392552;0,0;0,0;0,0;104,44244415;28,13367062;150,89208017;0,0
415;G;beam_y;60x80;0,0;0,0;70,82317108;78,53472499;0,40427074;-0,0;-0,0;0,0;60,55232892;-41,30292215;-0,40427074;-0,0;0,0;-0,0;70,82317108;0,40427074;-78,53472499;-0,0;0,0;0,0;60,55232892;-0,40427074;41,30292215;-0,0;0,0;0,0;70,82317108;0,40427074;78,53472499;0,0;0,0;0,0;60,55232892;0,40427074;41,30292215;0,0
416;G;beam_y;60x80;-0,0;0,0;87,15952443;77,72652267;-0,52999478;0,0;0,0;0,0;89,85167557;-89,70659526;0,52999478;0,0;0,0;0,0;87,15952443;-0,52999478;-77,72652267;0,0;0,0;-0,0;89,85167557;0,52999478;89,70659526;0,0;0,0;0,0;87,15952443;0,52999478;77,72652267;0,0;0,0;0,0;89,85167557;0,52999478;89,70659526;0,0
417;G;beam_y;60x80;-0,0;0,0;55,02050458;38,46447185;24,03050767;0,0;0,0;0,0;-0,39403814;79,70704049;-24,03050767;0,0;0,0;0,0;55,02050458;24,03050767;-38,46447185;0,0;0,0;-0,0;-0,39403814;-24,03050767;-79,70704049;0,0;0,0;0,0;55,02050458;24,03050767;38,46447185;0,0;0,0;0,0;0,39403814;24,03050767;79,70704049;0,0
418;G;beam_y;60x80;-0,0;0,0;105,47527123;171,09690393;10,40971643;0,0;0,0;0,0;-39,71240373;165,3755328;-10,40971643;0,0;0,0;0,0;105,47527123;10,40971643;-171,09690393;0,0;0,0;-0,0;-39,71240373;-10,40971643;-165,3755328;0,0;0,0;0,0;105,47527123;10,40971643;171,09690393;0,0;0,0;0,0;39,71240373;10,40971643;165,3755328;0,0
419;G;beam_y;60x80;-0,0;0,0;70,33161846;59,53364437;-32,32936849;0,0;0,0;0,0;-18,73228484;130,39512942;32,32936849;0,0;0,0;0,0;70,33161846;-32,32936849;-59,53364437;0,0;0,0;-0,0;-18,73228484;32,32936849;-130,39512942;0,0;0,0;0,0;70,33161846;32,32936849;59,53364437;0,0;0,0;0,0;18,73228484;32,32936849;130,39512942;0,0
420;G;beam_y;60x80;-0,0;0,0;144,63107549;284,04806831;21,95528945;0,0;0,0;0,0;-81,66688838;240,39746296;-21,95528945;0,0;0,0;0,0;144,63107549;21,95528945;-284,04806831;0,0;0,0;-0,0;-81,66688838;-21,95528945;-240,39746296;0,0;0,0;0,0;144,63107549;21,95528945;284,04806831;0,0;0,0;0,0;81,66688838;21,95528945;240,39746296;0,0
421;G;beam_y;60x80;-0,0;0,0;110,03044997;88,4654285;4,77648541;0,0;0,0;0,0;89,41138803;-13,721329;-4,77648541;0,0;0,0;0,0;110,03044997;4,77648541;-88,4654285;0,0;0,0;-0,0;89,41138803;-4,77648541;13,721329;0,0;0,0;0,0;110,03044997;4,77648541;88,4654285;0,0;0,0;0,0;89,41138803;4,77648541;13,721329;0,0
422;G;beam_y;60x80;-0,0;0,0;73,36429065;10,00735771;-26,00189721;0,0;0,0;0,0;105,19741683;-151,66476918;26,00189721;0,0;0,0;0,0;73,36429065;-26,00189721;-10,00735771;0,0;0,0;-0,0;105,19741683;26,00189721;151,66476918;0,0;0,0;0,0;73,36429065;26,00189721;10,00735771;0,0;0,0;0,0;105,19741683;26,00189721;151,66476918;0,0
423;G;beam_y;60x80;-0,0;0,0;72,70676699;83,31393996;0,87813693;0,0;0,0;0,0;58,66873301;-32,42606676;-0,87813693;0,0;0,0;0,0;72,70676699;0,87813693;-83,31393996;0,0;0,0;-0,0;58,66873301;-0,87813693;32,42606676;0,0;0,0;0,0;72,70676699;0,87813693;83,31393996;0,0;0,0;0,0;58,66873301;0,87813693;32,42606676;0,0
424;G;beam_y;60x80;-0,0;0,0;86,16153678;70,47816594;-1,57385684;0,0;0,0;0,0;90,84966322;-91,34032859;1,57385684;0,0;0,0;0,0;86,16153678;-1,57385684;-70,47816594;0,0;0,0;-0,0;90,84966322;1,57385684;91,34032859;0,0;0,0;0,0;86,16153678;1,57385684;70,47816594;0,0;0,0;0,0;90,84966322;1,57385684;91,34032859;0,0
425;G;beam_y;60x80;-0,0;0,0;57,10322681;42,76186636;22,69328286;0,0;0,0;0,0;-2,47676037;84,2924563;-22,69328286;0,0;0,0;0,0;57,10322681;22,69328286;-42,76186636;0,0;0,0;-0,0;-2,47676037;-22,69328286;-84,2924563;0,0;0,0;0,0;57,10322681;22,69328286;42,76186636;0,0;0,0;0,0;2,47676037;22,69328286;84,2924563;0,0
426;G;beam_y;60x80;0,0;0,0;104,53975221;163,42558958;12,36989339;-0,0;-0,0;0,0;-38,77688471;168,71071649;-12,36989339;-0,0;0,0;-0,0;104,53975221;12,36989339;-163,42558958;-0,0;0,0;0,0;-38,77688471;-12,36989339;-168,71071649;-0,0;0,0;0,0;104,53975221;12,36989339;163,42558958;0,0;0,0;0,0;38,77688471;12,36989339;168,71071649;0,0
427;G;beam_y;60x80;-0,0;0,0;72,51426714;65,3608012;-31,94981284;0,0;0,0;0,0;-20,91493351;133,87696919;31,94981284;0,0;0,0;0,0;72,51426714;-31,94981284;-65,3608012;0,0;0,0;-0,0;-20,91493351;31,94981284;-133,87696919;0,0;0,0;0,0;72,51426714;31,94981284;65,3608012;0,0;0,0;0,0;20,91493351;31,94981284;133,87696919;0,0
428;G;beam_y;60x80;0,0;0,0;141,40897684;270,07318511;23,4858934;-0,0;-0,0;0,0;-78,44478973;239,43791892;-23,4858934;-0,0;0,0;-0,0;141,40897684;23,4858934;-270,07318511;-0,0;0,0;0,0;-78,44478973;-23,4858934;-239,43791892;-0,0;0,0;0,0;141,40897684;23,4858934;270,07318511;0,0;0,0;0,0;78,44478973;23,4858934;239,43791892;0,0
429;G;beam_y;60x80;-0,0;0,0;111,470742;91,98749408;2,76676106;0,0;0,0;0,0;87,971096;-6,80127733;-2,76676106;0,0;0,0;0,0;111,470742;2,76676106;-91,98749408;0,0;0,0;-0,0;87,971096;-2,76676106;6,80127733;0,0;0,0;0,0;111,470742;2,76676106;91,98749408;0,0;0,0;0,0;87,971096;2,76676106;6,80127733;0,0
430;G;beam_y;60x80;0,0;0,0;71,57866575;3,06779308;-26,20373204;-0,0;-0,0;0,0;106,98304173;-160,61726618;26,20373204;-0,0;0,0;-0,0;71,57866575;-26,20373204;-3,06779308;-0,0;0,0;0,0;106,98304173;26,20373204;160,61726618;-0,0;0,0;0,0;71,57866575;26,20373204;3,06779308;0,0;0,0;0,0;106,98304173;26,20373204;160,61726618;0,0
431;G;beam_y;60x80;-0,0;0,0;74,73281414;89,74907971;1,73640702;0,0;0,0;0,0;56,64268586;-24,17236471;-1,73640702;0,0;0,0;0,0;74,73281414;1,73640702;-89,74907971;0,0;0,0;-0,0;56,64268586;-1,73640702;24,17236471;0,0;0,0;0,0;74,73281414;1,73640702;89,74907971;0,0;0,0;0,0;56,64268586;1,73640702;24,17236471;0,0
432;G;beam_y;60x80;0,0;0,0;84,81273118;64,77833136;-2,67265358;-0,0;-0,0;0,0;92,19846882;-97,6448639;2,67265358;-0,0;0,0;-0,0;84,81273118;-2,67265358;-64,77833136;-0,0;0,0;0,0;92,19846882;2,67265358;97,6448639;-0,0;0,0;0,0;84,81273118;2,67265358;64,77833136;0,0;0,0;0,0;92,19846882;2,67265358;97,6448639;0,0
433;G;beam_y;60x80;-0,0;0,0;59,0345774;47,57222838;22,04875342;0,0;0,0;0,0;-4,40811096;87,71930454;-22,04875342;0,0;0,0;0,0;59,0345774;22,04875342;-47,57222838;0,0;0,0;-0,0;-4,40811096;-22,04875342;-87,71930454;0,0;0,0;0,0;59,0345774;22,04875342;47,57222838;0,0;0,0;0,0;4,40811096;22,04875342;87,71930454;0,0
434;G;beam_y;60x80;-0,0;0,0;104,00172332;159,03231952;12,24019933;0,0;0,0;0,0;-38,23885583;170,61022266;-12,24019933;0,0;0,0;0,0;104,00172332;12,24019933;-159,03231952;0,0;0,0;-0,0;-38,23885583;-12,24019933;-170,61022266;0,0;0,0;0,0;104,00172332;12,24019933;159,03231952;0,0;0,0;0,0;38,23885583;12,24019933;170,61022266;0,0
435;G;beam_y;60x80;-0,0;0,0;73,71868065;69,77670984;-31,67860603;0,0;0,0;0,0;-22,11934703;134,59788419;31,67860603;0,0;0,0;0,0;73,71868065;-31,67860603;-69,77670984;0,0;0,0;-0,0;-22,11934703;31,67860603;-134,59788419;0,0;0,0;0,0;73,71868065;31,67860603;69,77670984;0,0;0,0;0,0;22,11934703;31,67860603;134,59788419;0,0
436;G;beam_y;60x80;-0,0;0,0;138,45269261;259,77223175;27,16234763;0,0;0,0;0,0;-75,48850551;236,0364949;-27,16234763;0,0;0,0;0,0;138,45269261;27,16234763;-259,77223175;0,0;0,0;-0,0;-75,48850551;-27,16234763;-236,0364949;0,0;0,0;0,0;138,45269261;27,16234763;259,77223175;0,0;0,0;0,0;75,48850551;27,16234763;236,0364949;0,0
437;G;beam_y;60x80;0,0;0,0;107,25860285;85,52726712;5,73586307;-0,0;-0,0;0,0;92,18323515;-30,87905918;-5,73586307;-0,0;0,0;-0,0;107,25860285;5,73586307;-85,52726712;-0,0;0,0;0,0;92,18323515;-5,73586307;30,87905918;-0,0;0,0;0,0;107,25860285;5,73586307;85,52726712;0,0;0,0;0,0;92,18323515;5,73586307;30,87905918;0,0
438;G;beam_y;60x80;0,0;0,0;119,23910711;44,7151138;-23,3073009;-0,0;-0,0;0,0;150,48170889;-183,74469171;23,3073009;-0,0;0,0;-0,0;119,23910711;-23,3073009;-44,7151138;-0,0;0,0;0,0;150,48170889;23,3073009;183,74469171;-0,0;0,0;0,0;119,23910711;23,3073009;44,7151138;0,0;0,0;0,0;150,48170889;23,3073009;183,74469171;0,0
439;G;beam_y;60x80;0,0;0,0;71,56678683;74,99427456;-0,94673865;-0,0;-0,0;0,0;59,80871317;-32,37125756;0,94673865;-0,0;0,0;-0,0;71,56678683;-0,94673865;-74,99427456;-0,0;0,0;0,0;59,80871317;0,94673865;32,37125756;-0,0;0,0;0,0;71,56678683;0,94673865;74,99427456;0,0;0,0;0,0;59,80871317;0,94673865;32,37125756;0,0
440;G;beam_y;60x80;0,0;0,0;86,96490817;64,31357048;-0,0161035;-0,0;-0,0;0,0;90,04629183;-78,02572774;0,0161035;-0,0;0,0;-0,0;86,96490817;-0,0161035;-64,31357048;-0,0;0,0;0,0;90,04629183;0,0161035;78,02572774;-0,0;0,0;0,0;86,96490817;0,0161035;64,31357048;0,0;0,0;0,0;90,04629183;0,0161035;78,02572774;0,0
441;G;beam_y;60x80;0,0;0,0;53,073787;30,34467739;47,58614809;-0,0;-0,0;0,0;1,55267944;79,52408448;-47,58614809;-0,0;0,0;-0,0;53,073787;47,58614809;-30,34467739;-0,0;0,0;0,0;1,55267944;-47,58614809;-79,52408448;-0,0;0,0;0,0;53,073787;47,58614809;30,34467739;0,0;0,0;0,0;1,55267944;47,58614809;79,52408448;0,0
442;G;beam_y;60x80;0,0;0,0;109,56459098;186,43269169;2,08221531;-0,0;-0,0;0,0;-43,80172348;168,99374207;-2,08221531;-0,0;0,0;-0,0;109,56459098;2,08221531;-186,43269169;-0,0;0,0;0,0;-43,80172348;-2,08221531;-168,99374207;-0,0;0,0;0,0;109,56459098;2,08221531;186,43269169;0,0;0,0;0,0;43,80172348;2,08221531;168,99374207;0,0
443;G;beam_y;60x80;0,0;0,0;50,91270204;11,36790743;-34,32925516;-0,0;-0,0;0,0;0,68663159;95,73918781;34,32925516;-0,0;0,0;-0,0;50,91270204;-34,32925516;-11,36790743;-0,0;0,0;0,0;0,68663159;34,32925516;-95,73918781;-0,0;0,0;0,0;50,91270204;34,32925516;11,36790743;0,0;0,0;0,0;0,68663159;34,32925516;95,73918781;0,0
444;G;beam_y;60x80;0,0;0,0;148,19897816;308,2944957;19,06882931;-0,0;-0,0;0,0;-85,23479105;232,68826443;-19,06882931;-0,0;0,0;-0,0;148,19897816;19,06882931;-308,2944957;-0,0;0,0;0,0;-85,23479105;-19,06882931;-232,68826443;-0,0;0,0;0,0;148,19897816;19,06882931;308,2944957;0,0;0,0;0,0;85,23479105;19,06882931;232,68826443;0,0
445;G;wall;30x725;13,33626626;5,96626266;378,77790925;-7,70442044;26,55761564;14,3125837;-13,33626626;-5,96626266;-378,77790925;-13,53547464;20,91949223;-14,3125837;378,77790925;-5,96626266;13,33626626;14,3125837;-26,55761564;-7,70442044;-378,77790925;5,96626266;-13,33626626;-14,3125837;-20,91949223;-13,53547464;378,77790925;5,96626266;13,33626626;14,3125837;26,55761564;7,70442044;378,77790925;5,96626266;13,33626626;14,3125837;20,91949223;13,53547464
446;G;wall;30x1000;-195,71658695;0,01357378;154,66163622;-113,1820911;625,09500696;40,20936124;195,71658695;-0,01357378;-154,66163622;113,13376843;224,77030574;-40,34509907;236,25179114;-0,01357378;80,06431984;120,11233198;-625,09500696;-0,07862921;-236,25179114;0,01357378;-80,06431984;-120,11233198;-224,77030574;-0,06545355;236,25179114;0,01357378;80,06431984;120,11233198;625,09500696;0,07862921;236,25179114;0,01357378;80,06431984;120,11233198;224,77030574;0,06545355
447;G;wall;30x725;29,39112761;3,80026903;651,78688535;-5,58851636;312,46849711;0,0931989;-29,39112761;-3,80026903;-651,78688535;-7,94044137;-207,83608283;-0,0931989;651,78688535;-3,80026903;29,39112761;0,0931989;-312,46849711;-5,58851636;-651,78688535;3,80026903;-29,39112761;-0,0931989;207,83608283;-7,94044137;651,78688535;3,80026903;29,39112761;0,0931989;312,46849711;5,58851636;651,78688535;3,80026903;29,39112761;0,0931989;207,83608283;7,94044137
448;G;wall;30x725;24,306329;17,83389313;303,74514768;-28,12260926;148,72368028;-2,17160019;-24,306329;-17,83389313;-303,74514768;-35,36605028;-62,19314903;2,17160019;303,74514768;-17,83389313;24,306329;-2,17160019;-148,72368028;-28,12260926;-303,74514768;17,83389313;-24,306329;2,17160019;62,19314903;-35,36605028;303,74514768;17,83389313;24,306329;2,17160019;148,72368028;28,12260926;303,74514768;17,83389313;24,306329;2,17160019;62,19314903;35,36605028
449;G;wall;30x890;6,99724294;-7,7774907;319,325545;8,80814898;7,49676296;-9,18967522;-6,99724294;7,7774907;-319,325545;18,87971791;17,4134219;9,18967522;319,325545;7,7774907;6,99724294;-9,18967522;-7,49676296;8,80814898;-319,325545;-7,7774907;-6,99724294;9,18967522;-17,4134219;18,87971791;319,325545;7,7774907;6,99724294;9,18967522;7,49676296;8,80814898;319,325545;7,7774907;6,99724294;9,18967522;17,4134219;18,87971791
450;G;wall;30x615;5,1389346;4,87435366;237,81109606;-6,53798791;75,68536472;-5,51470958;-5,1389346;-4,87435366;-237,81109606;-10,81471112;-57,39075755;5,51470958;237,81109606;-4,87435366;5,1389346;-5,51470958;-75,68536472;-6,53798791;-237,81109606;4,87435366;-5,1389346;5,51470958;57,39075755;-10,81471112;237,81109606;4,87435366;5,1389346;5,51470958;75,68536472;6,53798791;237,81109606;4,87435366;5,1389346;5,51470958;57,39075755;10,81471112
451;G;wall;30x1000;-157,10747436;0,00627353;136,65301683;84,42774585;572,86336375;-30,06154118;157,10747436;-0,00627353;-136,65301683;-84,45007961;234,36419582;29,9988059;193,83906851;-0,00627353;76,04749193;-89,61997826;-572,86336375;-0,00495879;-193,83906851;0,00627353;-76,04749193;89,61997826;-234,36419582;-0,06163333;193,83906851;0,00627353;76,04749193;89,61997826;572,86336375;0,00495879;193,83906851;0,00627353;76,04749193;89,61997826;234,36419582;0,06163333
452;G;wall;30x725;22,35546846;15,72238938;291,17465581;-22,38883241;17,29461969;1,09257595;-22,35546846;-15,72238938;-291,17465581;-33,58287377;62,29084801;-1,09257595;291,17465581;-15,72238938;22,35546846;1,09257595;-17,29461969;-22,38883241;-291,17465581;15,72238938;-22,35546846;-1,09257595;-62,29084801;-33,58287377;291,17465581;15,72238938;22,35546846;1,09257595;17,29461969;22,38883241;291,17465581;15,72238938;22,35546846;1,09257595;62,29084801;33,58287377
453;G;wall;30x890;11,77839244;2,09326445;292,00230762;-7,22186283;-11,43351602;0,36264399;-11,77839244;-2,09326445;-292,00230762;-0,23015863;53,36459312;-0,36264399;292,00230762;-2,09326445;11,77839244;0,36264399;11,43351602;-7,22186283;-292,00230762;2,09326445;-11,77839244;-0,36264399;-53,36459312;-0,23015863;292,00230762;2,09326445;11,77839244;0,36264399;11,43351602;7,22186283;292,00230762;2,09326445;11,77839244;0,36264399;53,36459312;0,23015863
454;G;wall;25x158;-2,48808151;0,07370603;190,4733144;-0,20090065;8,56523033;0,12148091;2,48808151;-0,07370603;-190,4733144;-0,06149281;-17,4228005;-0,12148091;190,4733144;-0,07370603;-2,48808151;0,12148091;-8,56523033;-0,20090065;-190,4733144;0,07370603;2,48808151;-0,12148091;17,4228005;-0,06149281;190,4733144;0,07370603;2,48808151;0,12148091;8,56523033;0,20090065;190,4733144;0,07370603;2,48808151;0,12148091;17,4228005;0,06149281
455;G;wall;25x365;-8,11932877;0,14472655;53,4188285;-0,51522652;166,07391362;-0,0062421;8,11932877;-0,14472655;-53,4188285;0,0;-0,0;-0,52200981;43,11085028;-0,14472655;32,57221709;0,36448072;-166,07391362;-0,36421303;-43,11085028;0,14472655;-32,57221709;-0,36448072;0,0;-0,37369512;43,11085028;0,14472655;32,57221709;0,36448072;166,07391362;0,36421303;43,11085028;0,14472655;32,57221709;0,36448072;0,0;0,37369512
456;G;wall;25x158;-2,48808151;0,08113187;190,4733144;-0,20412666;8,56523033;0,12148091;2,48808151;-0,08113187;-190,4733144;-0,08470279;-17,4228005;-0,12148091;190,4733144;-0,08113187;-2,48808151;0,12148091;-8,56523033;-0,20412666;-190,4733144;0,08113187;2,48808151;-0,12148091;17,4228005;-0,08470279;190,4733144;0,08113187;2,48808151;0,12148091;8,56523033;0,20412666;190,4733144;0,08113187;2,48808151;0,12148091;17,4228005;0,08470279
457;G;wall;25x365;76,83885318;0,77745294;53,4188285;-2,76773246;468,52504135;-0,06381705;-76,83885318;-0,77745294;-53,4188285;0,0;-0,0;-2,77388617;-17,70880793;-0,77745294;91,8922125;1,93679892;-468,52504135;-1,97818743;17,70880793;0,77745294;-91,8922125;-1,93679892;0,0;-1,98576294;17,70880793;0,77745294;91,8922125;1,93679892;468,52504135;1,97818743;17,70880793;0,77745294;91,8922125;1,93679892;0,0;1,98576294
458;G;wall;25x158;2,91888086;-0,44794538;157,3657416;0,06149281;17,4228005;0,24091675;-2,91888086;0,44794538;-157,3657416;1,53319276;-7,03158462;-0,24091675;157,3657416;0,44794538;2,91888086;0,24091675;-17,4228005;0,06149281;-157,3657416;-0,44794538;-2,91888086;-0,24091675;7,03158462;1,53319276;157,3657416;0,44794538;2,91888086;0,24091675;17,4228005;0,06149281;157,3657416;0,44794538;2,91888086;0,24091675;7,03158462;1,53319276
459;G;wall;25x158;2,91888086;-0,47500944;157,3657416;0,08470279;17,4228005;0,24091675;-2,91888086;0,47500944;-157,3657416;1,60633083;-7,03158462;-0,24091675;157,3657416;0,47500944;2,91888086;0,24091675;-17,4228005;0,08470279;-157,3657416;-0,47500944;-2,91888086;-0,24091675;7,03158462;1,60633083;157,3657416;0,47500944;2,91888086;0,24091675;17,4228005;0,08470279;157,3657416;0,47500944;2,91888086;0,24091675;7,03158462;1,60633083
460;G;wall;25x365;128,96133982;2,86844138;53,4188285;-10,21165132;654,08109379;-0,41040382;-128,96133982;-2,86844138;-53,4188285;0,0;-0,0;-10,05940722;-55,02212785;-2,86844138;128,28547795;7,02373775;-654,08109379;-7,42383741;55,02212785;2,86844138;-128,28547795;-7,02373775;0,0;-7,20130416;55,02212785;2,86844138;128,28547795;7,02373775;654,08109379;7,42383741;55,02212785;2,86844138;128,28547795;7,02373775;0,0;7,20130416
461;G;wall;25x158;-0,57665317;0,75418484;124,2581688;-1,53319276;7,03158462;-1,48917876;0,57665317;-0,75418484;-124,2581688;-1,15170526;-9,08446992;1,48917876;124,2581688;-0,75418484;-0,57665317;-1,48917876;-7,03158462;-1,53319276;-124,2581688;0,75418484;0,57665317;1,48917876;9,08446992;-1,15170526;124,2581688;0,75418484;0,57665317;1,48917876;7,03158462;1,53319276;124,2581688;0,75418484;0,57665317;1,48917876;9,08446992;1,15170526
462;G;wall;25x158;-0,57665317;0,78334738;124,2581688;-1,60633083;7,03158462;-1,48917876;0,57665317;-0,78334738;-124,2581688;-1,18238585;-9,08446992;1,48917876;124,2581688;-0,78334738;-0,57665317;-1,48917876;-7,03158462;-1,60633083;-124,2581688;0,78334738;0,57665317;1,48917876;9,08446992;-1,18238585;124,2581688;0,78334738;0,57665317;1,48917876;7,03158462;1,60633083;124,2581688;0,78334738;0,57665317;1,48917876;9,08446992;1,18238585
463;G;wall;25x365;220,57844994;2,19895631;53,4188285;-7,82828445;980,23800582;-0,34857594;-220,57844994;-2,19895631;-53,4188285;0,0;-0,0;-7,67761458;-120,60876349;-2,19895631;192,25490888;5,36070866;-980,23800582;-5,71544796;120,60876349;2,19895631;-192,25490888;-5,36070866;0,0;-5,4962322;120,60876349;2,19895631;192,25490888;5,36070866;980,23800582;5,71544796;120,60876349;2,19895631;192,25490888;5,36070866;0,0;5,4962322
464;G;wall;25x158;-11,18813035;-0,74459207;91,150596;1,15170526;9,08446992;-1,60320994;11,18813035;0,74459207;-91,150596;1,49904252;-48,91421396;1,60320994;91,150596;0,74459207;-11,18813035;-1,60320994;-9,08446992;1,15170526;-91,150596;-0,74459207;11,18813035;1,60320994;48,91421396;1,49904252;91,150596;0,74459207;11,18813035;1,60320994;9,08446992;1,15170526;91,150596;0,74459207;11,18813035;1,60320994;48,91421396;1,49904252
465;G;wall;25x158;-11,18813035;-0,77155701;91,150596;1,18238585;9,08446992;-1,60320994;11,18813035;0,77155701;-91,150596;1,5643571;-48,91421396;1,60320994;91,150596;0,77155701;-11,18813035;-1,60320994;-9,08446992;1,18238585;-91,150596;-0,77155701;11,18813035;1,60320994;48,91421396;1,5643571;91,150596;0,77155701;11,18813035;1,60320994;9,08446992;1,18238585;91,150596;0,77155701;11,18813035;1,60320994;48,91421396;1,5643571
466;G;wall;25x365;333,93396036;3,54927747;53,4188285;-12,63542781;1383,78362292;-0,57442238;-333,93396036;-3,54927747;-53,4188285;0,0;-0,0;-12,38044041;-201,75743266;-3,54927747;271,40265196;8,64434303;-1383,78362292;-9,23359792;201,75743266;3,54927747;-271,40265196;-8,64434303;0,0;-8,86287979;201,75743266;3,54927747;271,40265196;8,64434303;1383,78362292;9,23359792;201,75743266;3,54927747;271,40265196;8,64434303;0,0;8,86287979
467;G;wall;25x158;13,73994774;0,42107936;37,2984048;-1,49904252;48,91421396;-31,43402344;-13,73994774;-0,42107936;-37,2984048;0,0;-0,0;31,43402344;37,2984048;-0,42107936;13,73994774;-31,43402344;-48,91421396;-1,49904252;-37,2984048;0,42107936;-13,73994774;31,43402344;0,0;0,0;37,2984048;0,42107936;13,73994774;31,43402344;48,91421396;1,49904252;37,2984048;0,42107936;13,73994774;31,43402344;0,0;0,0
468;G;wall;25x158;13,73994774;0,43942615;37,2984048;-1,5643571;48,91421396;-31,43402344;-13,73994774;-0,43942615;-37,2984048;0,0;-0,0;31,43402344;37,2984048;-0,43942615;13,73994774;-31,43402344;-48,91421396;-1,5643571;-37,2984048;0,43942615;-13,73994774;31,43402344;0,0;0,0;37,2984048;0,43942615;13,73994774;31,43402344;48,91421396;1,5643571;37,2984048;0,43942615;13,73994774;31,43402344;0,0;0,0
469;G;wall;30x225;-6,37873406;0,17894347;287,53298352;-0,4902725;30,51732513;0,42098399;6,37873406;-0,17894347;-287,53298352;-0,14676625;-53,22561838;-0,42098399;287,53298352;-0,17894347;-6,37873406;0,42098399;-30,51732513;-0,4902725;-287,53298352;0,17894347;6,37873406;-0,42098399;53,22561838;-0,14676625;287,53298352;0,17894347;6,37873406;0,42098399;30,51732513;0,4902725;287,53298352;0,17894347;6,37873406;0,42098399;53,22561838;0,14676625
470;G;wall;30x310;2,96371084;0,31235245;59,34910624;-1,1119747;194,53303996;0,16405671;-2,96371084;-0,31235245;-59,34910624;-0,0;-0,0;-1,13234929;42,81180788;-0,31235245;41,209818;0,8539604;-194,53303996;-0,73085838;-42,81180788;0,31235245;-41,209818;-0,8539604;0,0;-0,74361721;42,81180788;0,31235245;41,209818;0,8539604;194,53303996;0,73085838;42,81180788;0,31235245;41,209818;0,8539604;0,0;0,74361721
471;G;wall;30x225;-6,37873406;0,19384753;287,53298352;-0,49663862;30,51732513;0,42098399;6,37873406;-0,19384753;-287,53298352;-0,19345859;-53,22561838;-0,42098399;287,53298352;-0,19384753;-6,37873406;0,42098399;-30,51732513;-0,49663862;-287,53298352;0,19384753;6,37873406;-0,42098399;53,22561838;-0,19345859;287,53298352;0,19384753;6,37873406;0,42098399;30,51732513;0,49663862;287,53298352;0,19384753;6,37873406;0,42098399;53,22561838;0,19345859
472;G;wall;30x310;112,56987445;1,67346301;59,34910624;-5,95752833;584,73098241;0,81236264;-112,56987445;-1,67346301;-59,34910624;0,0;-0,0;-6,00009798;-29,16689132;-1,67346301;123,8692274;4,52496957;-584,73098241;-3,9593847;29,16689132;1,67346301;-123,8692274;-4,52496957;0,0;-3,94028249;29,16689132;1,67346301;123,8692274;4,52496957;584,73098241;3,9593847;29,16689132;1,67346301;123,8692274;4,52496957;0,0;3,94028249
473;G;wall;30x310;217,97739831;6,14856695;59,34910624;-21,88889834;959,98176732;2,59905794;-217,97739831;-6,14856695;-59,34910624;0,0;-0,0;-21,65961548;-98,38833109;-6,14856695;203,36223565;16,33458343;-959,98176732;-14,80068772;98,38833109;6,14856695;-203,36223565;-16,33458343;0,0;-14,22393501;98,38833109;6,14856695;203,36223565;16,33458343;959,98176732;14,80068772;98,38833109;6,14856695;203,36223565;16,33458343;0,0;14,22393501
474;G;wall;30x310;341,313156;4,70851529;59,34910624;-16,76231442;1399,05706471;1,91515502;-341,313156;-4,70851529;-59,34910624;0,0;-0,0;-16,51155241;-179,38329625;-4,70851529;296,37580855;12,45217536;-1399,05706471;-11,38359926;179,38329625;4,70851529;-296,37580855;-12,45217536;0,0;-10,84318641;179,38329625;4,70851529;296,37580855;12,45217536;1399,05706471;11,38359926;179,38329625;4,70851529;296,37580855;12,45217536;0,0;10,84318641
475;G;wall;30x310;515,15450721;7,59815535;59,34910624;-27,04943306;2017,932275;3,06435547;-515,15450721;-7,59815535;-59,34910624;0,0;0,0;-26,61863706;-293,54543745;-7,59815535;427,47813845;20,07442598;-2017,932275;-18,38693897;293,54543745;7,59815535;-427,47813845;-20,07442598;-0,0;-17,48053948;293,54543745;7,59815535;427,47813845;20,07442598;2017,932275;18,38693897;293,54543745;7,59815535;427,47813845;20,07442598;0,0;17,48053948
476;G;wall;30x225;1,81880772;-1,09603713;230,95675152;0,14676625;53,22561838;0,83488091;-1,81880772;1,09603713;-230,95675152;3,75512594;-46,7506629;-0,83488091;230,95675152;1,09603713;1,81880772;0,83488091;-53,22561838;0,14676625;-230,95675152;-1,09603713;-1,81880772;-0,83488091;46,7506629;3,75512594;230,95675152;1,09603713;1,81880772;0,83488091;53,22561838;0,14676625;230,95675152;1,09603713;1,81880772;0,83488091;46,7506629;3,75512594
477;G;wall;30x225;1,81880772;-1,15044926;230,95675152;0,19345859;53,22561838;0,83488091;-1,81880772;1,15044926;-230,95675152;3,90214077;-46,7506629;-0,83488091;230,95675152;1,15044926;1,81880772;0,83488091;-53,22561838;0,19345859;-230,95675152;-1,15044926;-1,81880772;-0,83488091;46,7506629;3,90214077;230,95675152;1,15044926;1,81880772;0,83488091;53,22561838;0,19345859;230,95675152;1,15044926;1,81880772;0,83488091;46,7506629;3,90214077
478;G;wall;30x225;5,50008561;1,817741;174,38051952;-3,75512594;46,7506629;-5,16064962;-5,50008561;-1,817741;-174,38051952;-2,71603201;-27,17035813;5,16064962;174,38051952;-1,817741;5,50008561;-5,16064962;-46,7506629;-3,75512594;-174,38051952;1,817741;-5,50008561;5,16064962;27,17035813;-2,71603201;174,38051952;1,817741;5,50008561;5,16064962;46,7506629;3,75512594;174,38051952;1,817741;5,50008561;5,16064962;27,17035813;2,71603201
479;G;wall;30x225;5,50008561;1,87524998;174,38051952;-3,90214077;46,7506629;-5,16064962;-5,50008561;-1,87524998;-174,38051952;-2,77374917;-27,17035813;5,16064962;174,38051952;-1,87524998;5,50008561;-5,16064962;-46,7506629;-3,90214077;-174,38051952;1,87524998;-5,50008561;5,16064962;27,17035813;-2,77374917;174,38051952;1,87524998;5,50008561;5,16064962;46,7506629;3,90214077;174,38051952;1,87524998;5,50008561;5,16064962;27,17035813;2,77374917
480;G;wall;30x225;-39,98484877;-1,67240806;117,80428752;2,71603201;27,17035813;-5,55581704;39,98484877;1,67240806;-117,80428752;3,2377407;-169,51641976;5,55581704;117,80428752;1,67240806;-39,98484877;-5,55581704;-27,17035813;2,71603201;-117,80428752;-1,67240806;39,98484877;5,55581704;169,51641976;3,2377407;117,80428752;1,67240806;39,98484877;5,55581704;27,17035813;2,71603201;117,80428752;1,67240806;39,98484877;5,55581704;169,51641976;3,2377407
481;G;wall;30x225;-39,98484877;-1,72112955;117,80428752;2,77374917;27,17035813;-5,55581704;39,98484877;1,72112955;-117,80428752;3,35347203;-169,51641976;5,55581704;117,80428752;1,72112955;-39,98484877;-5,55581704;-27,17035813;2,77374917;-117,80428752;-1,72112955;39,98484877;5,55581704;169,51641976;3,35347203;117,80428752;1,72112955;39,98484877;5,55581704;27,17035813;2,77374917;117,80428752;1,72112955;39,98484877;5,55581704;169,51641976;3,35347203
482;G;wall;30x225;47,61697184;0,90947772;44,75808576;-3,2377407;169,51641976;-37,72082813;-47,61697184;-0,90947772;-44,75808576;0,0;0,0;37,72082813;44,75808576;-0,90947772;47,61697184;-37,72082813;-169,51641976;-3,2377407;-44,75808576;0,90947772;-47,61697184;37,72082813;-0,0;0,0;44,75808576;0,90947772;47,61697184;37,72082813;169,51641976;3,2377407;44,75808576;0,90947772;47,61697184;37,72082813;0,0;0,0
483;G;wall;30x225;47,61697184;0,94198653;44,75808576;-3,35347203;169,51641976;-37,72082813;-47,61697184;-0,94198653;-44,75808576;0,0;0,0;37,72082813;44,75808576;-0,94198653;47,61697184;-37,72082813;-169,51641976;-3,35347203;-44,75808576;0,94198653;-47,61697184;37,72082813;-0,0;0,0;44,75808576;0,94198653;47,61697184;37,72082813;169,51641976;3,35347203;44,75808576;0,94198653;47,61697184;37,72082813;0,0;0,0
588;G;beam_x;30x80;-0,0;0,0;-17,32952421;-49,33713845;-28,54063297;-0,0;0,0;-0,0;41,50953071;49,33713845;-81,782595;-0,0;0,0;-0,0;-17,32952421;49,33713845;28,54063297;-0,0;0,0;0,0;41,50953071;-49,33713845;81,782595;-0,0;0,0;0,0;17,32952421;49,33713845;28,54063297;0,0;0,0;0,0;41,50953071;49,33713845;81,782595;0,0
589;G;beam_x;30x80;0,0;0,0;41,87552192;8,85936493;44,41037742;-0,0;0,0;-0,0;-3,79076707;-8,85936493;41,21391443;-0,0;0,0;-0,0;41,87552192;-8,85936493;-44,41037742;-0,0;0,0;0,0;-3,79076707;8,85936493;-41,21391443;-0,0;0,0;0,0;41,87552192;8,85936493;44,41037742;0,0;0,0;0,0;3,79076707;8,85936493;41,21391443;0,0
590;G;beam_x;30x80;0,0;0,0;9,48398563;43,61249047;23,26894432;-0,0;0,0;-0,0;14,69602087;-43,61249047;-33,04151042;-0,0;0,0;-0,0;9,48398563;-43,61249047;-23,26894432;-0,0;0,0;0,0;14,69602087;43,61249047;33,04151042;-0,0;0,0;0,0;9,48398563;43,61249047;23,26894432;0,0;0,0;0,0;14,69602087;43,61249047;33,04151042;0,0
591;G;beam_x;30x80;0,0;0,0;35,85855867;-3,85078505;21,27205284;-0,0;0,0;-0,0;3,03550383;3,85078505;40,271175;-0,0;0,0;-0,0;35,85855867;3,85078505;-21,27205284;-0,0;0,0;0,0;3,03550383;-3,85078505;-40,271175;-0,0;0,0;0,0;35,85855867;3,85078505;21,27205284;0,0;0,0;0,0;3,03550383;3,85078505;40,271175;0,0
592;G;beam_x;30x80;0,0;-0,0;-9,13603501;-45,29951559;-14,83314881;0,0;0,0;0,0;33,31604151;45,29951559;-64,76449468;0,0;0,0;0,0;-9,13603501;45,29951559;14,83314881;0,0;0,0;-0,0;33,31604151;-45,29951559;64,76449468;0,0;0,0;0,0;9,13603501;45,29951559;14,83314881;0,0;0,0;0,0;33,31604151;45,29951559;64,76449468;0,0
593;G;beam_x;30x80;0,0;0,0;39,67637733;6,28803436;38,88092325;-0,0;0,0;-0,0;-1,59162248;-6,28803436;38,4965764;-0,0;0,0;-0,0;39,67637733;-6,28803436;-38,88092325;-0,0;0,0;0,0;-1,59162248;6,28803436;-38,4965764;-0,0;0,0;0,0;39,67637733;6,28803436;38,88092325;0,0;0,0;0,0;1,59162248;6,28803436;38,4965764;0,0
594;G;beam_x;30x80;0,0;-0,0;12,42668493;40,81914088;28,03923288;0,0;0,0;0,0;11,75332157;-40,81914088;-26,77667656;0,0;0,0;0,0;12,42668493;-40,81914088;-28,03923288;0,0;0,0;-0,0;11,75332157;40,81914088;26,77667656;0,0;0,0;0,0;12,42668493;40,81914088;28,03923288;0,0;0,0;0,0;11,75332157;40,81914088;26,77667656;0,0
595;G;beam_x;30x80;0,0;0,0;35,7449656;-2,51521029;21,07367796;-0,0;0,0;-0,0;3,1490969;2,51521029;40,04357584;-0,0;0,0;-0,0;35,7449656;2,51521029;-21,07367796;-0,0;0,0;0,0;3,1490969;-2,51521029;-40,04357584;-0,0;0,0;0,0;35,7449656;2,51521029;21,07367796;0,0;0,0;0,0;3,1490969;2,51521029;40,04357584;0,0
596;G;beam_x;30x80;-0,0;0,0;-5,33805593;-43,18351057;-7,66472236;-0,0;0,0;-0,0;29,51806243;43,18351057;-57,69049958;-0,0;0,0;-0,0;-5,33805593;43,18351057;7,66472236;-0,0;0,0;0,0;29,51806243;-43,18351057;57,69049958;-0,0;0,0;0,0;5,33805593;43,18351057;7,66472236;0,0;0,0;0,0;29,51806243;43,18351057;57,69049958;0,0
597;G;beam_x;30x80;0,0;-0,0;38,61758175;5,12588196;35,00825494;0,0;-0,0;0,0;-0,5328269;-5,12588196;38,39876128;0,0;0,0;0,0;38,61758175;-5,12588196;-35,00825494;0,0;0,0;-0,0;-0,5328269;5,12588196;-38,39876128;0,0;0,0;0,0;38,61758175;5,12588196;35,00825494;0,0;0,0;0,0;0,5328269;5,12588196;38,39876128;0,0
598;G;beam_x;30x80;0,0;0,0;14,10449302;39,02228532;31,45324226;-0,0;0,0;-0,0;10,07551348;-39,02228532;-23,89890562;-0,0;0,0;-0,0;14,10449302;-39,02228532;-31,45324226;-0,0;0,0;0,0;10,07551348;39,02228532;23,89890562;-0,0;0,0;0,0;14,10449302;39,02228532;31,45324226;0,0;0,0;0,0;10,07551348;39,02228532;23,89890562;0,0
599;G;beam_x;30x80;0,0;-0,0;35,60404786;-1,61029966;19,78285367;0,0;0,0;0,0;3,29001464;1,61029966;40,80595863;0,0;0,0;0,0;35,60404786;1,61029966;-19,78285367;0,0;0,0;-0,0;3,29001464;-1,61029966;-40,80595863;0,0;0,0;0,0;35,60404786;1,61029966;19,78285367;0,0;0,0;0,0;3,29001464;1,61029966;40,80595863;0,0
600;G;beam_x;30x80;-0,0;0,0;-1,62873937;-41,31568592;-3,47545348;-0,0;0,0;-0,0;25,80874587;41,31568592;-47,96983134;-0,0;0,0;-0,0;-1,62873937;41,31568592;3,47545348;-0,0;0,0;0,0;25,80874587;-41,31568592;47,96983134;-0,0;0,0;0,0;1,62873937;41,31568592;3,47545348;0,0;0,0;0,0;25,80874587;41,31568592;47,96983134;0,0
601;G;beam_x;30x80;0,0;-0,0;37,27841209;4,29711756;31,189248;0,0;0,0;0,0;0,80634275;-4,29711756;37,19588202;0,0;0,0;0,0;37,27841209;-4,29711756;-31,189248;0,0;0,0;-0,0;0,80634275;4,29711756;-37,19588202;0,0;0,0;0,0;37,27841209;4,29711756;31,189248;0,0;0,0;0,0;0,80634275;4,29711756;37,19588202;0,0
602;G;beam_x;30x80;0,0;0,0;16,52859034;37,79975973;33,46336345;-0,0;0,0;-0,0;7,65141616;-37,79975973;-16,81866187;-0,0;0,0;-0,0;16,52859034;-37,79975973;-33,46336345;-0,0;0,0;0,0;7,65141616;37,79975973;16,81866187;-0,0;0,0;0,0;16,52859034;37,79975973;33,46336345;0,0;0,0;0,0;7,65141616;37,79975973;16,81866187;0,0
603;G;beam_x;30x80;0,0;-0,0;34,65751347;-1,32627812;16,80671521;0,0;0,0;0,0;4,23654903;1,32627812;40,2325931;0,0;0,0;0,0;34,65751347;1,32627812;-16,80671521;0,0;0,0;-0,0;4,23654903;-1,32627812;-40,2325931;0,0;0,0;0,0;34,65751347;1,32627812;16,80671521;0,0;0,0;0,0;4,23654903;1,32627812;40,2325931;0,0
604;G;beam_x;30x80;0,0;-0,0;-1,59390982;-59,73332017;1,46915555;0,0;0,0;0,0;25,77391632;59,73332017;-52,78382957;0,0;0,0;0,0;-1,59390982;59,73332017;-1,46915555;0,0;0,0;-0,0;25,77391632;-59,73332017;52,78382957;0,0;0,0;0,0;1,59390982;59,73332017;1,46915555;0,0;0,0;0,0;25,77391632;59,73332017;52,78382957;0,0
605;G;beam_x;30x80;0,0;0,0;37,6432677;12,90509645;14,87910173;-0,0;0,0;-0,0;0,44148715;-12,90509645;54,8742368;-0,0;0,0;-0,0;37,6432677;-12,90509645;-14,87910173;-0,0;0,0;0,0;0,44148715;12,90509645;-54,8742368;-0,0;0,0;0,0;37,6432677;12,90509645;14,87910173;0,0;0,0;0,0;0,44148715;12,90509645;54,8742368;0,0
606;G;beam_x;30x80;0,0;-0,0;25,9460987;57,5428038;54,95123437;0,0;-0,0;0,0;-1,7660922;-57,5428038;-2,99087643;0,0;0,0;0,0;25,9460987;-57,5428038;-54,95123437;0,0;0,0;-0,0;-1,7660922;57,5428038;2,99087643;0,0;0,0;0,0;25,9460987;57,5428038;54,95123437;0,0;0,0;0,0;1,7660922;57,5428038;2,99087643;0,0
607;G;beam_x;30x80;0,0;0,0;32,44361171;-8,84114241;-9,62744062;-0,0;0,0;-0,0;6,45045079;8,84114241;58,36461733;-0,0;0,0;-0,0;32,44361171;8,84114241;9,62744062;-0,0;0,0;0,0;6,45045079;-8,84114241;-58,36461733;-0,0;0,0;0,0;32,44361171;8,84114241;9,62744062;0,0;0,0;0,0;6,45045079;8,84114241;58,36461733;0,0
703;G;steel_column;300x300x20;-2,34250227;13,49396117;83,10450288;-23,61733769;-3,03514861;-0,05821401;2,34250227;-13,49396117;-83,10450288;-24,42116409;-5,30415947;0,05821401;83,10450288;-13,49396117;-2,34250227;-0,05821401;3,03514861;-23,61733769;-83,10450288;13,49396117;2,34250227;0,05821401;5,30415947;-24,42116409;83,10450288;13,49396117;2,34250227;0,05821401;3,03514861;23,61733769;83,10450288;13,49396117;2,34250227;0,05821401;5,30415947;24,42116409
704;G;steel_column;300x300x20;-4,59307923;11,67743844;-34,17720332;-21,22518148;-8,4550527;-0,05821401;4,59307923;-11,67743844;34,17720332;-20,34649937;-7,89630935;0,05821401;-34,17720332;-11,67743844;-4,59307923;-0,05821401;8,4550527;-21,22518148;34,17720332;11,67743844;4,59307923;0,05821401;7,89630935;-20,34649937;34,17720332;11,67743844;4,59307923;0,05821401;8,4550527;21,22518148;34,17720332;11,67743844;4,59307923;0,05821401;7,89630935;20,34649937
705;G;steel_column;300x300x20;-3,43215193;10,81610357;141,13703313;-19,00862014;-4,34765312;-0,05821401;3,43215193;-10,81610357;-141,13703313;-19,49670858;-7,87080777;0,05821401;141,13703313;-10,81610357;-3,43215193;-0,05821401;4,34765312;-19,00862014;-141,13703313;10,81610357;3,43215193;0,05821401;7,87080777;-19,49670858;141,13703313;10,81610357;3,43215193;0,05821401;4,34765312;19,00862014;141,13703313;10,81610357;3,43215193;0,05821401;7,87080777;19,49670858
706;G;steel_column;300x300x20;-7,71588116;9,27965371;-66,04627949;-16,83667729;-14,13066281;-0,05821401;7,71588116;-9,27965371;66,04627949;-16,19888992;-13,33787413;0,05821401;-66,04627949;-9,27965371;-7,71588116;-0,05821401;14,13066281;-16,83667729;66,04627949;9,27965371;7,71588116;0,05821401;13,33787413;-16,19888992;66,04627949;9,27965371;7,71588116;0,05821401;14,13066281;16,83667729;66,04627949;9,27965371;7,71588116;0,05821401;13,33787413;16,19888992
707;G;steel_column;300x300x20;-2,27560151;-4,63450182;87,35300469;7,78371953;-2,86170771;-0,05821401;2,27560151;4,63450182;-87,35300469;8,71510694;-5,23943367;0,05821401;87,35300469;4,63450182;-2,27560151;-0,05821401;2,86170771;7,78371953;-87,35300469;-4,63450182;2,27560151;0,05821401;5,23943367;8,71510694;87,35300469;4,63450182;2,27560151;0,05821401;2,86170771;7,78371953;87,35300469;4,63450182;2,27560151;0,05821401;5,23943367;8,71510694
708;G;steel_column;300x300x20;-4,92369495;-7,18762095;-37,94332044;12,58041401;-9,05878367;-0,05821401;4,92369495;7,18762095;37,94332044;13,00751658;-8,46957037;0,05821401;-37,94332044;7,18762095;-4,92369495;-0,05821401;9,05878367;12,58041401;37,94332044;-7,18762095;4,92369495;0,05821401;8,46957037;13,00751658;37,94332044;7,18762095;4,92369495;0,05821401;9,05878367;12,58041401;37,94332044;7,18762095;4,92369495;0,05821401;8,46957037;13,00751658
709;G;steel_beam;300x300x50;-231,79718402;8,30383699;321,8659099;-12,78609047;-0,70458624;-10,44550879;231,79718402;-8,30383699;-321,8659099;-16,77556921;-3,73531864;-10,72927553;396,64413583;-8,30383699;-1,01389626;-1,04622648;0,70458624;-16,47720163;-396,64413583;8,30383699;1,01389626;1,04622648;3,73531864;-19,88573574;396,64413583;8,30383699;1,01389626;1,04622648;0,70458624;16,47720163;396,64413583;8,30383699;1,01389626;1,04622648;3,73531864;19,88573574
710;G;steel_beam;300x300x50;-134,24235512;12,22442556;-192,02520303;-22,4570078;-2,05930836;14,96074815;134,24235512;-12,22442556;192,02520303;-21,0619472;-5,38172844;14,98909448;-234,28982865;-12,22442556;-1,72183034;-0,40712043;2,05930836;-26,98101994;234,28982865;12,22442556;1,72183034;0,40712043;5,38172844;-25,84787856;234,28982865;12,22442556;1,72183034;0,40712043;2,05930836;26,98101994;234,28982865;12,22442556;1,72183034;0,40712043;5,38172844;25,84787856
711;G;steel_beam;300x300x50;-398,8441874;7,00227541;553,24723535;-11,18898534;-2,22765934;-8,87131442;398,8441874;-7,00227541;-553,24723535;-13,73911513;-6,87719768;-8,98448789;682,02262883;-7,00227541;-2,0791843;-0,69649011;2,22765934;-14,26213567;-682,02262883;7,00227541;2,0791843;0,69649011;6,87719768;-16,40119534;682,02262883;7,00227541;2,0791843;0,69649011;2,22765934;14,26213567;682,02262883;7,00227541;2,0791843;0,69649011;6,87719768;16,40119534
712;G;steel_beam;300x300x50;-224,75349873;9,85372066;-321,61907021;-18,14675033;-3,11498621;12,04611121;224,75349873;-9,85372066;321,61907021;-16,93249523;-9,04074725;12,09550442;-392,35831799;-9,85372066;-2,81279495;-0,36453808;3,11498621;-21,77798096;392,35831799;9,85372066;2,81279495;0,36453808;9,04074725;-20,80571397;392,35831799;9,85372066;2,81279495;0,36453808;3,11498621;21,77798096;392,35831799;9,85372066;2,81279495;0,36453808;9,04074725;20,80571397
713;G;steel_beam;300x300x50;-245,42277294;-4,15377276;341,0312033;4,56514857;-0,27416477;4,8662799;245,42277294;4,15377276;-341,0312033;10,22228248;-3,80133846;5,72584065;420,15919951;4,15377276;-0,93068154;1,29772998;0,27416477;6,54501019;-420,15919951;-4,15377276;0,93068154;-1,29772998;3,80133846;11,64457844;420,15919951;4,15377276;0,93068154;1,29772998;0,27416477;6,54501019;420,15919951;4,15377276;0,93068154;1,29772998;3,80133846;11,64457844
714;G;steel_beam;300x300x50;-140,18873801;-5,8653863;-200,5924264;8,98535413;-1,94048057;-7,1110933;140,18873801;5,8653863;200,5924264;11,89542111;-5,67998208;-7,25910314;-244,71839815;5,8653863;-1,76334887;-0,76392672;1,94048057;11,43331329;244,71839815;-5,8653863;1,76334887;0,76392672;5,67998208;13,91445427;244,71839815;5,8653863;1,76334887;0,76392672;1,94048057;11,43331329;244,71839815;5,8653863;1,76334887;0,76392672;5,67998208;13,91445427
715;G;steel_beam;300x300x50;16,90792343;-172,47711211;149,20767847;-4,89923751;42,90200504;36,47110492;-16,90792343;172,47711211;-149,20767847;4,18212132;17,29020239;33,18953963;228,05979079;-0,13170184;16,90792343;-8,61692323;-55,64595371;-4,89923751;-228,05979079;0,13170184;-16,90792343;8,61692323;-36,41765058;4,18212132;228,05979079;0,13170184;16,90792343;8,61692323;55,64595371;4,89923751;228,05979079;0,13170184;16,90792343;8,61692323;36,41765058;4,18212132
716;G;steel_beam;300x300x50;-5,41352115;-235,51622774;-201,08474989;10,44993831;-12,71680284;11,51334817;5,41352115;235,51622774;201,08474989;-0,4813371;-6,55533244;10,79035895;-309,67663523;1,83078153;-5,41352115;-2,09471313;17,02605173;10,44993831;309,67663523;-1,83078153;5,41352115;2,09471313;12,45055848;-0,4813371;309,67663523;1,83078153;5,41352115;2,09471313;17,02605173;10,44993831;309,67663523;1,83078153;5,41352115;2,09471313;12,45055848;0,4813371
717;G;steel_beam;300x300x50;5,55950949;-265,52867922;-229,5020027;5,44843284;11,99717533;-11,80974411;-5,55950949;265,52867922;229,5020027;-5,71458592;7,79467846;-11,095435;-350,96530647;-0,04888029;5,55950949;1,35641441;-16,77982157;5,44843284;350,96530647;0,04888029;-5,55950949;-1,35641441;-13,49169485;-5,71458592;350,96530647;0,04888029;5,55950949;1,35641441;16,77982157;5,44843284;350,96530647;0,04888029;5,55950949;1,35641441;13,49169485;5,71458592
718;G;steel_beam;300x300x50;-1,61482024;-258,19952461;-223,034827;5,51334813;-4,50684622;3,46052319;1,61482024;258,19952461;223,034827;-5,22652776;-1,24191383;3,19253619;-341,19133311;0,05267594;-1,61482024;-1,14761185;5,565058;5,51334813;341,19133311;-0,05267594;1,61482024;1,14761185;3,22763448;-5,22652776;341,19133311;0,05267594;1,61482024;1,14761185;5,565058;5,51334813;341,19133311;0,05267594;1,61482024;1,14761185;3,22763448;5,22652776
719;G;steel_column;300x300x20;-7,02752151;-8,95527562;108,54644493;16,43258981;-11,86128122;-0,05821401;7,02752151;8,95527562;-108,54644493;15,4481914;-13,15669534;0,05821401;108,54644493;8,95527562;-7,02752151;-0,05821401;11,86128122;16,43258981;-108,54644493;-8,95527562;7,02752151;0,05821401;13,15669534;15,4481914;108,54644493;8,95527562;7,02752151;0,05821401;11,86128122;16,43258981;108,54644493;8,95527562;7,02752151;0,05821401;13,15669534;15,4481914
720;G;steel_column;300x300x20;-15,63565736;9,1548712;-111,19789197;15,78531668;28,78478876;0,05821401;15,63565736;-9,1548712;111,19789197;16,80602481;26,87815144;-0,05821401;111,19789197;9,1548712;-15,63565736;-0,05821401;28,78478876;15,78531668;-111,19789197;-9,1548712;15,63565736;0,05821401;26,87815144;16,80602481;111,19789197;9,1548712;15,63565736;0,05821401;28,78478876;15,78531668;111,19789197;9,1548712;15,63565736;0,05821401;26,87815144;16,80602481
721;G;steel_column;300x300x20;14,60651141;9,30872891;-100,89951845;14,98768919;-25,42269803;0,03154664;-14,60651141;-9,30872891;100,89951845;18,15138572;-26,57648257;-0,03154664;100,89951845;9,30872891;14,60651141;-0,03154664;-25,42269803;14,98768919;-100,89951845;-9,30872891;-14,60651141;0,03154664;-26,57648257;18,15138572;100,89951845;9,30872891;14,60651141;0,03154664;25,42269803;14,98768919;100,89951845;9,30872891;14,60651141;0,03154664;26,57648257;18,15138572
722;G;steel_column;300x300x20;-14,28725038;7,0592913;71,2851601;12,92206234;24,13916358;0,03154664;14,28725038;-7,0592913;-71,2851601;12,2090147;26,72344777;-0,03154664;-71,2851601;7,0592913;-14,28725038;-0,03154664;24,13916358;12,92206234;71,2851601;-7,0592913;14,28725038;0,03154664;26,72344777;12,2090147;71,2851601;7,0592913;14,28725038;0,03154664;24,13916358;12,92206234;71,2851601;7,0592913;14,28725038;0,03154664;26,72344777;12,2090147
300000;G;beam_y;80x80;58,26753926;4,36973152;266,42875067;87,62824229;102,03991765;55,2316566;-58,26753926;-4,36973152;-266,02315783;-47,69434915;-102,03991765;-63,97178748;4,36973152;-58,26753926;266,42875067;102,03991765;-87,62824229;55,2316566;-4,36973152;58,26753926;-266,02315783;-102,03991765;47,69434915;-63,97178748;4,36973152;58,26753926;266,42875067;102,03991765;87,62824229;55,2316566;4,36973152;58,26753926;266,02315783;102,03991765;47,69434915;63,97178748
300001;G;beam_y;80x80;95,08457415;50,22691983;141,65043333;25,12938003;-7,99536007;-20,95043962;-95,08457415;-50,22691983;-140,65673087;26,74456139;7,99536007;-13,99314138;50,22691983;-95,08457415;141,65043333;-7,99536007;-25,12938003;-20,95043962;-50,22691983;95,08457415;-140,65673087;7,99536007;-26,74456139;-13,99314138;50,22691983;95,08457415;141,65043333;7,99536007;25,12938003;20,95043962;50,22691983;95,08457415;140,65673087;7,99536007;26,74456139;13,99314138
300002;G;beam_y;80x80;-0,63227256;-4,73595716;106,3757155;280,51422054;-15,59039603;1,5601472;0,63227256;4,73595716;-95,8370615;113,54792862;15,59039603;0,90413511;-4,73595716;0,63227256;106,3757155;-15,59039603;-280,51422054;1,5601472;4,73595716;-0,63227256;-95,8370615;15,59039603;-113,54792862;0,90413511;4,73595716;0,63227256;106,3757155;15,59039603;280,51422054;1,5601472;4,73595716;0,63227256;95,8370615;15,59039603;113,54792862;0,90413511
300003;G;beam_y;80x80;-0,0;0,0;15,7980193;-64,21079018;12,95023694;0,0;0,0;0,0;4,80609705;106,09001398;-12,95023694;0,0;0,0;0,0;15,7980193;12,95023694;64,21079018;0,0;0,0;-0,0;4,80609705;-12,95023694;-106,09001398;0,0;0,0;0,0;15,7980193;12,95023694;64,21079018;0,0;0,0;0,0;4,80609705;12,95023694;106,09001398;0,0
300004;G;beam_y;80x80;-0,0882544;-4,32053502;-111,67748427;-149,70250445;-10,31870738;0,11170433;0,0882544;4,32053502;122,22289815;-306,40324128;10,31870738;0,23248783;-4,32053502;0,0882544;-111,67748427;-10,31870738;149,70250445;0,11170433;4,32053502;-0,0882544;122,22289815;10,31870738;306,40324128;0,23248783;4,32053502;0,0882544;111,67748427;10,31870738;149,70250445;0,11170433;4,32053502;0,0882544;122,22289815;10,31870738;306,40324128;0,23248783
300005;G;beam_y;80x80;-16,28709206;46,16462075;-144,0890558;-12,44811539;15,24693914;3,61767603;16,28709206;-46,16462075;145,07599838;-40,324507;-15,24693914;2,32711257;46,16462075;16,28709206;-144,0890558;15,24693914;12,44811539;3,61767603;-46,16462075;-16,28709206;145,07599838;-15,24693914;40,324507;2,32711257;46,16462075;16,28709206;144,0890558;15,24693914;12,44811539;3,61767603;46,16462075;16,28709206;145,07599838;15,24693914;40,324507;2,32711257
300006;G;beam_y;80x80;-40,65541874;4,26003382;-291,78829873;85,97219247;-116,62507909;82,23150382;40,65541874;-4,26003382;292,19389157;-129,77085674;116,62507909;-76,13319101;4,26003382;40,65541874;-291,78829873;-116,62507909;-85,97219247;82,23150382;-4,26003382;-40,65541874;292,19389157;116,62507909;129,77085674;-76,13319101;4,26003382;40,65541874;291,78829873;116,62507909;85,97219247;82,23150382;4,26003382;40,65541874;292,19389157;116,62507909;129,77085674;76,13319101
300007;G;beam_y;80x80;92,63018898;-0,67619584;-40,42593552;49,30309961;-6,61852934;-56,33639087;-92,63018898;0,67619584;42,98117042;-88,71295716;6,61852934;-31,19913772;-0,67619584;-92,63018898;-40,42593552;-6,61852934;-49,30309961;-56,33639087;0,67619584;92,63018898;42,98117042;6,61852934;88,71295716;-31,19913772;0,67619584;92,63018898;40,42593552;6,61852934;49,30309961;56,33639087;0,67619584;92,63018898;42,98117042;6,61852934;88,71295716;31,19913772
300008;G;beam_y;80x80;-161,09048979;16,55764107;159,49871924;-43,28726253;63,5846127;-6,7983043;161,09048979;-16,55764107;-159,0931264;67,18165096;-63,5846127;30,96187776;16,55764107;161,09048979;159,49871924;63,5846127;43,28726253;-6,7983043;-16,55764107;-161,09048979;-159,0931264;-63,5846127;-67,18165096;30,96187776;16,55764107;161,09048979;159,49871924;63,5846127;43,28726253;6,7983043;16,55764107;161,09048979;159,0931264;63,5846127;67,18165096;30,96187776
300009;G;beam_y;80x80;-110,07046472;31,79869827;66,58932227;-90,65555085;-14,40821497;17,40876969;110,07046472;-31,79869827;-65,59561981;114,94453396;14,40821497;23,0421261;31,79869827;110,07046472;66,58932227;-14,40821497;90,65555085;17,40876969;-31,79869827;-110,07046472;-65,59561981;14,40821497;-114,94453396;23,0421261;31,79869827;110,07046472;66,58932227;14,40821497;90,65555085;17,40876969;31,79869827;110,07046472;65,59561981;14,40821497;114,94453396;23,0421261
300010;G;beam_y;80x80;-0,35513574;-2,99833781;114,48391586;308,45434779;-3,72689083;0,95765878;0,35513574;2,99833781;-103,94526186;117,20951229;3,72689083;0,42648278;-2,99833781;0,35513574;114,48391586;-3,72689083;-308,45434779;0,95765878;2,99833781;-0,35513574;-103,94526186;3,72689083;-117,20951229;0,42648278;2,99833781;0,35513574;114,48391586;3,72689083;308,45434779;0,95765878;2,99833781;0,35513574;103,94526186;3,72689083;117,20951229;0,42648278
300011;G;beam_y;80x80;0,0;0,0;15,71273047;-71,9099967;11,10625799;-0,0;-0,0;0,0;4,89138588;113,13931962;-11,10625799;-0,0;0,0;-0,0;15,71273047;11,10625799;71,9099967;-0,0;0,0;0,0;4,89138588;-11,10625799;-113,13931962;-0,0;0,0;0,0;15,71273047;11,10625799;71,9099967;0,0;0,0;0,0;4,89138588;11,10625799;113,13931962;0,0
300012;G;beam_y;80x80;-0,61211438;0,62611132;-114,70547241;-153,9584605;-16,93297489;0,81513512;0,61211438;-0,62611132;125,25088629;-313,95643897;16,93297489;1,57211096;0,62611132;0,61211438;-114,70547241;-16,93297489;153,9584605;0,81513512;-0,62611132;-0,61211438;125,25088629;16,93297489;313,95643897;1,57211096;0,62611132;0,61211438;114,70547241;16,93297489;153,9584605;0,81513512;0,62611132;0,61211438;125,25088629;16,93297489;313,95643897;1,57211096
300013;G;beam_y;80x80;-30,09554067;-6,68995653;23,12537262;-50,16511712;15,16926261;9,53655363;30,09554067;6,68995653;-22,13843004;58,42576111;-15,16926261;1,44831872;-6,68995653;30,09554067;23,12537262;15,16926261;50,16511712;9,53655363;6,68995653;-30,09554067;-22,13843004;-15,16926261;-58,42576111;1,44831872;6,68995653;30,09554067;23,12537262;15,16926261;50,16511712;9,53655363;6,68995653;30,09554067;22,13843004;15,16926261;58,42576111;1,44831872
300014;G;beam_y;80x80;181,04570851;18,75449348;-98,61584461;-12,47901994;-93,05424392;-49,34226917;-181,04570851;-18,75449348;99,02143745;-2,34377621;93,05424392;22,18541289;18,75449348;-181,04570851;-98,61584461;-93,05424392;12,47901994;-49,34226917;-18,75449348;181,04570851;99,02143745;93,05424392;2,34377621;22,18541289;18,75449348;181,04570851;98,61584461;93,05424392;12,47901994;49,34226917;18,75449348;181,04570851;99,02143745;93,05424392;2,34377621;22,18541289
300015;G;beam_y;80x80;-42,48836134;-2,97690373;-315,15369263;-18,47284778;-34,86997095;25,7525509;42,48836134;2,97690373;317,70892753;-280,55474025;34,86997095;14,39895057;-2,97690373;42,48836134;-315,15369263;-34,86997095;18,47284778;25,7525509;2,97690373;-42,48836134;317,70892753;34,86997095;280,55474025;14,39895057;2,97690373;42,48836134;315,15369263;34,86997095;18,47284778;25,7525509;2,97690373;42,48836134;317,70892753;34,86997095;280,55474025;14,39895057
300016;G;beam_y;80x80;-170,4809705;23,35359836;223,48453513;-51,32709444;71,97150139;-13,30553186;170,4809705;-23,35359836;-223,07894229;84,81935525;-71,97150139;38,87767744;23,35359836;170,4809705;223,48453513;71,97150139;51,32709444;-13,30553186;-23,35359836;-170,4809705;-223,07894229;-71,97150139;-84,81935525;38,87767744;23,35359836;170,4809705;223,48453513;71,97150139;51,32709444;13,30553186;23,35359836;170,4809705;223,07894229;71,97150139;84,81935525;38,87767744
300017;G;beam_y;80x80;-11,43883778;-17,57844088;127,35775196;-108,56699073;-12,9512925;1,37323559;11,43883778;17,57844088;-126,3640495;155,18837174;12,9512925;2,8305373;-17,57844088;11,43883778;127,35775196;-12,9512925;108,56699073;1,37323559;17,57844088;-11,43883778;-126,3640495;12,9512925;-155,18837174;2,8305373;17,57844088;11,43883778;127,35775196;12,9512925;108,56699073;1,37323559;17,57844088;11,43883778;126,3640495;12,9512925;155,18837174;2,8305373
300018;G;beam_y;80x80;-0,10615191;1,6574925;118,10453266;318,0716225;2,90755747;0,27556891;0,10615191;-1,6574925;-107,56587866;121,70359154;-2,90755747;0,13815816;1,6574925;0,10615191;118,10453266;2,90755747;-318,0716225;0,27556891;-1,6574925;-0,10615191;-107,56587866;-2,90755747;-121,70359154;0,13815816;1,6574925;0,10615191;118,10453266;2,90755747;318,0716225;0,27556891;1,6574925;0,10615191;107,56587866;2,90755747;121,70359154;0,13815816
300019;G;beam_y;80x80;0,0;0,0;15,53536819;-78,52008098;10,57227983;-0,0;-0,0;0,0;5,06874816;118,3979033;-10,57227983;-0,0;0,0;-0,0;15,53536819;10,57227983;78,52008098;-0,0;0,0;0,0;5,06874816;-10,57227983;-118,3979033;-0,0;0,0;0,0;15,53536819;10,57227983;78,52008098;0,0;0,0;0,0;5,06874816;10,57227983;118,3979033;0,0
300020;G;beam_y;80x80;-0,6468087;-2,8824247;-116,56064278;-157,42018861;-20,88096243;0,94572353;0,6468087;2,8824247;127,10605666;-317,7298753;20,88096243;1,57683041;-2,8824247;0,6468087;-116,56064278;-20,88096243;157,42018861;0,94572353;2,8824247;-0,6468087;127,10605666;20,88096243;317,7298753;1,57683041;2,8824247;0,6468087;116,56064278;20,88096243;157,42018861;0,94572353;2,8824247;0,6468087;127,10605666;20,88096243;317,7298753;1,57683041
300021;G;beam_y;80x80;141,39221562;30,79851051;-74,76129613;-107,113044;17,29419654;-22,4324125;-141,39221562;-30,79851051;75,74823871;79,6450539;-17,29419654;-29,1757462;30,79851051;-141,39221562;-74,76129613;17,29419654;107,113044;-22,4324125;-30,79851051;141,39221562;75,74823871;-17,29419654;-79,6450539;-29,1757462;30,79851051;141,39221562;74,76129613;17,29419654;107,113044;22,4324125;30,79851051;141,39221562;75,74823871;17,29419654;79,6450539;29,1757462
300022;G;beam_y;80x80;181,69888168;20,78750212;-188,74263633;-39,35218678;-84,84561132;-51,19271899;-181,69888168;-20,78750212;189,14822917;11,01037186;84,84561132;23,93788674;20,78750212;-181,69888168;-188,74263633;-84,84561132;39,35218678;-51,19271899;-20,78750212;181,69888168;189,14822917;84,84561132;-11,01037186;23,93788674;20,78750212;181,69888168;188,74263633;84,84561132;39,35218678;51,19271899;20,78750212;181,69888168;189,14822917;84,84561132;11,01037186;23,93788674
300023;G;beam_y;80x80;-44,59468547;-3,29960351;-434,85862957;-35,30559614;-59,22365814;27,03373537;44,59468547;3,29960351;437,41386447;-376,84315729;59,22365814;15,1082424;-3,29960351;44,59468547;-434,85862957;-59,22365814;35,30559614;27,03373537;3,29960351;-44,59468547;437,41386447;59,22365814;376,84315729;15,1082424;3,29960351;44,59468547;434,85862957;59,22365814;35,30559614;27,03373537;3,29960351;44,59468547;437,41386447;59,22365814;376,84315729;15,1082424
300024;G;beam_y;80x80;-165,53332973;24,01601892;312,02725485;-77,149333;84,63915781;-17,37806925;165,53332973;-24,01601892;-311,62166201;123,92300176;-84,63915781;42,20806871;24,01601892;165,53332973;312,02725485;84,63915781;77,149333;-17,37806925;-24,01601892;-165,53332973;-311,62166201;-84,63915781;-123,92300176;42,20806871;24,01601892;165,53332973;312,02725485;84,63915781;77,149333;17,37806925;24,01601892;165,53332973;311,62166201;84,63915781;123,92300176;42,20806871
300025;G;beam_y;80x80;150,45883254;83,73780997;227,55921431;-146,19139747;9,99433553;-27,13744052;-150,45883254;-83,73780997;-226,56551185;229,6368159;-9,99433553;-28,15618043;83,73780997;-150,45883254;227,55921431;9,99433553;146,19139747;-27,13744052;-83,73780997;150,45883254;-226,56551185;-9,99433553;-229,6368159;-28,15618043;83,73780997;150,45883254;227,55921431;9,99433553;146,19139747;27,13744052;83,73780997;150,45883254;226,56551185;9,99433553;229,6368159;28,15618043
300026;G;beam_y;80x80;-0,04522369;-7,89573962;121,58704141;329,90762362;6,82289447;0,04010056;0,04522369;7,89573962;-111,04838741;123,44066831;-6,82289447;0,13615878;-7,89573962;0,04522369;121,58704141;6,82289447;-329,90762362;0,04010056;7,89573962;-0,04522369;-111,04838741;-6,82289447;-123,44066831;0,13615878;7,89573962;0,04522369;121,58704141;6,82289447;329,90762362;0,04010056;7,89573962;0,04522369;111,04838741;6,82289447;123,44066831;0,13615878
300027;G;beam_y;80x80;0,0;0,0;15,30856038;-82,12498239;10,29834794;-0,0;-0,0;0,0;5,29555597;120,2745292;-10,29834794;-0,0;0,0;-0,0;15,30856038;10,29834794;82,12498239;-0,0;0,0;0,0;5,29555597;-10,29834794;-120,2745292;-0,0;0,0;0,0;15,30856038;10,29834794;82,12498239;0,0;0,0;0,0;5,29555597;10,29834794;120,2745292;0,0
300028;G;beam_y;80x80;0,55378575;-4,40715875;-119,21154791;-158,07428893;-23,16501551;-0,87006501;-0,55378575;4,40715875;129,75696179;-327,41430499;23,16501551;-1,28969943;-4,40715875;-0,55378575;-119,21154791;-23,16501551;158,07428893;-0,87006501;4,40715875;0,55378575;129,75696179;23,16501551;327,41430499;-1,28969943;4,40715875;0,55378575;119,21154791;23,16501551;158,07428893;0,87006501;4,40715875;0,55378575;129,75696179;23,16501551;327,41430499;1,28969943
300029;G;beam_y;80x80;-244,92604876;47,0901894;-201,68789427;-198,31064451;-10,67790563;42,45712137;244,92604876;-47,0901894;202,67483685;124,51444608;10,67790563;46,94088642;47,0901894;244,92604876;-201,68789427;-10,67790563;198,31064451;42,45712137;-47,0901894;-244,92604876;202,67483685;10,67790563;-124,51444608;46,94088642;47,0901894;244,92604876;201,68789427;10,67790563;198,31064451;42,45712137;47,0901894;244,92604876;202,67483685;10,67790563;124,51444608;46,94088642
300030;G;beam_y;80x80;180,7446436;25,91594132;-304,84259335;-83,62835732;-105,1588815;-55,47476316;-180,7446436;-25,91594132;305,24818619;37,87154885;105,1588815;28,36306662;25,91594132;-180,7446436;-304,84259335;-105,1588815;83,62835732;-55,47476316;-25,91594132;180,7446436;305,24818619;105,1588815;-37,87154885;28,36306662;25,91594132;180,7446436;304,84259335;105,1588815;83,62835732;55,47476316;25,91594132;180,7446436;305,24818619;105,1588815;37,87154885;28,36306662
300031;G;beam_y;80x80;-49,67493227;-4,11364148;-561,79022181;-71,97152957;-84,95399852;30,12520151;49,67493227;4,11364148;564,34545672;-460,12757854;84,95399852;16,81760949;-4,11364148;49,67493227;-561,79022181;-84,95399852;71,97152957;30,12520151;4,11364148;-49,67493227;564,34545672;84,95399852;460,12757854;16,81760949;4,11364148;49,67493227;561,79022181;84,95399852;71,97152957;30,12520151;4,11364148;49,67493227;564,34545672;84,95399852;460,12757854;16,81760949
300032;G;beam_y;80x80;-196,62412378;27,15767737;210,96266137;-23,12993909;242,62243759;-19,28412589;196,62412378;-27,15767737;-210,55706853;54,74391883;-242,62243759;48,77774445;27,15767737;196,62412378;210,96266137;242,62243759;23,12993909;-19,28412589;-27,15767737;-196,62412378;-210,55706853;-242,62243759;-54,74391883;48,77774445;27,15767737;196,62412378;210,96266137;242,62243759;23,12993909;19,28412589;27,15767737;196,62412378;210,55706853;242,62243759;54,74391883;48,77774445
300033;G;beam_y;80x80;-87,35517422;-193,92340009;35,59300286;-72,38167154;-107,52858894;29,72149426;87,35517422;193,92340009;-34,5993004;85,27950727;107,52858894;2,38153227;-193,92340009;87,35517422;35,59300286;-107,52858894;72,38167154;29,72149426;193,92340009;-87,35517422;-34,5993004;107,52858894;-85,27950727;2,38153227;193,92340009;87,35517422;35,59300286;107,52858894;72,38167154;29,72149426;193,92340009;87,35517422;34,5993004;107,52858894;85,27950727;2,38153227
300034;G;beam_y;80x80;2,24461891;18,28527249;123,30484797;321,69403323;16,28441708;-5,66316018;-2,24461891;-18,28527249;-112,76619397;138,34940976;-16,28441708;-3,08524202;18,28527249;-2,24461891;123,30484797;16,28441708;-321,69403323;-5,66316018;-18,28527249;2,24461891;-112,76619397;-16,28441708;-138,34940976;-3,08524202;18,28527249;2,24461891;123,30484797;16,28441708;321,69403323;5,66316018;18,28527249;2,24461891;112,76619397;16,28441708;138,34940976;3,08524202
300035;G;beam_y;80x80;-0,0;0,0;16,99153739;-78,61608959;14,81526153;0,0;0,0;0,0;3,61257896;129,58992124;-14,81526153;0,0;0,0;0,0;16,99153739;14,81526153;78,61608959;0,0;0,0;-0,0;3,61257896;-14,81526153;-129,58992124;0,0;0,0;0,0;16,99153739;14,81526153;78,61608959;0,0;0,0;0,0;3,61257896;14,81526153;129,58992124;0,0
300036;G;beam_y;80x80;0,84955243;15,76603569;-126,94607926;-187,13272503;-40,13597284;-1,09265914;-0,84955243;-15,76603569;137,49149314;-328,52054114;40,13597284;-2,22059535;15,76603569;-0,84955243;-126,94607926;-40,13597284;187,13272503;-1,09265914;-15,76603569;0,84955243;137,49149314;40,13597284;328,52054114;-2,22059535;15,76603569;0,84955243;126,94607926;40,13597284;187,13272503;1,09265914;15,76603569;0,84955243;137,49149314;40,13597284;328,52054114;2,22059535
300037;G;beam_y;80x80;121,12539926;-168,45901145;20,82719338;-34,32997651;127,22463385;-28,13134592;-121,12539926;168,45901145;-19,8402508;41,75178507;-127,22463385;-16,07942481;-168,45901145;-121,12539926;20,82719338;127,22463385;34,32997651;-28,13134592;168,45901145;121,12539926;-19,8402508;-127,22463385;-41,75178507;-16,07942481;168,45901145;121,12539926;20,82719338;127,22463385;34,32997651;28,13134592;168,45901145;121,12539926;19,8402508;127,22463385;41,75178507;16,07942481
300038;G;beam_y;80x80;217,12357712;25,78929061;-180,37122647;0,1499104;-287,66602948;-58,8579171;-217,12357712;-25,78929061;180,77681931;-27,23601384;287,66602948;26,28938053;25,78929061;-217,12357712;-180,37122647;-287,66602948;-0,1499104;-58,8579171;-25,78929061;217,12357712;180,77681931;287,66602948;27,23601384;26,28938053;25,78929061;217,12357712;180,37122647;287,66602948;0,1499104;58,8579171;25,78929061;217,12357712;180,77681931;287,66602948;27,23601384;26,28938053
300039;G;beam_y;80x80;-50,58500614;-4,09353819;-446,11995796;-6,69255831;-130,73210953;30,65913744;50,58500614;4,09353819;448,67519286;-416,09815046;130,73210953;17,14369337;-4,09353819;50,58500614;-446,11995796;-130,73210953;6,69255831;30,65913744;4,09353819;-50,58500614;448,67519286;130,73210953;416,09815046;17,14369337;4,09353819;50,58500614;446,11995796;130,73210953;6,69255831;30,65913744;4,09353819;50,58500614;448,67519286;130,73210953;416,09815046;17,14369337
300040;G;beam_x;60x80;0,0;-0,0;-22,37270565;1,31280003;138,6510412;-0,0;0,0;0,0;41,8197369;-1,31280003;-18,29021142;-0,0;0,0;-0,0;-22,37270565;1,31280003;138,6510412;-0,0;0,0;0,0;41,8197369;-1,31280003;-18,29021142;-0,0;0,0;0,0;22,37270565;1,31280003;138,6510412;0,0;0,0;0,0;41,8197369;1,31280003;18,29021142;0,0
300041;G;beam_x;60x80;-90,79517743;14,4815577;-163,71333329;-45,12622312;50,01819101;12,13280729;90,79517743;-14,4815577;173,56649579;45,12622312;270,39764661;15,38215233;-90,79517743;14,4815577;-163,71333329;-45,12622312;50,01819101;12,13280729;90,79517743;-14,4815577;173,56649579;45,12622312;270,39764661;15,38215233;90,79517743;14,4815577;163,71333329;45,12622312;50,01819101;12,13280729;90,79517743;14,4815577;173,56649579;45,12622312;270,39764661;15,38215233
300042;G;beam_x;60x80;93,24910114;-4,71826014;-100,42643334;-22,56496912;84,62795255;-2,69580804;-93,24910114;4,71826014;110,02030209;22,56496912;110,03527773;-6,03297322;93,24910114;-4,71826014;-100,42643334;-22,56496912;84,62795255;-2,69580804;-93,24910114;4,71826014;110,02030209;22,56496912;110,03527773;-6,03297322;93,24910114;4,71826014;100,42643334;22,56496912;84,62795255;2,69580804;93,24910114;4,71826014;110,02030209;22,56496912;110,03527773;6,03297322
300043;G;beam_x;60x80;0,0;-0,0;-26,18938594;3,66835791;146,31270062;-0,0;0,0;0,0;45,63641719;-3,66835791;-11,63931973;-0,0;0,0;-0,0;-26,18938594;3,66835791;146,31270062;-0,0;0,0;0,0;45,63641719;-3,66835791;-11,63931973;-0,0;0,0;0,0;26,18938594;3,66835791;146,31270062;0,0;0,0;0,0;45,63641719;3,66835791;11,63931973;0,0
300044;G;beam_x;60x80;-99,64860294;18,25990346;-171,99333806;-55,86528646;43,96868822;15,72357174;99,64860294;-18,25990346;181,84650056;55,86528646;292,17915847;18,97024484;-99,64860294;18,25990346;-171,99333806;-55,86528646;43,96868822;15,72357174;99,64860294;-18,25990346;181,84650056;55,86528646;292,17915847;18,97024484;99,64860294;18,25990346;171,99333806;55,86528646;43,96868822;15,72357174;99,64860294;18,25990346;181,84650056;55,86528646;292,17915847;18,97024484
300045;G;beam_x;60x80;102,34180843;-8,82033293;-68,55751298;-23,4738999;57,71289993;-6,49159745;-102,34180843;8,82033293;78,15138173;23,4738999;77,99282767;-9,82601847;102,34180843;-8,82033293;-68,55751298;-23,4738999;57,71289993;-6,49159745;-102,34180843;8,82033293;78,15138173;23,4738999;77,99282767;-9,82601847;102,34180843;8,82033293;68,55751298;23,4738999;57,71289993;6,49159745;102,34180843;8,82033293;78,15138173;23,4738999;77,99282767;9,82601847
300046;G;beam_x;60x80;0,0;0,0;-27,95196742;4,43527127;151,51494056;0,0;0,0;-0,0;47,39899867;-4,43527127;-10,23187916;0,0;0,0;0,0;-27,95196742;4,43527127;151,51494056;0,0;0,0;-0,0;47,39899867;-4,43527127;-10,23187916;0,0;0,0;0,0;27,95196742;4,43527127;151,51494056;0,0;0,0;0,0;47,39899867;4,43527127;10,23187916;0,0
300047;G;beam_x;60x80;-99,35459708;20,71514035;-175,9385682;-60,92552993;42,181692;17,41224273;99,35459708;-20,71514035;185,7917307;60,92552993;301,46209197;21,94652393;-99,35459708;20,71514035;-175,9385682;-60,92552993;42,181692;17,41224273;99,35459708;-20,71514035;185,7917307;60,92552993;301,46209197;21,94652393;99,35459708;20,71514035;175,9385682;60,92552993;42,181692;17,41224273;99,35459708;20,71514035;185,7917307;60,92552993;301,46209197;21,94652393
300048;G;beam_x;60x80;102,03985646;-7,13322201;-71,77489918;-23,74763548;56,73509819;-4,26981569;-102,03985646;7,13322201;81,36876793;23,74763548;84,92279389;-8,92664504;102,03985646;-7,13322201;-71,77489918;-23,74763548;56,73509819;-4,26981569;-102,03985646;7,13322201;81,36876793;23,74763548;84,92279389;-8,92664504;102,03985646;7,13322201;71,77489918;23,74763548;56,73509819;4,26981569;102,03985646;7,13322201;81,36876793;23,74763548;84,92279389;8,92664504
300049;G;beam_x;60x80;0,0;0,0;-26,95949141;4,72576007;151,26873596;0,0;0,0;-0,0;46,40652266;-4,72576007;-13,70745959;0,0;0,0;0,0;-26,95949141;4,72576007;151,26873596;0,0;0,0;-0,0;46,40652266;-4,72576007;-13,70745959;0,0;0,0;0,0;26,95949141;4,72576007;151,26873596;0,0;0,0;0,0;46,40652266;4,72576007;13,70745959;0,0
300050;G;beam_x;60x80;-117,22434314;23,97515862;-176,15050571;-65,05094978;45,38606562;20,04292906;117,22434314;-23,97515862;186,00366821;65,05094978;298,66039961;25,50987232;-117,22434314;23,97515862;-176,15050571;-65,05094978;45,38606562;20,04292906;117,22434314;-23,97515862;186,00366821;65,05094978;298,66039961;25,50987232;117,22434314;23,97515862;176,15050571;65,05094978;45,38606562;20,04292906;117,22434314;23,97515862;186,00366821;65,05094978;298,66039961;25,50987232
300051;G;beam_x;60x80;120,39256863;-7,51619067;-60,11615655;-22,26839571;45,44439593;-4,14512713;-120,39256863;7,51619067;69,7100253;22,26839571;74,64482229;-9,75982561;120,39256863;-7,51619067;-60,11615655;-22,26839571;45,44439593;-4,14512713;-120,39256863;7,51619067;69,7100253;22,26839571;74,64482229;-9,75982561;120,39256863;7,51619067;60,11615655;22,26839571;45,44439593;4,14512713;120,39256863;7,51619067;69,7100253;22,26839571;74,64482229;9,75982561
300052;G;beam_x;60x80;0,0;-0,0;-30,04092132;3,25992655;175,42126945;-0,0;0,0;0,0;49,48795257;-3,25992655;-26,3046309;-0,0;0,0;-0,0;-30,04092132;3,25992655;175,42126945;-0,0;0,0;0,0;49,48795257;-3,25992655;-26,3046309;-0,0;0,0;0,0;30,04092132;3,25992655;175,42126945;0,0;0,0;0,0;49,48795257;3,25992655;26,3046309;0,0
300053;G;beam_x;60x80;-110,27680779;-27,15145888;-199,87747067;85,97452723;52,98879728;-20,63482969;110,27680779;27,15145888;209,73063317;-85,97452723;336,13890138;-30,95294218;-110,27680779;-27,15145888;-199,87747067;85,97452723;52,98879728;-20,63482969;110,27680779;27,15145888;209,73063317;-85,97452723;336,13890138;-30,95294218;110,27680779;27,15145888;199,87747067;85,97452723;52,98879728;20,63482969;110,27680779;27,15145888;209,73063317;85,97452723;336,13890138;30,95294218
300054;G;beam_x;60x80;113,25726206;-5,42006167;-122,7848444;45,64768547;104,15427251;-10,31204724;-113,25726206;5,42006167;132,37871315;-45,64768547;131,87201823;0,28493315;113,25726206;-5,42006167;-122,7848444;45,64768547;104,15427251;-10,31204724;-113,25726206;5,42006167;132,37871315;-45,64768547;131,87201823;0,28493315;113,25726206;5,42006167;122,7848444;45,64768547;104,15427251;10,31204724;113,25726206;5,42006167;132,37871315;45,64768547;131,87201823;0,28493315
300055;G;beam_x;60x80;0,0;-0,0;-32,77635402;1,12373921;179,5428501;-0,0;0,0;0,0;52,22338527;-1,12373921;-20,16833894;-0,0;0,0;-0,0;-32,77635402;1,12373921;179,5428501;-0,0;0,0;0,0;52,22338527;-1,12373921;-20,16833894;-0,0;0,0;0,0;32,77635402;1,12373921;179,5428501;0,0;0,0;0,0;52,22338527;1,12373921;20,16833894;0,0
300056;G;beam_x;60x80;-111,63815979;-27,94163109;-203,49759019;86,74458282;47,82662699;-21,49058328;111,63815979;27,94163109;213,35075269;-86,74458282;348,17929874;-31,59851579;-111,63815979;-27,94163109;-203,49759019;86,74458282;47,82662699;-21,49058328;111,63815979;27,94163109;213,35075269;-86,74458282;348,17929874;-31,59851579;111,63815979;27,94163109;203,49759019;86,74458282;47,82662699;21,49058328;111,63815979;27,94163109;213,35075269;86,74458282;348,17929874;31,59851579
300057;G;beam_x;60x80;114,65540736;-3,85452546;-96,8268187;45,94674116;79,78043665;-8,75599598;-114,65540736;3,85452546;106,42068745;-45,94674116;108,22350653;1,62512389;114,65540736;-3,85452546;-96,8268187;45,94674116;79,78043665;-8,75599598;-114,65540736;3,85452546;106,42068745;-45,94674116;108,22350653;1,62512389;114,65540736;3,85452546;96,8268187;45,94674116;79,78043665;8,75599598;114,65540736;3,85452546;106,42068745;45,94674116;108,22350653;1,62512389
300058;G;beam_x;60x80;0,0;0,0;-34,44473938;0,95241923;183,35276855;0,0;0,0;-0,0;53,89177063;-0,95241923;-17,72181227;0,0;0,0;0,0;-34,44473938;0,95241923;183,35276855;0,0;0,0;-0,0;53,89177063;-0,95241923;-17,72181227;0,0;0,0;0,0;34,44473938;0,95241923;183,35276855;0,0;0,0;0,0;53,89177063;0,95241923;17,72181227;0,0
300059;G;beam_x;60x80;-113,67365743;-29,71043748;-206,56934839;90,8164258;45,32375763;-23,50530901;113,67365743;29,71043748;216,42251089;-90,8164258;356,51850868;-32,94452221;-113,67365743;-29,71043748;-206,56934839;90,8164258;45,32375763;-23,50530901;113,67365743;29,71043748;216,42251089;-90,8164258;356,51850868;-32,94452221;113,67365743;29,71043748;206,56934839;90,8164258;45,32375763;23,50530901;113,67365743;29,71043748;216,42251089;90,8164258;356,51850868;32,94452221
300060;G;beam_x;60x80;116,74591844;0,31914532;-89,06694167;40,29286712;71,50836282;-4,55195411;-116,74591844;-0,31914532;98,66081042;-40,29286712;102,13980787;5,14237296;116,74591844;0,31914532;-89,06694167;40,29286712;71,50836282;-4,55195411;-116,74591844;-0,31914532;98,66081042;-40,29286712;102,13980787;5,14237296;116,74591844;0,31914532;89,06694167;40,29286712;71,50836282;4,55195411;116,74591844;0,31914532;98,66081042;40,29286712;102,13980787;5,14237296
300061;G;beam_x;60x80;0,0;0,0;-32,83354878;-0,25324512;181,78168969;0,0;0,0;-0,0;52,28058003;0,25324512;-22,19269816;0,0;0,0;0,0;-32,83354878;-0,25324512;181,78168969;0,0;0,0;-0,0;52,28058003;0,25324512;-22,19269816;0,0;0,0;0,0;32,83354878;0,25324512;181,78168969;0,0;0,0;0,0;52,28058003;0,25324512;22,19269816;0,0
300062;G;beam_x;60x80;-132,06956774;-31,36825871;-204,5438103;89,73844632;49,36699244;-24,5469786;132,06956774;31,36825871;214,3969728;-89,73844632;348,6267515;-35,05271295;-132,06956774;-31,36825871;-204,5438103;89,73844632;49,36699244;-24,5469786;132,06956774;31,36825871;214,3969728;-89,73844632;348,6267515;-35,05271295;132,06956774;31,36825871;204,5438103;89,73844632;49,36699244;24,5469786;132,06956774;31,36825871;214,3969728;89,73844632;348,6267515;35,05271295
300063;G;beam_x;60x80;135,63901552;-1,48542991;-78,24030055;40,88608876;59,13790874;-6,76885922;-135,63901552;1,48542991;87,8341693;-40,88608876;94,48097587;4,02081389;135,63901552;-1,48542991;-78,24030055;40,88608876;59,13790874;-6,76885922;-135,63901552;1,48542991;87,8341693;-40,88608876;94,48097587;4,02081389;135,63901552;1,48542991;78,24030055;40,88608876;59,13790874;6,76885922;135,63901552;1,48542991;87,8341693;40,88608876;94,48097587;4,02081389
300064;G;beam_y;60x80;3,1868378;9,62144037;130,30723796;215,49679894;-20,36505856;-5,7764695;-3,1868378;-9,62144037;-96,08737746;194,84344151;20,36505856;-5,77581754;9,62144037;-3,1868378;130,30723796;-20,36505856;-215,49679894;-5,7764695;-9,62144037;3,1868378;-96,08737746;20,36505856;-194,84344151;-5,77581754;9,62144037;3,1868378;130,30723796;20,36505856;215,49679894;5,7764695;9,62144037;3,1868378;96,08737746;20,36505856;194,84344151;5,77581754
300065;G;beam_y;60x80;2,50934645;-7,01681205;74,161638;114,17104533;21,20391875;-4,528221;-2,50934645;7,01681205;-39,9417775;92,64139527;-21,20391875;-4,56815987;-7,01681205;-2,50934645;74,161638;21,20391875;-114,17104533;-4,528221;7,01681205;2,50934645;-39,9417775;-21,20391875;-92,64139527;-4,56815987;7,01681205;2,50934645;74,161638;21,20391875;114,17104533;4,528221;7,01681205;2,50934645;39,9417775;21,20391875;92,64139527;4,56815987
300066;G;beam_y;60x80;12,04899544;8,91694656;101,10331275;170,22425241;17,95981023;-21,77586877;-12,04899544;-8,91694656;-66,88345225;134,25175917;-17,95981023;-21,90173971;8,91694656;-12,04899544;101,10331275;17,95981023;-170,22425241;-21,77586877;-8,91694656;12,04899544;-66,88345225;-17,95981023;-134,25175917;-21,90173971;8,91694656;12,04899544;101,10331275;17,95981023;170,22425241;21,77586877;8,91694656;12,04899544;66,88345225;17,95981023;134,25175917;21,90173971
300067;G;beam_y;60x80;5,31055482;-27,44331741;70,18829025;137,49276986;9,53531388;-12,57583311;-5,31055482;27,44331741;-32,03926512;89,96354084;-9,53531388;-11,05613585;-27,44331741;-5,31055482;70,18829025;9,53531388;-137,49276986;-12,57583311;27,44331741;5,31055482;-32,03926512;-9,53531388;-89,96354084;-11,05613585;27,44331741;5,31055482;70,18829025;9,53531388;137,49276986;12,57583311;27,44331741;5,31055482;32,03926512;9,53531388;89,96354084;11,05613585
300068;G;beam_y;60x80;4,45171646;3,19023709;64,98090987;95,05971937;19,86350332;-6,80561437;-4,45171646;-3,19023709;-38,61950486;64,22591828;-19,86350332;-6,88341375;3,19023709;-4,45171646;64,98090987;19,86350332;-95,05971937;-6,80561437;-3,19023709;4,45171646;-38,61950486;-19,86350332;-64,22591828;-6,88341375;3,19023709;4,45171646;64,98090987;19,86350332;95,05971937;6,80561437;3,19023709;4,45171646;38,61950486;19,86350332;64,22591828;6,88341375
300069;G;beam_y;60x80;11,11432944;7,86119469;98,4504579;147,7582843;-33,85946176;-20,10641505;-11,11432944;-7,86119469;-65,6065829;149,59510214;33,85946176;-20,18302917;7,86119469;-11,11432944;98,4504579;-33,85946176;-147,7582843;-20,10641505;-7,86119469;11,11432944;-65,6065829;33,85946176;-149,59510214;-20,18302917;7,86119469;11,11432944;98,4504579;33,85946176;147,7582843;20,10641505;7,86119469;11,11432944;65,6065829;33,85946176;149,59510214;20,18302917
300070;G;beam_y;60x80;5,84571632;1,04663223;64,55974679;110,83507235;-16,76594896;-12,97447121;-5,84571632;-1,04663223;-20,30694679;77,99332086;16,76594896;-13,0389664;1,04663223;-5,84571632;64,55974679;-16,76594896;-110,83507235;-12,97447121;-1,04663223;5,84571632;-20,30694679;16,76594896;-77,99332086;-13,0389664;1,04663223;5,84571632;64,55974679;16,76594896;110,83507235;12,97447121;1,04663223;5,84571632;20,30694679;16,76594896;77,99332086;13,0389664
300071;G;beam_x;60x80;0,0;-0,0;-31,01882874;-31,65527815;-308,71147243;0,0;0,0;0,0;59,3386938;31,65527815;196,21635687;0,0;0,0;0,0;-31,01882874;31,65527815;308,71147243;0,0;0,0;-0,0;59,3386938;-31,65527815;-196,21635687;0,0;0,0;0,0;31,01882874;31,65527815;308,71147243;0,0;0,0;0,0;59,3386938;31,65527815;196,21635687;0,0
300072;G;beam_x;60x80;-0,0;0,0;-387,76776385;6,14760314;-328,12435384;-0,0;0,0;-0,0;416,31509771;-6,14760314;-680,99963742;-0,0;0,0;-0,0;-387,76776385;-6,14760314;328,12435384;-0,0;0,0;0,0;416,31509771;6,14760314;680,99963742;-0,0;0,0;0,0;387,76776385;6,14760314;328,12435384;0,0;0,0;0,0;416,31509771;6,14760314;680,99963742;0,0
300073;G;beam_x;60x80;0,0;-0,0;-136,98433337;-26,63633783;-451,18144567;0,0;0,0;0,0;167,11433599;26,63633783;72,57860233;0,0;0,0;0,0;-136,98433337;26,63633783;451,18144567;0,0;0,0;-0,0;167,11433599;-26,63633783;-72,57860233;0,0;0,0;0,0;136,98433337;26,63633783;451,18144567;0,0;0,0;0,0;167,11433599;26,63633783;72,57860233;0,0
300074;G;beam_x;60x80;-0,0;0,0;-276,1811067;12,76820238;-90,80762079;-0,0;0,0;-0,0;306,55311738;-12,76820238;-640,52383043;-0,0;0,0;-0,0;-276,1811067;-12,76820238;90,80762079;-0,0;0,0;0,0;306,55311738;12,76820238;640,52383043;-0,0;0,0;0,0;276,1811067;12,76820238;90,80762079;0,0;0,0;0,0;306,55311738;12,76820238;640,52383043;0,0
300075;G;beam_x;60x80;-0,0;0,0;-106,12241365;42,36312304;-277,91138965;-0,0;0,0;-0,0;140,69491365;-42,36312304;-339,13192862;-0,0;0,0;-0,0;-106,12241365;-42,36312304;277,91138965;-0,0;0,0;0,0;140,69491365;42,36312304;339,13192862;-0,0;0,0;0,0;106,12241365;42,36312304;277,91138965;0,0;0,0;0,0;140,69491365;42,36312304;339,13192862;0,0
300076;G;beam_x;60x80;-0,0;0,0;-76,99045353;-34,91981693;-214,54186384;-0,0;0,0;-0,0;111,56295353;34,91981693;-256,84165381;-0,0;0,0;-0,0;-76,99045353;34,91981693;214,54186384;-0,0;0,0;0,0;111,56295353;-34,91981693;256,84165381;-0,0;0,0;0,0;76,99045353;34,91981693;214,54186384;0,0;0,0;0,0;111,56295353;34,91981693;256,84165381;0,0
300077;G;beam_x;60x80;-0,0;0,0;-150,54799587;-18,59390541;-426,98877145;-0,0;0,0;-0,0;219,69299587;18,59390541;-498,61370791;-0,0;0,0;-0,0;-150,54799587;18,59390541;426,98877145;-0,0;0,0;0,0;219,69299587;-18,59390541;498,61370791;-0,0;0,0;0,0;150,54799587;18,59390541;426,98877145;0,0;0,0;0,0;219,69299587;18,59390541;498,61370791;0,0
300078;G;beam_x;60x80;-0,0;0,0;-99,6671781;39,84233898;-269,73327995;-0,0;0,0;-0,0;134,2396781;-39,84233898;-315,03386055;-0,0;0,0;-0,0;-99,6671781;-39,84233898;269,73327995;-0,0;0,0;0,0;134,2396781;39,84233898;315,03386055;-0,0;0,0;0,0;99,6671781;39,84233898;269,73327995;0,0;0,0;0,0;134,2396781;39,84233898;315,03386055;0,0
300079;G;beam_x;60x80;-0,0;0,0;-85,163876;-48,91289031;-249,52255088;-0,0;0,0;-0,0;119,736376;48,91289031;-262,72807913;-0,0;0,0;-0,0;-85,163876;48,91289031;249,52255088;-0,0;0,0;0,0;119,736376;-48,91289031;262,72807913;-0,0;0,0;0,0;85,163876;48,91289031;249,52255088;0,0;0,0;0,0;119,736376;48,91289031;262,72807913;0,0
300080;G;beam_x;60x80;-0,0;0,0;-145,98783805;-18,57823578;-444,32023528;-0,0;0,0;-0,0;215,13283805;18,57823578;-458,48145498;-0,0;0,0;-0,0;-145,98783805;18,57823578;444,32023528;-0,0;0,0;0,0;215,13283805;-18,57823578;458,48145498;-0,0;0,0;0,0;145,98783805;18,57823578;444,32023528;0,0;0,0;0,0;215,13283805;18,57823578;458,48145498;0,0
300081;G;beam_x;60x80;-0,0;0,0;-96,73653736;56,62063539;-283,56805871;-0,0;0,0;-0,0;131,30903736;-56,62063539;-286,54587811;-0,0;0,0;-0,0;-96,73653736;-56,62063539;283,56805871;-0,0;0,0;0,0;131,30903736;56,62063539;286,54587811;-0,0;0,0;0,0;96,73653736;56,62063539;283,56805871;0,0;0,0;0,0;131,30903736;56,62063539;286,54587811;0,0
300082;G;beam_x;60x80;-0,0;0,0;-56,56100152;-45,55601941;-271,10478207;-0,0;0,0;-0,0;84,88086658;45,55601941;95,00965629;-0,0;0,0;-0,0;-56,56100152;45,55601941;271,10478207;-0,0;0,0;0,0;84,88086658;-45,55601941;-95,00965629;-0,0;0,0;0,0;56,56100152;45,55601941;271,10478207;0,0;0,0;0,0;84,88086658;45,55601941;95,00965629;0,0
300083;G;beam_x;60x80;-0,0;0,0;-271,35827675;-26,31070471;-159,6373048;-0,0;0,0;-0,0;299,90561061;26,31070471;-557,29887384;-0,0;0,0;-0,0;-271,35827675;26,31070471;159,6373048;-0,0;0,0;0,0;299,90561061;-26,31070471;557,29887384;-0,0;0,0;0,0;271,35827675;26,31070471;159,6373048;0,0;0,0;0,0;299,90561061;26,31070471;557,29887384;0,0
300084;G;beam_x;60x80;-0,0;0,0;-133,54722926;-21,8895473;-427,33569626;-0,0;0,0;-0,0;163,67723188;21,8895473;57,29124214;-0,0;0,0;-0,0;-133,54722926;21,8895473;427,33569626;-0,0;0,0;0,0;163,67723188;-21,8895473;-57,29124214;-0,0;0,0;0,0;133,54722926;21,8895473;427,33569626;0,0;0,0;0,0;163,67723188;21,8895473;57,29124214;0,0
300085;G;beam_x;60x80;-0,0;0,0;-264,31369917;-6,91290655;-84,48230147;-0,0;0,0;-0,0;294,68570984;6,91290655;-617,06195684;-0,0;0,0;-0,0;-264,31369917;6,91290655;84,48230147;-0,0;0,0;0,0;294,68570984;-6,91290655;617,06195684;-0,0;0,0;0,0;264,31369917;6,91290655;84,48230147;0,0;0,0;0,0;294,68570984;6,91290655;617,06195684;0,0
300086;G;beam_x;60x80;-0,0;0,0;-108,49366081;43,02467111;-281,69940856;-0,0;0,0;-0,0;143,06616081;-43,02467111;-347,2001455;-0,0;0,0;-0,0;-108,49366081;-43,02467111;281,69940856;-0,0;0,0;0,0;143,06616081;43,02467111;347,2001455;-0,0;0,0;0,0;108,49366081;43,02467111;281,69940856;0,0;0,0;0,0;143,06616081;43,02467111;347,2001455;0,0
300087;G;beam_x;60x80;0,0;-0,0;-117,62169675;-5,36779049;-349,92132215;0,0;0,0;0,0;177,84477911;5,36779049;-388,74486751;0,0;0,0;0,0;-117,62169675;5,36779049;349,92132215;0,0;0,0;-0,0;177,84477911;-5,36779049;388,74486751;0,0;0,0;0,0;117,62169675;5,36779049;349,92132215;0,0;0,0;0,0;177,84477911;5,36779049;388,74486751;0,0
300088;G;beam_x;60x80;0,0;-0,0;-149,09457481;-15,19678792;-422,73178349;0,0;0,0;0,0;218,23957481;15,19678792;-495,60359058;0,0;0,0;0,0;-149,09457481;15,19678792;422,73178349;0,0;0,0;-0,0;218,23957481;-15,19678792;495,60359058;0,0;0,0;0,0;149,09457481;15,19678792;422,73178349;0,0;0,0;0,0;218,23957481;15,19678792;495,60359058;0,0
300089;G;beam_x;60x80;0,0;-0,0;-100,25599126;40,43253006;-270,06670578;0,0;0,0;0,0;134,82849126;-40,43253006;-317,64450053;0,0;0,0;0,0;-100,25599126;-40,43253006;270,06670578;0,0;0,0;-0,0;134,82849126;40,43253006;317,64450053;0,0;0,0;0,0;100,25599126;40,43253006;270,06670578;0,0;0,0;0,0;134,82849126;40,43253006;317,64450053;0,0
300090;G;beam_x;60x80;0,0;-0,0;-84,10238872;-38,33710533;-242,29298146;0,0;0,0;0,0;118,67488872;38,33710533;-264,65021216;0,0;0,0;0,0;-84,10238872;38,33710533;242,29298146;0,0;0,0;-0,0;118,67488872;-38,33710533;264,65021216;0,0;0,0;0,0;84,10238872;38,33710533;242,29298146;0,0;0,0;0,0;118,67488872;38,33710533;264,65021216;0,0
300091;G;beam_x;60x80;0,0;-0,0;-147,04089432;-21,59508281;-439,94098083;0,0;0,0;0,0;216,18589432;21,59508281;-468,12599079;0,0;0,0;0,0;-147,04089432;21,59508281;439,94098083;0,0;0,0;-0,0;216,18589432;-21,59508281;468,12599079;0,0;0,0;0,0;147,04089432;21,59508281;439,94098083;0,0;0,0;0,0;216,18589432;21,59508281;468,12599079;0,0
300092;G;beam_x;60x80;0,0;-0,0;-98,45745536;41,75235213;-281,45869633;0,0;0,0;0,0;133,02995536;-41,75235213;-297,25983049;0,0;0,0;0,0;-98,45745536;-41,75235213;281,45869633;0,0;0,0;-0,0;133,02995536;41,75235213;297,25983049;0,0;0,0;0,0;98,45745536;41,75235213;281,45869633;0,0;0,0;0,0;133,02995536;41,75235213;297,25983049;0,0
300093;G;beam_x;60x80;0,0;-0,0;52,53507484;38,11980225;-134,54284648;0,0;-0,0;0,0;-36,0708206;-38,11980225;258,5911001;0,0;0,0;0,0;52,53507484;-38,11980225;134,54284648;0,0;0,0;-0,0;-36,0708206;38,11980225;-258,5911001;0,0;0,0;0,0;52,53507484;38,11980225;134,54284648;0,0;0,0;0,0;36,0708206;38,11980225;258,5911001;0,0
300094;G;beam_x;60x80;-0,0;0,0;-109,17510814;-35,40220907;-259,49727788;-0,0;0,0;-0,0;138,57556214;35,40220907;-359,87939782;-0,0;0,0;-0,0;-109,17510814;35,40220907;259,49727788;-0,0;0,0;0,0;138,57556214;-35,40220907;359,87939782;-0,0;0,0;0,0;109,17510814;35,40220907;259,49727788;0,0;0,0;0,0;138,57556214;35,40220907;359,87939782;0,0
300095;G;beam_x;60x80;0,0;-0,0;142,19104167;19,89098015;-70,7421294;0,0;-0,0;0,0;-108,24029351;-19,89098015;421,34599865;0,0;0,0;0,0;142,19104167;-19,89098015;70,7421294;0,0;0,0;-0,0;-108,24029351;19,89098015;-421,34599865;0,0;0,0;0,0;142,19104167;19,89098015;70,7421294;0,0;0,0;0,0;108,24029351;19,89098015;421,34599865;0,0
300096;G;beam_x;60x80;-0,0;0,0;-164,41620654;-18,23961763;-425,98088408;-0,0;0,0;-0,0;225,04254254;18,23961763;-547,66598863;-0,0;0,0;-0,0;-164,41620654;18,23961763;425,98088408;-0,0;0,0;0,0;225,04254254;-18,23961763;547,66598863;-0,0;0,0;0,0;164,41620654;18,23961763;425,98088408;0,0;0,0;0,0;225,04254254;18,23961763;547,66598863;0,0
300097;G;beam_x;60x80;-0,0;0,0;-109,92587338;45,17495356;-277,29084582;-0,0;0,0;-0,0;144,49837338;-45,17495356;-358,76977111;-0,0;0,0;-0,0;-109,92587338;-45,17495356;277,29084582;-0,0;0,0;0,0;144,49837338;45,17495356;358,76977111;-0,0;0,0;0,0;109,92587338;45,17495356;277,29084582;0,0;0,0;0,0;144,49837338;45,17495356;358,76977111;0,0
300098;G;beam_x;60x80;-0,0;0,0;-88,15590172;-37,54424582;-277,01374739;-0,0;0,0;-0,0;167,96693284;37,54424582;-363,29333902;-0,0;0,0;-0,0;-88,15590172;37,54424582;277,01374739;-0,0;0,0;0,0;167,96693284;-37,54424582;363,29333902;-0,0;0,0;0,0;88,15590172;37,54424582;277,01374739;0,0;0,0;0,0;167,96693284;37,54424582;363,29333902;0,0
300099;G;beam_x;60x80;-0,0;0,0;-155,42015984;-15,86027255;-432,38564774;-0,0;0,0;-0,0;224,56515984;15,86027255;-517,57765146;-0,0;0,0;-0,0;-155,42015984;15,86027255;432,38564774;-0,0;0,0;0,0;224,56515984;-15,86027255;517,57765146;-0,0;0,0;0,0;155,42015984;15,86027255;432,38564774;0,0;0,0;0,0;224,56515984;15,86027255;517,57765146;0,0
300100;G;beam_x;60x80;-0,0;0,0;-103,25269253;43,13602883;-272,09321834;-0,0;0,0;-0,0;137,82519253;-43,13602883;-330,60149433;-0,0;0,0;-0,0;-103,25269253;-43,13602883;272,09321834;-0,0;0,0;0,0;137,82519253;43,13602883;330,60149433;-0,0;0,0;0,0;103,25269253;43,13602883;272,09321834;0,0;0,0;0,0;137,82519253;43,13602883;330,60149433;0,0
300101;G;beam_x;60x80;-0,0;0,0;-90,40134137;-43,59560766;-248,43264912;-0,0;0,0;-0,0;124,97384137;43,59560766;-290,00530772;-0,0;0,0;-0,0;-90,40134137;43,59560766;248,43264912;-0,0;0,0;0,0;124,97384137;-43,59560766;290,00530772;-0,0;0,0;0,0;90,40134137;43,59560766;248,43264912;0,0;0,0;0,0;124,97384137;43,59560766;290,00530772;0,0
300102;G;beam_x;60x80;-0,0;0,0;-149,04917449;-22,37159504;-436,51213692;-0,0;0,0;-0,0;218,19417449;22,37159504;-481,59623554;-0,0;0,0;-0,0;-149,04917449;22,37159504;436,51213692;-0,0;0,0;0,0;218,19417449;-22,37159504;481,59623554;-0,0;0,0;0,0;149,04917449;22,37159504;436,51213692;0,0;0,0;0,0;218,19417449;22,37159504;481,59623554;0,0
300103;G;beam_x;60x80;-0,0;0,0;-101,47571168;45,25534674;-281,61240346;-0,0;0,0;-0,0;136,04821168;-45,25534674;-312,19740493;-0,0;0,0;-0,0;-101,47571168;-45,25534674;281,61240346;-0,0;0,0;0,0;136,04821168;45,25534674;312,19740493;-0,0;0,0;0,0;101,47571168;45,25534674;281,61240346;0,0;0,0;0,0;136,04821168;45,25534674;312,19740493;0,0
300104;G;beam_x;60x80;0,0;-0,0;-9,39239802;1,08806383;-36,25047831;0,0;0,0;0,0;16,7840635;-1,08806383;4,18431295;0,0;0,0;0,0;-9,39239802;-1,08806383;36,25047831;0,0;0,0;-0,0;16,7840635;1,08806383;-4,18431295;0,0;0,0;0,0;9,39239802;1,08806383;36,25047831;0,0;0,0;0,0;16,7840635;1,08806383;4,18431295;0,0
300105;G;beam_x;60x80;0,0;-0,0;-14,11743997;2,00973063;-60,47078591;0,0;0,0;0,0;28,90077094;-2,00973063;7,77347755;0,0;0,0;0,0;-14,11743997;-2,00973063;60,47078591;0,0;0,0;-0,0;28,90077094;2,00973063;-7,77347755;0,0;0,0;0,0;14,11743997;2,00973063;60,47078591;0,0;0,0;0,0;28,90077094;2,00973063;7,77347755;0,0
300106;G;beam_x;60x80;0,0;-0,0;-10,36933423;13,66664504;-39,86115316;0,0;0,0;0,0;17,76099971;-13,66664504;5,40149408;0,0;0,0;0,0;-10,36933423;-13,66664504;39,86115316;0,0;0,0;-0,0;17,76099971;13,66664504;-5,40149408;0,0;0,0;0,0;10,36933423;13,66664504;39,86115316;0,0;0,0;0,0;17,76099971;13,66664504;5,40149408;0,0
300107;G;beam_x;60x80;-0,0;0,0;-95,14959206;-47,64903396;-239,82164836;-0,0;0,0;-0,0;129,72209206;47,64903396;-322,35756194;-0,0;0,0;-0,0;-95,14959206;47,64903396;239,82164836;-0,0;0,0;0,0;129,72209206;-47,64903396;322,35756194;-0,0;0,0;0,0;95,14959206;47,64903396;239,82164836;0,0;0,0;0,0;129,72209206;47,64903396;322,35756194;0,0
300108;G;beam_x;60x80;-0,0;0,0;-164,10942111;-17,21736592;-445,85266997;-0,0;0,0;-0,0;233,25442111;17,21736592;-547,55693557;-0,0;0,0;-0,0;-164,10942111;17,21736592;445,85266997;-0,0;0,0;0,0;233,25442111;-17,21736592;547,55693557;-0,0;0,0;0,0;164,10942111;17,21736592;445,85266997;0,0;0,0;0,0;233,25442111;17,21736592;547,55693557;0,0
300109;G;beam_x;60x80;-0,0;0,0;-110,57993453;35,38677939;-284,57473393;-0,0;0,0;-0,0;145,15243453;-35,38677939;-354,75618871;-0,0;0,0;-0,0;-110,57993453;-35,38677939;284,57473393;-0,0;0,0;0,0;145,15243453;35,38677939;354,75618871;-0,0;0,0;0,0;110,57993453;35,38677939;284,57473393;0,0;0,0;0,0;145,15243453;35,38677939;354,75618871;0,0
300110;G;beam_x;60x80;-0,0;0,0;-86,05083406;-33,93636187;-279,69134104;-0,0;0,0;-0,0;165,86186518;33,93636187;-350,09040704;-0,0;0,0;-0,0;-86,05083406;33,93636187;279,69134104;-0,0;0,0;0,0;165,86186518;-33,93636187;350,09040704;-0,0;0,0;0,0;86,05083406;33,93636187;279,69134104;0,0;0,0;0,0;165,86186518;33,93636187;350,09040704;0,0
300111;G;beam_x;60x80;-0,0;0,0;-156,25639015;-10,51591214;-435,64702947;-0,0;0,0;-0,0;225,40139015;10,51591214;-518,49742129;-0,0;0,0;-0,0;-156,25639015;10,51591214;435,64702947;-0,0;0,0;0,0;225,40139015;-10,51591214;518,49742129;-0,0;0,0;0,0;156,25639015;10,51591214;435,64702947;0,0;0,0;0,0;225,40139015;10,51591214;518,49742129;0,0
300112;G;beam_x;60x80;-0,0;0,0;-100,75458193;34,45535193;-266,02722644;-0,0;0,0;-0,0;135,32708193;-34,45535193;-324,17693321;-0,0;0,0;-0,0;-100,75458193;-34,45535193;266,02722644;-0,0;0,0;0,0;135,32708193;34,45535193;324,17693321;-0,0;0,0;0,0;100,75458193;34,45535193;266,02722644;0,0;0,0;0,0;135,32708193;34,45535193;324,17693321;0,0
300113;G;beam_x;60x80;-0,0;0,0;-84,42696471;-38,13079648;-251,80904859;-0,0;0,0;-0,0;118,99946471;38,13079648;-256,75702498;-0,0;0,0;-0,0;-84,42696471;38,13079648;251,80904859;-0,0;0,0;0,0;118,99946471;-38,13079648;256,75702498;-0,0;0,0;0,0;84,42696471;38,13079648;251,80904859;0,0;0,0;0,0;118,99946471;38,13079648;256,75702498;0,0
300114;G;beam_x;60x80;-0,0;0,0;-143,53229066;-19,5797283;-449,78470946;-0,0;0,0;-0,0;212,67729066;19,5797283;-440,73924386;-0,0;0,0;-0,0;-143,53229066;19,5797283;449,78470946;-0,0;0,0;0,0;212,67729066;-19,5797283;440,73924386;-0,0;0,0;0,0;143,53229066;19,5797283;449,78470946;0,0;0,0;0,0;212,67729066;19,5797283;440,73924386;0,0
300115;G;beam_x;60x80;-0,0;0,0;-96,44127605;39,19795521;-289,15815484;-0,0;0,0;-0,0;131,01377605;-39,19795521;-279,47947543;-0,0;0,0;-0,0;-96,44127605;-39,19795521;289,15815484;-0,0;0,0;0,0;131,01377605;39,19795521;279,47947543;-0,0;0,0;0,0;96,44127605;39,19795521;289,15815484;0,0;0,0;0,0;131,01377605;39,19795521;279,47947543;0,0
300116;G;beam_x;60x80;0,0;-0,0;6,17787474;14,91645059;5,17027767;0,0;0,0;0,0;1,21379074;-14,91645059;0,91072523;0,0;0,0;0,0;6,17787474;-14,91645059;-5,17027767;0,0;0,0;-0,0;1,21379074;14,91645059;-0,91072523;0,0;0,0;0,0;6,17787474;14,91645059;5,17027767;0,0;0,0;0,0;1,21379074;14,91645059;0,91072523;0,0
300117;G;beam_x;60x80;0,0;-0,0;19,01809648;11,26320309;14,22827693;0,0;-0,0;0,0;-4,23476551;-11,26320309;14,25647901;0,0;0,0;0,0;19,01809648;-11,26320309;-14,22827693;0,0;0,0;-0,0;-4,23476551;11,26320309;-14,25647901;0,0;0,0;0,0;19,01809648;11,26320309;14,22827693;0,0;0,0;0,0;4,23476551;11,26320309;14,25647901;0,0
300118;G;beam_x;60x80;0,0;-0,0;7,01256435;9,52197299;4,87879578;0,0;0,0;0,0;0,37910114;-9,52197299;3,24719666;0,0;0,0;0,0;7,01256435;-9,52197299;-4,87879578;0,0;0,0;-0,0;0,37910114;9,52197299;-3,24719666;0,0;0,0;0,0;7,01256435;9,52197299;4,87879578;0,0;0,0;0,0;0,37910114;9,52197299;3,24719666;0,0
300119;G;beam_x;60x80;0,0;-0,0;-148,04772529;-79,59885393;380,62645381;-0,0;0,0;0,0;183,32523313;79,59885393;447,80594224;-0,0;0,0;-0,0;-148,04772529;-79,59885393;380,62645381;-0,0;0,0;0,0;183,32523313;79,59885393;447,80594224;-0,0;0,0;0,0;148,04772529;79,59885393;380,62645381;0,0;0,0;0,0;183,32523313;79,59885393;447,80594224;0,0
300120;G;beam_x;60x80;0,0;-0,0;-76,59954859;-35,46429121;227,89870799;-0,0;0,0;0,0;111,17204859;35,46429121;241,53028497;-0,0;0,0;-0,0;-76,59954859;-35,46429121;227,89870799;-0,0;0,0;0,0;111,17204859;35,46429121;241,53028497;-0,0;0,0;0,0;76,59954859;35,46429121;227,89870799;0,0;0,0;0,0;111,17204859;35,46429121;241,53028497;0,0
300121;G;beam_x;60x80;0,0;-0,0;-243,11974105;6,88681755;647,31010119;-0,0;0,0;0,0;324,59898884;-6,88681755;771,98672352;-0,0;0,0;-0,0;-243,11974105;6,88681755;647,31010119;-0,0;0,0;0,0;324,59898884;-6,88681755;771,98672352;-0,0;0,0;0,0;243,11974105;6,88681755;647,31010119;0,0;0,0;0,0;324,59898884;6,88681755;771,98672352;0,0
300122;G;beam_x;60x80;0,0;-0,0;-141,74002511;-14,45493234;426,38466735;-0,0;0,0;0,0;210,88502511;14,45493234;455,17795819;-0,0;0,0;-0,0;-141,74002511;-14,45493234;426,38466735;-0,0;0,0;0,0;210,88502511;14,45493234;455,17795819;-0,0;0,0;0,0;141,74002511;14,45493234;426,38466735;0,0;0,0;0,0;210,88502511;14,45493234;455,17795819;0,0
300123;G;beam_x;60x80;0,0;-0,0;-120,87693227;-18,05621481;286,70382935;-0,0;0,0;0,0;159,36634095;18,05621481;238,75230794;-0,0;0,0;-0,0;-120,87693227;-18,05621481;286,70382935;-0,0;0,0;0,0;159,36634095;18,05621481;238,75230794;-0,0;0,0;0,0;120,87693227;18,05621481;286,70382935;0,0;0,0;0,0;159,36634095;18,05621481;238,75230794;0,0
300124;G;beam_x;60x80;0,0;-0,0;-103,64292819;66,76393275;307,33362168;-0,0;0,0;0,0;154,97493158;-66,76393275;339,21102773;-0,0;0,0;-0,0;-103,64292819;66,76393275;307,33362168;-0,0;0,0;0,0;154,97493158;-66,76393275;339,21102773;-0,0;0,0;0,0;103,64292819;66,76393275;307,33362168;0,0;0,0;0,0;154,97493158;66,76393275;339,21102773;0,0
300125;G;beam_x;60x80;-0,0;0,0;-99,98993437;41,45147835;-270,62570942;-0,0;0,0;-0,0;134,56243437;-41,45147835;-315,75521244;-0,0;0,0;-0,0;-99,98993437;-41,45147835;270,62570942;-0,0;0,0;0,0;134,56243437;41,45147835;315,75521244;-0,0;0,0;0,0;99,98993437;41,45147835;270,62570942;0,0;0,0;0,0;134,56243437;41,45147835;315,75521244;0,0
300126;G;beam_x;60x80;0,0;-0,0;-149,51026385;-86,27951183;389,22809158;-0,0;0,0;0,0;184,78777169;86,27951183;446,51699728;-0,0;0,0;-0,0;-149,51026385;-86,27951183;389,22809158;-0,0;0,0;0,0;184,78777169;86,27951183;446,51699728;-0,0;0,0;0,0;149,51026385;86,27951183;389,22809158;0,0;0,0;0,0;184,78777169;86,27951183;446,51699728;0,0
300127;G;beam_x;60x80;0,0;-0,0;-238,69633807;4,32487199;645,43078882;-0,0;0,0;0,0;320,17558586;-4,32487199;751,74902102;-0,0;0,0;-0,0;-238,69633807;4,32487199;645,43078882;-0,0;0,0;0,0;320,17558586;-4,32487199;751,74902102;-0,0;0,0;0,0;238,69633807;4,32487199;645,43078882;0,0;0,0;0,0;320,17558586;4,32487199;751,74902102;0,0
300128;G;beam_x;60x80;0,0;-0,0;-99,45677837;69,70006103;305,39514954;-0,0;0,0;0,0;150,78878176;-69,70006103;320,21875079;-0,0;0,0;-0,0;-99,45677837;69,70006103;305,39514954;-0,0;0,0;0,0;150,78878176;-69,70006103;320,21875079;-0,0;0,0;0,0;99,45677837;69,70006103;305,39514954;0,0;0,0;0,0;150,78878176;69,70006103;320,21875079;0,0
300129;G;beam_x;60x80;0,0;-0,0;-78,8022761;-41,00403229;234,69164856;-0,0;0,0;0,0;113,3747761;41,00403229;245,75098192;-0,0;0,0;-0,0;-78,8022761;-41,00403229;234,69164856;-0,0;0,0;0,0;113,3747761;41,00403229;245,75098192;-0,0;0,0;0,0;78,8022761;41,00403229;234,69164856;0,0;0,0;0,0;113,3747761;41,00403229;245,75098192;0,0
300130;G;beam_x;60x80;0,0;-0,0;-140,86875237;-17,47056483;423,23180227;-0,0;0,0;0,0;210,01375237;17,47056483;453,97445957;-0,0;0,0;-0,0;-140,86875237;-17,47056483;423,23180227;-0,0;0,0;0,0;210,01375237;17,47056483;453,97445957;-0,0;0,0;0,0;140,86875237;17,47056483;423,23180227;0,0;0,0;0,0;210,01375237;17,47056483;453,97445957;0,0
300131;G;beam_x;60x80;-0,0;0,0;-101,81232689;43,74991685;-275,56361408;-0,0;0,0;-0,0;136,38482689;-43,74991685;-319,92927036;-0,0;0,0;-0,0;-101,81232689;-43,74991685;275,56361408;-0,0;0,0;0,0;136,38482689;43,74991685;319,92927036;-0,0;0,0;0,0;101,81232689;43,74991685;275,56361408;0,0;0,0;0,0;136,38482689;43,74991685;319,92927036;0,0
300132;G;beam_x;60x80;0,0;-0,0;-121,60532534;-20,73700501;281,62308291;-0,0;0,0;0,0;160,09473402;20,73700501;246,56452839;-0,0;0,0;-0,0;-121,60532534;-20,73700501;281,62308291;-0,0;0,0;0,0;160,09473402;20,73700501;246,56452839;-0,0;0,0;0,0;121,60532534;20,73700501;281,62308291;0,0;0,0;0,0;160,09473402;20,73700501;246,56452839;0,0
300133;G;beam_x;60x80;0,0;-0,0;-149,59744248;-88,4654285;397,59734914;-0,0;0,0;0,0;184,87495032;88,4654285;438,58363285;-0,0;0,0;-0,0;-149,59744248;-88,4654285;397,59734914;-0,0;0,0;0,0;184,87495032;88,4654285;438,58363285;-0,0;0,0;0,0;149,59744248;88,4654285;397,59734914;0,0;0,0;0,0;184,87495032;88,4654285;438,58363285;0,0
300134;G;beam_x;60x80;0,0;-0,0;-235,17987959;3,71397129;648,83615516;-0,0;0,0;0,0;316,65912739;-3,71397129;730,76136229;-0,0;0,0;-0,0;-235,17987959;3,71397129;648,83615516;-0,0;0,0;0,0;316,65912739;-3,71397129;730,76136229;-0,0;0,0;0,0;235,17987959;3,71397129;648,83615516;0,0;0,0;0,0;316,65912739;3,71397129;730,76136229;0,0
300135;G;beam_x;60x80;0,0;-0,0;-97,81647562;69,96215544;309,72009927;-0,0;0,0;0,0;149,14847901;-69,96215544;307,69228728;-0,0;0,0;-0,0;-97,81647562;69,96215544;309,72009927;-0,0;0,0;0,0;149,14847901;-69,96215544;307,69228728;-0,0;0,0;0,0;97,81647562;69,96215544;309,72009927;0,0;0,0;0,0;149,14847901;69,96215544;307,69228728;0,0
300136;G;beam_x;60x80;0,0;0,0;-78,96253974;-43,41613886;236,37878318;0,0;0,0;-0,0;113,53503974;43,41613886;244,86516553;0,0;0,0;0,0;-78,96253974;-43,41613886;236,37878318;0,0;0,0;-0,0;113,53503974;43,41613886;244,86516553;0,0;0,0;0,0;78,96253974;43,41613886;236,37878318;0,0;0,0;0,0;113,53503974;43,41613886;244,86516553;0,0
300137;G;beam_x;60x80;0,0;0,0;-139,15496707;-18,10044186;419,85551852;0,0;0,0;-0,0;208,29996707;18,10044186;448,78181685;0,0;0,0;0,0;-139,15496707;-18,10044186;419,85551852;0,0;0,0;-0,0;208,29996707;18,10044186;448,78181685;0,0;0,0;0,0;139,15496707;18,10044186;419,85551852;0,0;0,0;0,0;208,29996707;18,10044186;448,78181685;0,0
300138;G;beam_x;60x80;0,0;-0,0;-103,84604298;44,03224351;-277,00897164;0,0;0,0;0,0;138,41854298;-44,03224351;-328,65249325;0,0;0,0;0,0;-103,84604298;-44,03224351;277,00897164;0,0;0,0;-0,0;138,41854298;44,03224351;328,65249325;0,0;0,0;0,0;103,84604298;44,03224351;277,00897164;0,0;0,0;0,0;138,41854298;44,03224351;328,65249325;0,0
300139;G;beam_x;60x80;0,0;0,0;-119,21598002;-21,2557039;279,70679851;0,0;0,0;-0,0;157,70538869;21,2557039;239,52076782;0,0;0,0;0,0;-119,21598002;-21,2557039;279,70679851;0,0;0,0;-0,0;157,70538869;21,2557039;239,52076782;0,0;0,0;0,0;119,21598002;21,2557039;279,70679851;0,0;0,0;0,0;157,70538869;21,2557039;239,52076782;0,0
300140;G;beam_x;60x80;0,0;0,0;-150,33898868;-91,98749408;403,24055182;0,0;0,0;-0,0;185,61649652;91,98749408;436,64816118;0,0;0,0;0,0;-150,33898868;-91,98749408;403,24055182;0,0;0,0;-0,0;185,61649652;91,98749408;436,64816118;0,0;0,0;0,0;150,33898868;91,98749408;403,24055182;0,0;0,0;0,0;185,61649652;91,98749408;436,64816118;0,0
300141;G;beam_x;60x80;0,0;0,0;-232,12254219;3,73348425;646,15165205;0,0;0,0;-0,0;313,60178998;-3,73348425;718,15917838;0,0;0,0;0,0;-232,12254219;3,73348425;646,15165205;0,0;0,0;-0,0;313,60178998;-3,73348425;718,15917838;0,0;0,0;0,0;232,12254219;3,73348425;646,15165205;0,0;0,0;0,0;313,60178998;3,73348425;718,15917838;0,0
300142;G;beam_x;60x80;0,0;0,0;-93,26490179;74,22401879;304,4651156;0,0;0,0;-0,0;144,59690518;-74,22401879;290,18940183;0,0;0,0;0,0;-93,26490179;74,22401879;304,4651156;0,0;0,0;-0,0;144,59690518;-74,22401879;290,18940183;0,0;0,0;0,0;93,26490179;74,22401879;304,4651156;0,0;0,0;0,0;144,59690518;74,22401879;290,18940183;0,0
300143;G;beam_x;60x80;0,0;-0,0;-78,26765989;-45,86893854;241,44464549;-0,0;0,0;0,0;112,84015989;45,86893854;236,32490398;-0,0;0,0;-0,0;-78,26765989;-45,86893854;241,44464549;-0,0;0,0;0,0;112,84015989;45,86893854;236,32490398;-0,0;0,0;0,0;78,26765989;45,86893854;241,44464549;0,0;0,0;0,0;112,84015989;45,86893854;236,32490398;0,0
300144;G;beam_x;60x80;0,0;-0,0;-137,38424155;-19,02266223;419,75322511;-0,0;0,0;0,0;206,52924155;19,02266223;440,03048263;-0,0;0,0;-0,0;-137,38424155;-19,02266223;419,75322511;-0,0;0,0;0,0;206,52924155;19,02266223;440,03048263;-0,0;0,0;0,0;137,38424155;19,02266223;419,75322511;0,0;0,0;0,0;206,52924155;19,02266223;440,03048263;0,0
300145;G;beam_x;60x80;0,0;-0,0;-106,61247723;47,94640603;-283,17571979;0,0;0,0;0,0;141,18497723;-47,94640603;-336,31791635;0,0;0,0;0,0;-106,61247723;-47,94640603;283,17571979;0,0;0,0;-0,0;141,18497723;47,94640603;336,31791635;0,0;0,0;0,0;106,61247723;47,94640603;283,17571979;0,0;0,0;0,0;141,18497723;47,94640603;336,31791635;0,0
300146;G;beam_x;60x80;0,0;0,0;-118,08222028;-21,43377463;275,46031107;0,0;0,0;-0,0;156,57162895;21,43377463;239,51565623;0,0;0,0;0,0;-118,08222028;-21,43377463;275,46031107;0,0;0,0;-0,0;156,57162895;21,43377463;239,51565623;0,0;0,0;0,0;118,08222028;21,43377463;275,46031107;0,0;0,0;0,0;156,57162895;21,43377463;239,51565623;0,0
300147;G;beam_x;60x80;0,0;-0,0;-144,93733566;-85,52726712;406,45692195;-0,0;0,0;0,0;180,2148435;85,52726712;406,42352596;-0,0;0,0;-0,0;-144,93733566;-85,52726712;406,45692195;-0,0;0,0;0,0;180,2148435;85,52726712;406,42352596;-0,0;0,0;0,0;144,93733566;85,52726712;406,45692195;0,0;0,0;0,0;180,2148435;85,52726712;406,42352596;0,0
300148;G;beam_x;60x80;0,0;-0,0;-261,53437557;-13,83605463;733,48108434;-0,0;0,0;0,0;332,08939126;13,83605463;750,57833273;-0,0;0,0;-0,0;-261,53437557;-13,83605463;733,48108434;-0,0;0,0;0,0;332,08939126;13,83605463;750,57833273;-0,0;0,0;0,0;261,53437557;13,83605463;733,48108434;0,0;0,0;0,0;332,08939126;13,83605463;750,57833273;0,0
300149;G;beam_x;60x80;0,0;-0,0;-124,53775424;82,98682963;377,20495577;-0,0;0,0;0,0;160,46549624;-82,98682963;335,30317044;-0,0;0,0;-0,0;-124,53775424;82,98682963;377,20495577;-0,0;0,0;0,0;160,46549624;-82,98682963;335,30317044;-0,0;0,0;0,0;124,53775424;82,98682963;377,20495577;0,0;0,0;0,0;160,46549624;82,98682963;335,30317044;0,0
300150;G;beam_x;60x80;0,0;-0,0;-77,27779818;-42,26267591;225,01167875;-0,0;0,0;0,0;111,85029818;42,26267591;247,80856214;-0,0;0,0;-0,0;-77,27779818;-42,26267591;225,01167875;-0,0;0,0;0,0;111,85029818;42,26267591;247,80856214;-0,0;0,0;0,0;77,27779818;42,26267591;225,01167875;0,0;0,0;0,0;111,85029818;42,26267591;247,80856214;0,0
300151;G;beam_x;60x80;0,0;-0,0;-133,26829835;-15,70457946;410,25978914;-0,0;0,0;0,0;202,41329835;15,70457946;428,94420262;-0,0;0,0;-0,0;-133,26829835;-15,70457946;410,25978914;-0,0;0,0;0,0;202,41329835;15,70457946;428,94420262;-0,0;0,0;0,0;133,26829835;15,70457946;410,25978914;0,0;0,0;0,0;202,41329835;15,70457946;428,94420262;0,0
300152;G;beam_x;60x80;0,0;-0,0;-103,76071332;33,01046183;-263,40541742;0,0;0,0;0,0;138,33321332;-33,01046183;-341,82939915;0,0;0,0;0,0;-103,76071332;-33,01046183;263,40541742;0,0;0,0;-0,0;138,33321332;33,01046183;341,82939915;0,0;0,0;0,0;103,76071332;33,01046183;263,40541742;0,0;0,0;0,0;138,33321332;33,01046183;341,82939915;0,0
300153;G;beam_x;60x80;0,0;-0,0;6,41002366;-6,26984528;153,51555184;-0,0;0,0;0,0;13,03700759;6,26984528;-141,08995699;-0,0;0,0;-0,0;6,41002366;-6,26984528;153,51555184;-0,0;0,0;0,0;13,03700759;6,26984528;-141,08995699;-0,0;0,0;0,0;6,41002366;6,26984528;153,51555184;0,0;0,0;0,0;13,03700759;6,26984528;141,08995699;0,0
300154;G;beam_x;60x80;0,0;0,0;-130,42854802;-17,63775271;175,41921215;0,0;0,0;-0,0;149,87557927;17,63775271;350,15102653;0,0;0,0;0,0;-130,42854802;-17,63775271;175,41921215;0,0;0,0;-0,0;149,87557927;17,63775271;350,15102653;0,0;0,0;0,0;130,42854802;17,63775271;175,41921215;0,0;0,0;0,0;149,87557927;17,63775271;350,15102653;0,0
300155;G;beam_x;60x80;0,0;-0,0;-116,07622804;-21,09253861;313,8117176;-0,0;0,0;0,0;154,56563672;21,09253861;193,64177882;-0,0;0,0;-0,0;-116,07622804;-21,09253861;313,8117176;-0,0;0,0;0,0;154,56563672;21,09253861;193,64177882;-0,0;0,0;0,0;116,07622804;21,09253861;313,8117176;0,0;0,0;0,0;154,56563672;21,09253861;193,64177882;0,0
300156;G;beam_x;60x80;0,0;-0,0;5,09130703;12,47973722;191,11163672;-0,0;0,0;0,0;14,35572422;-12,47973722;-173,74085448;-0,0;0,0;-0,0;5,09130703;12,47973722;191,11163672;-0,0;0,0;0,0;14,35572422;-12,47973722;-173,74085448;-0,0;0,0;0,0;5,09130703;12,47973722;191,11163672;0,0;0,0;0,0;14,35572422;12,47973722;173,74085448;0,0
300157;G;beam_x;60x80;0,0;0,0;-155,69479482;41,90169547;205,42800084;0,0;0,0;-0,0;175,14182607;-41,90169547;414,89066333;0,0;0,0;0,0;-155,69479482;41,90169547;205,42800084;0,0;0,0;-0,0;175,14182607;-41,90169547;414,89066333;0,0;0,0;0,0;155,69479482;41,90169547;205,42800084;0,0;0,0;0,0;175,14182607;41,90169547;414,89066333;0,0
300158;G;beam_y;60x80;0,0;0,0;-36,42629596;-196,19616543;26,68416638;-0,0;-0,0;0,0;94,3642157;-82,71460068;-26,68416638;-0,0;0,0;-0,0;-36,42629596;26,68416638;196,19616543;-0,0;0,0;0,0;94,3642157;-26,68416638;82,71460068;-0,0;0,0;0,0;36,42629596;26,68416638;196,19616543;0,0;0,0;0,0;94,3642157;26,68416638;82,71460068;0,0
300159;G;beam_y;60x80;0,0;0,0;-131,27225226;-182,65017512;5,64423799;-0,0;-0,0;0,0;167,38573664;-263,09687332;-5,64423799;-0,0;0,0;-0,0;-131,27225226;5,64423799;182,65017512;-0,0;0,0;0,0;167,38573664;-5,64423799;263,09687332;-0,0;0,0;0,0;131,27225226;5,64423799;182,65017512;0,0;0,0;0,0;167,38573664;5,64423799;263,09687332;0,0
300160;G;beam_y;60x80;0,0;0,0;-23,11388339;-165,88292326;-31,50240367;-0,0;-0,0;0,0;83,62707214;-61,74216441;31,50240367;-0,0;0,0;-0,0;-23,11388339;-31,50240367;165,88292326;-0,0;0,0;0,0;83,62707214;31,50240367;61,74216441;-0,0;0,0;0,0;23,11388339;31,50240367;165,88292326;0,0;0,0;0,0;83,62707214;31,50240367;61,74216441;0,0
300161;G;beam_y;60x80;0,0;0,0;-51,23469275;-63,8404707;-14,47269644;-0,0;-0,0;0,0;89,46681521;-146,15652993;14,47269644;-0,0;0,0;-0,0;-51,23469275;-14,47269644;63,8404707;-0,0;0,0;0,0;89,46681521;14,47269644;146,15652993;-0,0;0,0;0,0;51,23469275;14,47269644;63,8404707;0,0;0,0;0,0;89,46681521;14,47269644;146,15652993;0,0
300162;G;beam_y;60x80;-0,0;0,0;-37,31098278;-197,06311179;27,65828805;0,0;0,0;0,0;95,24890252;-85,62084362;-27,65828805;0,0;0,0;0,0;-37,31098278;27,65828805;197,06311179;0,0;0,0;-0,0;95,24890252;-27,65828805;85,62084362;0,0;0,0;0,0;37,31098278;27,65828805;197,06311179;0,0;0,0;0,0;95,24890252;27,65828805;85,62084362;0,0
300163;G;beam_y;60x80;0,0;0,0;-116,41629401;-181,98267937;-6,44579706;-0,0;-0,0;0,0;152,52977839;-219,41933368;6,44579706;-0,0;0,0;-0,0;-116,41629401;-6,44579706;181,98267937;-0,0;0,0;0,0;152,52977839;6,44579706;219,41933368;-0,0;0,0;0,0;116,41629401;6,44579706;181,98267937;0,0;0,0;0,0;152,52977839;6,44579706;219,41933368;0,0
300164;G;beam_y;60x80;-0,0;0,0;-24,32147717;-167,89074309;-29,6338594;0,0;0,0;0,0;84,83466592;-64,88473206;29,6338594;0,0;0,0;0,0;-24,32147717;-29,6338594;167,89074309;0,0;0,0;-0,0;84,83466592;29,6338594;64,88473206;0,0;0,0;0,0;24,32147717;29,6338594;167,89074309;0,0;0,0;0,0;84,83466592;29,6338594;64,88473206;0,0
300165;G;beam_y;60x80;0,0;0,0;-49,57569938;-73,41900613;-14,46606873;-0,0;-0,0;0,0;87,80782184;-131,62589929;14,46606873;-0,0;0,0;-0,0;-49,57569938;-14,46606873;73,41900613;-0,0;0,0;0,0;87,80782184;14,46606873;131,62589929;-0,0;0,0;0,0;49,57569938;14,46606873;73,41900613;0,0;0,0;0,0;87,80782184;14,46606873;131,62589929;0,0
300166;G;beam_y;60x80;-0,0;0,0;-38,71435561;-198,80533395;27,60194536;0,0;0,0;0,0;96,65227535;-89,86400658;-27,60194536;0,0;0,0;0,0;-38,71435561;27,60194536;198,80533395;0,0;0,0;-0,0;96,65227535;-27,60194536;89,86400658;0,0;0,0;0,0;38,71435561;27,60194536;198,80533395;0,0;0,0;0,0;96,65227535;27,60194536;89,86400658;0,0
300167;G;beam_y;60x80;0,0;0,0;-109,37687067;-182,18636172;-9,2675682;-0,0;-0,0;0,0;145,49035505;-198,20297266;9,2675682;-0,0;0,0;-0,0;-109,37687067;-9,2675682;182,18636172;-0,0;0,0;0,0;145,49035505;9,2675682;198,20297266;-0,0;0,0;0,0;109,37687067;9,2675682;182,18636172;0,0;0,0;0,0;145,49035505;9,2675682;198,20297266;0,0
300168;G;beam_y;60x80;-0,0;0,0;-25,39791392;-170,32101615;-28,43606524;0,0;0,0;0,0;85,91110268;-67,04546176;28,43606524;0,0;0,0;0,0;-25,39791392;-28,43606524;170,32101615;0,0;0,0;-0,0;85,91110268;28,43606524;67,04546176;0,0;0,0;0,0;25,39791392;28,43606524;170,32101615;0,0;0,0;0,0;85,91110268;28,43606524;67,04546176;0,0
300169;G;beam_y;60x80;0,0;0,0;-48,55177273;-79,16657433;-15,70547842;-0,0;-0,0;0,0;86,7838952;-122,82191004;15,70547842;-0,0;0,0;-0,0;-48,55177273;-15,70547842;79,16657433;-0,0;0,0;0,0;86,7838952;15,70547842;122,82191004;-0,0;0,0;0,0;48,55177273;15,70547842;79,16657433;0,0;0,0;0,0;86,7838952;15,70547842;122,82191004;0,0
300170;G;beam_y;60x80;0,0;0,0;-38,30000812;-196,91045705;27,17429428;-0,0;-0,0;0,0;96,23792786;-89,99169144;-27,17429428;-0,0;0,0;-0,0;-38,30000812;27,17429428;196,91045705;-0,0;0,0;0,0;96,23792786;-27,17429428;89,99169144;-0,0;0,0;0,0;38,30000812;27,17429428;196,91045705;0,0;0,0;0,0;96,23792786;27,17429428;89,99169144;0,0
300171;G;beam_y;60x80;0,0;0,0;-103,12397093;-180,21068767;-14,89802268;-0,0;-0,0;0,0;139,23745531;-181,51374101;14,89802268;-0,0;0,0;-0,0;-103,12397093;-14,89802268;180,21068767;-0,0;0,0;0,0;139,23745531;14,89802268;181,51374101;-0,0;0,0;0,0;103,12397093;14,89802268;180,21068767;0,0;0,0;0,0;139,23745531;14,89802268;181,51374101;0,0
300172;G;beam_y;60x80;0,0;0,0;-26,88247721;-171,93650078;-27,99239377;-0,0;-0,0;0,0;87,39566596;-71,76163952;27,99239377;-0,0;0,0;-0,0;-26,88247721;-27,99239377;171,93650078;-0,0;0,0;0,0;87,39566596;27,99239377;71,76163952;-0,0;0,0;0,0;26,88247721;27,99239377;171,93650078;0,0;0,0;0,0;87,39566596;27,99239377;71,76163952;0,0
300173;G;beam_y;60x80;0,0;0,0;-47,95959179;-83,42218698;-15,14712859;-0,0;-0,0;0,0;86,19171426;-116,7986373;15,14712859;-0,0;0,0;-0,0;-47,95959179;-15,14712859;83,42218698;-0,0;0,0;0,0;86,19171426;15,14712859;116,7986373;-0,0;0,0;0,0;47,95959179;15,14712859;83,42218698;0,0;0,0;0,0;86,19171426;15,14712859;116,7986373;0,0
300174;G;beam_y;60x80;0,0;0,0;-16,92231246;-166,30431823;31,68714636;0,0;0,0;0,0;74,8602322;-29,42195825;-31,68714636;0,0;0,0;0,0;-16,92231246;31,68714636;166,30431823;0,0;0,0;0,0;74,8602322;-31,68714636;29,42195825;0,0;0,0;0,0;16,92231246;31,68714636;166,30431823;0,0;0,0;0,0;74,8602322;31,68714636;29,42195825;0,0
300175;G;beam_y;60x80;-0,0;0,0;-126,25997561;-168,37760443;3,57547268;0,0;0,0;0,0;162,37345998;-262,40779819;-3,57547268;0,0;0,0;0,0;-126,25997561;3,57547268;168,37760443;0,0;0,0;-0,0;162,37345998;-3,57547268;262,40779819;0,0;0,0;0,0;126,25997561;3,57547268;168,37760443;0,0;0,0;0,0;162,37345998;3,57547268;262,40779819;0,0
300176;G;beam_y;60x80;0,0;0,0;-23,53351131;-177,83488448;-56,28240202;0,0;0,0;0,0;84,04670006;-51,57991627;56,28240202;0,0;0,0;0,0;-23,53351131;-56,28240202;177,83488448;0,0;0,0;0,0;84,04670006;56,28240202;51,57991627;0,0;0,0;0,0;23,53351131;56,28240202;177,83488448;0,0;0,0;0,0;84,04670006;56,28240202;51,57991627;0,0
300177;G;beam_y;60x80;-0,0;0,0;-53,55552659;-66,61898803;-7,28808871;0,0;0,0;0,0;91,78764905;-150,30570162;7,28808871;0,0;0,0;0,0;-53,55552659;-7,28808871;66,61898803;0,0;0,0;-0,0;91,78764905;7,28808871;150,30570162;0,0;0,0;0,0;53,55552659;7,28808871;66,61898803;0,0;0,0;0,0;91,78764905;7,28808871;150,30570162;0,0
