elementTag;caso;tipo;seccion;global_i_Fx_kN;global_i_Fy_kN;global_i_Fz_kN;global_i_Mx_kNm;global_i_My_kNm;global_i_Mz_kNm;global_j_Fx_kN;global_j_Fy_kN;global_j_Fz_kN;global_j_Mx_kNm;global_j_My_kNm;global_j_Mz_kNm;local_i_N_kN;local_i_Vy_kN;local_i_Vz_kN;local_i_T_kNm;local_i_My_kNm;local_i_Mz_kNm;local_j_N_kN;local_j_Vy_kN;local_j_Vz_kN;local_j_T_kNm;local_j_My_kNm;local_j_Mz_kNm;unity_abs_i_N_kN;unity_abs_i_Vy_kN;unity_abs_i_Vz_kN;unity_abs_i_T_kNm;unity_abs_i_My_kNm;unity_abs_i_Mz_kNm;unity_abs_j_N_kN;unity_abs_j_Vy_kN;unity_abs_j_Vz_kN;unity_abs_j_T_kNm;unity_abs_j_My_kNm;unity_abs_j_Mz_kNm
1;COMBO;column;70x70;-69,53543978;-498,34392058;-13,19535119;1089,31642045;-181,19485533;-5,86115976;69,53543978;498,34392058;13,19535119;684,78793682;-66,35131028;5,86115976;-13,19535119;498,34392058;-69,53543978;-5,86115976;181,19485533;1089,31642045;13,19535119;-498,34392058;69,53543978;5,86115976;66,35131028;684,78793682;13,19535119;498,34392058;69,53543978;5,86115976;181,19485533;1089,31642045;13,19535119;498,34392058;69,53543978;5,86115976;66,35131028;684,78793682
2;COMBO;column;70x70;-51,33862541;-586,03854482;1981,87927933;1137,18605621;-96,98742971;83,91658135;51,33862541;586,03854482;-1981,87927933;949,11116336;-85,77807674;-83,91658135;1981,87927933;586,03854482;-51,33862541;83,91658135;96,98742971;1137,18605621;-1981,87927933;-586,03854482;51,33862541;-83,91658135;85,77807674;949,11116336;1981,87927933;586,03854482;51,33862541;83,91658135;96,98742971;1137,18605621;1981,87927933;586,03854482;51,33862541;83,91658135;85,77807674;949,11116336
3;COMBO;column;70x70;-91,40382792;-547,70532659;3321,61828637;1147,89195558;-184,19082216;-5,86115976;91,40382792;547,70532659;-3321,61828637;801,93900709;-141,20680525;5,86115976;3321,61828637;547,70532659;-91,40382792;-5,86115976;184,19082216;1147,89195558;-3321,61828637;-547,70532659;91,40382792;5,86115976;141,20680525;801,93900709;3321,61828637;547,70532659;91,40382792;5,86115976;184,19082216;1147,89195558;3321,61828637;547,70532659;91,40382792;5,86115976;141,20680525;801,93900709
4;COMBO;column;70x70;10,63331293;-525,940546;4890,46911686;1090,40300844;-63,10674835;-5,86115976;-10,63331293;525,940546;-4890,46911686;781,94533532;100,96134237;5,86115976;4890,46911686;525,940546;10,63331293;-5,86115976;63,10674835;1090,40300844;-4890,46911686;-525,940546;-10,63331293;5,86115976;-100,96134237;781,94533532;4890,46911686;525,940546;10,63331293;5,86115976;63,10674835;1090,40300844;4890,46911686;525,940546;10,63331293;5,86115976;100,96134237;781,94533532
5;COMBO;column;70x70;-60,49249863;-464,9049484;3101,53861941;1049,6355068;-119,33072539;-5,86115976;60,49249863;464,9049484;-3101,53861941;605,42610952;-96,02256973;5,86115976;3101,53861941;464,9049484;-60,49249863;-5,86115976;119,33072539;1049,6355068;-3101,53861941;-464,9049484;60,49249863;5,86115976;96,02256973;605,42610952;3101,53861941;464,9049484;60,49249863;5,86115976;119,33072539;1049,6355068;3101,53861941;464,9049484;60,49249863;5,86115976;96,02256973;605,42610952
6;COMBO;column;70x70;-17,10822299;-564,17534984;3668,20942599;1107,16600073;-19,06426184;63,90030849;17,10822299;564,17534984;-3668,20942599;901,29824468;-41,84101199;-63,90030849;3668,20942599;564,17534984;-17,10822299;63,90030849;19,06426184;1107,16600073;-3668,20942599;-564,17534984;17,10822299;-63,90030849;41,84101199;901,29824468;3668,20942599;564,17534984;17,10822299;63,90030849;19,06426184;1107,16600073;3668,20942599;564,17534984;17,10822299;63,90030849;41,84101199;901,29824468
7;COMBO;beam_x;60x80;951,85520407;14,61316124;129,94500033;-51,26809586;312,43574573;-50,94826165;-951,85520407;-14,61316124;86,58986127;51,26809586;-95,66005044;-95,18335075;-951,85520407;-14,61316124;129,94500033;51,26809586;-312,43574573;-50,94826165;951,85520407;14,61316124;86,58986127;-51,26809586;95,66005044;-95,18335075;951,85520407;14,61316124;129,94500033;51,26809586;312,43574573;50,94826165;951,85520407;14,61316124;86,58986127;51,26809586;95,66005044;95,18335075
8;COMBO;beam_x;60x80;0,0;0,0;219,44084402;-8,88094009;444,14038116;-0,0;0,0;-0,0;155,85167618;8,88094009;-126,194542;-0,0;0,0;-0,0;219,44084402;8,88094009;-444,14038116;-0,0;0,0;0,0;155,85167618;-8,88094009;126,194542;-0,0;0,0;0,0;219,44084402;8,88094009;444,14038116;0,0;0,0;0,0;155,85167618;8,88094009;126,194542;0,0
9;COMBO;beam_x;60x80;741,61048144;11,87750232;168,32611793;-56,45238809;295,49703743;-42,20115379;-741,61048144;-11,87750232;165,65138047;56,45238809;-282,12335011;-76,5738694;-741,61048144;-11,87750232;168,32611793;56,45238809;-295,49703743;-42,20115379;741,61048144;11,87750232;165,65138047;-56,45238809;282,12335011;-76,5738694;741,61048144;11,87750232;168,32611793;56,45238809;295,49703743;42,20115379;741,61048144;11,87750232;165,65138047;56,45238809;282,12335011;76,5738694
10;COMBO;beam_y;60x80;96,84805847;-73,15102416;-638,68773255;-1293,74939385;65,13993682;-171,62421332;-96,84805847;73,15102416;704,49656515;-1140,77214574;-65,13993682;-179,44999862;-73,15102416;-96,84805847;-638,68773255;65,13993682;1293,74939385;-171,62421332;73,15102416;96,84805847;704,49656515;-65,13993682;1140,77214574;-179,44999862;73,15102416;96,84805847;638,68773255;65,13993682;1293,74939385;171,62421332;73,15102416;96,84805847;704,49656515;65,13993682;1140,77214574;179,44999862
11;COMBO;beam_y;60x80;134,11149715;-243,96460625;-363,24583439;-748,55725879;5,8710698;-300,17904015;-134,11149715;243,96460625;429,05466699;-687,48739996;-5,8710698;-185,97513703;-243,96460625;-134,11149715;-363,24583439;5,8710698;748,55725879;-300,17904015;243,96460625;134,11149715;429,05466699;-5,8710698;687,48739996;-185,97513703;243,96460625;134,11149715;363,24583439;5,8710698;748,55725879;300,17904015;243,96460625;134,11149715;429,05466699;5,8710698;687,48739996;185,97513703
12;COMBO;beam_y;60x80;18,35406134;186,92021364;-150,43699754;-645,84489857;16,75520967;-50,73449142;-18,35406134;-186,92021364;246,47106313;-510,14982814;-16,75520967;-56,17791591;186,92021364;-18,35406134;-150,43699754;16,75520967;645,84489857;-50,73449142;-186,92021364;18,35406134;246,47106313;-16,75520967;510,14982814;-56,17791591;186,92021364;18,35406134;150,43699754;16,75520967;645,84489857;50,73449142;186,92021364;18,35406134;246,47106313;16,75520967;510,14982814;56,17791591
13;COMBO;beam_y;60x80;42,42484217;811,16742747;-380,48872488;-997,29308053;87,22356186;-91,27730669;-42,42484217;-811,16742747;453,85380503;-859,1190485;-87,22356186;-97,51324095;811,16742747;-42,42484217;-380,48872488;87,22356186;997,29308053;-91,27730669;-811,16742747;42,42484217;453,85380503;-87,22356186;859,1190485;-97,51324095;811,16742747;42,42484217;380,48872488;87,22356186;997,29308053;91,27730669;811,16742747;42,42484217;453,85380503;87,22356186;859,1190485;97,51324095
14;COMBO;column;70x70;-171,95774984;-340,88531415;353,87654071;660,22955289;-311,22437226;-11,73383313;171,95774984;340,88531415;-353,87654071;553,32216548;-300,94521716;11,73383313;353,87654071;340,88531415;-171,95774984;-11,73383313;311,22437226;660,22955289;-353,87654071;-340,88531415;171,95774984;11,73383313;300,94521716;553,32216548;353,87654071;340,88531415;171,95774984;11,73383313;311,22437226;660,22955289;353,87654071;340,88531415;171,95774984;11,73383313;300,94521716;553,32216548
15;COMBO;column;70x70;-388,42312426;-330,5421639;2528,62713575;825,5575058;-734,34468122;-101,51157423;388,42312426;330,5421639;-2528,62713575;351,17259769;-648,44164115;101,51157423;2528,62713575;330,5421639;-388,42312426;-101,51157423;734,34468122;825,5575058;-2528,62713575;-330,5421639;388,42312426;101,51157423;648,44164115;351,17259769;2528,62713575;330,5421639;388,42312426;101,51157423;734,34468122;825,5575058;2528,62713575;330,5421639;388,42312426;101,51157423;648,44164115;351,17259769
16;COMBO;column;70x70;-172,58678259;-403,37213902;2563,6606844;792,95612021;-337,87622005;-11,73383313;172,58678259;403,37213902;-2563,6606844;643,04869471;-276,53272595;11,73383313;2563,6606844;403,37213902;-172,58678259;-11,73383313;337,87622005;792,95612021;-2563,6606844;-403,37213902;172,58678259;11,73383313;276,53272595;643,04869471;2563,6606844;403,37213902;172,58678259;11,73383313;337,87622005;792,95612021;2563,6606844;403,37213902;172,58678259;11,73383313;276,53272595;643,04869471
17;COMBO;column;70x70;-131,24922057;-371,8793077;4702,19047189;729,694892;-167,73823932;-11,73383313;131,24922057;371,8793077;-4702,19047189;594,19544342;-299,50898592;11,73383313;4702,19047189;371,8793077;-131,24922057;-11,73383313;167,73823932;729,694892;-4702,19047189;-371,8793077;131,24922057;11,73383313;299,50898592;594,19544342;4702,19047189;371,8793077;131,24922057;11,73383313;167,73823932;729,694892;4702,19047189;371,8793077;131,24922057;11,73383313;299,50898592;594,19544342
18;COMBO;column;70x70;-100,88936361;-231,42768498;2290,54780442;490,65891929;-216,05848486;-11,73383313;100,88936361;231,42768498;-2290,54780442;333,22363922;-143,10764958;11,73383313;2290,54780442;231,42768498;-100,88936361;-11,73383313;216,05848486;490,65891929;-2290,54780442;-231,42768498;100,88936361;11,73383313;143,10764958;333,22363922;2290,54780442;231,42768498;100,88936361;11,73383313;216,05848486;490,65891929;2290,54780442;231,42768498;100,88936361;11,73383313;143,10764958;333,22363922
19;COMBO;column;70x70;-210,41971511;-390,25944223;3572,2629813;882,70487698;-440,90319756;-81,49530138;210,41971511;390,25944223;-3572,2629813;506,61873736;-308,19098823;81,49530138;3572,2629813;390,25944223;-210,41971511;-81,49530138;440,90319756;882,70487698;-3572,2629813;-390,25944223;210,41971511;81,49530138;308,19098823;506,61873736;3572,2629813;390,25944223;210,41971511;81,49530138;440,90319756;882,70487698;3572,2629813;390,25944223;210,41971511;81,49530138;308,19098823;506,61873736
20;COMBO;beam_x;60x80;0,0;-0,0;147,94184517;35,7707594;385,19700023;0,0;0,0;0,0;68,59301643;-35,7707594;11,5471435;0,0;0,0;0,0;147,94184517;-35,7707594;-385,19700023;0,0;0,0;-0,0;68,59301643;35,7707594;-11,5471435;0,0;0,0;0,0;147,94184517;35,7707594;385,19700023;0,0;0,0;0,0;68,59301643;35,7707594;11,5471435;0,0
21;COMBO;beam_x;60x80;0,0;-0,0;214,59015575;-12,29354017;463,86776311;0,0;0,0;0,0;160,70236445;12,29354017;-194,42880657;0,0;0,0;0,0;214,59015575;12,29354017;-463,86776311;0,0;0,0;-0,0;160,70236445;-12,29354017;194,42880657;0,0;0,0;0,0;214,59015575;12,29354017;463,86776311;0,0;0,0;0,0;160,70236445;12,29354017;194,42880657;0,0
22;COMBO;beam_x;60x80;0,0;-0,0;199,29003181;-4,66385833;436,70624636;0,0;0,0;0,0;134,68746659;4,66385833;-113,69342022;0,0;0,0;0,0;199,29003181;4,66385833;-436,70624636;0,0;0,0;-0,0;134,68746659;-4,66385833;113,69342022;0,0;0,0;0,0;199,29003181;4,66385833;436,70624636;0,0;0,0;0,0;134,68746659;4,66385833;113,69342022;0,0
23;COMBO;beam_y;60x80;317,75065794;330,19340941;-592,82037907;-1379,71219166;68,76602309;-564,03014856;-317,75065794;-330,19340941;658,62921167;-888,54019155;-68,76602309;-587,81598647;330,19340941;-317,75065794;-592,82037907;68,76602309;1379,71219166;-564,03014856;-330,19340941;317,75065794;658,62921167;-68,76602309;888,54019155;-587,81598647;330,19340941;317,75065794;592,82037907;68,76602309;1379,71219166;564,03014856;330,19340941;317,75065794;658,62921167;68,76602309;888,54019155;587,81598647
24;COMBO;beam_y;60x80;-0,0;0,0;-128,89922087;-847,57926327;21,17484498;0,0;0,0;0,0;386,84218607;-1021,98333686;-21,17484498;0,0;0,0;0,0;-128,89922087;21,17484498;847,57926327;0,0;0,0;-0,0;386,84218607;-21,17484498;1021,98333686;0,0;0,0;0,0;128,89922087;21,17484498;847,57926327;0,0;0,0;0,0;386,84218607;21,17484498;1021,98333686;0,0
25;COMBO;beam_y;60x80;0,0;0,0;-117,52956549;-713,58680152;2,14726809;-0,0;-0,0;0,0;264,25972579;-985,37554469;-2,14726809;-0,0;0,0;-0,0;-117,52956549;2,14726809;713,58680152;-0,0;0,0;0,0;264,25972579;-2,14726809;985,37554469;-0,0;0,0;0,0;117,52956549;2,14726809;713,58680152;0,0;0,0;0,0;264,25972579;2,14726809;985,37554469;0,0
26;COMBO;beam_y;60x80;0,0;0,0;-25,96084602;-550,33634327;-20,66176269;-0,0;-0,0;0,0;342,89772632;-1091,0843036;20,66176269;-0,0;0,0;-0,0;-25,96084602;-20,66176269;550,33634327;-0,0;0,0;0,0;342,89772632;20,66176269;1091,0843036;-0,0;0,0;0,0;25,96084602;20,66176269;550,33634327;0,0;0,0;0,0;342,89772632;20,66176269;1091,0843036;0,0
27;COMBO;column;70x70;-96,44507936;-409,55412836;657,08423429;790,61926679;-153,01780616;4,41911567;96,44507936;409,55412836;-657,08423429;667,39343016;-190,32667635;-4,41911567;657,08423429;409,55412836;-96,44507936;4,41911567;153,01780616;790,61926679;-657,08423429;-409,55412836;96,44507936;-4,41911567;190,32667635;667,39343016;657,08423429;409,55412836;96,44507936;4,41911567;153,01780616;790,61926679;657,08423429;409,55412836;96,44507936;4,41911567;190,32667635;667,39343016
28;COMBO;column;70x70;-135,41978269;-293,37144836;2063,7161554;525,59685071;-227,27809456;4,41911567;135,41978269;293,37144836;-2063,7161554;518,80550546;-254,81633182;-4,41911567;2063,7161554;293,37144836;-135,41978269;4,41911567;227,27809456;525,59685071;-2063,7161554;-293,37144836;135,41978269;-4,41911567;254,81633182;518,80550546;2063,7161554;293,37144836;135,41978269;4,41911567;227,27809456;525,59685071;2063,7161554;293,37144836;135,41978269;4,41911567;254,81633182;518,80550546
29;COMBO;column;70x70;-141,5638786;-561,94958679;1884,83783713;987,0373745;-244,6609003;4,41911567;141,5638786;561,94958679;-1884,83783713;1013,50315446;-259,30650752;-4,41911567;1884,83783713;561,94958679;-141,5638786;4,41911567;244,6609003;987,0373745;-1884,83783713;-561,94958679;141,5638786;-4,41911567;259,30650752;1013,50315446;1884,83783713;561,94958679;141,5638786;4,41911567;244,6609003;987,0373745;1884,83783713;561,94958679;141,5638786;4,41911567;259,30650752;1013,50315446
30;COMBO;column;70x70;-225,44658008;-642,15972436;3519,4636155;1157,99495081;-416,23187294;4,41911567;225,44658008;642,15972436;-3519,4636155;1128,09366791;-386,35795213;-4,41911567;3519,4636155;642,15972436;-225,44658008;4,41911567;416,23187294;1157,99495081;-3519,4636155;-642,15972436;225,44658008;-4,41911567;386,35795213;1128,09366791;3519,4636155;642,15972436;225,44658008;4,41911567;416,23187294;1157,99495081;3519,4636155;642,15972436;225,44658008;4,41911567;386,35795213;1128,09366791
31;COMBO;column;70x70;-156,29097963;-372,81702441;1649,5591617;656,81576379;-291,45132869;4,41911567;156,29097963;372,81702441;-1649,5591617;670,41284309;-264,94455881;-4,41911567;1649,5591617;372,81702441;-156,29097963;4,41911567;291,45132869;656,81576379;-1649,5591617;-372,81702441;156,29097963;-4,41911567;264,94455881;670,41284309;1649,5591617;372,81702441;156,29097963;4,41911567;291,45132869;656,81576379;1649,5591617;372,81702441;156,29097963;4,41911567;264,94455881;670,41284309
32;COMBO;column;70x70;-166,371438;-463,48675639;2609,98911275;807,97292152;-289,73700437;4,41911567;166,371438;463,48675639;-2609,98911275;842,03993122;-302,54531492;-4,41911567;2609,98911275;463,48675639;-166,371438;4,41911567;289,73700437;807,97292152;-2609,98911275;-463,48675639;166,371438;-4,41911567;302,54531492;842,03993122;2609,98911275;463,48675639;166,371438;4,41911567;289,73700437;807,97292152;2609,98911275;463,48675639;166,371438;4,41911567;302,54531492;842,03993122
33;COMBO;beam_x;60x80;0,0;-0,0;142,22014301;8,19267837;354,36327556;0,0;0,0;0,0;74,31471859;-8,19267837;-14,83615351;0,0;0,0;0,0;142,22014301;-8,19267837;-354,36327556;0,0;0,0;-0,0;74,31471859;8,19267837;14,83615351;0,0;0,0;0,0;142,22014301;8,19267837;354,36327556;0,0;0,0;0,0;74,31471859;8,19267837;14,83615351;0,0
34;COMBO;beam_x;60x80;0,0;-0,0;220,3193847;1,05727545;482,37480322;0,0;0,0;0,0;154,9731355;-1,05727545;-155,64355719;0,0;0,0;0,0;220,3193847;-1,05727545;-482,37480322;0,0;0,0;-0,0;154,9731355;1,05727545;155,64355719;0,0;0,0;0,0;220,3193847;1,05727545;482,37480322;0,0;0,0;0,0;154,9731355;1,05727545;155,64355719;0,0
35;COMBO;beam_x;60x80;0,0;-0,0;203,30547163;-9,51226186;465,7372626;0,0;0,0;0,0;130,67202677;9,51226186;-102,57003831;0,0;0,0;0,0;203,30547163;9,51226186;-465,7372626;0,0;0,0;-0,0;130,67202677;-9,51226186;102,57003831;0,0;0,0;0,0;203,30547163;9,51226186;465,7372626;0,0;0,0;0,0;130,67202677;9,51226186;102,57003831;0,0
36;COMBO;beam_y;60x80;0,0;0,0;-181,54900954;-869,06872529;-0,61029305;-0,0;-0,0;0,0;313,16667474;-924,27563025;0,61029305;-0,0;0,0;-0,0;-181,54900954;-0,61029305;869,06872529;-0,0;0,0;0,0;313,16667474;0,61029305;924,27563025;-0,0;0,0;0,0;181,54900954;0,61029305;869,06872529;0,0;0,0;0,0;313,16667474;0,61029305;924,27563025;0,0
37;COMBO;beam_y;60x80;0,0;0,0;-129,91219084;-843,99172741;2,418498;-0,0;-0,0;0,0;387,85515604;-1032,91490501;-2,418498;-0,0;0,0;-0,0;-129,91219084;2,418498;843,99172741;-0,0;0,0;0,0;387,85515604;-2,418498;1032,91490501;-0,0;0,0;0,0;129,91219084;2,418498;843,99172741;0,0;0,0;0,0;387,85515604;2,418498;1032,91490501;0,0
38;COMBO;beam_y;60x80;-0,0;0,0;-111,36310825;-682,8530515;-8,80457752;0,0;0,0;0,0;258,09326855;-961,22782523;8,80457752;0,0;0,0;0,0;-111,36310825;-8,80457752;682,8530515;0,0;0,0;-0,0;258,09326855;8,80457752;961,22782523;0,0;0,0;0,0;111,36310825;8,80457752;682,8530515;0,0;0,0;0,0;258,09326855;8,80457752;961,22782523;0,0
39;COMBO;beam_y;60x80;-0,0;0,0;-28,12156434;-576,3206023;-9,30277832;0,0;0,0;0,0;345,05844464;-1084,3304377;9,30277832;0,0;0,0;0,0;-28,12156434;-9,30277832;576,3206023;0,0;0,0;-0,0;345,05844464;9,30277832;1084,3304377;0,0;0,0;0,0;28,12156434;9,30277832;576,3206023;0,0;0,0;0,0;345,05844464;9,30277832;1084,3304377;0,0
40;COMBO;column;70x70;-90,47934414;-181,88348083;530,16232451;193,48261676;-163,42630616;4,17404118;90,47934414;181,88348083;-530,16232451;454,02257498;-158,68015898;-4,17404118;530,16232451;181,88348083;-90,47934414;4,17404118;163,42630616;193,48261676;-530,16232451;-181,88348083;90,47934414;-4,17404118;158,68015898;454,02257498;530,16232451;181,88348083;90,47934414;4,17404118;163,42630616;193,48261676;530,16232451;181,88348083;90,47934414;4,17404118;158,68015898;454,02257498
41;COMBO;column;70x70;-175,41651584;-224,89872012;1197,58540886;232,48568802;-282,45809076;4,17404118;175,41651584;224,89872012;-1197,58540886;568,15375561;-342,02470564;-4,17404118;1197,58540886;224,89872012;-175,41651584;4,17404118;282,45809076;232,48568802;-1197,58540886;-224,89872012;175,41651584;-4,17404118;342,02470564;568,15375561;1197,58540886;224,89872012;175,41651584;4,17404118;282,45809076;232,48568802;1197,58540886;224,89872012;175,41651584;4,17404118;342,02470564;568,15375561
42;COMBO;column;70x70;-121,63270383;-378,9215607;1236,11612881;592,56825184;-214,87401123;4,17404118;121,63270383;378,9215607;-1236,11612881;756,39250426;-218,13841439;-4,17404118;1236,11612881;378,9215607;-121,63270383;4,17404118;214,87401123;592,56825184;-1236,11612881;-378,9215607;121,63270383;-4,17404118;218,13841439;756,39250426;1236,11612881;378,9215607;121,63270383;4,17404118;214,87401123;592,56825184;1236,11612881;378,9215607;121,63270383;4,17404118;218,13841439;756,39250426
43;COMBO;column;70x70;-212,71741819;-418,86513036;2363,23181559;658,0519031;-350,47184448;4,17404118;212,71741819;418,86513036;-2363,23181559;833,10796098;-406,80216429;-4,17404118;2363,23181559;418,86513036;-212,71741819;4,17404118;350,47184448;658,0519031;-2363,23181559;-418,86513036;212,71741819;-4,17404118;406,80216429;833,10796098;2363,23181559;418,86513036;212,71741819;4,17404118;350,47184448;658,0519031;2363,23181559;418,86513036;212,71741819;4,17404118;406,80216429;833,10796098
44;COMBO;column;70x70;-128,15485672;-232,63953501;1010,7215364;300,327244;-209,59728131;4,17404118;128,15485672;232,63953501;-1010,7215364;527,86950063;-246,63400862;-4,17404118;1010,7215364;232,63953501;-128,15485672;4,17404118;209,59728131;300,327244;-1010,7215364;-232,63953501;128,15485672;-4,17404118;246,63400862;527,86950063;1010,7215364;232,63953501;128,15485672;4,17404118;209,59728131;300,327244;1010,7215364;232,63953501;128,15485672;4,17404118;246,63400862;527,86950063
45;COMBO;column;70x70;-158,18557558;-331,26389736;1655,80326478;480,06995857;-270,87234654;4,17404118;158,18557558;331,26389736;-1655,80326478;699,22951601;-292,26830253;-4,17404118;1655,80326478;331,26389736;-158,18557558;4,17404118;270,87234654;480,06995857;-1655,80326478;-331,26389736;158,18557558;-4,17404118;292,26830253;699,22951601;1655,80326478;331,26389736;158,18557558;4,17404118;270,87234654;480,06995857;1655,80326478;331,26389736;158,18557558;4,17404118;292,26830253;699,22951601
46;COMBO;beam_x;60x80;0,0;-0,0;136,21871001;-9,60178325;339,00302739;0,0;0,0;0,0;80,31615159;9,60178325;-59,49023533;0,0;0,0;0,0;136,21871001;9,60178325;-339,00302739;0,0;0,0;-0,0;80,31615159;-9,60178325;59,49023533;0,0;0,0;0,0;136,21871001;9,60178325;339,00302739;0,0;0,0;0,0;80,31615159;9,60178325;59,49023533;0,0
47;COMBO;beam_x;60x80;0,0;-0,0;214,6915526;-1,60303282;466,32114551;0,0;0,0;0,0;160,6009676;1,60303282;-195,86822055;0,0;0,0;0,0;214,6915526;1,60303282;-466,32114551;0,0;0,0;-0,0;160,6009676;-1,60303282;195,86822055;0,0;0,0;0,0;214,6915526;1,60303282;466,32114551;0,0;0,0;0,0;160,6009676;1,60303282;195,86822055;0,0
48;COMBO;beam_x;60x80;0,0;-0,0;196,76057626;-7,5267784;429,45067661;0,0;0,0;0,0;137,21692214;7,5267784;-131,73240605;0,0;0,0;0,0;196,76057626;7,5267784;-429,45067661;0,0;0,0;-0,0;137,21692214;-7,5267784;131,73240605;0,0;0,0;0,0;196,76057626;7,5267784;429,45067661;0,0;0,0;0,0;137,21692214;7,5267784;131,73240605;0,0
49;COMBO;beam_y;60x80;0,0;0,0;-67,09214022;-423,78115512;2,00672514;-0,0;-0,0;0,0;198,70980542;-539,75089784;-2,00672514;-0,0;0,0;-0,0;-67,09214022;2,00672514;423,78115512;-0,0;0,0;0,0;198,70980542;-2,00672514;539,75089784;-0,0;0,0;0,0;67,09214022;2,00672514;423,78115512;0,0;0,0;0,0;198,70980542;2,00672514;539,75089784;0,0
50;COMBO;beam_y;60x80;0,0;0,0;-17,49183336;-320,32996774;1,36121196;-0,0;-0,0;0,0;221,07502736;-544,4749024;-1,36121196;-0,0;0,0;-0,0;-17,49183336;1,36121196;320,32996774;-0,0;0,0;0,0;221,07502736;-1,36121196;544,4749024;-0,0;0,0;0,0;17,49183336;1,36121196;320,32996774;0,0;0,0;0,0;221,07502736;1,36121196;544,4749024;0,0
51;COMBO;beam_y;60x80;0,0;0,0;-44,56112635;-401,88924737;0,18322114;-0,0;-0,0;0,0;191,29128665;-647,65399046;-0,18322114;-0,0;0,0;-0,0;-44,56112635;0,18322114;401,88924737;-0,0;0,0;0,0;191,29128665;-0,18322114;647,65399046;-0,0;0,0;0,0;44,56112635;0,18322114;401,88924737;0,0;0,0;0,0;191,29128665;0,18322114;647,65399046;0,0
52;COMBO;beam_y;60x80;0,0;0,0;37,64582456;-294,94151516;-18,59982957;-0,0;-0,0;0,0;279,29105574;-780,37976362;18,59982957;-0,0;0,0;-0,0;37,64582456;-18,59982957;294,94151516;-0,0;0,0;0,0;279,29105574;18,59982957;780,37976362;-0,0;0,0;0,0;37,64582456;18,59982957;294,94151516;0,0;0,0;0,0;279,29105574;18,59982957;780,37976362;0,0
53;COMBO;column;70x70;-132,36954874;-29,47300821;294,7849784;-20,63963661;-182,32959355;-0,05855213;132,36954874;29,47300821;-294,7849784;125,56354585;-288,90599997;0,05855213;294,7849784;29,47300821;-132,36954874;-0,05855213;182,32959355;-20,63963661;-294,7849784;-29,47300821;132,36954874;0,05855213;288,90599997;125,56354585;294,7849784;29,47300821;132,36954874;0,05855213;182,32959355;20,63963661;294,7849784;29,47300821;132,36954874;0,05855213;288,90599997;125,56354585
54;COMBO;column;70x70;-176,73673047;-30,29191992;542,74201473;20,5545166;-317,53108545;-0,05855213;176,73673047;30,29191992;-542,74201473;87,28471831;-311,65167503;0,05855213;542,74201473;30,29191992;-176,73673047;-0,05855213;317,53108545;20,5545166;-542,74201473;-30,29191992;176,73673047;0,05855213;311,65167503;87,28471831;542,74201473;30,29191992;176,73673047;0,05855213;317,53108545;20,5545166;542,74201473;30,29191992;176,73673047;0,05855213;311,65167503;87,28471831
55;COMBO;column;70x70;-181,34410158;-146,55635306;640,67714002;186,85067377;-246,35922713;-0,05855213;181,34410158;146,55635306;-640,67714002;334,88994314;-399,22577448;0,05855213;640,67714002;146,55635306;-181,34410158;-0,05855213;246,35922713;186,85067377;-640,67714002;-146,55635306;181,34410158;0,05855213;399,22577448;334,88994314;640,67714002;146,55635306;181,34410158;0,05855213;246,35922713;186,85067377;640,67714002;146,55635306;181,34410158;0,05855213;399,22577448;334,88994314
56;COMBO;column;70x70;-208,33027003;-149,42073527;1191,29090072;196,7014427;-358,95936921;-0,05855213;208,33027003;149,42073527;-1191,29090072;335,23637486;-382,69639208;0,05855213;1191,29090072;149,42073527;-208,33027003;-0,05855213;358,95936921;196,7014427;-1191,29090072;-149,42073527;208,33027003;0,05855213;382,69639208;335,23637486;1191,29090072;149,42073527;208,33027003;0,05855213;358,95936921;196,7014427;1191,29090072;149,42073527;208,33027003;0,05855213;382,69639208;335,23637486
57;COMBO;column;70x70;-127,29965204;-142,67623588;445,23078838;127,31126823;-182,63344685;-0,05855213;127,29965204;142,67623588;-445,23078838;380,6161315;-270,55331442;0,05855213;445,23078838;142,67623588;-127,29965204;-0,05855213;182,63344685;127,31126823;-445,23078838;-142,67623588;127,29965204;0,05855213;270,55331442;380,6161315;445,23078838;142,67623588;127,29965204;0,05855213;182,63344685;127,31126823;445,23078838;142,67623588;127,29965204;0,05855213;270,55331442;380,6161315
58;COMBO;column;70x70;-144,42019198;-232,38239425;773,25032497;265,22429622;-212,94766177;-0,05855213;144,42019198;232,38239425;-773,25032497;562,0570273;-301,18822167;0,05855213;773,25032497;232,38239425;-144,42019198;-0,05855213;212,94766177;265,22429622;-773,25032497;-232,38239425;144,42019198;0,05855213;301,18822167;562,0570273;773,25032497;232,38239425;144,42019198;0,05855213;212,94766177;265,22429622;773,25032497;232,38239425;144,42019198;0,05855213;301,18822167;562,0570273
59;COMBO;beam_x;60x80;0,0;0,0;137,66258744;9,22178249;271,77645112;-0,0;0,0;-0,0;108,17309506;-9,22178249;-124,3289892;-0,0;0,0;-0,0;137,66258744;-9,22178249;-271,77645112;-0,0;0,0;0,0;108,17309506;9,22178249;124,3289892;-0,0;0,0;0,0;137,66258744;9,22178249;271,77645112;0,0;0,0;0,0;108,17309506;9,22178249;124,3289892;0,0
60;COMBO;beam_x;60x80;0,0;0,0;258,42470501;0,64811612;433,45630446;-0,0;0,0;-0,0;250,14100669;-0,64811612;-392,0378129;-0,0;0,0;-0,0;258,42470501;-0,64811612;-433,45630446;-0,0;0,0;0,0;250,14100669;0,64811612;392,0378129;-0,0;0,0;0,0;258,42470501;0,64811612;433,45630446;0,0;0,0;0,0;250,14100669;0,64811612;392,0378129;0,0
61;COMBO;beam_x;60x80;0,0;0,0;137,79714397;-17,83656763;253,45233329;-0,0;0,0;-0,0;124,93288523;17,83656763;-189,13103958;-0,0;0,0;-0,0;137,79714397;17,83656763;-253,45233329;-0,0;0,0;0,0;124,93288523;-17,83656763;189,13103958;-0,0;0,0;0,0;137,79714397;17,83656763;253,45233329;0,0;0,0;0,0;124,93288523;17,83656763;189,13103958;0,0
62;COMBO;beam_y;60x80;0,0;0,0;15,5137068;-134,78532834;17,12954884;-0,0;-0,0;0,0;124,2752107;-259,4751233;-17,12954884;-0,0;0,0;-0,0;15,5137068;17,12954884;134,78532834;-0,0;0,0;0,0;124,2752107;-17,12954884;259,4751233;-0,0;0,0;0,0;15,5137068;17,12954884;134,78532834;0,0;0,0;0,0;124,2752107;17,12954884;259,4751233;0,0
63;COMBO;beam_y;60x80;0,0;0,0;70,93501245;-97,89707651;11,03679494;-0,0;-0,0;0,0;195,17920505;-352,48812167;-11,03679494;-0,0;0,0;-0,0;70,93501245;11,03679494;97,89707651;-0,0;0,0;0,0;195,17920505;-11,03679494;352,48812167;-0,0;0,0;0,0;70,93501245;11,03679494;97,89707651;0,0;0,0;0,0;195,17920505;11,03679494;352,48812167;0,0
64;COMBO;beam_y;60x80;-0,0;0,0;56,02055935;-76,06293596;-17,10098113;0,0;0,0;0,0;154,63685145;-362,77956387;17,10098113;0,0;0,0;0,0;56,02055935;-17,10098113;76,06293596;0,0;0,0;-0,0;154,63685145;17,10098113;362,77956387;0,0;0,0;0,0;56,02055935;17,10098113;76,06293596;0,0;0,0;0,0;154,63685145;17,10098113;362,77956387;0,0
65;COMBO;beam_y;60x80;-0,0;0,0;143,39226692;40,29737332;-1,43356049;0,0;0,0;0,0;237,47186388;-458,95157979;1,43356049;0,0;0,0;0,0;143,39226692;-1,43356049;-40,29737332;0,0;0,0;-0,0;237,47186388;1,43356049;458,95157979;0,0;0,0;0,0;143,39226692;1,43356049;40,29737332;0,0;0,0;0,0;237,47186388;1,43356049;458,95157979;0,0
66;COMBO;column;70x70;-269,85092527;-930,4754535;3018,26793124;2072,26046742;-640,91395229;-17,59499288;269,85092527;930,4754535;-3018,26793124;1240,23214703;-319,75534167;17,59499288;3018,26793124;930,4754535;-269,85092527;-17,59499288;640,91395229;2072,26046742;-3018,26793124;-930,4754535;269,85092527;17,59499288;319,75534167;1240,23214703;3018,26793124;930,4754535;269,85092527;17,59499288;640,91395229;2072,26046742;3018,26793124;930,4754535;269,85092527;17,59499288;319,75534167;1240,23214703
67;COMBO;column;70x70;-383,55733347;-789,22038111;2525,25281988;1809,59136361;-775,84555668;-17,59499288;383,55733347;789,22038111;-2525,25281988;1000,03319313;-589,61855046;17,59499288;2525,25281988;789,22038111;-383,55733347;-17,59499288;775,84555668;1809,59136361;-2525,25281988;-789,22038111;383,55733347;17,59499288;589,61855046;1000,03319313;2525,25281988;789,22038111;383,55733347;17,59499288;775,84555668;1809,59136361;2525,25281988;789,22038111;383,55733347;17,59499288;589,61855046;1000,03319313
68;COMBO;column;70x70;-377,76135884;-749,40820797;941,99108616;1667,30116692;-768,9676668;-17,59499288;377,76135884;749,40820797;-941,99108616;1000,59205346;-575,86277069;17,59499288;941,99108616;749,40820797;-377,76135884;-17,59499288;768,9676668;1667,30116692;-941,99108616;-749,40820797;377,76135884;17,59499288;575,86277069;1000,59205346;941,99108616;749,40820797;377,76135884;17,59499288;768,9676668;1667,30116692;941,99108616;749,40820797;377,76135884;17,59499288;575,86277069;1000,59205346
69;COMBO;column;70x70;-366,52770239;-600,62671638;69,526047;1443,22392127;-755,63706113;-17,59499288;366,52770239;600,62671638;-69,526047;695,00718903;-549,20155936;17,59499288;69,526047;600,62671638;-366,52770239;-17,59499288;755,63706113;1443,22392127;-69,526047;-600,62671638;366,52770239;17,59499288;549,20155936;695,00718903;69,526047;600,62671638;366,52770239;17,59499288;755,63706113;1443,22392127;69,526047;600,62671638;366,52770239;17,59499288;549,20155936;695,00718903
70;COMBO;column;70x70;-218,07578169;-1145,78041545;5660,63192171;2327,75568894;-510,56546226;-17,59499288;218,07578169;1145,78041545;-5660,63192171;1751,22259007;-265,78432056;17,59499288;5660,63192171;1145,78041545;-218,07578169;-17,59499288;510,56546226;2327,75568894;-5660,63192171;-1145,78041545;218,07578169;17,59499288;265,78432056;1751,22259007;5660,63192171;1145,78041545;218,07578169;17,59499288;510,56546226;2327,75568894;5660,63192171;1145,78041545;218,07578169;17,59499288;265,78432056;1751,22259007
71;COMBO;column;70x70;-279,66679327;-981,51222645;5312,53064468;2037,77768675;-583,65346266;-17,59499288;279,66679327;981,51222645;-5312,53064468;1456,40583941;-411,96032136;17,59499288;5312,53064468;981,51222645;-279,66679327;-17,59499288;583,65346266;2037,77768675;-5312,53064468;-981,51222645;279,66679327;17,59499288;411,96032136;1456,40583941;5312,53064468;981,51222645;279,66679327;17,59499288;583,65346266;2037,77768675;5312,53064468;981,51222645;279,66679327;17,59499288;411,96032136;1456,40583941
72;COMBO;column;70x70;-235,69283908;-861,23887926;3868,70624455;1800,00689684;-531,47103703;-17,59499288;235,69283908;861,23887926;-3868,70624455;1266,00351332;-307,5954701;17,59499288;3868,70624455;861,23887926;-235,69283908;-17,59499288;531,47103703;1800,00689684;-3868,70624455;-861,23887926;235,69283908;17,59499288;307,5954701;1266,00351332;3868,70624455;861,23887926;235,69283908;17,59499288;531,47103703;1800,00689684;3868,70624455;861,23887926;235,69283908;17,59499288;307,5954701;1266,00351332
73;COMBO;column;70x70;-274,84175828;-751,18830577;2421,08452185;1621,89034069;-577,92775448;-17,59499288;274,84175828;751,18830577;-2421,08452185;1052,34002786;-400,508905;17,59499288;2421,08452185;751,18830577;-274,84175828;-17,59499288;577,92775448;1621,89034069;-2421,08452185;-751,18830577;274,84175828;17,59499288;400,508905;1052,34002786;2421,08452185;751,18830577;274,84175828;17,59499288;577,92775448;1621,89034069;2421,08452185;751,18830577;274,84175828;17,59499288;400,508905;1052,34002786
74;COMBO;column;70x70;-150,55681065;-990,97990876;3877,07779131;2144,05908767;-345,85163802;-17,59499288;150,55681065;990,97990876;-3877,07779131;1383,82938752;-190,1306079;17,59499288;3877,07779131;990,97990876;-150,55681065;-17,59499288;345,85163802;2144,05908767;-3877,07779131;-990,97990876;150,55681065;17,59499288;190,1306079;1383,82938752;3877,07779131;990,97990876;150,55681065;17,59499288;345,85163802;2144,05908767;3877,07779131;990,97990876;150,55681065;17,59499288;190,1306079;1383,82938752
75;COMBO;column;70x70;-160,15853164;-862,05428079;3858,40822857;1896,02092457;-357,24568026;-17,59499288;160,15853164;862,05428079;-3858,40822857;1172,89231505;-212,91869238;17,59499288;3858,40822857;862,05428079;-160,15853164;-17,59499288;357,24568026;1896,02092457;-3858,40822857;-862,05428079;160,15853164;17,59499288;212,91869238;1172,89231505;3858,40822857;862,05428079;160,15853164;17,59499288;357,24568026;1896,02092457;3858,40822857;862,05428079;160,15853164;17,59499288;212,91869238;1172,89231505
76;COMBO;column;70x70;-123,8376725;-698,19167808;3358,51755162;1606,52421811;-314,14492742;-17,59499288;123,8376725;698,19167808;-3358,51755162;879,03815585;-126,71718669;17,59499288;3358,51755162;698,19167808;-123,8376725;-17,59499288;314,14492742;1606,52421811;-3358,51755162;-698,19167808;123,8376725;17,59499288;126,71718669;879,03815585;3358,51755162;698,19167808;123,8376725;17,59499288;314,14492742;1606,52421811;3358,51755162;698,19167808;123,8376725;17,59499288;126,71718669;879,03815585
77;COMBO;column;70x70;-157,05263051;-564,74239095;1942,5772206;1400,64118843;-353,56001093;-17,59499288;157,05263051;564,74239095;-1942,5772206;609,84172335;-205,5473537;17,59499288;1942,5772206;564,74239095;-157,05263051;-17,59499288;353,56001093;1400,64118843;-1942,5772206;-564,74239095;157,05263051;17,59499288;205,5473537;609,84172335;1942,5772206;564,74239095;157,05263051;17,59499288;353,56001093;1400,64118843;1942,5772206;564,74239095;157,05263051;17,59499288;205,5473537;609,84172335
78;COMBO;column;70x70;40,78603522;-287,35240801;2424,02663461;372,75736416;205,8656936;4,41911567;-40,78603522;287,35240801;-2424,02663461;650,21720834;-60,66740823;-4,41911567;2424,02663461;287,35240801;40,78603522;4,41911567;-205,8656936;372,75736416;-2424,02663461;-287,35240801;-40,78603522;-4,41911567;60,66740823;650,21720834;2424,02663461;287,35240801;40,78603522;4,41911567;205,8656936;372,75736416;2424,02663461;287,35240801;40,78603522;4,41911567;60,66740823;650,21720834
79;COMBO;column;70x70;0,87340218;-322,23924578;2306,0704923;460,498189;23,571098;4,41911567;-0,87340218;322,23924578;-2306,0704923;686,67352597;-20,46178623;-4,41911567;2306,0704923;322,23924578;0,87340218;4,41911567;-23,571098;460,498189;-2306,0704923;-322,23924578;-0,87340218;-4,41911567;20,46178623;686,67352597;2306,0704923;322,23924578;0,87340218;4,41911567;23,571098;460,498189;2306,0704923;322,23924578;0,87340218;4,41911567;20,46178623;686,67352597
80;COMBO;column;70x70;-3,92878021;-399,96664659;1152,71777849;719,45538909;24,75039811;4,41911567;3,92878021;399,96664659;-1152,71777849;704,42587276;-38,73685567;-4,41911567;1152,71777849;399,96664659;-3,92878021;4,41911567;-24,75039811;719,45538909;-1152,71777849;-399,96664659;3,92878021;-4,41911567;38,73685567;704,42587276;1152,71777849;399,96664659;3,92878021;4,41911567;24,75039811;719,45538909;1152,71777849;399,96664659;3,92878021;4,41911567;38,73685567;704,42587276
81;COMBO;column;70x70;-13,57439838;-350,9000025;468,79276937;591,65783304;26,63487022;4,41911567;13,57439838;350,9000025;-468,79276937;657,54617586;-74,95972844;-4,41911567;468,79276937;350,9000025;-13,57439838;4,41911567;-26,63487022;591,65783304;-468,79276937;-350,9000025;13,57439838;-4,41911567;74,95972844;657,54617586;468,79276937;350,9000025;13,57439838;4,41911567;26,63487022;591,65783304;468,79276937;350,9000025;13,57439838;4,41911567;74,95972844;657,54617586
82;COMBO;column;70x70;23,82757388;-595,46116248;4060,52729292;993,87497432;92,057254;4,41911567;-23,82757388;595,46116248;-4060,52729292;1125,96676412;-7,23109097;-4,41911567;4060,52729292;595,46116248;23,82757388;4,41911567;-92,057254;993,87497432;-4060,52729292;-595,46116248;-23,82757388;-4,41911567;7,23109097;1125,96676412;4060,52729292;595,46116248;23,82757388;4,41911567;92,057254;993,87497432;4060,52729292;595,46116248;23,82757388;4,41911567;7,23109097;1125,96676412
83;COMBO;column;70x70;-67,14420028;-602,40363768;3924,92461898;1021,1462572;-88,98391841;4,41911567;67,14420028;602,40363768;-3924,92461898;1123,41069295;-150,0494346;-4,41911567;3924,92461898;602,40363768;-67,14420028;4,41911567;88,98391841;1021,1462572;-3924,92461898;-602,40363768;67,14420028;-4,41911567;150,0494346;1123,41069295;3924,92461898;602,40363768;67,14420028;4,41911567;88,98391841;1021,1462572;3924,92461898;602,40363768;67,14420028;4,41911567;150,0494346;1123,41069295
84;COMBO;column;70x70;49,34770483;-647,54985645;3219,4637062;1145,95986139;101,43556795;4,41911567;-49,34770483;647,54985645;-3219,4637062;1159,31762757;74,24226124;-4,41911567;3219,4637062;647,54985645;49,34770483;4,41911567;-101,43556795;1145,95986139;-3219,4637062;-647,54985645;-49,34770483;-4,41911567;-74,24226124;1159,31762757;3219,4637062;647,54985645;49,34770483;4,41911567;101,43556795;1145,95986139;3219,4637062;647,54985645;49,34770483;4,41911567;74,24226124;1159,31762757
85;COMBO;column;70x70;-47,894103;-624,28603068;2329,26836324;1094,74233923;-60,41476145;4,41911567;47,894103;624,28603068;-2329,26836324;1127,71592998;-110,08824522;-4,41911567;2329,26836324;624,28603068;-47,894103;4,41911567;60,41476145;1094,74233923;-2329,26836324;-624,28603068;47,894103;-4,41911567;110,08824522;1127,71592998;2329,26836324;624,28603068;47,894103;4,41911567;60,41476145;1094,74233923;2329,26836324;624,28603068;47,894103;4,41911567;110,08824522;1127,71592998
86;COMBO;column;70x70;-90,77930017;-393,00777439;2783,3636965;569,93368584;-154,24876321;4,41911567;90,77930017;393,00777439;-2783,3636965;829,17399097;-168,9255454;-4,41911567;2783,3636965;393,00777439;-90,77930017;4,41911567;154,24876321;569,93368584;-2783,3636965;-393,00777439;90,77930017;-4,41911567;168,9255454;829,17399097;2783,3636965;393,00777439;90,77930017;4,41911567;154,24876321;569,93368584;2783,3636965;393,00777439;90,77930017;4,41911567;168,9255454;829,17399097
87;COMBO;column;70x70;-111,49172818;-440,93619454;2776,42334701;687,78146249;-190,22155335;4,41911567;111,49172818;440,93619454;-2776,42334701;881,95139009;-206,68899897;-4,41911567;2776,42334701;440,93619454;-111,49172818;4,41911567;190,22155335;687,78146249;-2776,42334701;-440,93619454;111,49172818;-4,41911567;206,68899897;881,95139009;2776,42334701;440,93619454;111,49172818;4,41911567;190,22155335;687,78146249;2776,42334701;440,93619454;111,49172818;4,41911567;206,68899897;881,95139009
88;COMBO;column;70x70;-26,61832517;-420,96262573;2400,78222139;683,59366886;-46,40436226;4,41911567;26,61832517;420,96262573;-2400,78222139;815,03327872;-48,35687533;-4,41911567;2400,78222139;420,96262573;-26,61832517;4,41911567;46,40436226;683,59366886;-2400,78222139;-420,96262573;26,61832517;-4,41911567;48,35687533;815,03327872;2400,78222139;420,96262573;26,61832517;4,41911567;46,40436226;683,59366886;2400,78222139;420,96262573;26,61832517;4,41911567;48,35687533;815,03327872
89;COMBO;column;70x70;-92,36452514;-332,9897536;1720,91543168;527,82160483;-163,83826974;4,41911567;92,36452514;332,9897536;-1720,91543168;657,62191797;-164,97943975;-4,41911567;1720,91543168;332,9897536;-92,36452514;4,41911567;163,83826974;527,82160483;-1720,91543168;-332,9897536;92,36452514;-4,41911567;164,97943975;657,62191797;1720,91543168;332,9897536;92,36452514;4,41911567;163,83826974;527,82160483;1720,91543168;332,9897536;92,36452514;4,41911567;164,97943975;657,62191797
90;COMBO;column;70x70;-126,33920067;-333,51918973;1802,34814183;498,61240779;-239,16832375;4,17404118;126,33920067;333,51918973;-1802,34814183;688,71590763;-210,59923065;-4,17404118;1802,34814183;333,51918973;-126,33920067;4,17404118;239,16832375;498,61240779;-1802,34814183;-333,51918973;126,33920067;-4,17404118;210,59923065;688,71590763;1802,34814183;333,51918973;126,33920067;4,17404118;239,16832375;498,61240779;1802,34814183;333,51918973;126,33920067;4,17404118;210,59923065;688,71590763
91;COMBO;column;70x70;-28,08479271;-339,69389572;1745,96236689;499,67312745;-35,00447977;4,17404118;28,08479271;339,69389572;-1745,96236689;709,6371413;-64,97738227;-4,17404118;1745,96236689;339,69389572;-28,08479271;4,17404118;35,00447977;499,67312745;-1745,96236689;-339,69389572;28,08479271;-4,17404118;64,97738227;709,6371413;1745,96236689;339,69389572;28,08479271;4,17404118;35,00447977;499,67312745;1745,96236689;339,69389572;28,08479271;4,17404118;64,97738227;709,6371413
92;COMBO;column;70x70;-25,01375032;-258,91445864;883,45985064;328,00682502;-43,93665579;4,17404118;25,01375032;258,91445864;-883,45985064;593,72864775;-45,11229534;-4,17404118;883,45985064;258,91445864;-25,01375032;4,17404118;43,93665579;328,00682502;-883,45985064;-258,91445864;25,01375032;-4,17404118;45,11229534;593,72864775;883,45985064;258,91445864;25,01375032;4,17404118;43,93665579;328,00682502;883,45985064;258,91445864;25,01375032;4,17404118;45,11229534;593,72864775
93;COMBO;column;70x70;-76,21777312;-286,52857137;632,61226029;371,45969207;-129,47550207;4,17404118;76,21777312;286,52857137;-632,61226029;648,58202199;-141,85977023;-4,17404118;632,61226029;286,52857137;-76,21777312;4,17404118;129,47550207;371,45969207;-632,61226029;-286,52857137;76,21777312;-4,17404118;141,85977023;648,58202199;632,61226029;286,52857137;76,21777312;4,17404118;129,47550207;371,45969207;632,61226029;286,52857137;76,21777312;4,17404118;141,85977023;648,58202199
94;COMBO;column;70x70;-63,82132071;-476,1142927;2579,21670859;777,95243045;-90,460277;4,17404118;63,82132071;476,1142927;-2579,21670859;917,01445157;-136,74362473;-4,17404118;2579,21670859;476,1142927;-63,82132071;4,17404118;90,460277;777,95243045;-2579,21670859;-476,1142927;63,82132071;-4,17404118;136,74362473;917,01445157;2579,21670859;476,1142927;63,82132071;4,17404118;90,460277;777,95243045;2579,21670859;476,1142927;63,82132071;4,17404118;136,74362473;917,01445157
95;COMBO;column;70x70;-90,63939973;-479,89821385;2584,51366664;770,32434021;-157,14956905;4,17404118;90,63939973;479,89821385;-2584,51366664;938,11330107;-165,52669398;-4,17404118;2584,51366664;479,89821385;-90,63939973;4,17404118;157,14956905;770,32434021;-2584,51366664;-479,89821385;90,63939973;-4,17404118;165,52669398;938,11330107;2584,51366664;479,89821385;90,63939973;4,17404118;157,14956905;770,32434021;2584,51366664;479,89821385;90,63939973;4,17404118;165,52669398;938,11330107
96;COMBO;column;70x70;43,25293604;-469,6045199;2073,35769979;739,11871016;87,79063783;4,17404118;-43,25293604;469,6045199;-2073,35769979;932,6733807;66,18981447;-4,17404118;2073,35769979;469,6045199;43,25293604;4,17404118;-87,79063783;739,11871016;-2073,35769979;-469,6045199;-43,25293604;-4,17404118;-66,18981447;932,6733807;2073,35769979;469,6045199;43,25293604;4,17404118;87,79063783;739,11871016;2073,35769979;469,6045199;43,25293604;4,17404118;66,18981447;932,6733807
97;COMBO;column;70x70;-94,37427485;-479,51505874;1975,23323471;746,22199111;-144,46388026;4,17404118;94,37427485;479,51505874;-1975,23323471;960,85161801;-191,5085382;-4,17404118;1975,23323471;479,51505874;-94,37427485;4,17404118;144,46388026;746,22199111;-1975,23323471;-479,51505874;94,37427485;-4,17404118;191,5085382;960,85161801;1975,23323471;479,51505874;94,37427485;4,17404118;144,46388026;746,22199111;1975,23323471;479,51505874;94,37427485;4,17404118;191,5085382;960,85161801
98;COMBO;column;70x70;-93,70661479;-420,28840492;1766,1012463;655,15762435;-150,44021378;4,17404118;93,70661479;420,28840492;-1766,1012463;841,06909717;-183,15533488;-4,17404118;1766,1012463;420,28840492;-93,70661479;4,17404118;150,44021378;655,15762435;-1766,1012463;-420,28840492;93,70661479;-4,17404118;183,15533488;841,06909717;1766,1012463;420,28840492;93,70661479;4,17404118;150,44021378;655,15762435;1766,1012463;420,28840492;93,70661479;4,17404118;183,15533488;841,06909717
99;COMBO;column;70x70;-107,54801623;-427,80265597;1755,15785085;658,65300786;-180,05004916;4,17404118;107,54801623;427,80265597;-1755,15785085;864,32444739;-202,82088864;-4,17404118;1755,15785085;427,80265597;-107,54801623;4,17404118;180,05004916;658,65300786;-1755,15785085;-427,80265597;107,54801623;-4,17404118;202,82088864;864,32444739;1755,15785085;427,80265597;107,54801623;4,17404118;180,05004916;658,65300786;1755,15785085;427,80265597;107,54801623;4,17404118;202,82088864;864,32444739
100;COMBO;column;70x70;-17,2173236;-383,81396203;1475,02991462;561,91307976;-15,24194183;4,17404118;17,2173236;383,81396203;-1475,02991462;804,46462508;-46,05173018;-4,17404118;1475,02991462;383,81396203;-17,2173236;4,17404118;15,24194183;561,91307976;-1475,02991462;-383,81396203;17,2173236;-4,17404118;46,05173018;804,46462508;1475,02991462;383,81396203;17,2173236;4,17404118;15,24194183;561,91307976;1475,02991462;383,81396203;17,2173236;4,17404118;46,05173018;804,46462508
101;COMBO;column;70x70;-102,8080454;-348,13042008;1393,23113877;465,88979002;-155,41333883;4,17404118;102,8080454;348,13042008;-1393,23113877;773,45450547;-210,58330281;-4,17404118;1393,23113877;348,13042008;-102,8080454;4,17404118;155,41333883;465,88979002;-1393,23113877;-348,13042008;102,8080454;-4,17404118;210,58330281;773,45450547;1393,23113877;348,13042008;102,8080454;4,17404118;155,41333883;465,88979002;1393,23113877;348,13042008;102,8080454;4,17404118;210,58330281;773,45450547
102;COMBO;column;70x70;-113,4157737;-16,20872298;1100,86341954;-27,35573435;-169,20315575;-0,05855213;113,4157737;16,20872298;-1100,86341954;85,05878816;-234,55699862;0,05855213;1100,86341954;16,20872298;-113,4157737;-0,05855213;169,20315575;-27,35573435;-1100,86341954;-16,20872298;113,4157737;0,05855213;234,55699862;85,05878816;1100,86341954;16,20872298;113,4157737;0,05855213;169,20315575;27,35573435;1100,86341954;16,20872298;113,4157737;0,05855213;234,55699862;85,05878816
103;COMBO;column;70x70;-20,84187639;-8,33099769;1059,84008276;-45,97410448;-30,32218002;-0,05855213;20,84187639;8,33099769;-1059,84008276;75,63245624;-43,87489992;0,05855213;1059,84008276;8,33099769;-20,84187639;-0,05855213;30,32218002;-45,97410448;-1059,84008276;-8,33099769;20,84187639;0,05855213;43,87489992;75,63245624;1059,84008276;8,33099769;20,84187639;0,05855213;30,32218002;45,97410448;1059,84008276;8,33099769;20,84187639;0,05855213;43,87489992;75,63245624
104;COMBO;column;70x70;25,69897134;13,07295961;478,92589512;-114,28774738;41,12707591;-0,05855213;-25,69897134;-13,07295961;-478,92589512;67,74801115;50,36126205;0,05855213;478,92589512;-13,07295961;25,69897134;-0,05855213;-41,12707591;-114,28774738;-478,92589512;13,07295961;-25,69897134;0,05855213;-50,36126205;67,74801115;478,92589512;13,07295961;25,69897134;0,05855213;41,12707591;114,28774738;478,92589512;13,07295961;25,69897134;0,05855213;50,36126205;67,74801115
105;COMBO;column;70x70;-56,57604365;-5,17468181;114,19919283;-81,98127842;-92,49130971;-0,05855213;56,57604365;5,17468181;-114,19919283;100,40314566;-108,91940569;0,05855213;114,19919283;5,17468181;-56,57604365;-0,05855213;92,49130971;-81,98127842;-114,19919283;-5,17468181;56,57604365;0,05855213;108,91940569;100,40314566;114,19919283;5,17468181;56,57604365;0,05855213;92,49130971;81,98127842;114,19919283;5,17468181;56,57604365;0,05855213;108,91940569;100,40314566
106;COMBO;column;70x70;-60,25159354;-161,43771825;1292,05493914;204,06836177;-89,87083589;-0,05855213;60,25159354;161,43771825;-1292,05493914;370,6499152;-124,62483711;0,05855213;1292,05493914;161,43771825;-60,25159354;-0,05855213;89,87083589;204,06836177;-1292,05493914;-161,43771825;60,25159354;0,05855213;124,62483711;370,6499152;1292,05493914;161,43771825;60,25159354;0,05855213;89,87083589;204,06836177;1292,05493914;161,43771825;60,25159354;0,05855213;124,62483711;370,6499152
107;COMBO;column;70x70;-68,49120832;-155,14486966;1289,85805578;190,34539252;-96,60746092;-0,05855213;68,49120832;155,14486966;-1289,85805578;361,97034347;-147,22124071;0,05855213;1289,85805578;155,14486966;-68,49120832;-0,05855213;96,60746092;190,34539252;-1289,85805578;-155,14486966;68,49120832;0,05855213;147,22124071;361,97034347;1289,85805578;155,14486966;68,49120832;0,05855213;96,60746092;190,34539252;1289,85805578;155,14486966;68,49120832;0,05855213;147,22124071;361,97034347
108;COMBO;column;70x70;123,629312;-131,78204401;1019,06794731;146,53271717;204,20649321;-0,05855213;-123,629312;131,78204401;-1019,06794731;322,6113595;235,91385753;0,05855213;1019,06794731;131,78204401;123,629312;-0,05855213;-204,20649321;146,53271717;-1019,06794731;-131,78204401;-123,629312;0,05855213;-235,91385753;322,6113595;1019,06794731;131,78204401;123,629312;0,05855213;204,20649321;146,53271717;1019,06794731;131,78204401;123,629312;0,05855213;235,91385753;322,6113595
109;COMBO;column;70x70;-74,55116401;-138,84428342;437,2736882;159,89894649;-125,34840074;-0,05855213;74,55116401;138,84428342;-437,2736882;334,38670247;-140,05374314;0,05855213;437,2736882;138,84428342;-74,55116401;-0,05855213;125,34840074;159,89894649;-437,2736882;-138,84428342;74,55116401;0,05855213;140,05374314;334,38670247;437,2736882;138,84428342;74,55116401;0,05855213;125,34840074;159,89894649;437,2736882;138,84428342;74,55116401;0,05855213;140,05374314;334,38670247
110;COMBO;column;70x70;-47,29075102;-261,33639287;820,65444524;312,91615475;-65,08945766;-0,05855213;47,29075102;261,33639287;-820,65444524;617,44140385;-103,26561598;0,05855213;820,65444524;261,33639287;-47,29075102;-0,05855213;65,08945766;312,91615475;-820,65444524;-261,33639287;47,29075102;0,05855213;103,26561598;617,44140385;820,65444524;261,33639287;47,29075102;0,05855213;65,08945766;312,91615475;820,65444524;261,33639287;47,29075102;0,05855213;103,26561598;617,44140385
111;COMBO;column;70x70;-74,44620475;-253,89979092;813,75141235;295,56577408;-100,55435346;-0,05855213;74,44620475;253,89979092;-813,75141235;608,3174816;-164,47413545;0,05855213;813,75141235;253,89979092;-74,44620475;-0,05855213;100,55435346;295,56577408;-813,75141235;-253,89979092;74,44620475;0,05855213;164,47413545;608,3174816;813,75141235;253,89979092;74,44620475;0,05855213;100,55435346;295,56577408;813,75141235;253,89979092;74,44620475;0,05855213;164,47413545;608,3174816
112;COMBO;column;70x70;62,70134164;-199,64622177;672,99143071;200,6609145;111,77080478;-0,05855213;-62,70134164;199,64622177;-672,99143071;510,079635;111,44597146;0,05855213;672,99143071;199,64622177;62,70134164;-0,05855213;-111,77080478;200,6609145;-672,99143071;-199,64622177;-62,70134164;0,05855213;-111,44597146;510,079635;672,99143071;199,64622177;62,70134164;0,05855213;111,77080478;200,6609145;672,99143071;199,64622177;62,70134164;0,05855213;111,44597146;510,079635
113;COMBO;column;70x70;-60,60772171;-163,59451699;276,80833072;157,78188233;-97,51986647;-0,05855213;60,60772171;163,59451699;-276,80833072;424,61459816;-118,24362281;0,05855213;276,80833072;163,59451699;-60,60772171;-0,05855213;97,51986647;157,78188233;-276,80833072;-163,59451699;60,60772171;0,05855213;118,24362281;424,61459816;276,80833072;163,59451699;60,60772171;0,05855213;97,51986647;157,78188233;276,80833072;163,59451699;60,60772171;0,05855213;118,24362281;424,61459816
114;COMBO;beam_x;60x80;0,0;0,0;213,7180865;-146,08471883;679,41570739;-0,0;0,0;-0,0;-147,2310865;146,08471883;222,9572251;-0,0;0,0;-0,0;213,7180865;146,08471883;-679,41570739;-0,0;0,0;0,0;-147,2310865;-146,08471883;-222,9572251;-0,0;0,0;0,0;213,7180865;146,08471883;679,41570739;0,0;0,0;0,0;147,2310865;146,08471883;222,9572251;0,0
115;COMBO;beam_x;60x80;0,0;-0,0;196,51256334;-154,4266725;555,25238001;0,0;-0,0;0,0;-130,02556334;154,4266725;261,09293669;0,0;0,0;0,0;196,51256334;154,4266725;-555,25238001;0,0;0,0;-0,0;-130,02556334;-154,4266725;-261,09293669;0,0;0,0;0,0;196,51256334;154,4266725;555,25238001;0,0;0,0;0,0;130,02556334;154,4266725;261,09293669;0,0
116;COMBO;beam_x;60x80;0,0;0,0;202,80603683;38,6109595;500,94313167;-0,0;0,0;-0,0;-202,80603683;-38,6109595;513,08705248;-0,0;0,0;-0,0;202,80603683;-38,6109595;-500,94313167;-0,0;0,0;0,0;-202,80603683;38,6109595;-513,08705248;-0,0;0,0;0,0;202,80603683;38,6109595;500,94313167;0,0;0,0;0,0;202,80603683;38,6109595;513,08705248;0,0
117;COMBO;beam_x;60x80;0,0;0,0;434,70621108;-203,22274695;1132,93889294;-0,0;0,0;-0,0;-301,73221108;203,22274695;708,15716248;-0,0;0,0;-0,0;434,70621108;203,22274695;-1132,93889294;-0,0;0,0;0,0;-301,73221108;-203,22274695;-708,15716248;-0,0;0,0;0,0;434,70621108;203,22274695;1132,93889294;0,0;0,0;0,0;301,73221108;203,22274695;708,15716248;0,0
118;COMBO;beam_x;60x80;0,0;-0,0;426,38826315;-206,27001479;1070,04555553;0,0;-0,0;0,0;-293,41426315;206,27001479;729,46076024;0,0;0,0;0,0;426,38826315;206,27001479;-1070,04555553;0,0;0,0;-0,0;-293,41426315;-206,27001479;-729,46076024;0,0;0,0;0,0;426,38826315;206,27001479;1070,04555553;0,0;0,0;0,0;293,41426315;206,27001479;729,46076024;0,0
119;COMBO;beam_x;60x80;0,0;0,0;193,49521575;16,83892951;504,89861946;-0,0;0,0;-0,0;-193,49521575;-16,83892951;462,57745926;-0,0;0,0;-0,0;193,49521575;-16,83892951;-504,89861946;-0,0;0,0;0,0;-193,49521575;16,83892951;-462,57745926;-0,0;0,0;0,0;193,49521575;16,83892951;504,89861946;0,0;0,0;0,0;193,49521575;16,83892951;462,57745926;0,0
120;COMBO;beam_x;60x80;0,0;0,0;290,59812044;-290,3269481;776,8596588;-0,0;0,0;-0,0;-224,11112044;290,3269481;509,91344341;-0,0;0,0;-0,0;290,59812044;290,3269481;-776,8596588;-0,0;0,0;0,0;-224,11112044;-290,3269481;-509,91344341;-0,0;0,0;0,0;290,59812044;290,3269481;776,8596588;0,0;0,0;0,0;224,11112044;290,3269481;509,91344341;0,0
121;COMBO;beam_x;60x80;0,0;-0,0;294,14646222;-277,24855699;780,80360931;0,0;-0,0;0,0;-227,65946222;277,24855699;523,71120177;0,0;0,0;0,0;294,14646222;277,24855699;-780,80360931;0,0;0,0;-0,0;-227,65946222;-277,24855699;-523,71120177;0,0;0,0;0,0;294,14646222;277,24855699;780,80360931;0,0;0,0;0,0;227,65946222;277,24855699;523,71120177;0,0
122;COMBO;beam_x;60x80;0,0;0,0;158,06586082;29,99218071;413,11783682;-0,0;0,0;-0,0;-158,06586082;-29,99218071;377,2114673;-0,0;0,0;-0,0;158,06586082;-29,99218071;-413,11783682;-0,0;0,0;0,0;-158,06586082;29,99218071;-377,2114673;-0,0;0,0;0,0;158,06586082;29,99218071;413,11783682;0,0;0,0;0,0;158,06586082;29,99218071;377,2114673;0,0
123;COMBO;beam_y;60x80;-0,0;0,0;-247,52773787;-1226,90125108;24,95224629;0,0;0,0;0,0;453,88982253;-1315,73740536;-24,95224629;0,0;0,0;0,0;-247,52773787;24,95224629;1226,90125108;0,0;0,0;-0,0;453,88982253;-24,95224629;1315,73740536;0,0;0,0;0,0;247,52773787;24,95224629;1226,90125108;0,0;0,0;0,0;453,88982253;24,95224629;1315,73740536;0,0
124;COMBO;beam_y;60x80;0,0;0,0;-66,0480816;-751,85382202;23,70148849;-0,0;-0,0;0,0;406,4615216;-1350,81391226;-23,70148849;-0,0;0,0;-0,0;-66,0480816;23,70148849;751,85382202;-0,0;0,0;0,0;406,4615216;-23,70148849;1350,81391226;-0,0;0,0;0,0;66,0480816;23,70148849;751,85382202;0,0;0,0;0,0;406,4615216;23,70148849;1350,81391226;0,0
125;COMBO;beam_y;60x80;-0,0;0,0;-218,95110087;-1170,66432149;4,74816176;0,0;0,0;0,0;471,60170087;-1332,58958482;-4,74816176;0,0;0,0;0,0;-218,95110087;4,74816176;1170,66432149;0,0;0,0;-0,0;471,60170087;-4,74816176;1332,58958482;0,0;0,0;0,0;218,95110087;4,74816176;1170,66432149;0,0;0,0;0,0;471,60170087;4,74816176;1332,58958482;0,0
126;COMBO;beam_y;60x80;0,0;0,0;-59,43946099;-733,17758739;7,28293013;-0,0;-0,0;0,0;399,85290099;-1310,67342345;-7,28293013;-0,0;0,0;-0,0;-59,43946099;7,28293013;733,17758739;-0,0;0,0;0,0;399,85290099;-7,28293013;1310,67342345;-0,0;0,0;0,0;59,43946099;7,28293013;733,17758739;0,0;0,0;0,0;399,85290099;7,28293013;1310,67342345;0,0
127;COMBO;beam_y;60x80;238,3709814;289,24632304;-655,57259435;-1671,90073077;123,17635323;-424,20381088;-238,3709814;-289,24632304;718,73524435;-819,03222687;-123,17635323;-439,8909967;289,24632304;-238,3709814;-655,57259435;123,17635323;1671,90073077;-424,20381088;-289,24632304;238,3709814;718,73524435;-123,17635323;819,03222687;-439,8909967;289,24632304;238,3709814;655,57259435;123,17635323;1671,90073077;424,20381088;289,24632304;238,3709814;718,73524435;123,17635323;819,03222687;439,8909967
128;COMBO;beam_y;60x80;100,04202182;343,45680013;-407,77809923;-1254,55522011;118,49201691;-216,15144426;-100,04202182;-343,45680013;492,88145923;-749,41229745;-118,49201691;-229,03555283;343,45680013;-100,04202182;-407,77809923;118,49201691;1254,55522011;-216,15144426;-343,45680013;100,04202182;492,88145923;-118,49201691;749,41229745;-229,03555283;343,45680013;100,04202182;407,77809923;118,49201691;1254,55522011;216,15144426;343,45680013;100,04202182;492,88145923;118,49201691;749,41229745;229,03555283
129;COMBO;beam_y;60x80;-0,0;0,0;-328,80810186;-1248,05406257;9,47963666;0,0;0,0;0,0;328,80810186;-1135,8046759;-9,47963666;0,0;0,0;0,0;-328,80810186;9,47963666;1248,05406257;0,0;0,0;-0,0;328,80810186;-9,47963666;1135,8046759;0,0;0,0;0,0;328,80810186;9,47963666;1248,05406257;0,0;0,0;0,0;328,80810186;9,47963666;1135,8046759;0,0
130;COMBO;beam_y;60x80;0,0;0,0;-236,19212462;-994,43876167;7,82584386;-0,0;-0,0;0,0;236,19212462;-1107,67114747;-7,82584386;-0,0;0,0;-0,0;-236,19212462;7,82584386;994,43876167;-0,0;0,0;0,0;236,19212462;-7,82584386;1107,67114747;-0,0;0,0;0,0;236,19212462;7,82584386;994,43876167;0,0;0,0;0,0;236,19212462;7,82584386;1107,67114747;0,0
131;COMBO;beam_x;60x80;0,0;0,0;275,54074033;-115,05591702;636,3671375;-0,0;0,0;-0,0;-159,7246415;115,05591702;451,79631709;-0,0;0,0;-0,0;275,54074033;115,05591702;-636,3671375;-0,0;0,0;0,0;-159,7246415;-115,05591702;-451,79631709;-0,0;0,0;0,0;275,54074033;115,05591702;636,3671375;0,0;0,0;0,0;159,7246415;115,05591702;451,79631709;0,0
132;COMBO;beam_x;60x80;0,0;0,0;187,05040759;-61,05539574;493,26757267;-0,0;0,0;-0,0;-120,56340759;61,05539574;275,76696527;-0,0;0,0;-0,0;187,05040759;61,05539574;-493,26757267;-0,0;0,0;0,0;-120,56340759;-61,05539574;-275,76696527;-0,0;0,0;0,0;187,05040759;61,05539574;493,26757267;0,0;0,0;0,0;120,56340759;61,05539574;275,76696527;0,0
133;COMBO;beam_x;60x80;0,0;0,0;133,6061062;0,27937493;289,89499438;-0,0;0,0;-0,0;-67,1191062;-0,27937493;211,91803663;-0,0;0,0;-0,0;133,6061062;-0,27937493;-289,89499438;-0,0;0,0;0,0;-67,1191062;0,27937493;-211,91803663;-0,0;0,0;0,0;133,6061062;0,27937493;289,89499438;0,0;0,0;0,0;67,1191062;0,27937493;211,91803663;0,0
134;COMBO;beam_x;60x80;0,0;0,0;408,68931027;-151,43158631;1003,31736336;-0,0;0,0;-0,0;-275,71531027;151,43158631;707,69418799;-0,0;0,0;-0,0;408,68931027;151,43158631;-1003,31736336;-0,0;0,0;0,0;-275,71531027;-151,43158631;-707,69418799;-0,0;0,0;0,0;408,68931027;151,43158631;1003,31736336;0,0;0,0;0,0;275,71531027;151,43158631;707,69418799;0,0
135;COMBO;beam_x;60x80;0,0;0,0;408,95544014;-152,94772258;984,90599678;-0,0;0,0;-0,0;-275,98144014;152,94772258;727,43620393;-0,0;0,0;-0,0;408,95544014;152,94772258;-984,90599678;-0,0;0,0;0,0;-275,98144014;-152,94772258;-727,43620393;-0,0;0,0;0,0;408,95544014;152,94772258;984,90599678;0,0;0,0;0,0;275,98144014;152,94772258;727,43620393;0,0
136;COMBO;beam_x;60x80;0,0;0,0;202,07310046;7,54672077;425,7711652;-0,0;0,0;-0,0;-69,09910046;-7,54672077;252,1593371;-0,0;0,0;-0,0;202,07310046;-7,54672077;-425,7711652;-0,0;0,0;0,0;-69,09910046;7,54672077;-252,1593371;-0,0;0,0;0,0;202,07310046;7,54672077;425,7711652;0,0;0,0;0,0;69,09910046;7,54672077;252,1593371;0,0
137;COMBO;beam_x;60x80;0,0;0,0;278,77638561;-223,40279459;735,96169588;-0,0;0,0;-0,0;-212,28938561;223,40279459;491,70273217;-0,0;0,0;-0,0;278,77638561;223,40279459;-735,96169588;-0,0;0,0;0,0;-212,28938561;-223,40279459;-491,70273217;-0,0;0,0;0,0;278,77638561;223,40279459;735,96169588;0,0;0,0;0,0;212,28938561;223,40279459;491,70273217;0,0
138;COMBO;beam_x;60x80;0,0;0,0;286,78470345;-228,18295859;750,05499039;-0,0;0,0;-0,0;-220,29770345;228,18295859;517,65102684;-0,0;0,0;-0,0;286,78470345;228,18295859;-750,05499039;-0,0;0,0;0,0;-220,29770345;-228,18295859;-517,65102684;-0,0;0,0;0,0;286,78470345;228,18295859;750,05499039;0,0;0,0;0,0;220,29770345;228,18295859;517,65102684;0,0
139;COMBO;beam_x;60x80;0,0;0,0;177,47922138;30,76873167;405,87584606;-0,0;0,0;-0,0;-110,99222138;-30,76873167;315,30276084;-0,0;0,0;-0,0;177,47922138;-30,76873167;-405,87584606;-0,0;0,0;0,0;-110,99222138;30,76873167;-315,30276084;-0,0;0,0;0,0;177,47922138;30,76873167;405,87584606;0,0;0,0;0,0;110,99222138;30,76873167;315,30276084;0,0
140;COMBO;beam_y;60x80;0,0;0,0;-131,47166768;-760,53335804;-29,68601841;-0,0;-0,0;0,0;337,83375233;-940,69878953;29,68601841;-0,0;0,0;-0,0;-131,47166768;-29,68601841;760,53335804;-0,0;0,0;0,0;337,83375233;29,68601841;940,69878953;-0,0;0,0;0,0;131,47166768;29,68601841;760,53335804;0,0;0,0;0,0;337,83375233;29,68601841;940,69878953;0,0
141;COMBO;beam_y;60x80;-0,0;0,0;-2,58189276;-501,96574472;1,18388835;0,0;0,0;0,0;342,99533276;-1035,85290882;-1,18388835;0,0;0,0;0,0;-2,58189276;1,18388835;501,96574472;0,0;0,0;-0,0;342,99533276;-1,18388835;1035,85290882;0,0;0,0;0,0;2,58189276;1,18388835;501,96574472;0,0;0,0;0,0;342,99533276;1,18388835;1035,85290882;0,0
142;COMBO;beam_y;60x80;0,0;0,0;-124,08508493;-787,85073597;10,31266178;-0,0;-0,0;0,0;376,73568493;-1027,62455477;-10,31266178;-0,0;0,0;-0,0;-124,08508493;10,31266178;787,85073597;-0,0;0,0;0,0;376,73568493;-10,31266178;1027,62455477;-0,0;0,0;0,0;124,08508493;10,31266178;787,85073597;0,0;0,0;0,0;376,73568493;10,31266178;1027,62455477;0,0
143;COMBO;beam_y;60x80;-0,0;0,0;-11,9369671;-545,3094963;-4,58591482;0,0;0,0;0,0;352,3504071;-1075,76931888;4,58591482;0,0;0,0;0,0;-11,9369671;-4,58591482;545,3094963;0,0;0,0;-0,0;352,3504071;4,58591482;1075,76931888;0,0;0,0;0,0;11,9369671;4,58591482;545,3094963;0,0;0,0;0,0;352,3504071;4,58591482;1075,76931888;0,0
144;COMBO;beam_y;60x80;0,0;0,0;-157,01354218;-925,06457032;-21,90977112;-0,0;-0,0;0,0;409,66414218;-1129,1420355;21,90977112;-0,0;0,0;-0,0;-157,01354218;-21,90977112;925,06457032;-0,0;0,0;0,0;409,66414218;21,90977112;1129,1420355;-0,0;0,0;0,0;157,01354218;21,90977112;925,06457032;0,0;0,0;0,0;409,66414218;21,90977112;1129,1420355;0,0
145;COMBO;beam_y;60x80;-0,0;0,0;-26,64364407;-604,21624442;2,98251763;0,0;0,0;0,0;367,05708407;-1147,75199583;-2,98251763;0,0;0,0;0,0;-26,64364407;2,98251763;604,21624442;0,0;0,0;-0,0;367,05708407;-2,98251763;1147,75199583;0,0;0,0;0,0;26,64364407;2,98251763;604,21624442;0,0;0,0;0,0;367,05708407;2,98251763;1147,75199583;0,0
146;COMBO;beam_y;60x80;0,0;0,0;-229,04780104;-1028,72649299;-7,48280612;-0,0;-0,0;0,0;355,37310104;-1089,79927704;7,48280612;-0,0;0,0;-0,0;-229,04780104;-7,48280612;1028,72649299;-0,0;0,0;0,0;355,37310104;7,48280612;1089,79927704;-0,0;0,0;0,0;229,04780104;7,48280612;1028,72649299;0,0;0,0;0,0;355,37310104;7,48280612;1089,79927704;0,0
147;COMBO;beam_y;60x80;-0,0;0,0;-124,93426917;-776,59192328;-5,09001774;0,0;0,0;0,0;295,14098917;-1092,74297632;5,09001774;0,0;0,0;0,0;-124,93426917;-5,09001774;776,59192328;0,0;0,0;-0,0;295,14098917;5,09001774;1092,74297632;0,0;0,0;0,0;124,93426917;5,09001774;776,59192328;0,0;0,0;0,0;295,14098917;5,09001774;1092,74297632;0,0
148;COMBO;beam_x;60x80;0,0;-0,0;280,31832852;-25,34300222;629,46567784;0,0;-0,0;0,0;-126,83229118;25,34300222;388,4108714;0,0;0,0;0,0;280,31832852;25,34300222;-629,46567784;0,0;0,0;-0,0;-126,83229118;-25,34300222;-388,4108714;0,0;0,0;0,0;280,31832852;25,34300222;629,46567784;0,0;0,0;0,0;126,83229118;25,34300222;388,4108714;0,0
149;COMBO;beam_x;60x80;0,0;-0,0;195,11936612;-9,82788606;491,58122673;0,0;-0,0;0,0;-128,63236612;9,82788606;317,79810387;0,0;0,0;0,0;195,11936612;9,82788606;-491,58122673;0,0;0,0;-0,0;-128,63236612;-9,82788606;-317,79810387;0,0;0,0;0,0;195,11936612;9,82788606;491,58122673;0,0;0,0;0,0;128,63236612;9,82788606;317,79810387;0,0
150;COMBO;beam_x;60x80;0,0;-0,0;121,71548192;-5,12115729;265,27385431;0,0;-0,0;0,0;-55,22848192;5,12115729;177,0860553;0,0;0,0;0,0;121,71548192;5,12115729;-265,27385431;0,0;0,0;-0,0;-55,22848192;-5,12115729;-177,0860553;0,0;0,0;0,0;121,71548192;5,12115729;265,27385431;0,0;0,0;0,0;55,22848192;5,12115729;177,0860553;0,0
151;COMBO;beam_x;60x80;0,0;-0,0;397,72767326;-93,40377574;949,06961819;0,0;-0,0;0,0;-264,75367326;93,40377574;707,13374812;0,0;0,0;0,0;397,72767326;93,40377574;-949,06961819;0,0;0,0;-0,0;-264,75367326;-93,40377574;-707,13374812;0,0;0,0;0,0;397,72767326;93,40377574;949,06961819;0,0;0,0;0,0;264,75367326;93,40377574;707,13374812;0,0
152;COMBO;beam_x;60x80;0,0;-0,0;399,52351399;-85,17398548;951,01218529;0,0;-0,0;0,0;-266,54951399;85,17398548;714,17038463;0,0;0,0;0,0;399,52351399;85,17398548;-951,01218529;0,0;0,0;-0,0;-266,54951399;-85,17398548;-714,17038463;0,0;0,0;0,0;399,52351399;85,17398548;951,01218529;0,0;0,0;0,0;266,54951399;85,17398548;714,17038463;0,0
153;COMBO;beam_x;60x80;0,0;-0,0;162,80025308;-2,43669304;339,17846436;0,0;-0,0;0,0;-29,82625308;2,43669304;142,38780102;0,0;0,0;0,0;162,80025308;2,43669304;-339,17846436;0,0;0,0;-0,0;-29,82625308;-2,43669304;-142,38780102;0,0;0,0;0,0;162,80025308;2,43669304;339,17846436;0,0;0,0;0,0;29,82625308;2,43669304;142,38780102;0,0
154;COMBO;beam_x;60x80;0,0;-0,0;263,40700038;-183,00594672;676,29944438;0,0;-0,0;0,0;-196,92000038;183,00594672;474,51805751;0,0;0,0;0,0;263,40700038;183,00594672;-676,29944438;0,0;0,0;-0,0;-196,92000038;-183,00594672;-474,51805751;0,0;0,0;0,0;263,40700038;183,00594672;676,29944438;0,0;0,0;0,0;196,92000038;183,00594672;474,51805751;0,0
155;COMBO;beam_x;60x80;0,0;-0,0;268,7821909;-181,93373644;687,09177511;0,0;-0,0;0,0;-202,2951909;181,93373644;490,60167938;0,0;0,0;0,0;268,7821909;181,93373644;-687,09177511;0,0;0,0;-0,0;-202,2951909;-181,93373644;-490,60167938;0,0;0,0;0,0;268,7821909;181,93373644;687,09177511;0,0;0,0;0,0;202,2951909;181,93373644;490,60167938;0,0
156;COMBO;beam_x;60x80;0,0;-0,0;129,02316376;-0,02864551;295,83152358;0,0;-0,0;0,0;-62,53616376;0,02864551;183,06679523;0,0;0,0;0,0;129,02316376;0,02864551;-295,83152358;0,0;0,0;-0,0;-62,53616376;-0,02864551;-183,06679523;0,0;0,0;0,0;129,02316376;0,02864551;295,83152358;0,0;0,0;0,0;62,53616376;0,02864551;183,06679523;0,0
157;COMBO;beam_y;60x80;0,0;0,0;-18,20407;-389,83655249;-5,23199335;-0,0;-0,0;0,0;270,85467;-658,00138;5,23199335;-0,0;0,0;-0,0;-18,20407;-5,23199335;389,83655249;-0,0;0,0;0,0;270,85467;5,23199335;658,00138;-0,0;0,0;0,0;18,20407;5,23199335;389,83655249;0,0;0,0;0,0;270,85467;5,23199335;658,00138;0,0
158;COMBO;beam_y;60x80;0,0;0,0;50,90577204;-275,93410081;-2,42701177;-0,0;-0,0;0,0;289,50766796;-785,84433603;2,42701177;-0,0;0,0;-0,0;50,90577204;-2,42701177;275,93410081;-0,0;0,0;0,0;289,50766796;2,42701177;785,84433603;-0,0;0,0;0,0;50,90577204;2,42701177;275,93410081;0,0;0,0;0,0;289,50766796;2,42701177;785,84433603;0,0
159;COMBO;beam_y;60x80;0,0;0,0;-20,96916981;-400,80704445;3,25739838;-0,0;-0,0;0,0;273,61976981;-667,07786166;-3,25739838;-0,0;0,0;-0,0;-20,96916981;3,25739838;400,80704445;-0,0;0,0;0,0;273,61976981;-3,25739838;667,07786166;-0,0;0,0;0,0;20,96916981;3,25739838;400,80704445;0,0;0,0;0,0;273,61976981;3,25739838;667,07786166;0,0
160;COMBO;beam_y;60x80;0,0;0,0;49,86387352;-279,98963098;-0,75532834;-0,0;-0,0;0,0;290,54956648;-791,06170271;0,75532834;-0,0;0,0;-0,0;49,86387352;-0,75532834;279,98963098;-0,0;0,0;0,0;290,54956648;0,75532834;791,06170271;-0,0;0,0;0,0;49,86387352;0,75532834;279,98963098;0,0;0,0;0,0;290,54956648;0,75532834;791,06170271;0,0
161;COMBO;beam_y;60x80;0,0;0,0;-30,64613651;-444,31277203;-15,23693652;-0,0;-0,0;0,0;283,29673651;-693,73014269;15,23693652;-0,0;0,0;-0,0;-30,64613651;-15,23693652;444,31277203;-0,0;0,0;0,0;283,29673651;15,23693652;693,73014269;-0,0;0,0;0,0;30,64613651;15,23693652;444,31277203;0,0;0,0;0,0;283,29673651;15,23693652;693,73014269;0,0
162;COMBO;beam_y;60x80;0,0;0,0;46,69580084;-290,39369036;5,43329131;-0,0;-0,0;0,0;293,71763916;-808,8534902;-5,43329131;-0,0;0,0;-0,0;46,69580084;5,43329131;290,39369036;-0,0;0,0;0,0;293,71763916;-5,43329131;808,8534902;-0,0;0,0;0,0;46,69580084;5,43329131;290,39369036;0,0;0,0;0,0;293,71763916;5,43329131;808,8534902;0,0
163;COMBO;beam_y;60x80;0,0;0,0;-56,05125657;-472,10545019;3,84061942;-0,0;-0,0;0,0;256,96056001;-662,56238493;-3,84061942;-0,0;0,0;-0,0;-56,05125657;3,84061942;472,10545019;-0,0;0,0;0,0;256,96056001;-3,84061942;662,56238493;-0,0;0,0;0,0;56,05125657;3,84061942;472,10545019;0,0;0,0;0,0;256,96056001;3,84061942;662,56238493;0,0
164;COMBO;beam_y;60x80;0,0;0,0;10,89834199;-337,10257116;-2,92763726;-0,0;-0,0;0,0;254,48880081;-746,87497058;2,92763726;-0,0;0,0;-0,0;10,89834199;-2,92763726;337,10257116;-0,0;0,0;0,0;254,48880081;2,92763726;746,87497058;-0,0;0,0;0,0;10,89834199;2,92763726;337,10257116;0,0;0,0;0,0;254,48880081;2,92763726;746,87497058;0,0
165;COMBO;beam_x;60x80;0,0;0,0;277,139432;3,65566218;582,48715079;-0,0;0,0;-0,0;-123,65339466;-3,65566218;419,49491588;-0,0;0,0;-0,0;277,139432;-3,65566218;-582,48715079;-0,0;0,0;0,0;-123,65339466;3,65566218;-419,49491588;-0,0;0,0;0,0;277,139432;3,65566218;582,48715079;0,0;0,0;0,0;123,65339466;3,65566218;419,49491588;0,0
166;COMBO;beam_x;60x80;0,0;-0,0;204,60087068;22,58052922;505,36242485;0,0;-0,0;0,0;-138,11387068;-22,58052922;351,42442853;0,0;0,0;0,0;204,60087068;-22,58052922;-505,36242485;0,0;0,0;-0,0;-138,11387068;22,58052922;-351,42442853;0,0;0,0;0,0;204,60087068;22,58052922;505,36242485;0,0;0,0;0,0;138,11387068;22,58052922;351,42442853;0,0
167;COMBO;beam_x;60x80;0,0;-0,0;111,27110112;-5,28632358;250,85182064;0,0;-0,0;0,0;-44,78410112;5,28632358;139,28618496;0,0;0,0;0,0;111,27110112;5,28632358;-250,85182064;0,0;0,0;-0,0;-44,78410112;-5,28632358;-139,28618496;0,0;0,0;0,0;111,27110112;5,28632358;250,85182064;0,0;0,0;0,0;44,78410112;5,28632358;139,28618496;0,0
168;COMBO;beam_x;60x80;0,0;0,0;391,55656322;-28,20527417;908,00129958;-0,0;0,0;-0,0;-258,58256322;28,20527417;717,34651653;-0,0;0,0;-0,0;391,55656322;28,20527417;-908,00129958;-0,0;0,0;0,0;-258,58256322;-28,20527417;-717,34651653;-0,0;0,0;0,0;391,55656322;28,20527417;908,00129958;0,0;0,0;0,0;258,58256322;28,20527417;717,34651653;0,0
169;COMBO;beam_x;60x80;0,0;-0,0;397,90906726;-12,23386092;919,9906288;0,0;-0,0;0,0;-264,93506726;12,23386092;737,11970749;0,0;0,0;0,0;397,90906726;12,23386092;-919,9906288;0,0;0,0;-0,0;-264,93506726;-12,23386092;-737,11970749;0,0;0,0;0,0;397,90906726;12,23386092;919,9906288;0,0;0,0;0,0;264,93506726;12,23386092;737,11970749;0,0
170;COMBO;beam_x;60x80;0,0;-0,0;161,70529622;-1,68307455;357,58160586;0,0;-0,0;0,0;-28,73129622;1,68307455;118,50987524;0,0;0,0;0,0;161,70529622;1,68307455;-357,58160586;0,0;0,0;-0,0;-28,73129622;-1,68307455;-118,50987524;0,0;0,0;0,0;161,70529622;1,68307455;357,58160586;0,0;0,0;0,0;28,73129622;1,68307455;118,50987524;0,0
171;COMBO;beam_x;60x80;0,0;0,0;236,24641956;-111,08181161;579,47087217;-0,0;0,0;-0,0;-169,75941956;111,08181161;435,54372562;-0,0;0,0;-0,0;236,24641956;111,08181161;-579,47087217;-0,0;0,0;0,0;-169,75941956;-111,08181161;-435,54372562;-0,0;0,0;0,0;236,24641956;111,08181161;579,47087217;0,0;0,0;0,0;169,75941956;111,08181161;435,54372562;0,0
172;COMBO;beam_x;60x80;0,0;-0,0;246,74759086;-107,43419193;595,07314007;0,0;-0,0;0,0;-180,26059086;107,43419193;472,44731424;0,0;0,0;0,0;246,74759086;107,43419193;-595,07314007;0,0;0,0;-0,0;-180,26059086;-107,43419193;-472,44731424;0,0;0,0;0,0;246,74759086;107,43419193;595,07314007;0,0;0,0;0,0;180,26059086;107,43419193;472,44731424;0,0
173;COMBO;beam_x;60x80;0,0;-0,0;110,44431691;20,14476314;258,67591624;0,0;-0,0;0,0;-43,95731691;-20,14476314;127,32816834;0,0;0,0;0,0;110,44431691;-20,14476314;-258,67591624;0,0;0,0;-0,0;-43,95731691;20,14476314;-127,32816834;0,0;0,0;0,0;110,44431691;20,14476314;258,67591624;0,0;0,0;0,0;43,95731691;20,14476314;127,32816834;0,0
174;COMBO;beam_y;60x80;0,0;0,0;55,44648868;-139,86883068;-15,22885232;-0,0;-0,0;0,0;197,20411132;-374,00255142;15,22885232;-0,0;0,0;-0,0;55,44648868;-15,22885232;139,86883068;-0,0;0,0;0,0;197,20411132;15,22885232;374,00255142;-0,0;0,0;0,0;55,44648868;15,22885232;139,86883068;0,0;0,0;0,0;197,20411132;15,22885232;374,00255142;0,0
175;COMBO;beam_y;60x80;-0,0;0,0;130,68509823;43,78502249;-1,51627614;0,0;0,0;0,0;209,72834177;-395,52745627;1,51627614;0,0;0,0;0,0;130,68509823;-1,51627614;-43,78502249;0,0;0,0;-0,0;209,72834177;1,51627614;395,52745627;0,0;0,0;0,0;130,68509823;1,51627614;43,78502249;0,0;0,0;0,0;209,72834177;1,51627614;395,52745627;0,0
176;COMBO;beam_y;60x80;0,0;0,0;56,60958325;-135,29640062;15,36511428;-0,0;-0,0;0,0;196,04101675;-370,14254585;-15,36511428;-0,0;0,0;-0,0;56,60958325;15,36511428;135,29640062;-0,0;0,0;0,0;196,04101675;-15,36511428;370,14254585;-0,0;0,0;0,0;56,60958325;15,36511428;135,29640062;0,0;0,0;0,0;196,04101675;15,36511428;370,14254585;0,0
177;COMBO;beam_y;60x80;-0,0;0,0;131,91751479;49,03567025;2,78578622;0,0;0,0;0,0;208,49592521;-389,80959661;-2,78578622;0,0;0,0;0,0;131,91751479;2,78578622;-49,03567025;0,0;0,0;-0,0;208,49592521;-2,78578622;389,80959661;0,0;0,0;0,0;131,91751479;2,78578622;49,03567025;0,0;0,0;0,0;208,49592521;2,78578622;389,80959661;0,0
178;COMBO;beam_y;60x80;0,0;0,0;65,61659998;-93,48903628;-22,57884357;-0,0;-0,0;0,0;187,03400002;-346,64903884;22,57884357;-0,0;0,0;-0,0;65,61659998;-22,57884357;93,48903628;-0,0;0,0;0,0;187,03400002;22,57884357;346,64903884;-0,0;0,0;0,0;65,61659998;22,57884357;93,48903628;0,0;0,0;0,0;187,03400002;22,57884357;346,64903884;0,0
179;COMBO;beam_y;60x80;-0,0;0,0;129,35444738;43,31644375;13,95799166;0,0;0,0;0,0;211,05899262;-406,90167009;-13,95799166;0,0;0,0;0,0;129,35444738;13,95799166;-43,31644375;0,0;0,0;-0,0;211,05899262;-13,95799166;406,90167009;0,0;0,0;0,0;129,35444738;13,95799166;43,31644375;0,0;0,0;0,0;211,05899262;13,95799166;406,90167009;0,0
180;COMBO;beam_y;60x80;0,0;0,0;38,61721563;-126,45164878;3,27780197;-0,0;-0,0;0,0;162,29208781;-321,86976286;-3,27780197;-0,0;0,0;-0,0;38,61721563;3,27780197;126,45164878;-0,0;0,0;0,0;162,29208781;-3,27780197;321,86976286;-0,0;0,0;0,0;38,61721563;3,27780197;126,45164878;0,0;0,0;0,0;162,29208781;3,27780197;321,86976286;0,0
181;COMBO;beam_y;60x80;-0,0;0,0;86,52356458;-24,20079433;-1,32596209;0,0;0,0;0,0;178,86357822;-386,71226635;1,32596209;0,0;0,0;0,0;86,52356458;-1,32596209;24,20079433;0,0;0,0;-0,0;178,86357822;1,32596209;386,71226635;0,0;0,0;0,0;86,52356458;1,32596209;24,20079433;0,0;0,0;0,0;178,86357822;1,32596209;386,71226635;0,0
182;COMBO;beam_x;60x80;0,0;0,0;290,31668459;-102,89021839;744,30371749;-0,0;0,0;-0,0;-180,95434588;102,89021839;433,87385868;-0,0;0,0;-0,0;290,31668459;102,89021839;-744,30371749;-0,0;0,0;0,0;-180,95434588;-102,89021839;-433,87385868;-0,0;0,0;0,0;290,31668459;102,89021839;744,30371749;0,0;0,0;0,0;180,95434588;102,89021839;433,87385868;0,0
183;COMBO;beam_x;60x80;0,0;0,0;400,64103477;-192,16425427;952,0062731;-0,0;0,0;-0,0;-284,28851883;192,16425427;760,31761089;-0,0;0,0;-0,0;400,64103477;192,16425427;-952,0062731;-0,0;0,0;0,0;-284,28851883;-192,16425427;-760,31761089;-0,0;0,0;0,0;400,64103477;192,16425427;952,0062731;0,0;0,0;0,0;284,28851883;192,16425427;760,31761089;0,0
184;COMBO;beam_x;60x80;0,0;0,0;273,34643053;-228,1712136;690,95965013;-0,0;0,0;-0,0;-206,85943053;228,1712136;509,55500253;-0,0;0,0;-0,0;273,34643053;228,1712136;-690,95965013;-0,0;0,0;0,0;-206,85943053;-228,1712136;-509,55500253;-0,0;0,0;0,0;273,34643053;228,1712136;690,95965013;0,0;0,0;0,0;206,85943053;228,1712136;509,55500253;0,0
185;COMBO;beam_x;60x80;0,0;0,0;211,2598465;-105,71203409;481,75422777;-0,0;0,0;-0,0;-101,89750779;105,71203409;301,13915795;-0,0;0,0;-0,0;211,2598465;105,71203409;-481,75422777;-0,0;0,0;0,0;-101,89750779;-105,71203409;-301,13915795;-0,0;0,0;0,0;211,2598465;105,71203409;481,75422777;0,0;0,0;0,0;101,89750779;105,71203409;301,13915795;0,0
186;COMBO;beam_x;60x80;0,0;0,0;381,02295559;-175,85278825;904,19463013;-0,0;0,0;-0,0;-264,67043964;175,85278825;710,03885796;-0,0;0,0;-0,0;381,02295559;175,85278825;-904,19463013;-0,0;0,0;0,0;-264,67043964;-175,85278825;-710,03885796;-0,0;0,0;0,0;381,02295559;175,85278825;904,19463013;0,0;0,0;0,0;264,67043964;175,85278825;710,03885796;0,0
187;COMBO;beam_x;60x80;0,0;0,0;267,11313143;-247,29171396;666,68492145;-0,0;0,0;-0,0;-200,62613143;247,29171396;502,6632357;-0,0;0,0;-0,0;267,11313143;247,29171396;-666,68492145;-0,0;0,0;0,0;-200,62613143;-247,29171396;-502,6632357;-0,0;0,0;0,0;267,11313143;247,29171396;666,68492145;0,0;0,0;0,0;200,62613143;247,29171396;502,6632357;0,0
188;COMBO;beam_x;60x80;0,0;0,0;296,28290524;-72,69026466;583,83542207;-0,0;0,0;-0,0;-271,40506553;72,69026466;40,62134578;-0,0;0,0;-0,0;296,28290524;72,69026466;-583,83542207;-0,0;0,0;0,0;-271,40506553;-72,69026466;-40,62134578;-0,0;0,0;0,0;296,28290524;72,69026466;583,83542207;0,0;0,0;0,0;271,40506553;72,69026466;40,62134578;0,0
189;COMBO;beam_x;60x80;0,0;0,0;511,10285983;-191,99601894;981,59079558;-0,0;0,0;-0,0;-459,80255442;191,99601894;86,40516009;-0,0;0,0;-0,0;511,10285983;191,99601894;-981,59079558;-0,0;0,0;0,0;-459,80255442;-191,99601894;-86,40516009;-0,0;0,0;0,0;511,10285983;191,99601894;981,59079558;0,0;0,0;0,0;459,80255442;191,99601894;86,40516009;0,0
190;COMBO;beam_x;60x80;0,0;-0,0;254,70271681;-191,60082701;618,34854078;0,0;-0,0;0,0;-188,21571681;191,60082701;488,94754325;0,0;0,0;0,0;254,70271681;191,60082701;-618,34854078;0,0;0,0;-0,0;-188,21571681;-191,60082701;-488,94754325;0,0;0,0;0,0;254,70271681;191,60082701;618,34854078;0,0;0,0;0,0;188,21571681;191,60082701;488,94754325;0,0
191;COMBO;beam_x;60x80;0,0;-0,0;188,12186307;19,83414069;424,9438693;0,0;-0,0;0,0;-121,63486307;-19,83414069;349,44794604;0,0;0,0;0,0;188,12186307;-19,83414069;-424,9438693;0,0;0,0;-0,0;-121,63486307;19,83414069;-349,44794604;0,0;0,0;0,0;188,12186307;19,83414069;424,9438693;0,0;0,0;0,0;121,63486307;19,83414069;349,44794604;0,0
192;COMBO;beam_x;60x80;0,0;-0,0;366,7183971;-22,39751039;787,20456041;0,0;-0,0;0,0;-233,7443971;22,39751039;713,95242507;0,0;0,0;0,0;366,7183971;22,39751039;-787,20456041;0,0;0,0;-0,0;-233,7443971;-22,39751039;-713,95242507;0,0;0,0;0,0;366,7183971;22,39751039;787,20456041;0,0;0,0;0,0;233,7443971;22,39751039;713,95242507;0,0
193;COMBO;beam_x;60x80;0,0;-0,0;224,1454229;-120,94201514;488,88570076;0,0;-0,0;0,0;-157,6584229;120,94201514;465,62391373;0,0;0,0;0,0;224,1454229;120,94201514;-488,88570076;0,0;0,0;-0,0;-157,6584229;-120,94201514;-465,62391373;0,0;0,0;0,0;224,1454229;120,94201514;488,88570076;0,0;0,0;0,0;157,6584229;120,94201514;465,62391373;0,0
194;COMBO;beam_x;60x80;0,0;0,0;51,57443604;-83,785707;60,05574697;-0,0;0,0;-0,0;-35,9648467;83,785707;51,55683852;-0,0;0,0;-0,0;51,57443604;83,785707;-60,05574697;-0,0;0,0;0,0;-35,9648467;-83,785707;-51,55683852;-0,0;0,0;0,0;51,57443604;83,785707;60,05574697;0,0;0,0;0,0;35,9648467;83,785707;51,55683852;0,0
195;COMBO;beam_x;60x80;0,0;0,0;140,58767148;-137,1013093;190,7523951;-0,0;0,0;-0,0;-109,3684928;137,1013093;127,94171435;-0,0;0,0;-0,0;140,58767148;137,1013093;-190,7523951;-0,0;0,0;0,0;-109,3684928;-137,1013093;-127,94171435;-0,0;0,0;0,0;140,58767148;137,1013093;190,7523951;0,0;0,0;0,0;109,3684928;137,1013093;127,94171435;0,0
196;COMBO;beam_x;60x80;0,0;0,0;91,24296057;-198,39350149;128,41112618;-0,0;0,0;-0,0;-75,63337123;198,39350149;84,35619688;-0,0;0,0;-0,0;91,24296057;198,39350149;-128,41112618;-0,0;0,0;0,0;-75,63337123;-198,39350149;-84,35619688;-0,0;0,0;0,0;91,24296057;198,39350149;128,41112618;0,0;0,0;0,0;75,63337123;198,39350149;84,35619688;0,0
197;COMBO;beam_x;60x80;-0,0;0,0;-4,62995945;20,76217954;-33,64458124;-0,0;0,0;-0,0;20,23954878;-20,76217954;1,93595825;-0,0;0,0;-0,0;-4,62995945;-20,76217954;33,64458124;-0,0;0,0;0,0;20,23954878;20,76217954;-1,93595825;-0,0;0,0;0,0;4,62995945;20,76217954;33,64458124;0,0;0,0;0,0;20,23954878;20,76217954;1,93595825;0,0
198;COMBO;beam_x;60x80;0,0;0,0;31,84531347;10,00078017;26,14763196;-0,0;0,0;-0,0;-0,6261348;-10,00078017;15,25346458;-0,0;0,0;-0,0;31,84531347;-10,00078017;-26,14763196;-0,0;0,0;0,0;-0,6261348;10,00078017;-15,25346458;-0,0;0,0;0,0;31,84531347;10,00078017;26,14763196;0,0;0,0;0,0;0,6261348;10,00078017;15,25346458;0,0
199;COMBO;beam_x;60x80;0,0;0,0;5,71792286;-17,75756867;-10,41050763;-0,0;0,0;-0,0;9,89166648;17,75756867;5,0889845;-0,0;0,0;-0,0;5,71792286;17,75756867;10,41050763;-0,0;0,0;0,0;9,89166648;-17,75756867;-5,0889845;-0,0;0,0;0,0;5,71792286;17,75756867;10,41050763;0,0;0,0;0,0;9,89166648;17,75756867;5,0889845;0,0
200;COMBO;beam_y;60x80;0,0;0,0;-3,42153526;-144,86881167;0,62418673;-0,0;-0,0;0,0;75,6803339;-141,87546402;-0,62418673;-0,0;0,0;-0,0;-3,42153526;0,62418673;144,86881167;-0,0;0,0;0,0;75,6803339;-0,62418673;141,87546402;-0,0;0,0;0,0;3,42153526;0,62418673;144,86881167;0,0;0,0;0,0;75,6803339;0,62418673;141,87546402;0,0
201;COMBO;beam_y;60x80;0,0;0,0;8,5362544;-99,93239716;0,66486792;-0,0;-0,0;0,0;83,51126088;-233,7063817;-0,66486792;-0,0;0,0;-0,0;8,5362544;0,66486792;99,93239716;-0,0;0,0;0,0;83,51126088;-0,66486792;233,7063817;-0,0;0,0;0,0;8,5362544;0,66486792;99,93239716;0,0;0,0;0,0;83,51126088;0,66486792;233,7063817;0,0
202;COMBO;beam_y;60x80;0,0;0,0;10,05551914;-87,08090972;8,53043729;-0,0;-0,0;0,0;62,2032795;-101,95472156;-8,53043729;-0,0;0,0;-0,0;10,05551914;8,53043729;87,08090972;-0,0;0,0;0,0;62,2032795;-8,53043729;101,95472156;-0,0;0,0;0,0;10,05551914;8,53043729;87,08090972;0,0;0,0;0,0;62,2032795;8,53043729;101,95472156;0,0
203;COMBO;beam_y;60x80;-0,0;0,0;22,0531994;-56,56791497;-2,47451589;0,0;0,0;0,0;69,99431588;-156,7700534;2,47451589;0,0;0,0;0,0;22,0531994;-2,47451589;56,56791497;0,0;0,0;-0,0;69,99431588;2,47451589;156,7700534;0,0;0,0;0,0;22,0531994;2,47451589;56,56791497;0,0;0,0;0,0;69,99431588;2,47451589;156,7700534;0,0
204;COMBO;beam_y;60x80;-0,0;0,0;40,75003258;-228,86353896;-23,49722332;0,0;0,0;0,0;165,10675087;-221,92956485;23,49722332;0,0;0,0;0,0;40,75003258;-23,49722332;228,86353896;0,0;0,0;-0,0;165,10675087;23,49722332;221,92956485;0,0;0,0;0,0;40,75003258;23,49722332;228,86353896;0,0;0,0;0,0;165,10675087;23,49722332;221,92956485;0,0
205;COMBO;beam_y;60x80;0,0;0,0;108,98014262;-4,12311203;-11,52653648;-0,0;-0,0;0,0;231,43329738;-540,79342661;11,52653648;-0,0;0,0;-0,0;108,98014262;-11,52653648;4,12311203;-0,0;0,0;0,0;231,43329738;11,52653648;540,79342661;-0,0;0,0;0,0;108,98014262;11,52653648;4,12311203;0,0;0,0;0,0;231,43329738;11,52653648;540,79342661;0,0
206;COMBO;beam_y;60x80;-0,0;0,0;46,94099621;-241,18434377;1,52757534;0,0;0,0;0,0;205,70960379;-334,35185871;-1,52757534;0,0;0,0;0,0;46,94099621;1,52757534;241,18434377;0,0;0,0;-0,0;205,70960379;-1,52757534;334,35185871;0,0;0,0;0,0;46,94099621;1,52757534;241,18434377;0,0;0,0;0,0;205,70960379;1,52757534;334,35185871;0,0
207;COMBO;beam_y;60x80;0,0;0,0;101,40778219;-55,74926436;-0,92213071;-0,0;-0,0;0,0;239,00565781;-556,56128213;0,92213071;-0,0;0,0;-0,0;101,40778219;-0,92213071;55,74926436;-0,0;0,0;0,0;239,00565781;0,92213071;556,56128213;-0,0;0,0;0,0;101,40778219;0,92213071;55,74926436;0,0;0,0;0,0;239,00565781;0,92213071;556,56128213;0,0
208;COMBO;beam_y;60x80;0,0;0,0;63,5244031;-168,70289813;4,77676047;-0,0;-0,0;0,0;189,1261969;-286,60360442;-4,77676047;-0,0;0,0;-0,0;63,5244031;4,77676047;168,70289813;-0,0;0,0;0,0;189,1261969;-4,77676047;286,60360442;-0,0;0,0;0,0;63,5244031;4,77676047;168,70289813;0,0;0,0;0,0;189,1261969;4,77676047;286,60360442;0,0
209;COMBO;beam_y;60x80;-0,0;0,0;110,98032116;-38,96889674;4,27745714;0,0;0,0;0,0;229,43311884;-488,14605292;-4,27745714;0,0;0,0;0,0;110,98032116;4,27745714;38,96889674;0,0;0,0;-0,0;229,43311884;-4,27745714;488,14605292;0,0;0,0;0,0;110,98032116;4,27745714;38,96889674;0,0;0,0;0,0;229,43311884;4,27745714;488,14605292;0,0
210;COMBO;beam_y;60x80;0,0;0,0;92,39260791;-39,83485711;6,00186674;-0,0;-0,0;0,0;160,25799209;-206,1771605;-6,00186674;-0,0;0,0;-0,0;92,39260791;6,00186674;39,83485711;-0,0;0,0;0,0;160,25799209;-6,00186674;206,1771605;-0,0;0,0;0,0;92,39260791;6,00186674;39,83485711;0,0;0,0;0,0;160,25799209;6,00186674;206,1771605;0,0
211;COMBO;beam_y;60x80;0,0;0,0;130,90115404;28,35760324;3,64250693;-0,0;-0,0;0,0;209,51228596;-378,17714031;-3,64250693;-0,0;0,0;-0,0;130,90115404;3,64250693;-28,35760324;-0,0;0,0;0,0;209,51228596;-3,64250693;378,17714031;-0,0;0,0;0,0;130,90115404;3,64250693;28,35760324;0,0;0,0;0,0;209,51228596;3,64250693;378,17714031;0,0
212;COMBO;beam_y;60x80;0,0;0,0;115,08978853;53,60787793;5,87138163;-0,0;-0,0;0,0;137,56081147;-135,06533608;-5,87138163;-0,0;0,0;-0,0;115,08978853;5,87138163;-53,60787793;-0,0;0,0;0,0;137,56081147;-5,87138163;135,06533608;-0,0;0,0;0,0;115,08978853;5,87138163;53,60787793;0,0;0,0;0,0;137,56081147;5,87138163;135,06533608;0,0
213;COMBO;beam_y;60x80;-0,0;0,0;156,10322172;105,23578529;1,37206919;0,0;0,0;0,0;184,31021828;-230,75691997;-1,37206919;0,0;0,0;0,0;156,10322172;1,37206919;-105,23578529;0,0;0,0;-0,0;184,31021828;-1,37206919;230,75691997;0,0;0,0;0,0;156,10322172;1,37206919;105,23578529;0,0;0,0;0,0;184,31021828;1,37206919;230,75691997;0,0
214;COMBO;beam_y;60x80;-0,0;0,0;39,14758329;-281,52510697;-6,27737045;0,0;0,0;0,0;213,50301671;-350,51333916;6,27737045;0,0;0,0;0,0;39,14758329;-6,27737045;281,52510697;0,0;0,0;-0,0;213,50301671;6,27737045;350,51333916;0,0;0,0;0,0;39,14758329;6,27737045;281,52510697;0,0;0,0;0,0;213,50301671;6,27737045;350,51333916;0,0
215;COMBO;beam_y;60x80;0,0;0,0;100,39738712;-58,22431741;-6,22178933;-0,0;-0,0;0,0;240,01605288;-563,0787452;6,22178933;-0,0;0,0;-0,0;100,39738712;-6,22178933;58,22431741;-0,0;0,0;0,0;240,01605288;6,22178933;563,0787452;-0,0;0,0;0,0;100,39738712;6,22178933;58,22431741;0,0;0,0;0,0;240,01605288;6,22178933;563,0787452;0,0
216;COMBO;beam_y;60x80;0,0;0,0;65,24007998;-127,50702541;5,01200509;-0,0;-0,0;0,0;187,41052002;-315,36081972;-5,01200509;-0,0;0,0;-0,0;65,24007998;5,01200509;127,50702541;-0,0;0,0;0,0;187,41052002;-5,01200509;315,36081972;-0,0;0,0;0,0;65,24007998;5,01200509;127,50702541;0,0;0,0;0,0;187,41052002;5,01200509;315,36081972;0,0
217;COMBO;beam_y;60x80;-0,0;0,0;118,0742547;-3,92402611;2,36458681;0,0;0,0;0,0;222,3391853;-460,05491506;-2,36458681;0,0;0,0;0,0;118,0742547;2,36458681;3,92402611;0,0;0,0;-0,0;222,3391853;-2,36458681;460,05491506;0,0;0,0;0,0;118,0742547;2,36458681;3,92402611;0,0;0,0;0,0;222,3391853;2,36458681;460,05491506;0,0
218;COMBO;beam_y;60x80;0,0;0,0;86,63514752;-54,92752794;1,21400845;-0,0;-0,0;0,0;166,01545248;-232,82607756;-1,21400845;-0,0;0,0;-0,0;86,63514752;1,21400845;54,92752794;-0,0;0,0;0,0;166,01545248;-1,21400845;232,82607756;-0,0;0,0;0,0;86,63514752;1,21400845;54,92752794;0,0;0,0;0,0;166,01545248;1,21400845;232,82607756;0,0
219;COMBO;beam_y;60x80;0,0;0,0;133,49934442;43,20508635;2,02843883;-0,0;-0,0;0,0;206,91409558;-369,90072905;-2,02843883;-0,0;0,0;-0,0;133,49934442;2,02843883;-43,20508635;-0,0;0,0;0,0;206,91409558;-2,02843883;369,90072905;-0,0;0,0;0,0;133,49934442;2,02843883;43,20508635;0,0;0,0;0,0;206,91409558;2,02843883;369,90072905;0,0
220;COMBO;beam_y;60x80;0,0;0,0;101,90743549;7,42415964;0,82154393;-0,0;-0,0;0,0;150,74316451;-184,45367734;-0,82154393;-0,0;0,0;-0,0;101,90743549;0,82154393;-7,42415964;-0,0;0,0;0,0;150,74316451;-0,82154393;184,45367734;-0,0;0,0;0,0;101,90743549;0,82154393;7,42415964;0,0;0,0;0,0;150,74316451;0,82154393;184,45367734;0,0
221;COMBO;beam_y;60x80;-0,0;0,0;159,58461793;127,61879621;1,01892743;0,0;0,0;0,0;180,82882207;-222,15550467;-1,01892743;0,0;0,0;0,0;159,58461793;1,01892743;-127,61879621;0,0;0,0;-0,0;180,82882207;-1,01892743;222,15550467;0,0;0,0;0,0;159,58461793;1,01892743;127,61879621;0,0;0,0;0,0;180,82882207;1,01892743;222,15550467;0,0
222;COMBO;beam_y;60x80;0,0;0,0;57,27843062;-149,00069145;5,18545553;-0,0;-0,0;0,0;148,57835283;-181,96152656;-5,18545553;-0,0;0,0;-0,0;57,27843062;5,18545553;149,00069145;-0,0;0,0;0,0;148,57835283;-5,18545553;181,96152656;-0,0;0,0;0,0;57,27843062;5,18545553;149,00069145;0,0;0,0;0,0;148,57835283;5,18545553;181,96152656;0,0
223;COMBO;beam_y;60x80;-0,0;0,0;116,37716266;-6,71543446;-5,9664495;0,0;0,0;0,0;224,03627734;-472,36762587;5,9664495;0,0;0,0;0,0;116,37716266;-5,9664495;6,71543446;0,0;0,0;-0,0;224,03627734;5,9664495;472,36762587;0,0;0,0;0,0;116,37716266;5,9664495;6,71543446;0,0;0,0;0,0;224,03627734;5,9664495;472,36762587;0,0
224;COMBO;beam_y;60x80;0,0;0,0;87,2437761;-2,07617767;-7,58806785;-0,0;-0,0;0,0;126,2060887;-139,16220553;7,58806785;-0,0;0,0;-0,0;87,2437761;-7,58806785;2,07617767;-0,0;0,0;0,0;126,2060887;7,58806785;139,16220553;-0,0;0,0;0,0;87,2437761;7,58806785;2,07617767;0,0;0,0;0,0;126,2060887;7,58806785;139,16220553;0,0
225;COMBO;beam_y;60x80;0,0;0,0;131,74617639;34,43695805;10,18046885;-0,0;-0,0;0,0;208,66726361;-376,73579618;-10,18046885;-0,0;0,0;-0,0;131,74617639;10,18046885;-34,43695805;-0,0;0,0;0,0;208,66726361;-10,18046885;376,73579618;-0,0;0,0;0,0;131,74617639;10,18046885;34,43695805;0,0;0,0;0,0;208,66726361;10,18046885;376,73579618;0,0
226;COMBO;beam_y;60x80;0,0;0,0;114,05610125;46,68033455;-9,637552;-0,0;-0,0;0,0;138,59449875;-135,63202549;9,637552;-0,0;0,0;-0,0;114,05610125;-9,637552;-46,68033455;-0,0;0,0;0,0;138,59449875;9,637552;135,63202549;-0,0;0,0;0,0;114,05610125;9,637552;46,68033455;0,0;0,0;0,0;138,59449875;9,637552;135,63202549;0,0
227;COMBO;beam_y;60x80;-0,0;0,0;155,51382695;101,00740299;0,14849131;0,0;0,0;0,0;184,89961305;-231,77415111;-0,14849131;0,0;0,0;0,0;155,51382695;0,14849131;-101,00740299;0,0;0,0;-0,0;184,89961305;-0,14849131;231,77415111;0,0;0,0;0,0;155,51382695;0,14849131;101,00740299;0,0;0,0;0,0;184,89961305;0,14849131;231,77415111;0,0
228;COMBO;beam_y;40x60;0,0;0,0;49,07680482;-11,9587719;3,5326985;-0,0;-0,0;0,0;97,76599726;-164,53955069;-3,5326985;-0,0;0,0;-0,0;49,07680482;3,5326985;11,9587719;-0,0;0,0;0,0;97,76599726;-3,5326985;164,53955069;-0,0;0,0;0,0;49,07680482;3,5326985;11,9587719;0,0;0,0;0,0;97,76599726;3,5326985;164,53955069;0,0
229;COMBO;beam_y;40x60;0,0;0,0;76,20900626;58,92564565;-1,33133366;-0,0;-0,0;0,0;111,01893182;-213,82981442;1,33133366;-0,0;0,0;-0,0;76,20900626;-1,33133366;-58,92564565;-0,0;0,0;0,0;111,01893182;1,33133366;213,82981442;-0,0;0,0;0,0;76,20900626;1,33133366;58,92564565;0,0;0,0;0,0;111,01893182;1,33133366;213,82981442;0,0
230;COMBO;beam_y;40x60;0,0;0,0;55,04852146;14,43402493;2,97127015;-0,0;-0,0;0,0;91,79428062;-147,63740185;-2,97127015;-0,0;0,0;-0,0;55,04852146;2,97127015;-14,43402493;-0,0;0,0;0,0;91,79428062;-2,97127015;147,63740185;-0,0;0,0;0,0;55,04852146;2,97127015;14,43402493;0,0;0,0;0,0;91,79428062;2,97127015;147,63740185;0,0
231;COMBO;beam_y;40x60;-0,0;0,0;80,62032435;74,50826362;-1,20091446;0,0;0,0;0,0;106,60761373;-190,15170134;1,20091446;0,0;0,0;0,0;80,62032435;-1,20091446;-74,50826362;0,0;0,0;-0,0;106,60761373;1,20091446;190,15170134;0,0;0,0;0,0;80,62032435;1,20091446;74,50826362;0,0;0,0;0,0;106,60761373;1,20091446;190,15170134;0,0
232;COMBO;beam_y;60x80;-0,0;0,0;-58,76431615;-564,08109652;-67,60272611;0,0;0,0;0,0;218,33258425;-440,39516745;67,60272611;0,0;0,0;0,0;-58,76431615;-67,60272611;564,08109652;0,0;0,0;-0,0;218,33258425;67,60272611;440,39516745;0,0;0,0;0,0;58,76431615;67,60272611;564,08109652;0,0;0,0;0,0;218,33258425;67,60272611;440,39516745;0,0
233;COMBO;beam_y;60x80;0,0;0,0;6,80999524;109,47079266;98,69402975;0,0;-0,0;0,0;38,33308207;-44,53323378;-98,69402975;0,0;0,0;0,0;6,80999524;-98,69402975;109,47079266;0,0;0,0;-0,0;38,33308207;98,69402975;-44,53323378;0,0;0,0;0,0;6,80999524;98,69402975;109,47079266;0,0;0,0;0,0;38,33308207;98,69402975;44,53323378;0,0
234;COMBO;beam_x;60x80;0,0;-0,0;111,16256256;26,42758832;218,61976942;0,0;0,0;0,0;7,83108298;-26,42758832;168,35662159;0,0;0,0;0,0;111,16256256;-26,42758832;-218,61976942;0,0;0,0;-0,0;7,83108298;26,42758832;-168,35662159;0,0;0,0;0,0;111,16256256;26,42758832;218,61976942;0,0;0,0;0,0;7,83108298;26,42758832;168,35662159;0,0
235;COMBO;beam_y;60x80;-0,0;0,0;123,43128074;37,71449978;-142,63180215;0,0;0,0;0,0;-78,28820343;377,82763761;142,63180215;0,0;0,0;0,0;123,43128074;-142,63180215;-37,71449978;0,0;0,0;-0,0;-78,28820343;142,63180215;-377,82763761;0,0;0,0;0,0;123,43128074;142,63180215;37,71449978;0,0;0,0;0,0;78,28820343;142,63180215;377,82763761;0,0
236;COMBO;beam_y;60x80;0,0;0,0;-8,09035266;-340,09112739;-87,71109487;-0,0;-0,0;0,0;167,65862076;-296,99890125;87,71109487;-0,0;0,0;-0,0;-8,09035266;-87,71109487;340,09112739;-0,0;0,0;0,0;167,65862076;87,71109487;296,99890125;-0,0;0,0;0,0;8,09035266;87,71109487;340,09112739;0,0;0,0;0,0;167,65862076;87,71109487;296,99890125;0,0
237;COMBO;beam_y;60x80;-0,0;-0,0;-18,48658958;167,31914911;88,29721733;-0,0;0,0;0,0;63,62966689;1,84033923;-88,29721733;-0,0;0,0;-0,0;-18,48658958;-88,29721733;167,31914911;-0,0;0,0;0,0;63,62966689;88,29721733;1,84033923;-0,0;0,0;0,0;18,48658958;88,29721733;167,31914911;0,0;0,0;0,0;63,62966689;88,29721733;1,84033923;0,0
238;COMBO;beam_x;60x80;0,0;-0,0;97,7641162;-1,3736482;171,12505068;0,0;0,0;0,0;21,22952933;1,3736482;115,49697716;0,0;0,0;0,0;97,7641162;1,3736482;-171,12505068;0,0;0,0;-0,0;21,22952933;-1,3736482;-115,49697716;0,0;0,0;0,0;97,7641162;1,3736482;171,12505068;0,0;0,0;0,0;21,22952933;1,3736482;115,49697716;0,0
239;COMBO;beam_y;60x80;0,0;0,0;93,16491098;-33,11681258;-79,02840633;-0,0;-0,0;0,0;-48,02183366;323,96150654;79,02840633;-0,0;0,0;-0,0;93,16491098;-79,02840633;33,11681258;-0,0;0,0;0,0;-48,02183366;79,02840633;-323,96150654;-0,0;0,0;0,0;93,16491098;79,02840633;33,11681258;0,0;0,0;0,0;48,02183366;79,02840633;323,96150654;0,0
240;COMBO;beam_x;30x45;0,0;0,0;49,67440053;-7,33648142;83,32608525;-0,0;0,0;-0,0;-0,3453017;7,33648142;41,72317032;-0,0;0,0;-0,0;49,67440053;7,33648142;-83,32608525;-0,0;0,0;0,0;-0,3453017;-7,33648142;-41,72317032;-0,0;0,0;0,0;49,67440053;7,33648142;83,32608525;0,0;0,0;0,0;0,3453017;7,33648142;41,72317032;0,0
241;COMBO;beam_x;30x45;0,0;-0,0;2,25143612;8,63735424;-45,58290451;0,0;0,0;0,0;47,07766271;-8,63735424;-66,48266195;0,0;0,0;0,0;2,25143612;-8,63735424;45,58290451;0,0;0,0;-0,0;47,07766271;8,63735424;66,48266195;0,0;0,0;0,0;2,25143612;8,63735424;45,58290451;0,0;0,0;0,0;47,07766271;8,63735424;66,48266195;0,0
242;COMBO;beam_y;60x80;0,0;0,0;91,98428282;-213,82206287;83,32608525;0,0;-0,0;-0,0;-75,89017365;7,33648142;-83,32608525;0,0;0,0;0,0;91,98428282;-83,32608525;-213,82206287;0,0;0,0;-0,0;-75,89017365;83,32608525;7,33648142;0,0;0,0;0,0;91,98428282;83,32608525;213,82206287;0,0;0,0;0,0;75,89017365;83,32608525;7,33648142;0,0
243;COMBO;beam_y;60x80;0,0;0,0;69,84544588;-116,25445266;-3,85973419;0,0;-0,0;-0,0;-37,65722755;-15,97383566;3,85973419;0,0;0,0;0,0;69,84544588;3,85973419;-116,25445266;0,0;0,0;-0,0;-37,65722755;-3,85973419;-15,97383566;0,0;0,0;0,0;69,84544588;3,85973419;116,25445266;0,0;0,0;0,0;37,65722755;3,85973419;15,97383566;0,0
244;COMBO;beam_y;60x80;0,0;0,0;89,387545;-208,73496065;-66,48266195;0,0;-0,0;-0,0;-73,29343583;8,63735424;66,48266195;0,0;0,0;0,0;89,387545;66,48266195;-208,73496065;0,0;0,0;-0,0;-73,29343583;-66,48266195;8,63735424;0,0;0,0;0,0;89,387545;66,48266195;208,73496065;0,0;0,0;0,0;73,29343583;66,48266195;8,63735424;0,0
245;COMBO;beam_y;60x80;0,0;0,0;43,50813464;-80,25328496;55,37115957;-0,0;-0,0;0,0;115,58195896;-181,01432823;-55,37115957;-0,0;0,0;-0,0;43,50813464;55,37115957;80,25328496;-0,0;0,0;0,0;115,58195896;-55,37115957;181,01432823;-0,0;0,0;0,0;43,50813464;55,37115957;80,25328496;0,0;0,0;0,0;115,58195896;55,37115957;181,01432823;0,0
246;COMBO;beam_y;60x80;-0,0;0,0;97,88746281;-205,28982306;133,84939238;-0,0;0,0;0,0;-81,97313449;-15,93871163;-133,84939238;-0,0;0,0;-0,0;97,88746281;-133,84939238;-205,28982306;-0,0;0,0;0,0;-81,97313449;133,84939238;-15,93871163;-0,0;0,0;0,0;97,88746281;133,84939238;205,28982306;0,0;0,0;0,0;81,97313449;133,84939238;15,93871163;0,0
247;COMBO;beam_x;60x80;0,0;0,0;50,37520297;15,93871163;133,84939238;-0,0;0,0;-0,0;-37,50331977;-15,93871163;-37,18301736;-0,0;0,0;-0,0;50,37520297;-15,93871163;-133,84939238;-0,0;0,0;0,0;-37,50331977;15,93871163;37,18301736;-0,0;0,0;0,0;50,37520297;15,93871163;133,84939238;0,0;0,0;0,0;37,50331977;15,93871163;37,18301736;0,0
248;COMBO;beam_y;60x80;0,0;0,0;5,90538825;15,93871163;37,18301736;-0,0;-0,0;0,0;10,00894007;-20,98608036;-37,18301736;-0,0;0,0;-0,0;5,90538825;37,18301736;-15,93871163;-0,0;0,0;0,0;10,00894007;-37,18301736;20,98608036;-0,0;0,0;0,0;5,90538825;37,18301736;15,93871163;0,0;0,0;0,0;10,00894007;37,18301736;20,98608036;0,0
249;COMBO;beam_y;60x80;0,0;0,0;85,83148493;-215,55534024;73,27882027;0,0;-0,0;-0,0;-40,68840762;-45,07563843;-73,27882027;0,0;0,0;0,0;85,83148493;-73,27882027;-215,55534024;0,0;0,0;-0,0;-40,68840762;73,27882027;-45,07563843;0,0;0,0;0,0;85,83148493;73,27882027;215,55534024;0,0;0,0;0,0;40,68840762;73,27882027;45,07563843;0,0
250;COMBO;beam_x;60x80;0,0;-0,0;99,48700169;0,23955564;163,2403008;0,0;0,0;0,0;74,51107299;-0,23955564;-38,36065729;0,0;0,0;0,0;99,48700169;-0,23955564;-163,2403008;0,0;0,0;-0,0;74,51107299;0,23955564;38,36065729;0,0;0,0;0,0;99,48700169;0,23955564;163,2403008;0,0;0,0;0,0;74,51107299;0,23955564;38,36065729;0,0
251;COMBO;beam_y;60x80;-0,0;0,0;-42,38637986;-44,1830437;21,6016076;0,0;0,0;0,0;87,52945717;-223,44358059;-21,6016076;0,0;0,0;0,0;-42,38637986;21,6016076;44,1830437;0,0;0,0;-0,0;87,52945717;-21,6016076;223,44358059;0,0;0,0;0,0;42,38637986;21,6016076;44,1830437;0,0;0,0;0,0;87,52945717;21,6016076;223,44358059;0,0
252;COMBO;beam_y;60x80;0,0;0,0;25,67126175;2,65886925;60,63409532;0,0;-0,0;0,0;19,47181556;-15,42972838;-60,63409532;0,0;0,0;0,0;25,67126175;-60,63409532;2,65886925;0,0;0,0;-0,0;19,47181556;60,63409532;-15,42972838;0,0;0,0;0,0;25,67126175;60,63409532;2,65886925;0,0;0,0;0,0;19,47181556;60,63409532;15,42972838;0,0
253;COMBO;beam_x;60x80;0,0;0,0;94,90194188;1,02970279;128,07535022;-0,0;0,0;-0,0;79,09613281;-1,02970279;-49,04630485;-0,0;0,0;-0,0;94,90194188;-1,02970279;-128,07535022;-0,0;0,0;0,0;79,09613281;1,02970279;49,04630485;-0,0;0,0;0,0;94,90194188;1,02970279;128,07535022;0,0;0,0;0,0;79,09613281;1,02970279;49,04630485;0,0
254;COMBO;beam_y;60x80;-0,0;0,0;22,31042623;-12,11701217;35,36256367;0,0;0,0;0,0;22,83265108;11,04122897;-35,36256367;0,0;0,0;0,0;22,31042623;35,36256367;12,11701217;0,0;0,0;-0,0;22,83265108;-35,36256367;-11,04122897;0,0;0,0;0,0;22,31042623;35,36256367;12,11701217;0,0;0,0;0,0;22,83265108;35,36256367;11,04122897;0,0
255;COMBO;column;70x70;-103,45542423;-407,92782857;2802,89598383;1016,21697802;-221,44657021;-5,86115976;103,45542423;407,92782857;-2802,89598383;436,00609167;-146,85474004;5,86115976;2802,89598383;407,92782857;-103,45542423;-5,86115976;221,44657021;1016,21697802;-2802,89598383;-407,92782857;103,45542423;5,86115976;146,85474004;436,00609167;2802,89598383;407,92782857;103,45542423;5,86115976;221,44657021;1016,21697802;2802,89598383;407,92782857;103,45542423;5,86115976;146,85474004;436,00609167
256;COMBO;column;70x70;-223,54436799;-209,94065872;2319,38812554;397,61530363;-412,69220735;-11,73383313;223,54436799;209,94065872;-2319,38812554;349,77344142;-383,12574268;11,73383313;2319,38812554;209,94065872;-223,54436799;-11,73383313;412,69220735;397,61530363;-2319,38812554;-209,94065872;223,54436799;11,73383313;383,12574268;349,77344142;2319,38812554;209,94065872;223,54436799;11,73383313;412,69220735;397,61530363;2319,38812554;209,94065872;223,54436799;11,73383313;383,12574268;349,77344142
257;COMBO;column;70x70;-135,50284597;-300,66950837;1848,63072175;519,01128258;-220,3307612;4,41911567;135,50284597;300,66950837;-1848,63072175;551,37216723;-262,05937046;-4,41911567;1848,63072175;300,66950837;-135,50284597;4,41911567;220,3307612;519,01128258;-1848,63072175;-300,66950837;135,50284597;-4,41911567;262,05937046;551,37216723;1848,63072175;300,66950837;135,50284597;4,41911567;220,3307612;519,01128258;1848,63072175;300,66950837;135,50284597;4,41911567;262,05937046;551,37216723
258;COMBO;column;70x70;-135,70989673;-153,46920591;1329,84495579;174,38260769;-242,48403963;4,17404118;135,70989673;153,46920591;-1329,84495579;371,96776533;-240,64319273;-4,17404118;1329,84495579;153,46920591;-135,70989673;4,17404118;242,48403963;174,38260769;-1329,84495579;-153,46920591;135,70989673;-4,17404118;240,64319273;371,96776533;1329,84495579;153,46920591;135,70989673;4,17404118;242,48403963;174,38260769;1329,84495579;153,46920591;135,70989673;4,17404118;240,64319273;371,96776533
259;COMBO;column;70x70;-171,89317857;55,62170985;689,76505523;-145,26206262;-257,52041229;-0,05855213;171,89317857;-55,62170985;-689,76505523;-52,75122443;-354,41930341;0,05855213;689,76505523;-55,62170985;-171,89317857;-0,05855213;257,52041229;-145,26206262;-689,76505523;55,62170985;171,89317857;0,05855213;354,41930341;-52,75122443;689,76505523;55,62170985;171,89317857;0,05855213;257,52041229;145,26206262;689,76505523;55,62170985;171,89317857;0,05855213;354,41930341;52,75122443
260;COMBO;column;70x70;-106,02186169;-553,24571023;7260,2991651;1188,66086426;-201,53755556;-5,86115976;106,02186169;553,24571023;-7260,2991651;780,89386415;-175,90027205;5,86115976;7260,2991651;553,24571023;-106,02186169;-5,86115976;201,53755556;1188,66086426;-7260,2991651;-553,24571023;106,02186169;5,86115976;175,90027205;780,89386415;7260,2991651;553,24571023;106,02186169;5,86115976;201,53755556;1188,66086426;7260,2991651;553,24571023;106,02186169;5,86115976;175,90027205;780,89386415
261;COMBO;column;70x70;-208,16765492;-493,51901147;5745,76302717;906,57216846;-397,44558863;-11,73383313;208,16765492;493,51901147;-5745,76302717;850,35551236;-343,6312629;11,73383313;5745,76302717;493,51901147;-208,16765492;-11,73383313;397,44558863;906,57216846;-5745,76302717;-493,51901147;208,16765492;11,73383313;343,6312629;850,35551236;5745,76302717;493,51901147;208,16765492;11,73383313;397,44558863;906,57216846;5745,76302717;493,51901147;208,16765492;11,73383313;343,6312629;850,35551236
262;COMBO;column;70x70;-183,57299916;-579,98262589;4274,13648745;1014,53194105;-319,38762514;4,41911567;183,57299916;579,98262589;-4274,13648745;1050,20620712;-334,13225188;-4,41911567;4274,13648745;579,98262589;-183,57299916;4,41911567;319,38762514;1014,53194105;-4274,13648745;-579,98262589;183,57299916;-4,41911567;334,13225188;1050,20620712;4274,13648745;579,98262589;183,57299916;4,41911567;319,38762514;1014,53194105;4274,13648745;579,98262589;183,57299916;4,41911567;334,13225188;1050,20620712
263;COMBO;column;70x70;-164,68610748;-388,75440803;2833,25671801;620,97018798;-290,93897153;4,17404118;164,68610748;388,75440803;-2833,25671801;762,99550461;-295,34357111;-4,17404118;2833,25671801;388,75440803;-164,68610748;4,17404118;290,93897153;620,97018798;-2833,25671801;-388,75440803;164,68610748;-4,17404118;295,34357111;762,99550461;2833,25671801;388,75440803;164,68610748;4,17404118;290,93897153;620,97018798;2833,25671801;388,75440803;164,68610748;4,17404118;295,34357111;762,99550461
264;COMBO;column;70x70;-219,50709726;-155,6736168;1440,67124993;217,29769109;-317,76109972;-0,05855213;219,50709726;155,6736168;-1440,67124993;336,90038472;-463,68416654;0,05855213;1440,67124993;155,6736168;-219,50709726;-0,05855213;317,76109972;217,29769109;-1440,67124993;-155,6736168;219,50709726;0,05855213;463,68416654;336,90038472;1440,67124993;155,6736168;219,50709726;0,05855213;317,76109972;217,29769109;1440,67124993;155,6736168;219,50709726;0,05855213;463,68416654;336,90038472
265;COMBO;column;70x70;-43,65189219;-506,10582401;4982,35316446;1132,72153262;-99,34653908;-5,86115976;43,65189219;506,10582401;-4982,35316446;669,01520087;-56,05419712;5,86115976;4982,35316446;506,10582401;-43,65189219;-5,86115976;99,34653908;1132,72153262;-4982,35316446;-506,10582401;43,65189219;5,86115976;56,05419712;669,01520087;4982,35316446;506,10582401;43,65189219;5,86115976;99,34653908;1132,72153262;4982,35316446;506,10582401;43,65189219;5,86115976;56,05419712;669,01520087
266;COMBO;column;70x70;-73,11567331;-400,50753007;3951,70585611;740,25921223;-163,11618607;-11,73383313;73,11567331;400,50753007;-3951,70585611;685,54759482;-97,17561091;11,73383313;3951,70585611;400,50753007;-73,11567331;-11,73383313;163,11618607;740,25921223;-3951,70585611;-400,50753007;73,11567331;11,73383313;97,17561091;685,54759482;3951,70585611;400,50753007;73,11567331;11,73383313;163,11618607;740,25921223;3951,70585611;400,50753007;73,11567331;11,73383313;97,17561091;685,54759482
267;COMBO;column;70x70;-142,0140522;-503,27279386;2893,34344569;869,06864742;-261,53544862;4,41911567;142,0140522;503,27279386;-2893,34344569;922,58249871;-244,03457721;-4,41911567;2893,34344569;503,27279386;-142,0140522;4,41911567;261,53544862;869,06864742;-2893,34344569;-503,27279386;142,0140522;-4,41911567;244,03457721;922,58249871;2893,34344569;503,27279386;142,0140522;4,41911567;261,53544862;869,06864742;2893,34344569;503,27279386;142,0140522;4,41911567;244,03457721;922,58249871
268;COMBO;column;70x70;-102,56546207;-364,34060687;1849,04961797;555,4044362;-175,26317195;4,17404118;102,56546207;364,34060687;-1849,04961797;741,64812425;-189,86987303;-4,17404118;1849,04961797;364,34060687;-102,56546207;4,17404118;175,26317195;555,4044362;-1849,04961797;-364,34060687;102,56546207;-4,17404118;189,86987303;741,64812425;1849,04961797;364,34060687;102,56546207;4,17404118;175,26317195;555,4044362;1849,04961797;364,34060687;102,56546207;4,17404118;189,86987303;741,64812425
269;COMBO;column;70x70;-103,54244954;-314,83256485;881,79967935;413,78997313;-128,0435126;-0,05855213;103,54244954;314,83256485;-881,79967935;707,01395774;-240,56760775;0,05855213;881,79967935;314,83256485;-103,54244954;-0,05855213;128,0435126;413,78997313;-881,79967935;-314,83256485;103,54244954;0,05855213;240,56760775;707,01395774;881,79967935;314,83256485;103,54244954;0,05855213;128,0435126;413,78997313;881,79967935;314,83256485;103,54244954;0,05855213;240,56760775;707,01395774
270;COMBO;column;70x70;-93,58391277;-450,99932025;1948,37697367;1098,98988899;-209,73237662;-5,86115976;93,58391277;450,99932025;-1948,37697367;506,56769111;-123,42635285;5,86115976;1948,37697367;450,99932025;-93,58391277;-5,86115976;209,73237662;1098,98988899;-1948,37697367;-450,99932025;93,58391277;5,86115976;123,42635285;506,56769111;1948,37697367;450,99932025;93,58391277;5,86115976;209,73237662;1098,98988899;1948,37697367;450,99932025;93,58391277;5,86115976;123,42635285;506,56769111
271;COMBO;column;70x70;-207,35336697;-315,4792439;1683,73311259;574,02812359;-381,76469254;-11,73383313;207,35336697;315,4792439;-1683,73311259;549,07798471;-356,41329386;11,73383313;1683,73311259;315,4792439;-207,35336697;-11,73383313;381,76469254;574,02812359;-1683,73311259;-315,4792439;207,35336697;11,73383313;356,41329386;549,07798471;1683,73311259;315,4792439;207,35336697;11,73383313;381,76469254;574,02812359;1683,73311259;315,4792439;207,35336697;11,73383313;356,41329386;549,07798471
272;COMBO;column;70x70;-116,16728779;-309,99641718;1400,97856785;516,88799872;-189,88677121;4,41911567;116,16728779;309,99641718;-1400,97856785;586,69924643;-223,66877332;-4,41911567;1400,97856785;309,99641718;-116,16728779;4,41911567;189,88677121;516,88799872;-1400,97856785;-309,99641718;116,16728779;-4,41911567;223,66877332;586,69924643;1400,97856785;309,99641718;116,16728779;4,41911567;189,88677121;516,88799872;1400,97856785;309,99641718;116,16728779;4,41911567;223,66877332;586,69924643
273;COMBO;column;70x70;-124,96296966;-176,62940604;1053,63532034;227,44906086;-214,28528475;4,17404118;124,96296966;176,62940604;-1053,63532034;401,35162465;-230,58288725;-4,17404118;1053,63532034;176,62940604;-124,96296966;4,17404118;214,28528475;227,44906086;-1053,63532034;-176,62940604;124,96296966;-4,17404118;230,58288725;401,35162465;1053,63532034;176,62940604;124,96296966;4,17404118;214,28528475;227,44906086;1053,63532034;176,62940604;124,96296966;4,17404118;230,58288725;401,35162465
274;COMBO;column;70x70;-89,67232302;-0,41214779;583,36183985;-54,00407773;-162,64437834;-0,05855213;89,67232302;0,41214779;-583,36183985;55,47132386;-156,5890916;0,05855213;583,36183985;0,41214779;-89,67232302;-0,05855213;162,64437834;-54,00407773;-583,36183985;-0,41214779;89,67232302;0,05855213;156,5890916;55,47132386;583,36183985;0,41214779;89,67232302;0,05855213;162,64437834;54,00407773;583,36183985;0,41214779;89,67232302;0,05855213;156,5890916;55,47132386
275;COMBO;column;70x70;-86,05182599;-570,18065355;5889,59246271;1240,4184045;-177,83977987;-5,86115976;86,05182599;570,18065355;-5889,59246271;789,42472212;-128,50472067;5,86115976;5889,59246271;570,18065355;-86,05182599;-5,86115976;177,83977987;1240,4184045;-5889,59246271;-570,18065355;86,05182599;5,86115976;128,50472067;789,42472212;5889,59246271;570,18065355;86,05182599;5,86115976;177,83977987;1240,4184045;5889,59246271;570,18065355;86,05182599;5,86115976;128,50472067;789,42472212
276;COMBO;column;70x70;-186,2817248;-546,16631343;4651,80098698;989,20529494;-347,7765092;-11,73383313;186,2817248;546,16631343;-4651,80098698;955,14678089;-315,3864311;11,73383313;4651,80098698;546,16631343;-186,2817248;-11,73383313;347,7765092;989,20529494;-4651,80098698;-546,16631343;186,2817248;11,73383313;315,3864311;955,14678089;4651,80098698;546,16631343;186,2817248;11,73383313;347,7765092;989,20529494;4651,80098698;546,16631343;186,2817248;11,73383313;315,3864311;955,14678089
277;COMBO;column;70x70;-175,15840219;-528,45054095;3447,5783293;908,44036593;-307,12877535;4,41911567;175,15840219;528,45054095;-3447,5783293;972,84355984;-316,43513646;-4,41911567;3447,5783293;528,45054095;-175,15840219;4,41911567;307,12877535;908,44036593;-3447,5783293;-528,45054095;175,15840219;-4,41911567;316,43513646;972,84355984;3447,5783293;528,45054095;175,15840219;4,41911567;307,12877535;908,44036593;3447,5783293;528,45054095;175,15840219;4,41911567;316,43513646;972,84355984
278;COMBO;column;70x70;-167,63199928;-355,68202577;2269,76856341;566,8369228;-286,72296945;4,17404118;167,63199928;355,68202577;-2269,76856341;699,39108893;-310,04694798;-4,17404118;2269,76856341;355,68202577;-167,63199928;4,17404118;286,72296945;566,8369228;-2269,76856341;-355,68202577;167,63199928;-4,17404118;310,04694798;699,39108893;2269,76856341;355,68202577;167,63199928;4,17404118;286,72296945;566,8369228;2269,76856341;355,68202577;167,63199928;4,17404118;310,04694798;699,39108893
279;COMBO;column;70x70;-150,90319353;-154,89894696;1133,35640881;214,88394615;-247,55871924;-0,05855213;150,90319353;154,89894696;-1133,35640881;336,55630501;-289,65664974;0,05855213;1133,35640881;154,89894696;-150,90319353;-0,05855213;247,55871924;214,88394615;-1133,35640881;-154,89894696;150,90319353;0,05855213;289,65664974;336,55630501;1133,35640881;154,89894696;150,90319353;0,05855213;247,55871924;214,88394615;1133,35640881;154,89894696;150,90319353;0,05855213;289,65664974;336,55630501
280;COMBO;column;70x70;-43,11038156;-535,29903051;4570,18479776;1199,02554517;-98,70394647;-5,86115976;43,11038156;535,29903051;-4570,18479776;706,63900346;-54,76901189;5,86115976;4570,18479776;535,29903051;-43,11038156;-5,86115976;98,70394647;1199,02554517;-4570,18479776;-535,29903051;43,11038156;5,86115976;54,76901189;706,63900346;4570,18479776;535,29903051;43,11038156;5,86115976;98,70394647;1199,02554517;4570,18479776;535,29903051;43,11038156;5,86115976;54,76901189;706,63900346
281;COMBO;column;70x70;-92,71317003;-481,9343258;3602,50488456;871,59047695;-185,72928956;-11,73383313;92,71317003;481,9343258;-3602,50488456;844,0957229;-144,32959575;11,73383313;3602,50488456;481,9343258;-92,71317003;-11,73383313;185,72928956;871,59047695;-3602,50488456;-481,9343258;92,71317003;11,73383313;144,32959575;844,0957229;3602,50488456;481,9343258;92,71317003;11,73383313;185,72928956;871,59047695;3602,50488456;481,9343258;92,71317003;11,73383313;144,32959575;844,0957229
282;COMBO;column;70x70;-178,21291464;-492,27792646;2636,94998697;830,68643075;-328,38972077;4,41911567;178,21291464;492,27792646;-2636,94998697;921,82298745;-306,04825533;-4,41911567;2636,94998697;492,27792646;-178,21291464;4,41911567;328,38972077;830,68643075;-2636,94998697;-492,27792646;178,21291464;-4,41911567;306,04825533;921,82298745;2636,94998697;492,27792646;178,21291464;4,41911567;328,38972077;830,68643075;2636,94998697;492,27792646;178,21291464;4,41911567;306,04825533;921,82298745
283;COMBO;column;70x70;-159,39657171;-370,38677296;1706,36697847;576,19081961;-261,76045009;4,17404118;159,39657171;370,38677296;-1706,36697847;742,38609213;-305,69134521;-4,17404118;1706,36697847;370,38677296;-159,39657171;4,17404118;261,76045009;576,19081961;-1706,36697847;-370,38677296;159,39657171;-4,17404118;305,69134521;742,38609213;1706,36697847;370,38677296;159,39657171;4,17404118;261,76045009;576,19081961;1706,36697847;370,38677296;159,39657171;4,17404118;305,69134521;742,38609213
284;COMBO;column;70x70;-82,97867569;-299,18787379;837,25524765;411,65217586;-152,02305638;-0,05855213;82,97867569;299,18787379;-837,25524765;653,45665482;-143,38102908;0,05855213;837,25524765;299,18787379;-82,97867569;-0,05855213;152,02305638;411,65217586;-837,25524765;-299,18787379;82,97867569;0,05855213;143,38102908;653,45665482;837,25524765;299,18787379;82,97867569;0,05855213;152,02305638;411,65217586;837,25524765;299,18787379;82,97867569;0,05855213;143,38102908;653,45665482
285;COMBO;column;70x70;-115,43990604;-552,40395529;4620,5935904;1243,06944486;-212,71363486;-5,86115976;115,43990604;552,40395529;-4620,5935904;723,48863597;-198,25243065;5,86115976;4620,5935904;552,40395529;-115,43990604;-5,86115976;212,71363486;1243,06944486;-4620,5935904;-552,40395529;115,43990604;5,86115976;198,25243065;723,48863597;4620,5935904;552,40395529;115,43990604;5,86115976;212,71363486;1243,06944486;4620,5935904;552,40395529;115,43990604;5,86115976;198,25243065;723,48863597
286;COMBO;column;70x70;-237,00423536;-538,44263741;3650,96692189;958,99149734;-442,84107671;-11,73383313;237,00423536;538,44263741;-3650,96692189;957,86429182;-400,89400117;11,73383313;3650,96692189;538,44263741;-237,00423536;-11,73383313;442,84107671;958,99149734;-3650,96692189;-538,44263741;237,00423536;11,73383313;400,89400117;957,86429182;3650,96692189;538,44263741;237,00423536;11,73383313;442,84107671;958,99149734;3650,96692189;538,44263741;237,00423536;11,73383313;400,89400117;957,86429182
287;COMBO;column;70x70;-225,62539724;-466,03537823;2690,26493753;780,81483428;-392,33313368;4,41911567;225,62539724;466,03537823;-2690,26493753;878,27111222;-410,89328051;-4,41911567;2690,26493753;466,03537823;-225,62539724;4,41911567;392,33313368;780,81483428;-2690,26493753;-466,03537823;225,62539724;-4,41911567;410,89328051;878,27111222;2690,26493753;466,03537823;225,62539724;4,41911567;392,33313368;780,81483428;2690,26493753;466,03537823;225,62539724;4,41911567;410,89328051;878,27111222
288;COMBO;column;70x70;-213,32435668;-324,90261641;1766,70057013;510,79847036;-375,51521015;4,17404118;213,32435668;324,90261641;-1766,70057013;645,85484404;-383,91949963;-4,17404118;1766,70057013;324,90261641;-213,32435668;4,17404118;375,51521015;510,79847036;-1766,70057013;-324,90261641;213,32435668;-4,17404118;383,91949963;645,85484404;1766,70057013;324,90261641;213,32435668;4,17404118;375,51521015;510,79847036;1766,70057013;324,90261641;213,32435668;4,17404118;383,91949963;645,85484404
289;COMBO;column;70x70;-266,76472928;-179,01256137;878,9960334;243,63546182;-404,69869585;-0,05855213;266,76472928;179,01256137;-878,9960334;393,64925665;-544,98374038;0,05855213;878,9960334;179,01256137;-266,76472928;-0,05855213;404,69869585;243,63546182;-878,9960334;-179,01256137;266,76472928;0,05855213;544,98374038;393,64925665;878,9960334;179,01256137;266,76472928;0,05855213;404,69869585;243,63546182;878,9960334;179,01256137;266,76472928;0,05855213;544,98374038;393,64925665
290;COMBO;column;70x70;76,93562359;-317,498151;1687,52307569;877,24568648;43,75064631;-5,86115976;-76,93562359;317,498151;-1687,52307569;253,04773108;230,14017366;5,86115976;1687,52307569;317,498151;76,93562359;-5,86115976;-43,75064631;877,24568648;-1687,52307569;-317,498151;-76,93562359;5,86115976;-230,14017366;253,04773108;1687,52307569;317,498151;76,93562359;5,86115976;43,75064631;877,24568648;1687,52307569;317,498151;76,93562359;5,86115976;230,14017366;253,04773108
291;COMBO;column;70x70;153,04326426;-9,03641944;1340,65481754;51,83686023;248,3562719;-11,73383313;-153,04326426;9,03641944;-1340,65481754;-19,66720703;296,47774886;11,73383313;1340,65481754;9,03641944;153,04326426;-11,73383313;-248,3562719;51,83686023;-1340,65481754;-9,03641944;-153,04326426;11,73383313;-296,47774886;-19,66720703;1340,65481754;9,03641944;153,04326426;11,73383313;248,3562719;51,83686023;1340,65481754;9,03641944;153,04326426;11,73383313;296,47774886;19,66720703
292;COMBO;column;70x70;93,8920908;-191,53409406;1001,39469634;345,7262776;143,68459493;4,41911567;-93,8920908;191,53409406;-1001,39469634;336,13509724;190,57124833;-4,41911567;1001,39469634;191,53409406;93,8920908;4,41911567;-143,68459493;345,7262776;-1001,39469634;-191,53409406;-93,8920908;-4,41911567;-190,57124833;336,13509724;1001,39469634;191,53409406;93,8920908;4,41911567;143,68459493;345,7262776;1001,39469634;191,53409406;93,8920908;4,41911567;190,57124833;336,13509724
293;COMBO;column;70x70;98,46205432;-81,79845945;667,85873875;2,27974196;217,95335001;4,17404118;-98,46205432;81,79845945;-667,85873875;288,92277367;132,57156337;-4,17404118;667,85873875;81,79845945;98,46205432;4,17404118;-217,95335001;2,27974196;-667,85873875;-81,79845945;-98,46205432;-4,17404118;-132,57156337;288,92277367;667,85873875;81,79845945;98,46205432;4,17404118;217,95335001;2,27974196;667,85873875;81,79845945;98,46205432;4,17404118;132,57156337;288,92277367
294;COMBO;column;70x70;233,92819057;-64,13325358;324,71782432;-24,01259723;356,3104306;-0,05855213;-233,92819057;64,13325358;-324,71782432;252,32697996;476,47392782;0,05855213;324,71782432;64,13325358;233,92819057;-0,05855213;-356,3104306;-24,01259723;-324,71782432;-64,13325358;-233,92819057;0,05855213;-476,47392782;252,32697996;324,71782432;64,13325358;233,92819057;0,05855213;356,3104306;24,01259723;324,71782432;64,13325358;233,92819057;0,05855213;476,47392782;252,32697996
295;COMBO;wall;60x291.5;-540,47297119;-1380,92703127;8564,00587931;3209,01232166;-6725,97751845;-295,89716094;540,47297119;1380,92703127;-8564,00587931;1707,08790965;4801,89374101;295,89716094;8564,00587931;1380,92703127;-540,47297119;-295,89716094;6725,97751845;3209,01232166;-8564,00587931;-1380,92703127;540,47297119;295,89716094;-4801,89374101;1707,08790965;8564,00587931;1380,92703127;540,47297119;295,89716094;6725,97751845;3209,01232166;8564,00587931;1380,92703127;540,47297119;295,89716094;4801,89374101;1707,08790965
296;COMBO;wall;60x291.5;-2316,5475478;-1164,09504528;4188,10696723;2141,33969719;-4710,06132866;-572,7905923;2316,5475478;1164,09504528;-4188,10696723;2002,838664;-3536,84794149;572,7905923;4188,10696723;1164,09504528;-2316,5475478;-572,7905923;4710,06132866;2141,33969719;-4188,10696723;-1164,09504528;2316,5475478;572,7905923;3536,84794149;2002,838664;4188,10696723;1164,09504528;2316,5475478;572,7905923;4710,06132866;2141,33969719;4188,10696723;1164,09504528;2316,5475478;572,7905923;3536,84794149;2002,838664
297;COMBO;wall;60x291.5;1145,3308646;-722,31118391;1211,16060935;1156,94474126;3762,49366969;182,38980777;-1145,3308646;722,31118391;-1211,16060935;1414,48307347;314,88420829;-182,38980777;1211,16060935;722,31118391;1145,3308646;182,38980777;-3762,49366969;1156,94474126;-1211,16060935;-722,31118391;-1145,3308646;-182,38980777;-314,88420829;1414,48307347;1211,16060935;722,31118391;1145,3308646;182,38980777;3762,49366969;1156,94474126;1211,16060935;722,31118391;1145,3308646;182,38980777;314,88420829;1414,48307347
298;COMBO;wall;60x291.5;-472,03195955;-379,24171825;-220,21255636;482,57614941;-177,56152591;-30,06229042;472,03195955;379,24171825;220,21255636;867,52436754;-1502,87225007;30,06229042;-220,21255636;379,24171825;-472,03195955;-30,06229042;177,56152591;482,57614941;220,21255636;-379,24171825;472,03195955;30,06229042;1502,87225007;867,52436754;220,21255636;379,24171825;472,03195955;30,06229042;177,56152591;482,57614941;220,21255636;379,24171825;472,03195955;30,06229042;1502,87225007;867,52436754
299;COMBO;wall;60x291.5;334,51013441;128,61182797;-431,26118673;-344,50749543;1496,07969426;108,94176853;-334,51013441;-128,61182797;431,26118673;-113,35061216;-305,22361577;-108,94176853;-431,26118673;-128,61182797;334,51013441;108,94176853;-1496,07969426;-344,50749543;431,26118673;128,61182797;-334,51013441;-108,94176853;305,22361577;-113,35061216;431,26118673;128,61182797;334,51013441;108,94176853;1496,07969426;344,50749543;431,26118673;128,61182797;334,51013441;108,94176853;305,22361577;113,35061216
300;COMBO;wall;30x356;-2928,18727117;-246,38953694;-2140,63668009;930,91165754;-6424,938027;718,01620686;2928,18727117;246,38953694;2140,63668009;-53,76490603;-253,2944682;-1149,19789651;-3212,85475301;246,38953694;-1683,49945864;1055,04527707;6424,938027;518,67451333;3212,85475301;-246,38953694;1683,49945864;-1055,04527707;253,2944682;458,72206594;3212,85475301;246,38953694;1683,49945864;1055,04527707;6424,938027;518,67451333;3212,85475301;246,38953694;1683,49945864;1055,04527707;253,2944682;458,72206594
301;COMBO;wall;30x356;-8354,29695999;-332,52163963;-3370,1919055;2644,92976657;-17117,29104811;3791,14643378;8354,29695999;332,52163963;3370,1919055;-1461,15272947;-6726,17029481;-4373,05930314;-6710,04267867;332,52163963;-6010,64043393;4569,11468624;17117,29104811;701,16740967;6710,04267867;-332,52163963;6010,64043393;-4569,11468624;6726,17029481;617,90448416;6710,04267867;332,52163963;6010,64043393;4569,11468624;17117,29104811;701,16740967;6710,04267867;332,52163963;6010,64043393;4569,11468624;6726,17029481;617,90448416
302;COMBO;wall;30x356;-5928,30351479;-276,14662638;-1162,89717281;2678,90771831;-13429,87510573;4106,5155819;5928,30351479;276,14662638;1162,89717281;-1695,82572838;-5639,8153545;-4589,77217807;-3658,91131559;276,14662638;-4807,23209161;4867,12646634;13429,87510573;592,53417479;3658,91131559;-276,14662638;4807,23209161;-4867,12646634;5639,8153545;502,90506892;3658,91131559;276,14662638;4807,23209161;4867,12646634;13429,87510573;592,53417479;3658,91131559;276,14662638;4807,23209161;4867,12646634;5639,8153545;502,90506892
303;COMBO;wall;30x356;-5159,57754836;-185,08962254;-3,46494742;2329,30534328;-12573,92918313;3804,92337759;5159,57754836;185,08962254;3,46494742;-1670,38628705;-5788,10323103;-4128,83021703;-2279,27402222;185,08962254;-4628,84028835;4442,23980941;12573,92918313;411,83827808;2279,27402222;-185,08962254;4628,84028835;-4442,23980941;5788,10323103;322,38918211;2279,27402222;185,08962254;4628,84028835;4442,23980941;12573,92918313;411,83827808;2279,27402222;185,08962254;4628,84028835;4442,23980941;5788,10323103;322,38918211
304;COMBO;wall;30x356;-4269,91864928;-84,55199167;945,33806024;1819,24285064;-11111,92370765;3219,77619146;4269,91864928;84,55199167;-945,33806024;-1518,2377603;-5743,32828919;-3367,74217688;-1035,31212477;84,55199167;-4248,99966155;3692,09439615;11111,92370765;212,23157777;1035,31212477;-84,55199167;4248,99966155;-3692,09439615;5743,32828919;123,17563332;1035,31212477;84,55199167;4248,99966155;3692,09439615;11111,92370765;212,23157777;1035,31212477;84,55199167;4248,99966155;3692,09439615;5743,32828919;123,17563332
305;COMBO;wall;60x292;-633,77819284;-1499,58097994;-5019,1184453;3353,37433437;-3751,23857481;-277,02299738;633,77819284;1499,58097994;5019,1184453;1985,13395423;1494,98820832;277,02299738;-5019,1184453;1499,58097994;-633,77819284;-277,02299738;3751,23857481;3353,37433437;5019,1184453;-1499,58097994;633,77819284;277,02299738;-1494,98820832;1985,13395423;5019,1184453;1499,58097994;633,77819284;277,02299738;3751,23857481;3353,37433437;5019,1184453;1499,58097994;633,77819284;277,02299738;1494,98820832;1985,13395423
306;COMBO;wall;60x292;326,0145705;-1470,81154433;-2400,98110571;2642,85940579;-1987,84683661;-415,42507433;-326,0145705;1470,81154433;2400,98110571;2593,22969202;3148,4587076;415,42507433;-2400,98110571;1470,81154433;326,0145705;-415,42507433;1987,84683661;2642,85940579;2400,98110571;-1470,81154433;-326,0145705;415,42507433;-3148,4587076;2593,22969202;2400,98110571;1470,81154433;326,0145705;415,42507433;1987,84683661;2642,85940579;2400,98110571;1470,81154433;326,0145705;415,42507433;3148,4587076;2593,22969202
307;COMBO;wall;60x292;-1452,83302663;-1127,86130438;-61,57625642;1863,43731694;-3829,59312267;88,22767652;1452,83302663;1127,86130438;61,57625642;2151,74892665;-1342,49245213;-88,22767652;-61,57625642;1127,86130438;-1452,83302663;88,22767652;3829,59312267;1863,43731694;61,57625642;-1127,86130438;1452,83302663;-88,22767652;1342,49245213;2151,74892665;61,57625642;1127,86130438;1452,83302663;88,22767652;3829,59312267;1863,43731694;61,57625642;1127,86130438;1452,83302663;88,22767652;1342,49245213;2151,74892665
308;COMBO;wall;60x292;-701,47728677;-785,59573096;988,39292807;1221,70012618;870,61962084;65,85321865;701,47728677;785,59573096;-988,39292807;1575,02067603;-3367,87876173;-65,85321865;988,39292807;785,59573096;-701,47728677;65,85321865;-870,61962084;1221,70012618;-988,39292807;-785,59573096;701,47728677;-65,85321865;3367,87876173;1575,02067603;988,39292807;785,59573096;701,47728677;65,85321865;870,61962084;1221,70012618;988,39292807;785,59573096;701,47728677;65,85321865;3367,87876173;1575,02067603
309;COMBO;wall;60x292;819,87758489;-495,21328255;1030,75883507;663,25602494;3272,38973872;-172,12456784;-819,87758489;495,21328255;-1030,75883507;1099,70326095;-353,62553653;172,12456784;1030,75883507;495,21328255;819,87758489;-172,12456784;-3272,38973872;663,25602494;-1030,75883507;-495,21328255;-819,87758489;172,12456784;353,62553653;1099,70326095;1030,75883507;495,21328255;819,87758489;172,12456784;3272,38973872;663,25602494;1030,75883507;495,21328255;819,87758489;172,12456784;353,62553653;1099,70326095
310;COMBO;wall;30x356;-1155,27182073;-265,45583235;-570,55101686;655,66640455;-3131,34206834;100,79006024;1155,27182073;265,45583235;570,55101686;289,3563586;17,03866604;-565,33776685;-1021,68254713;265,45583235;-785,07720352;379,70157657;3131,34206834;543,95200436;1021,68254713;-265,45583235;785,07720352;-379,70157657;-17,03866604;509,07819207;1021,68254713;265,45583235;785,07720352;379,70157657;3131,34206834;543,95200436;1021,68254713;265,45583235;785,07720352;379,70157657;17,03866604;509,07819207
311;COMBO;wall;30x356;-4408,78641416;-365,69378322;-2719,78358291;1658,80564727;-8430,15564785;1680,33131813;4408,78641416;365,69378322;2719,78358291;-356,93577901;-2505,50271647;-2320,29543876;-4385,77073096;365,69378322;-2756,74363679;2239,7702482;8430,15564785;747,38126106;4385,77073096;-365,69378322;2756,74363679;-2239,7702482;2505,50271647;703,28039128;4385,77073096;365,69378322;2756,74363679;2239,7702482;8430,15564785;747,38126106;4385,77073096;365,69378322;2756,74363679;2239,7702482;2505,50271647;703,28039128
312;COMBO;wall;30x356;-7787,14048949;-314,87240113;-5151,67377283;1542,28641777;-14152,1949142;1672,60687499;7787,14048949;314,87240113;5151,67377283;-421,34066975;-4554,59612595;-2223,63357697;-8058,59819391;314,87240113;-4715,74965555;2181,43524922;14152,1949142;646,22086486;8058,59819391;-314,87240113;4715,74965555;-2181,43524922;4554,59612595;602,83869989;8058,59819391;314,87240113;4715,74965555;2181,43524922;14152,1949142;646,22086486;8058,59819391;314,87240113;4715,74965555;2181,43524922;4554,59612595;602,83869989
313;COMBO;wall;30x356;-7000,0044093;-226,1089519;-5012,89004606;1122,7566648;-12281,11720052;1221,55249975;7000,0044093;226,1089519;5012,89004606;-317,80879604;-3866,34091599;-1617,24316557;-7586,80161726;226,1089519;-4070,57361615;1591,56779933;12281,11720052;468,70564124;7586,80161726;-226,1089519;4070,57361615;-1591,56779933;3866,34091599;428,24038525;7586,80161726;226,1089519;4070,57361615;1591,56779933;12281,11720052;468,70564124;7586,80161726;226,1089519;4070,57361615;1591,56779933;3866,34091599;428,24038525
314;COMBO;wall;30x356;-4624,00221939;-126,43442011;-3829,78463997;591,37735015;-7485,13106904;590,4895635;4624,00221939;126,43442011;3829,78463997;-141,27081457;-2274,19371205;-811,74979868;-5476,86410956;126,43442011;-2460,20455224;790,81214716;7485,13106904;270,22443038;5476,86410956;-126,43442011;2460,20455224;-790,81214716;2274,19371205;231,32515345;5476,86410956;126,43442011;2460,20455224;790,81214716;7485,13106904;270,22443038;5476,86410956;126,43442011;2460,20455224;790,81214716;2274,19371205;231,32515345
315;COMBO;wall;25x795;-6092,65464961;-46,77580496;3206,54894343;248,74396471;-44762,17269319;0,0;6092,65464961;46,77580496;-3206,54894343;-82,22209906;23072,32214059;0,0;3206,54894343;46,77580496;-6092,65464961;0,0;44762,17269319;248,74396471;-3206,54894343;-46,77580496;6092,65464961;0,0;-23072,32214059;-82,22209906;3206,54894343;46,77580496;6092,65464961;0,0;44762,17269319;248,74396471;3206,54894343;46,77580496;6092,65464961;0,0;23072,32214059;82,22209906
316;COMBO;wall;25x795;-5188,53108279;-22,18801918;2533,90146657;82,22209906;-23072,32214059;0,0;5188,53108279;22,18801918;-2533,90146657;-3,23275078;4601,15148586;0,0;2533,90146657;22,18801918;-5188,53108279;0,0;23072,32214059;82,22209906;-2533,90146657;-22,18801918;5188,53108279;0,0;-4601,15148586;-3,23275078;2533,90146657;22,18801918;5188,53108279;0,0;23072,32214059;82,22209906;2533,90146657;22,18801918;5188,53108279;0,0;4601,15148586;3,23275078
317;COMBO;wall;25x795;-2118,47919254;-13,89038821;1864,29229636;3,23275078;-4601,15148586;0,0;2118,47919254;13,89038821;-1864,29229636;46,21703125;-2940,63443957;0,0;1864,29229636;13,89038821;-2118,47919254;0,0;4601,15148586;3,23275078;-1864,29229636;-13,89038821;2118,47919254;0,0;2940,63443957;46,21703125;1864,29229636;13,89038821;2118,47919254;0,0;4601,15148586;3,23275078;1864,29229636;13,89038821;2118,47919254;0,0;2940,63443957;46,21703125
318;COMBO;wall;25x795;121,46898473;1,28441053;1187,42766753;-46,21703125;2940,63443957;0,0;-121,46898473;-1,28441053;-1187,42766753;41,64452976;-2508,20485395;0,0;1187,42766753;-1,28441053;121,46898473;0,0;-2940,63443957;-46,21703125;-1187,42766753;1,28441053;-121,46898473;0,0;2508,20485395;41,64452976;1187,42766753;1,28441053;121,46898473;0,0;2940,63443957;46,21703125;1187,42766753;1,28441053;121,46898473;0,0;2508,20485395;41,64452976
319;COMBO;wall;25x795;704,55192527;11,69790162;559,7462814;-41,64452976;2508,20485395;0,0;-704,55192527;-11,69790162;-559,7462814;-0,0;0,0;0,0;559,7462814;-11,69790162;704,55192527;0,0;-2508,20485395;-41,64452976;-559,7462814;11,69790162;-704,55192527;0,0;-0,0;-0,0;559,7462814;11,69790162;704,55192527;0,0;2508,20485395;41,64452976;559,7462814;11,69790162;704,55192527;0,0;0,0;0,0
320;COMBO;wall;25x585;-1993,46519679;-100,49190308;604,35988272;309,51276078;-14405,42126032;-1221,79686344;1993,46519679;100,49190308;-604,35988272;48,2384142;7308,68515975;1221,79686344;604,35988272;100,49190308;-1993,46519679;-1221,79686344;14405,42126032;309,51276078;-604,35988272;-100,49190308;1993,46519679;1221,79686344;-7308,68515975;48,2384142;604,35988272;100,49190308;1993,46519679;1221,79686344;14405,42126032;309,51276078;604,35988272;100,49190308;1993,46519679;1221,79686344;7308,68515975;48,2384142
321;COMBO;wall;25x585;150,92743213;33,45990209;457,26167952;-48,2384142;-7308,68515975;-2445,99381445;-150,92743213;-33,45990209;-457,26167952;-70,87883725;7845,98681812;2445,99381445;457,26167952;-33,45990209;150,92743213;-2445,99381445;7308,68515975;-48,2384142;-457,26167952;33,45990209;-150,92743213;2445,99381445;-7845,98681812;-70,87883725;457,26167952;33,45990209;150,92743213;2445,99381445;7308,68515975;48,2384142;457,26167952;33,45990209;150,92743213;2445,99381445;7845,98681812;70,87883725
322;COMBO;wall;25x585;-3505,8691908;-37,62216767;310,16347632;70,87883725;-7845,98681812;921,193397;3505,8691908;37,62216767;-310,16347632;63,05607967;-4634,90750113;-921,193397;310,16347632;37,62216767;-3505,8691908;921,193397;7845,98681812;70,87883725;-310,16347632;-37,62216767;3505,8691908;-921,193397;4634,90750113;63,05607967;310,16347632;37,62216767;3505,8691908;921,193397;7845,98681812;70,87883725;310,16347632;37,62216767;3505,8691908;921,193397;4634,90750113;63,05607967
323;COMBO;wall;25x585;523,31816262;3,3131207;163,06527312;-63,05607967;4634,90750113;870,10602547;-523,31816262;-3,3131207;-163,06527312;51,26136997;-2771,89484222;-870,10602547;163,06527312;-3,3131207;523,31816262;870,10602547;-4634,90750113;-63,05607967;-163,06527312;3,3131207;-523,31816262;-870,10602547;2771,89484222;51,26136997;163,06527312;3,3131207;523,31816262;870,10602547;4634,90750113;63,05607967;163,06527312;3,3131207;523,31816262;870,10602547;2771,89484222;51,26136997
324;COMBO;wall;25x585;778,62214669;14,39926123;44,75808576;-51,26136997;2771,89484222;-2,75068293;-778,62214669;-14,39926123;-44,75808576;0,0;0,0;2,75068293;44,75808576;-14,39926123;778,62214669;-2,75068293;-2771,89484222;-51,26136997;-44,75808576;14,39926123;-778,62214669;2,75068293;-0,0;0,0;44,75808576;14,39926123;778,62214669;2,75068293;2771,89484222;51,26136997;44,75808576;14,39926123;778,62214669;2,75068293;0,0;0,0
325;COMBO;wall;30x2695;-220,29825343;-79,25016234;1249,60049343;246,86901807;-1674,3803232;-143,34711681;220,29825343;79,25016234;-1249,60049343;35,26155986;890,11854099;143,34711681;1249,60049343;79,25016234;-220,29825343;-143,34711681;1674,3803232;246,86901807;-1249,60049343;-79,25016234;220,29825343;143,34711681;-890,11854099;35,26155986;1249,60049343;79,25016234;220,29825343;143,34711681;1674,3803232;246,86901807;1249,60049343;79,25016234;220,29825343;143,34711681;890,11854099;35,26155986
326;COMBO;wall;30x2695;-23,3722651;23,24544224;1168,28158931;-35,26155986;-890,11854099;-286,9758235;23,3722651;-23,24544224;-1168,28158931;-47,49221453;806,91327725;286,9758235;1168,28158931;-23,24544224;-23,3722651;-286,9758235;890,11854099;-35,26155986;-1168,28158931;23,24544224;23,3722651;286,9758235;-806,91327725;-47,49221453;1168,28158931;23,24544224;23,3722651;286,9758235;890,11854099;35,26155986;1168,28158931;23,24544224;23,3722651;286,9758235;806,91327725;47,49221453
327;COMBO;wall;30x2695;-261,81713478;-21,45677951;1086,96268518;47,49221453;-806,91327725;108,07886437;261,81713478;21,45677951;-1086,96268518;28,89392051;-125,15572256;-108,07886437;1086,96268518;21,45677951;-261,81713478;108,07886437;806,91327725;47,49221453;-1086,96268518;-21,45677951;261,81713478;-108,07886437;125,15572256;28,89392051;1086,96268518;21,45677951;261,81713478;108,07886437;806,91327725;47,49221453;1086,96268518;21,45677951;261,81713478;108,07886437;125,15572256;28,89392051
328;COMBO;wall;30x2695;-494,64273604;-24,72493321;1005,64378105;-28,89392051;125,15572256;102,08504687;494,64273604;24,72493321;-1005,64378105;116,91468275;-1886,08386287;-102,08504687;1005,64378105;24,72493321;-494,64273604;102,08504687;-125,15572256;-28,89392051;-1005,64378105;-24,72493321;494,64273604;-102,08504687;1886,08386287;116,91468275;1005,64378105;24,72493321;494,64273604;102,08504687;125,15572256;28,89392051;1005,64378105;24,72493321;494,64273604;102,08504687;1886,08386287;116,91468275
329;COMBO;wall;30x2695;529,79883789;32,84120302;482,49216449;-116,91468275;1886,08386287;-29,65236195;-529,79883789;-32,84120302;-482,49216449;0,0;0,0;29,65236195;482,49216449;-32,84120302;529,79883789;-29,65236195;-1886,08386287;-116,91468275;-482,49216449;32,84120302;-529,79883789;29,65236195;-0,0;0,0;482,49216449;32,84120302;529,79883789;29,65236195;1886,08386287;116,91468275;482,49216449;32,84120302;529,79883789;29,65236195;0,0;0,0
330;COMBO;wall;25x282;-208,73429425;-48,24084943;337,69724256;150,49888186;-1712,05369552;-136,86069233;208,73429425;48,24084943;-337,69724256;21,23854212;968,95960801;136,86069233;337,69724256;48,24084943;-208,73429425;-136,86069233;1712,05369552;150,49888186;-337,69724256;-48,24084943;208,73429425;136,86069233;-968,95960801;21,23854212;337,69724256;48,24084943;208,73429425;136,86069233;1712,05369552;150,49888186;337,69724256;48,24084943;208,73429425;136,86069233;968,95960801;21,23854212
331;COMBO;wall;25x282;-124,10022086;14,23262649;266,78836512;-21,23854212;-968,95960801;-273,99023266;124,10022086;-14,23262649;-266,78836512;-29,42960817;527,16282176;273,99023266;266,78836512;-14,23262649;-124,10022086;-273,99023266;968,95960801;-21,23854212;-266,78836512;14,23262649;124,10022086;273,99023266;-527,16282176;-29,42960817;266,78836512;14,23262649;124,10022086;273,99023266;968,95960801;21,23854212;266,78836512;14,23262649;124,10022086;273,99023266;527,16282176;29,42960817
332;COMBO;wall;25x282;-209,65281994;-15,61702543;195,87948768;29,42960817;-527,16282176;103,1883203;209,65281994;15,61702543;-195,87948768;26,16700237;-219,20121722;-103,1883203;195,87948768;15,61702543;-209,65281994;103,1883203;527,16282176;29,42960817;-195,87948768;-15,61702543;209,65281994;-103,1883203;219,20121722;26,16700237;195,87948768;15,61702543;209,65281994;103,1883203;527,16282176;29,42960817;195,87948768;15,61702543;209,65281994;103,1883203;219,20121722;26,16700237
333;COMBO;wall;25x282;-259,83080669;-2,95793379;124,97061024;-26,16700237;219,20121722;97,46572168;259,83080669;2,95793379;-124,97061024;36,69724666;-1144,19888903;-97,46572168;124,97061024;2,95793379;-259,83080669;97,46572168;-219,20121722;-26,16700237;-124,97061024;-2,95793379;259,83080669;-97,46572168;1144,19888903;36,69724666;124,97061024;2,95793379;259,83080669;97,46572168;219,20121722;26,16700237;124,97061024;2,95793379;259,83080669;97,46572168;1144,19888903;36,69724666
334;COMBO;wall;25x282;321,40418231;10,30821535;44,75808576;-36,69724666;1144,19888903;-2,75068293;-321,40418231;-10,30821535;-44,75808576;0,0;0,0;2,75068293;44,75808576;-10,30821535;321,40418231;-2,75068293;-1144,19888903;-36,69724666;-44,75808576;10,30821535;-321,40418231;2,75068293;-0,0;0,0;44,75808576;10,30821535;321,40418231;2,75068293;1144,19888903;36,69724666;44,75808576;10,30821535;321,40418231;2,75068293;0,0;0,0
335;COMBO;beam_x;60x80;-787,59475903;-12,29389289;136,48826182;-0,0;-0,0;0,0;787,59475903;12,29389289;-65,93173595;0,0;-526,29199421;-63,92824302;-787,59475903;-12,29389289;136,48826182;-0,0;-0,0;0,0;787,59475903;12,29389289;-65,93173595;0,0;-526,29199421;-63,92824302;787,59475903;12,29389289;136,48826182;0,0;0,0;0,0;787,59475903;12,29389289;65,93173595;0,0;526,29199421;63,92824302
336;COMBO;beam_x;60x80;-2542,28399017;-4,14881548;134,46219022;-0,0;-0,0;-0,0;2542,28399017;4,14881548;-63,90566436;0,0;-515,75642192;-21,57384052;-2542,28399017;-4,14881548;134,46219022;-0,0;-0,0;-0,0;2542,28399017;4,14881548;-63,90566436;0,0;-515,75642192;-21,57384052;2542,28399017;4,14881548;134,46219022;0,0;0,0;0,0;2542,28399017;4,14881548;63,90566436;0,0;515,75642192;21,57384052
337;COMBO;beam_x;60x80;-1874,25164987;-7,58739937;138,74343649;-0,0;0,0;-0,0;1874,25164987;7,58739937;-68,18691063;0,0;-538,01890251;-39,45447673;-1874,25164987;-7,58739937;138,74343649;-0,0;0,0;-0,0;1874,25164987;7,58739937;-68,18691063;0,0;-538,01890251;-39,45447673;1874,25164987;7,58739937;138,74343649;0,0;0,0;0,0;1874,25164987;7,58739937;68,18691063;0,0;538,01890251;39,45447673
338;COMBO;beam_x;60x80;-806,86829218;-5,20674554;143,03365635;-0,0;0,0;-0,0;806,86829218;5,20674554;-72,47713048;0,0;-560,32804575;-27,07507683;-806,86829218;-5,20674554;143,03365635;-0,0;0,0;-0,0;806,86829218;5,20674554;-72,47713048;0,0;-560,32804575;-27,07507683;806,86829218;5,20674554;143,03365635;0,0;0,0;0,0;806,86829218;5,20674554;72,47713048;0,0;560,32804575;27,07507683
339;COMBO;beam_x;60x80;-166,40278463;5,84895081;151,34316055;-0,0;-0,0;-0,0;166,40278463;-5,84895081;-80,78663468;0,0;-603,53746759;30,41454421;-166,40278463;5,84895081;151,34316055;-0,0;-0,0;-0,0;166,40278463;-5,84895081;-80,78663468;0,0;-603,53746759;30,41454421;166,40278463;5,84895081;151,34316055;0,0;0,0;0,0;166,40278463;5,84895081;80,78663468;0,0;603,53746759;30,41454421
340;COMBO;beam_x;60x80;-116,52880779;-12,29389289;265,73753984;-0,0;0,0;0,0;116,52880779;12,29389289;-102,77555624;0,0;-958,13404979;-63,92824302;-116,52880779;-12,29389289;265,73753984;-0,0;0,0;0,0;116,52880779;12,29389289;-102,77555624;0,0;-958,13404979;-63,92824302;116,52880779;12,29389289;265,73753984;0,0;0,0;0,0;116,52880779;12,29389289;102,77555624;0,0;958,13404979;63,92824302
341;COMBO;beam_x;60x80;-527,76790008;-4,14881548;264,72530479;-0,0;-0,0;-0,0;527,76790008;4,14881548;-101,76332119;0,0;-952,87042755;-21,57384052;-527,76790008;-4,14881548;264,72530479;-0,0;-0,0;-0,0;527,76790008;4,14881548;-101,76332119;0,0;-952,87042755;-21,57384052;527,76790008;4,14881548;264,72530479;0,0;0,0;0,0;527,76790008;4,14881548;101,76332119;0,0;952,87042755;21,57384052
342;COMBO;beam_x;60x80;-365,69652739;-7,58739937;267,69951713;-0,0;0,0;-0,0;365,69652739;7,58739937;-104,73753353;0,0;-968,33633171;-39,45447673;-365,69652739;-7,58739937;267,69951713;-0,0;0,0;-0,0;365,69652739;7,58739937;-104,73753353;0,0;-968,33633171;-39,45447673;365,69652739;7,58739937;267,69951713;0,0;0,0;0,0;365,69652739;7,58739937;104,73753353;0,0;968,33633171;39,45447673
343;COMBO;beam_x;60x80;223,78535164;-5,20674554;269,41931202;-0,0;-0,0;-0,0;-223,78535164;5,20674554;-106,45732842;0,0;-977,27926516;-27,07507683;223,78535164;-5,20674554;269,41931202;-0,0;-0,0;-0,0;-223,78535164;5,20674554;-106,45732842;0,0;-977,27926516;-27,07507683;223,78535164;5,20674554;269,41931202;0,0;0,0;0,0;223,78535164;5,20674554;106,45732842;0,0;977,27926516;27,07507683
344;COMBO;beam_x;60x80;870,9547099;5,84895081;293,1260463;-0,0;-0,0;-0,0;-870,9547099;-5,84895081;-152,01299456;0,0;-1157,36150623;30,41454421;870,9547099;5,84895081;293,1260463;-0,0;-0,0;-0,0;-870,9547099;-5,84895081;-152,01299456;0,0;-1157,36150623;30,41454421;870,9547099;5,84895081;293,1260463;0,0;0,0;0,0;870,9547099;5,84895081;152,01299456;0,0;1157,36150623;30,41454421
345;COMBO;beam_x;60x80;0,0;0,0;263,68071382;-304,88459131;-478,49644556;0,0;0,0;-0,0;-164,96320976;304,88459131;-593,11336339;0,0;0,0;0,0;263,68071382;-304,88459131;-478,49644556;0,0;0,0;-0,0;-164,96320976;304,88459131;-593,11336339;0,0;0,0;0,0;263,68071382;304,88459131;478,49644556;0,0;0,0;0,0;164,96320976;304,88459131;593,11336339;0,0
346;COMBO;beam_x;60x80;0,0;-0,0;256,07257688;-326,05907057;-440,16234378;-0,0;0,0;0,0;-157,35507282;326,05907057;-593,40678047;-0,0;0,0;-0,0;256,07257688;-326,05907057;-440,16234378;-0,0;0,0;0,0;-157,35507282;326,05907057;-593,40678047;-0,0;0,0;0,0;256,07257688;326,05907057;440,16234378;0,0;0,0;0,0;157,35507282;326,05907057;593,40678047;0,0
347;COMBO;beam_x;60x80;0,0;-0,0;250,34841327;-338,4148392;-408,52459833;-0,0;0,0;0,0;-151,6309092;338,4148392;-596,42370783;-0,0;0,0;-0,0;250,34841327;-338,4148392;-408,52459833;-0,0;0,0;0,0;-151,6309092;338,4148392;-596,42370783;-0,0;0,0;0,0;250,34841327;338,4148392;408,52459833;0,0;0,0;0,0;151,6309092;338,4148392;596,42370783;0,0
348;COMBO;beam_x;60x80;0,0;0,0;259,95337011;-264,91017644;-488,88199396;0,0;0,0;-0,0;-161,23586604;264,91017644;-564,09109641;0,0;0,0;0,0;259,95337011;-264,91017644;-488,88199396;0,0;0,0;-0,0;-161,23586604;264,91017644;-564,09109641;0,0;0,0;0,0;259,95337011;264,91017644;488,88199396;0,0;0,0;0,0;161,23586604;264,91017644;564,09109641;0,0
349;COMBO;beam_x;60x80;0,0;0,0;266,17237216;-252,32697996;-476,47392782;0,0;0,0;-0,0;-197,07908176;252,32697996;-681,654707;0,0;0,0;0,0;266,17237216;-252,32697996;-476,47392782;0,0;0,0;-0,0;-197,07908176;252,32697996;-681,654707;0,0;0,0;0,0;266,17237216;252,32697996;476,47392782;0,0;0,0;0,0;197,07908176;252,32697996;681,654707;0,0
350;COMBO;beam_y;60x80;0,0;0,0;327,75854757;-967,89343854;4,69852504;0,0;-0,0;0,0;12,65489243;-434,31782683;-4,69852504;0,0;0,0;0,0;327,75854757;-4,69852504;-967,89343854;0,0;0,0;-0,0;12,65489243;4,69852504;-434,31782683;0,0;0,0;0,0;327,75854757;4,69852504;967,89343854;0,0;0,0;0,0;12,65489243;4,69852504;434,31782683;0,0
351;COMBO;beam_y;60x80;-0,0;0,0;357,06437409;-934,90221278;-15,99327554;-0,0;0,0;0,0;-104,41377409;-737,95607439;15,99327554;-0,0;0,0;-0,0;357,06437409;15,99327554;-934,90221278;-0,0;0,0;0,0;-104,41377409;-15,99327554;-737,95607439;-0,0;0,0;0,0;357,06437409;15,99327554;934,90221278;0,0;0,0;0,0;104,41377409;15,99327554;737,95607439;0,0
352;COMBO;beam_y;60x80;-0,0;0,0;352,57495823;-1077,94133654;7,92567305;-0,0;0,0;0,0;-12,16151823;-545,1359837;-7,92567305;-0,0;0,0;-0,0;352,57495823;-7,92567305;-1077,94133654;-0,0;0,0;0,0;-12,16151823;7,92567305;-545,1359837;-0,0;0,0;0,0;352,57495823;7,92567305;1077,94133654;0,0;0,0;0,0;12,16151823;7,92567305;545,1359837;0,0
353;COMBO;beam_y;60x80;0,0;0,0;364,04890732;-962,85192964;-8,07158594;0,0;-0,0;-0,0;-111,39830732;-760,64422345;8,07158594;0,0;0,0;0,0;364,04890732;8,07158594;-962,85192964;0,0;0,0;-0,0;-111,39830732;-8,07158594;-760,64422345;0,0;0,0;0,0;364,04890732;8,07158594;962,85192964;0,0;0,0;0,0;111,39830732;8,07158594;760,64422345;0,0
354;COMBO;beam_y;60x80;0,0;0,0;341,56043536;-1024,36167808;16,50713886;0,0;-0,0;-0,0;-1,14699536;-500,68638867;-16,50713886;0,0;0,0;0,0;341,56043536;-16,50713886;-1024,36167808;0,0;0,0;-0,0;-1,14699536;16,50713886;-500,68638867;0,0;0,0;0,0;341,56043536;16,50713886;1024,36167808;0,0;0,0;0,0;1,14699536;16,50713886;500,68638867;0,0
355;COMBO;beam_y;60x80;-0,0;0,0;332,15604057;-846,19945125;0,74398477;-0,0;0,0;0,0;-79,50544057;-646,07341791;-0,74398477;-0,0;0,0;-0,0;332,15604057;-0,74398477;-846,19945125;-0,0;0,0;0,0;-79,50544057;0,74398477;-646,07341791;-0,0;0,0;0,0;332,15604057;0,74398477;846,19945125;0,0;0,0;0,0;79,50544057;0,74398477;646,07341791;0,0
356;COMBO;beam_y;60x80;-0,0;0,0;288,04592302;-774,90690974;13,79206264;-0,0;0,0;0,0;52,36751698;-273,86199718;-13,79206264;-0,0;0,0;-0,0;288,04592302;-13,79206264;-774,90690974;-0,0;0,0;0,0;52,36751698;13,79206264;-273,86199718;-0,0;0,0;0,0;288,04592302;13,79206264;774,90690974;0,0;0,0;0,0;52,36751698;13,79206264;273,86199718;0,0
357;COMBO;beam_y;60x80;-0,0;0,0;235,06209424;-511,68697427;-1,29638028;-0,0;0,0;0,0;17,58850576;-276,65478398;1,29638028;-0,0;0,0;-0,0;235,06209424;1,29638028;-511,68697427;-0,0;0,0;0,0;17,58850576;-1,29638028;-276,65478398;-0,0;0,0;0,0;235,06209424;1,29638028;511,68697427;0,0;0,0;0,0;17,58850576;1,29638028;276,65478398;0,0
358;COMBO;beam_y;60x80;0,0;0,0;218,59757007;-421,43320049;22,68050134;0,0;-0,0;0,0;121,81586993;-9,24536513;-22,68050134;0,0;0,0;0,0;218,59757007;-22,68050134;-421,43320049;0,0;0,0;-0,0;121,81586993;22,68050134;-9,24536513;0,0;0,0;0,0;218,59757007;22,68050134;421,43320049;0,0;0,0;0,0;121,81586993;22,68050134;9,24536513;0,0
359;COMBO;beam_y;60x80;-0,0;0,0;175,52089056;-287,33971437;-17,31240338;-0,0;0,0;0,0;77,12970944;-69,32831717;17,31240338;-0,0;0,0;-0,0;175,52089056;17,31240338;-287,33971437;-0,0;0,0;0,0;77,12970944;-17,31240338;-69,32831717;-0,0;0,0;0,0;175,52089056;17,31240338;287,33971437;0,0;0,0;0,0;77,12970944;17,31240338;69,32831717;0,0
360;COMBO;beam_x;60x80;0,0;-0,0;133,27924724;-75,43715412;-221,27327146;-0,0;0,0;0,0;-66,79224724;75,43715412;-278,90546475;-0,0;0,0;-0,0;133,27924724;-75,43715412;-221,27327146;-0,0;0,0;0,0;-66,79224724;75,43715412;-278,90546475;-0,0;0,0;0,0;133,27924724;75,43715412;221,27327146;0,0;0,0;0,0;66,79224724;75,43715412;278,90546475;0,0
361;COMBO;beam_x;60x80;0,0;-0,0;362,82317312;-128,85987156;-768,12328237;-0,0;0,0;0,0;-229,84917312;128,85987156;-713,55758324;-0,0;0,0;-0,0;362,82317312;-128,85987156;-768,12328237;-0,0;0,0;0,0;-229,84917312;128,85987156;-713,55758324;-0,0;0,0;0,0;362,82317312;128,85987156;768,12328237;0,0;0,0;0,0;229,84917312;128,85987156;713,55758324;0,0
362;COMBO;beam_x;60x80;0,0;-0,0;252,54917334;-226,10893867;608,49836315;0,0;-0,0;0,0;-186,06217334;226,10893867;488,03000357;0,0;0,0;0,0;252,54917334;226,10893867;-608,49836315;0,0;0,0;-0,0;-186,06217334;-226,10893867;-488,03000357;0,0;0,0;0,0;252,54917334;226,10893867;608,49836315;0,0;0,0;0,0;186,06217334;226,10893867;488,03000357;0,0
363;COMBO;beam_y;60x80;0,0;0,0;322,08600178;-983,55489232;-1,43713038;0,0;-0,0;-0,0;-11,75792928;-502,05060093;1,43713038;0,0;0,0;0,0;322,08600178;1,43713038;-983,55489232;0,0;0,0;-0,0;-11,75792928;-1,43713038;-502,05060093;0,0;0,0;0,0;322,08600178;1,43713038;983,55489232;0,0;0,0;0,0;11,75792928;1,43713038;502,05060093;0,0
364;COMBO;beam_y;60x80;-0,0;0,0;364,94233122;-996,30000916;-12,07828207;-0,0;0,0;0,0;-131,40674372;-802,96538746;12,07828207;-0,0;0,0;-0,0;364,94233122;12,07828207;-996,30000916;-0,0;0,0;0,0;-131,40674372;-12,07828207;-802,96538746;-0,0;0,0;0,0;364,94233122;12,07828207;996,30000916;0,0;0,0;0,0;131,40674372;12,07828207;802,96538746;0,0
365;COMBO;beam_x;60x80;0,0;-0,0;126,13822086;-79,33730713;-179,69402511;-0,0;0,0;0,0;-59,65122086;79,33730713;-284,77957918;-0,0;0,0;-0,0;126,13822086;-79,33730713;-179,69402511;-0,0;0,0;0,0;-59,65122086;79,33730713;-284,77957918;-0,0;0,0;0,0;126,13822086;79,33730713;179,69402511;0,0;0,0;0,0;59,65122086;79,33730713;284,77957918;0,0
366;COMBO;beam_x;60x80;0,0;-0,0;342,84231944;-145,59853794;-678,28009412;-0,0;0,0;0,0;-209,86831944;145,59853794;-703,49650309;-0,0;0,0;-0,0;342,84231944;-145,59853794;-678,28009412;-0,0;0,0;0,0;-209,86831944;145,59853794;-703,49650309;-0,0;0,0;0,0;342,84231944;145,59853794;678,28009412;0,0;0,0;0,0;209,86831944;145,59853794;703,49650309;0,0
367;COMBO;beam_x;60x80;0,0;-0,0;271,77662846;-235,29024348;689,67791459;0,0;-0,0;0,0;-205,28962846;235,29024348;502,98772773;0,0;0,0;0,0;271,77662846;235,29024348;-689,67791459;0,0;0,0;-0,0;-205,28962846;-235,29024348;-502,98772773;0,0;0,0;0,0;271,77662846;235,29024348;689,67791459;0,0;0,0;0,0;205,28962846;235,29024348;502,98772773;0,0
368;COMBO;beam_y;60x80;-0,0;0,0;336,02673023;-1043,91151119;0,96059066;-0,0;0,0;0,0;-25,69865773;-565,76646524;-0,96059066;-0,0;0,0;-0,0;336,02673023;-0,96059066;-1043,91151119;-0,0;0,0;0,0;-25,69865773;0,96059066;-565,76646524;-0,0;0,0;0,0;336,02673023;0,96059066;1043,91151119;0,0;0,0;0,0;25,69865773;0,96059066;565,76646524;0,0
369;COMBO;beam_y;60x80;0,0;0,0;362,89943947;-991,75575122;-9,77877065;0,0;-0,0;-0,0;-129,36385197;-792,69868022;9,77877065;0,0;0,0;0,0;362,89943947;9,77877065;-991,75575122;0,0;0,0;-0,0;-129,36385197;-9,77877065;-792,69868022;0,0;0,0;0,0;362,89943947;9,77877065;991,75575122;0,0;0,0;0,0;129,36385197;9,77877065;792,69868022;0,0
370;COMBO;beam_x;60x80;0,0;-0,0;141,97848861;-66,47243742;-243,77336745;-0,0;0,0;0,0;-75,49148861;66,47243742;-299,9015756;-0,0;0,0;-0,0;141,97848861;-66,47243742;-243,77336745;-0,0;0,0;0,0;-75,49148861;66,47243742;-299,9015756;-0,0;0,0;0,0;141,97848861;66,47243742;243,77336745;0,0;0,0;0,0;75,49148861;66,47243742;299,9015756;0,0
371;COMBO;beam_x;60x80;0,0;-0,0;340,15834345;-128,65227839;-676,7410376;-0,0;0,0;0,0;-207,18434345;128,65227839;-691,61567963;-0,0;0,0;-0,0;340,15834345;-128,65227839;-676,7410376;-0,0;0,0;0,0;-207,18434345;128,65227839;-691,61567963;-0,0;0,0;0,0;340,15834345;128,65227839;676,7410376;0,0;0,0;0,0;207,18434345;128,65227839;691,61567963;0,0
372;COMBO;beam_x;60x80;0,0;-0,0;276,12021215;-211,95605418;716,37975212;0,0;-0,0;0,0;-209,63321215;211,95605418;498,00380861;0,0;0,0;0,0;276,12021215;211,95605418;-716,37975212;0,0;0,0;-0,0;-209,63321215;-211,95605418;-498,00380861;0,0;0,0;0,0;276,12021215;211,95605418;716,37975212;0,0;0,0;0,0;209,63321215;211,95605418;498,00380861;0,0
373;COMBO;beam_y;60x80;0,0;0,0;311,76061124;-929,08639118;9,38299867;0,0;-0,0;-0,0;-1,43253874;-464,62312624;-9,38299867;0,0;0,0;0,0;311,76061124;-9,38299867;-929,08639118;0,0;0,0;-0,0;-1,43253874;9,38299867;-464,62312624;0,0;0,0;0,0;311,76061124;9,38299867;929,08639118;0,0;0,0;0,0;1,43253874;9,38299867;464,62312624;0,0
374;COMBO;beam_y;60x80;-0,0;0,0;316,02108095;-823,52053992;-1,78266615;-0,0;0,0;0,0;-82,48549345;-621,06579227;1,78266615;-0,0;0,0;-0,0;316,02108095;1,78266615;-823,52053992;-0,0;0,0;0,0;-82,48549345;-1,78266615;-621,06579227;-0,0;0,0;0,0;316,02108095;1,78266615;823,52053992;0,0;0,0;0,0;82,48549345;1,78266615;621,06579227;0,0
375;COMBO;beam_x;60x80;0,0;0,0;155,59708898;-7,05428915;-277,10793459;0,0;0,0;-0,0;-89,11008898;7,05428915;-334,66001033;0,0;0,0;0,0;155,59708898;-7,05428915;-277,10793459;0,0;0,0;-0,0;-89,11008898;7,05428915;-334,66001033;0,0;0,0;0,0;155,59708898;7,05428915;277,10793459;0,0;0,0;0,0;89,11008898;7,05428915;334,66001033;0,0
376;COMBO;beam_x;60x80;0,0;0,0;337,39268566;-67,5823914;-672,1996006;0,0;0,0;-0,0;-204,41868566;67,5823914;-682,32882772;0,0;0,0;0,0;337,39268566;-67,5823914;-672,1996006;0,0;0,0;-0,0;-204,41868566;67,5823914;-682,32882772;0,0;0,0;0,0;337,39268566;67,5823914;672,1996006;0,0;0,0;0,0;204,41868566;67,5823914;682,32882772;0,0
377;COMBO;beam_x;60x80;0,0;-0,0;260,57815346;-174,30362398;652,01938711;0,0;-0,0;0,0;-194,09115346;174,30362398;484,65388019;0,0;0,0;0,0;260,57815346;174,30362398;-652,01938711;0,0;0,0;-0,0;-194,09115346;-174,30362398;-484,65388019;0,0;0,0;0,0;260,57815346;174,30362398;652,01938711;0,0;0,0;0,0;194,09115346;174,30362398;484,65388019;0,0
378;COMBO;beam_y;60x80;-0,0;0,0;262,00633731;-699,07133584;3,89889824;-0,0;0,0;0,0;48,32173519;-251,82514359;-3,89889824;-0,0;0,0;-0,0;262,00633731;-3,89889824;-699,07133584;-0,0;0,0;0,0;48,32173519;3,89889824;-251,82514359;-0,0;0,0;0,0;262,00633731;3,89889824;699,07133584;0,0;0,0;0,0;48,32173519;3,89889824;251,82514359;0,0
379;COMBO;beam_y;60x80;-0,0;0,0;229,22867011;-521,88687163;-4,07815811;-0,0;0,0;0,0;4,30691739;-293,454482;4,07815811;-0,0;0,0;-0,0;229,22867011;4,07815811;-521,88687163;-0,0;0,0;0,0;4,30691739;-4,07815811;-293,454482;-0,0;0,0;0,0;229,22867011;4,07815811;521,88687163;0,0;0,0;0,0;4,30691739;4,07815811;293,454482;0,0
380;COMBO;beam_x;60x80;0,0;0,0;174,18771017;19,43474516;-378,19208618;0,0;0,0;-0,0;-107,70071017;-19,43474516;-326,52896468;0,0;0,0;0,0;174,18771017;19,43474516;-378,19208618;0,0;0,0;-0,0;-107,70071017;-19,43474516;-326,52896468;0,0;0,0;0,0;174,18771017;19,43474516;378,19208618;0,0;0,0;0,0;107,70071017;19,43474516;326,52896468;0,0
381;COMBO;beam_x;60x80;0,0;0,0;366,90619676;-15,82966801;-830,95415229;0,0;0,0;-0,0;-233,93219676;15,82966801;-671,14183148;0,0;0,0;0,0;366,90619676;-15,82966801;-830,95415229;0,0;0,0;-0,0;-233,93219676;15,82966801;-671,14183148;0,0;0,0;0,0;366,90619676;15,82966801;830,95415229;0,0;0,0;0,0;233,93219676;15,82966801;671,14183148;0,0
382;COMBO;beam_x;60x80;0,0;0,0;236,69186651;-124,29262448;584,18802796;-0,0;0,0;-0,0;-170,20486651;124,29262448;433,05380459;-0,0;0,0;-0,0;236,69186651;124,29262448;-584,18802796;-0,0;0,0;0,0;-170,20486651;-124,29262448;-433,05380459;-0,0;0,0;0,0;236,69186651;124,29262448;584,18802796;0,0;0,0;0,0;170,20486651;124,29262448;433,05380459;0,0
383;COMBO;beam_y;60x80;0,0;0,0;200,23952324;-393,46799925;17,4022782;0,0;-0,0;0,0;110,08854926;-7,70383499;-17,4022782;0,0;0,0;0,0;200,23952324;-17,4022782;-393,46799925;0,0;0,0;-0,0;110,08854926;17,4022782;-7,70383499;0,0;0,0;0,0;200,23952324;17,4022782;393,46799925;0,0;0,0;0,0;110,08854926;17,4022782;7,70383499;0,0
384;COMBO;beam_y;60x80;-0,0;0,0;165,91582712;-288,5463712;-19,80964219;-0,0;0,0;0,0;67,61976038;-67,77687075;19,80964219;-0,0;0,0;-0,0;165,91582712;19,80964219;-288,5463712;-0,0;0,0;0,0;67,61976038;-19,80964219;-67,77687075;-0,0;0,0;0,0;165,91582712;19,80964219;288,5463712;0,0;0,0;0,0;67,61976038;19,80964219;67,77687075;0,0
385;COMBO;beam_x;60x80;0,0;-0,0;55,89751763;-196,40865491;30,71850571;-0,0;0,0;0,0;-18,49858013;196,40865491;-170,21118903;-0,0;0,0;-0,0;55,89751763;-196,40865491;30,71850571;-0,0;0,0;0,0;-18,49858013;196,40865491;-170,21118903;-0,0;0,0;0,0;55,89751763;196,40865491;30,71850571;0,0;0,0;0,0;18,49858013;196,40865491;170,21118903;0,0
386;COMBO;beam_x;60x80;0,0;-0,0;62,36178736;-198,98941203;28,31147224;-0,0;0,0;0,0;-24,96284986;198,98941203;-192,04516702;-0,0;0,0;-0,0;62,36178736;-198,98941203;28,31147224;-0,0;0,0;0,0;-24,96284986;198,98941203;-192,04516702;-0,0;0,0;0,0;62,36178736;198,98941203;28,31147224;0,0;0,0;0,0;24,96284986;198,98941203;192,04516702;0,0
387;COMBO;beam_x;60x80;0,0;-0,0;84,38007145;-149,41009834;-40,40950947;-0,0;0,0;0,0;-46,98113395;149,41009834;-205,89275067;-0,0;0,0;-0,0;84,38007145;-149,41009834;-40,40950947;-0,0;0,0;0,0;-46,98113395;149,41009834;-205,89275067;-0,0;0,0;0,0;84,38007145;149,41009834;40,40950947;0,0;0,0;0,0;46,98113395;149,41009834;205,89275067;0,0
388;COMBO;beam_x;60x80;0,0;0,0;109,56567374;-58,42011922;-107,26239115;0,0;0,0;-0,0;-72,16673624;58,42011922;-233,48587754;0,0;0,0;0,0;109,56567374;-58,42011922;-107,26239115;0,0;0,0;-0,0;-72,16673624;58,42011922;-233,48587754;0,0;0,0;0,0;109,56567374;58,42011922;107,26239115;0,0;0,0;0,0;72,16673624;58,42011922;233,48587754;0,0
389;COMBO;beam_x;60x80;0,0;0,0;188,01621077;-26,746822;-341,83674971;0,0;0,0;-0,0;-150,61727327;26,746822;-293,10103288;0,0;0,0;0,0;188,01621077;-26,746822;-341,83674971;0,0;0,0;-0,0;-150,61727327;26,746822;-293,10103288;0,0;0,0;0,0;188,01621077;26,746822;341,83674971;0,0;0,0;0,0;150,61727327;26,746822;293,10103288;0,0
390;COMBO;beam_y;80x80;-615,73127774;33,90681701;-1824,4966205;-317,3494762;-409,83927852;204,25848148;615,73127774;-33,90681701;1829,38463886;-1399,9747157;409,83927852;374,5289196;33,90681701;615,73127774;-1824,4966205;-409,83927852;317,3494762;204,25848148;-33,90681701;-615,73127774;1829,38463886;409,83927852;1399,9747157;374,5289196;33,90681701;615,73127774;1824,4966205;409,83927852;317,3494762;204,25848148;33,90681701;615,73127774;1829,38463886;409,83927852;1399,9747157;374,5289196
391;COMBO;beam_y;80x80;-29,40195719;32,08242625;-2079,91029421;-58,93350565;-690,04137909;9,49676029;29,40195719;-32,08242625;2084,79831256;-1898,47953953;690,04137909;18,14107948;32,08242625;29,40195719;-2079,91029421;-690,04137909;58,93350565;9,49676029;-32,08242625;-29,40195719;2084,79831256;690,04137909;1898,47953953;18,14107948;32,08242625;29,40195719;2079,91029421;690,04137909;58,93350565;9,49676029;32,08242625;29,40195719;2084,79831256;690,04137909;1898,47953953;18,14107948
392;COMBO;beam_y;80x80;-47,52053998;23,69387087;-901,9153209;562,2385914;-517,31316588;15,66234291;47,52053998;-23,69387087;906,80333925;-1412,33636167;517,31316588;29,00696467;23,69387087;47,52053998;-901,9153209;-517,31316588;-562,2385914;15,66234291;-23,69387087;-47,52053998;906,80333925;517,31316588;1412,33636167;29,00696467;23,69387087;47,52053998;901,9153209;517,31316588;562,2385914;15,66234291;23,69387087;47,52053998;906,80333925;517,31316588;1412,33636167;29,00696467
393;COMBO;beam_y;80x80;-7,12795498;12,46607697;494,09374326;1193,89382302;-450,62518369;2,13861014;7,12795498;-12,46607697;-489,20572491;-731,74307298;450,62518369;4,56166754;12,46607697;7,12795498;494,09374326;-450,62518369;-1193,89382302;2,13861014;-12,46607697;-7,12795498;-489,20572491;450,62518369;731,74307298;4,56166754;12,46607697;7,12795498;494,09374326;450,62518369;1193,89382302;2,13861014;12,46607697;7,12795498;489,20572491;450,62518369;731,74307298;4,56166754
394;COMBO;beam_y;80x80;24,25577593;0,94105182;1239,21624903;1500,29291938;-356,51139798;-8,39267734;-24,25577593;-0,94105182;-1234,32823067;-337,72701392;356,51139798;-14,40775204;0,94105182;-24,25577593;1239,21624903;-356,51139798;-1500,29291938;-8,39267734;-0,94105182;24,25577593;-1234,32823067;356,51139798;337,72701392;-14,40775204;0,94105182;24,25577593;1239,21624903;356,51139798;1500,29291938;8,39267734;0,94105182;24,25577593;1234,32823067;356,51139798;337,72701392;14,40775204
395;COMBO;beam_x;60x80;0,0;-0,0;224,08169296;-368,56564941;-366,56293132;-0,0;0,0;0,0;-186,68275546;368,56564941;-403,62040946;-0,0;0,0;-0,0;224,08169296;-368,56564941;-366,56293132;-0,0;0,0;0,0;-186,68275546;368,56564941;-403,62040946;-0,0;0,0;0,0;224,08169296;368,56564941;366,56293132;0,0;0,0;0,0;186,68275546;368,56564941;403,62040946;0,0
396;COMBO;beam_x;60x80;0,0;-0,0;188,78849377;-395,58039898;-217,91918873;-0,0;0,0;0,0;-151,38955627;395,58039898;-419,91465511;-0,0;0,0;-0,0;188,78849377;-395,58039898;-217,91918873;-0,0;0,0;0,0;-151,38955627;395,58039898;-419,91465511;-0,0;0,0;0,0;188,78849377;395,58039898;217,91918873;0,0;0,0;0,0;151,38955627;395,58039898;419,91465511;0,0
397;COMBO;beam_x;60x80;0,0;-0,0;173,73914;-356,9713617;-157,95404536;-0,0;0,0;0,0;-136,3402025;356,9713617;-423,44472181;-0,0;0,0;-0,0;173,73914;-356,9713617;-157,95404536;-0,0;0,0;0,0;-136,3402025;356,9713617;-423,44472181;-0,0;0,0;0,0;173,73914;356,9713617;157,95404536;0,0;0,0;0,0;136,3402025;356,9713617;423,44472181;0,0
398;COMBO;beam_x;60x80;0,0;0,0;177,56419493;-280,66330817;-198,20388376;0,0;0,0;-0,0;-140,16525743;280,66330817;-397,53883942;0,0;0,0;0,0;177,56419493;-280,66330817;-198,20388376;0,0;0,0;-0,0;-140,16525743;280,66330817;-397,53883942;0,0;0,0;0,0;177,56419493;280,66330817;198,20388376;0,0;0,0;0,0;140,16525743;280,66330817;397,53883942;0,0
399;COMBO;beam_x;60x80;0,0;0,0;256,00290493;-135,69603109;-458,20927708;0,0;0,0;-0,0;-218,60396743;135,69603109;-431,6786086;0,0;0,0;0,0;256,00290493;-135,69603109;-458,20927708;0,0;0,0;-0,0;-218,60396743;135,69603109;-431,6786086;0,0;0,0;0,0;256,00290493;135,69603109;458,20927708;0,0;0,0;0,0;218,60396743;135,69603109;431,6786086;0,0
400;COMBO;beam_x;60x80;0,0;-0,0;277,67680183;-130,94263149;-413,20142754;-0,0;0,0;0,0;-203,65712392;130,94263149;-489,29968326;-0,0;0,0;-0,0;277,67680183;-130,94263149;-413,20142754;-0,0;0,0;0,0;-203,65712392;130,94263149;-489,29968326;-0,0;0,0;0,0;277,67680183;130,94263149;413,20142754;0,0;0,0;0,0;203,65712392;130,94263149;489,29968326;0,0
401;COMBO;beam_x;60x80;0,0;-0,0;250,33118708;-150,48601801;-321,40280254;-0,0;0,0;0,0;-176,31150917;150,48601801;-478,55225294;-0,0;0,0;-0,0;250,33118708;-150,48601801;-321,40280254;-0,0;0,0;0,0;-176,31150917;150,48601801;-478,55225294;-0,0;0,0;0,0;250,33118708;150,48601801;321,40280254;0,0;0,0;0,0;176,31150917;150,48601801;478,55225294;0,0
402;COMBO;beam_x;60x80;0,0;-0,0;251,31048283;-126,51333895;-325,68992282;-0,0;0,0;0,0;-177,29080492;126,51333895;-477,93749172;-0,0;0,0;-0,0;251,31048283;-126,51333895;-325,68992282;-0,0;0,0;0,0;-177,29080492;126,51333895;-477,93749172;-0,0;0,0;0,0;251,31048283;126,51333895;325,68992282;0,0;0,0;0,0;177,29080492;126,51333895;477,93749172;0,0
403;COMBO;beam_x;60x80;0,0;0,0;253,93208534;-72,1228523;-345,98797834;0,0;0,0;-0,0;-179,91240743;72,1228523;-467,47044561;0,0;0,0;0,0;253,93208534;-72,1228523;-345,98797834;0,0;0,0;-0,0;-179,91240743;72,1228523;-467,47044561;0,0;0,0;0,0;253,93208534;72,1228523;345,98797834;0,0;0,0;0,0;179,91240743;72,1228523;467,47044561;0,0
404;COMBO;beam_x;60x80;0,0;0,0;300,42365676;-24,59907539;-488,62470092;0,0;0,0;-0,0;-226,40397885;24,59907539;-499,17711585;0,0;0,0;0,0;300,42365676;-24,59907539;-488,62470092;0,0;0,0;-0,0;-226,40397885;24,59907539;-499,17711585;0,0;0,0;0,0;300,42365676;24,59907539;488,62470092;0,0;0,0;0,0;226,40397885;24,59907539;499,17711585;0,0
405;COMBO;beam_y;60x80;0,0;0,0;168,15780503;-20,2281668;18,76792679;-0,0;-0,0;0,0;215,39240057;-150,99724202;-18,76792679;-0,0;0,0;-0,0;168,15780503;18,76792679;20,2281668;-0,0;0,0;0,0;215,39240057;-18,76792679;150,99724202;-0,0;0,0;0,0;168,15780503;18,76792679;20,2281668;0,0;0,0;0,0;215,39240057;18,76792679;150,99724202;0,0
406;COMBO;beam_y;60x80;-0,0;0,0;107,41317463;-38,38887942;-46,1762481;0,0;0,0;0,0;235,98207435;-533,74272432;46,1762481;0,0;0,0;0,0;107,41317463;-46,1762481;38,38887942;0,0;0,0;-0,0;235,98207435;46,1762481;533,74272432;0,0;0,0;0,0;107,41317463;46,1762481;38,38887942;0,0;0,0;0,0;235,98207435;46,1762481;533,74272432;0,0
407;COMBO;beam_y;60x80;0,0;0,0;65,71680609;-156,65892644;-4,37353186;-0,0;-0,0;0,0;186,93379391;-282,75265443;4,37353186;-0,0;0,0;-0,0;65,71680609;-4,37353186;156,65892644;-0,0;0,0;0,0;186,93379391;4,37353186;282,75265443;-0,0;0,0;0,0;65,71680609;4,37353186;156,65892644;0,0;0,0;0,0;186,93379391;4,37353186;282,75265443;0,0
408;COMBO;beam_y;60x80;-0,0;0,0;121,43416126;4,55600739;-2,29391375;0,0;0,0;0,0;218,97927874;-438,63178022;2,29391375;0,0;0,0;0,0;121,43416126;-2,29391375;-4,55600739;0,0;0,0;-0,0;218,97927874;2,29391375;438,63178022;0,0;0,0;0,0;121,43416126;2,29391375;4,55600739;0,0;0,0;0,0;218,97927874;2,29391375;438,63178022;0,0
409;COMBO;beam_y;60x80;0,0;0,0;10,82152841;-199,44734194;24,74916241;-0,0;-0,0;0,0;94,23161712;21,57532777;-24,74916241;-0,0;0,0;-0,0;10,82152841;24,74916241;199,44734194;-0,0;0,0;0,0;94,23161712;-24,74916241;-21,57532777;-0,0;0,0;0,0;10,82152841;24,74916241;199,44734194;0,0;0,0;0,0;94,23161712;24,74916241;21,57532777;0,0
410;COMBO;beam_y;60x80;0,0;0,0;151,36545418;93,21086074;-1,07034784;-0,0;-0,0;0,0;-24,89569436;315,27435102;1,07034784;-0,0;0,0;-0,0;151,36545418;-1,07034784;-93,21086074;-0,0;0,0;0,0;-24,89569436;1,07034784;-315,27435102;-0,0;0,0;0,0;151,36545418;1,07034784;93,21086074;0,0;0,0;0,0;24,89569436;1,07034784;315,27435102;0,0
411;COMBO;beam_y;60x80;0,0;0,0;53,60013872;-148,22221236;-76,04259337;-0,0;-0,0;0,0;45,63147296;165,2153921;76,04259337;-0,0;0,0;-0,0;53,60013872;-76,04259337;148,22221236;-0,0;0,0;0,0;45,63147296;76,04259337;-165,2153921;-0,0;0,0;0,0;53,60013872;76,04259337;148,22221236;0,0;0,0;0,0;45,63147296;76,04259337;165,2153921;0,0
412;COMBO;beam_y;60x80;0,0;0,0;43,42182672;-334,72609202;133,31930888;-0,0;-0,0;0,0;77,66574022;255,36582249;-133,31930888;-0,0;0,0;-0,0;43,42182672;133,31930888;334,72609202;-0,0;0,0;0,0;77,66574022;-133,31930888;-255,36582249;-0,0;0,0;0,0;43,42182672;133,31930888;334,72609202;0,0;0,0;0,0;77,66574022;133,31930888;255,36582249;0,0
413;COMBO;beam_y;60x80;-0,0;0,0;167,50683857;-28,80319341;11,60882857;0,0;0,0;0,0;216,04336703;-147,14172225;-11,60882857;0,0;0,0;0,0;167,50683857;11,60882857;28,80319341;0,0;0,0;-0,0;216,04336703;-11,60882857;147,14172225;0,0;0,0;0,0;167,50683857;11,60882857;28,80319341;0,0;0,0;0,0;216,04336703;11,60882857;147,14172225;0,0
414;COMBO;beam_y;60x80;0,0;0,0;100,65310602;-64,15927988;-37,97933557;-0,0;-0,0;0,0;242,74214295;-568,13693444;37,97933557;-0,0;0,0;-0,0;100,65310602;-37,97933557;64,15927988;-0,0;0,0;0,0;242,74214295;37,97933557;568,13693444;-0,0;0,0;0,0;100,65310602;37,97933557;64,15927988;0,0;0,0;0,0;242,74214295;37,97933557;568,13693444;0,0
415;COMBO;beam_y;60x80;-0,0;0,0;68,17930189;-153,6151983;-0,7014638;0,0;0,0;0,0;184,47129811;-267,94328803;0,7014638;0,0;0,0;0,0;68,17930189;-0,7014638;153,6151983;0,0;0,0;-0,0;184,47129811;0,7014638;267,94328803;0,0;0,0;0,0;68,17930189;0,7014638;153,6151983;0,0;0,0;0,0;184,47129811;0,7014638;267,94328803;0,0
416;COMBO;beam_y;60x80;0,0;0,0;113,67622027;-33,23416226;-2,95144913;-0,0;-0,0;0,0;226,73721973;-469,88728532;2,95144913;-0,0;0,0;-0,0;113,67622027;-2,95144913;33,23416226;-0,0;0,0;0,0;226,73721973;2,95144913;469,88728532;-0,0;0,0;0,0;113,67622027;2,95144913;33,23416226;0,0;0,0;0,0;226,73721973;2,95144913;469,88728532;0,0
417;COMBO;beam_y;60x80;0,0;0,0;12,29484393;-199,57449506;37,63295048;-0,0;-0,0;0,0;92,7583016;27,98617158;-37,63295048;-0,0;0,0;-0,0;12,29484393;37,63295048;199,57449506;-0,0;0,0;0,0;92,7583016;-37,63295048;-27,98617158;-0,0;0,0;0,0;12,29484393;37,63295048;199,57449506;0,0;0,0;0,0;92,7583016;37,63295048;27,98617158;0,0
418;COMBO;beam_y;60x80;-0,0;0,0;146,23229521;63,51782854;12,3130671;0,0;0,0;0,0;-19,7625354;321,17519141;-12,3130671;0,0;0,0;0,0;146,23229521;12,3130671;-63,51782854;0,0;0,0;-0,0;-19,7625354;-12,3130671;-321,17519141;0,0;0,0;0,0;146,23229521;12,3130671;63,51782854;0,0;0,0;0,0;19,7625354;12,3130671;321,17519141;0,0
419;COMBO;beam_y;60x80;0,0;0,0;52,01193116;-152,93356761;-86,85563317;-0,0;-0,0;0,0;47,21968051;163,15304212;86,85563317;-0,0;0,0;-0,0;52,01193116;-86,85563317;152,93356761;-0,0;0,0;0,0;47,21968051;86,85563317;-163,15304212;-0,0;0,0;0,0;52,01193116;86,85563317;152,93356761;0,0;0,0;0,0;47,21968051;86,85563317;163,15304212;0,0
420;COMBO;beam_y;60x80;-0,0;0,0;23,19684844;-416,13419776;166,33091341;0,0;0,0;0,0;97,8907185;243,03115389;-166,33091341;0,0;0,0;0,0;23,19684844;166,33091341;416,13419776;0,0;0,0;-0,0;97,8907185;-166,33091341;-243,03115389;0,0;0,0;0,0;23,19684844;166,33091341;416,13419776;0,0;0,0;0,0;97,8907185;166,33091341;243,03115389;0,0
421;COMBO;beam_y;60x80;0,0;0,0;172,08331249;-13,2089196;6,37699015;-0,0;-0,0;0,0;211,46689311;-129,55656012;-6,37699015;-0,0;0,0;-0,0;172,08331249;6,37699015;13,2089196;-0,0;0,0;0,0;211,46689311;-6,37699015;129,55656012;-0,0;0,0;0,0;172,08331249;6,37699015;13,2089196;0,0;0,0;0,0;211,46689311;6,37699015;129,55656012;0,0
422;COMBO;beam_y;60x80;-0,0;0,0;101,01934189;-66,08171667;-31,54384387;0,0;0,0;0,0;242,37590709;-562,95499846;31,54384387;0,0;0,0;0,0;101,01934189;-31,54384387;66,08171667;0,0;0,0;-0,0;242,37590709;31,54384387;562,95499846;0,0;0,0;0,0;101,01934189;31,54384387;66,08171667;0,0;0,0;0,0;242,37590709;31,54384387;562,95499846;0,0
423;COMBO;beam_y;60x80;0,0;0,0;79,7116298;-110,1448541;4,33131105;-0,0;-0,0;0,0;172,9389702;-227,80425487;-4,33131105;-0,0;0,0;-0,0;79,7116298;4,33131105;110,1448541;-0,0;0,0;0,0;172,9389702;-4,33131105;227,80425487;-0,0;0,0;0,0;79,7116298;4,33131105;110,1448541;0,0;0,0;0,0;172,9389702;4,33131105;227,80425487;0,0
424;COMBO;beam_y;60x80;-0,0;0,0;117,74462418;-25,87150106;-0,54343442;0,0;0,0;0,0;222,66881582;-441,04115176;0,54343442;0,0;0,0;0,0;117,74462418;-0,54343442;25,87150106;0,0;0,0;-0,0;222,66881582;0,54343442;441,04115176;0,0;0,0;0,0;117,74462418;0,54343442;25,87150106;0,0;0,0;0,0;222,66881582;0,54343442;441,04115176;0,0
425;COMBO;beam_y;60x80;-0,0;0,0;31,3828218;-148,41282412;38,46430533;0,0;0,0;0,0;73,67032373;58,23472627;-38,46430533;0,0;0,0;0,0;31,3828218;38,46430533;148,41282412;0,0;0,0;-0,0;73,67032373;-38,46430533;-58,23472627;0,0;0,0;0,0;31,3828218;38,46430533;148,41282412;0,0;0,0;0,0;73,67032373;38,46430533;58,23472627;0,0
426;COMBO;beam_y;60x80;-0,0;0,0;148,55845957;82,18076254;23,70695022;0,0;0,0;0,0;-22,08869975;313,29402917;-23,70695022;0,0;0,0;0,0;148,55845957;23,70695022;-82,18076254;0,0;0,0;-0,0;-22,08869975;-23,70695022;-313,29402917;0,0;0,0;0,0;148,55845957;23,70695022;82,18076254;0,0;0,0;0,0;22,08869975;23,70695022;313,29402917;0,0
427;COMBO;beam_y;60x80;-0,0;0,0;69,60554109;-98,40528537;-77,31706172;0,0;0,0;0,0;29,62607058;183,66150624;77,31706172;0,0;0,0;0,0;69,60554109;-77,31706172;98,40528537;0,0;0,0;-0,0;29,62607058;77,31706172;-183,66150624;0,0;0,0;0,0;69,60554109;77,31706172;98,40528537;0,0;0,0;0,0;29,62607058;77,31706172;183,66150624;0,0
428;COMBO;beam_y;60x80;-0,0;0,0;49,94879334;-303,70110983;161,58217518;0,0;0,0;0,0;71,1387736;254,59333056;-161,58217518;0,0;0,0;0,0;49,94879334;161,58217518;303,70110983;0,0;0,0;-0,0;71,1387736;-161,58217518;-254,59333056;0,0;0,0;0,0;49,94879334;161,58217518;303,70110983;0,0;0,0;0,0;71,1387736;161,58217518;254,59333056;0,0
429;COMBO;beam_y;60x80;0,0;0,0;186,95512025;57,00337042;0,69259093;-0,0;-0,0;0,0;196,59508535;-91,94824394;-0,69259093;-0,0;0,0;-0,0;186,95512025;0,69259093;-57,00337042;-0,0;0,0;0,0;196,59508535;-0,69259093;91,94824394;-0,0;0,0;0,0;186,95512025;0,69259093;57,00337042;0,0;0,0;0,0;196,59508535;0,69259093;91,94824394;0,0
430;COMBO;beam_y;60x80;0,0;0,0;115,66173494;-35,21358891;-35,72196243;-0,0;-0,0;0,0;227,73351403;-463,50582803;35,72196243;-0,0;0,0;-0,0;115,66173494;-35,72196243;35,21358891;-0,0;0,0;0,0;227,73351403;35,72196243;463,50582803;-0,0;0,0;0,0;115,66173494;35,72196243;35,21358891;0,0;0,0;0,0;227,73351403;35,72196243;463,50582803;0,0
431;COMBO;beam_y;60x80;0,0;0,0;104,28245002;-2,52723486;4,15924377;-0,0;-0,0;0,0;148,36814998;-157,28342748;-4,15924377;-0,0;0,0;-0,0;104,28245002;4,15924377;2,52723486;-0,0;0,0;0,0;148,36814998;-4,15924377;157,28342748;-0,0;0,0;0,0;104,28245002;4,15924377;2,52723486;0,0;0,0;0,0;148,36814998;4,15924377;157,28342748;0,0
432;COMBO;beam_y;60x80;0,0;0,0;132,56870972;21,26086852;-3,53996076;-0,0;-0,0;0,0;207,84473028;-356,23916003;3,53996076;-0,0;0,0;-0,0;132,56870972;-3,53996076;-21,26086852;-0,0;0,0;0,0;207,84473028;3,53996076;356,23916003;-0,0;0,0;0,0;132,56870972;3,53996076;21,26086852;0,0;0,0;0,0;207,84473028;3,53996076;356,23916003;0,0
433;COMBO;beam_y;60x80;-0,0;0,0;57,89812377;-66,24853652;36,60867221;0,0;0,0;0,0;47,15502176;89,15820156;-36,60867221;0,0;0,0;0,0;57,89812377;36,60867221;66,24853652;0,0;0,0;-0,0;47,15502176;-36,60867221;-89,15820156;0,0;0,0;0,0;57,89812377;36,60867221;66,24853652;0,0;0,0;0,0;47,15502176;36,60867221;89,15820156;0,0
434;COMBO;beam_y;60x80;0,0;0,0;156,63902948;130,61446127;26,36019825;-0,0;-0,0;0,0;-30,16926967;302,31377201;-26,36019825;-0,0;0,0;-0,0;156,63902948;26,36019825;-130,61446127;-0,0;0,0;0,0;-30,16926967;-26,36019825;-302,31377201;-0,0;0,0;0,0;156,63902948;26,36019825;130,61446127;0,0;0,0;0,0;30,16926967;26,36019825;302,31377201;0,0
435;COMBO;beam_y;60x80;-0,0;0,0;91,69141162;-23,52874093;-70,56728775;0,0;0,0;0,0;7,54020006;202,98119957;70,56728775;0,0;0,0;0,0;91,69141162;-70,56728775;23,52874093;0,0;0,0;-0,0;7,54020006;70,56728775;-202,98119957;0,0;0,0;0,0;91,69141162;70,56728775;23,52874093;0,0;0,0;0,0;7,54020006;70,56728775;202,98119957;0,0
436;COMBO;beam_y;60x80;0,0;0,0;96,75699287;-109,59018907;150,3006553;-0,0;-0,0;0,0;24,33057408;277,43841461;-150,3006553;-0,0;0,0;-0,0;96,75699287;150,3006553;109,59018907;-0,0;0,0;0,0;24,33057408;-150,3006553;-277,43841461;-0,0;0,0;0,0;96,75699287;150,3006553;109,59018907;0,0;0,0;0,0;24,33057408;150,3006553;277,43841461;0,0
437;COMBO;beam_y;60x80;0,0;0,0;191,4600464;102,64479644;4,24872987;-0,0;-0,0;0,0;192,0901592;-104,92895533;-4,24872987;-0,0;0,0;-0,0;191,4600464;4,24872987;-102,64479644;-0,0;0,0;0,0;192,0901592;-4,24872987;104,92895533;-0,0;0,0;0,0;191,4600464;4,24872987;102,64479644;0,0;0,0;0,0;192,0901592;4,24872987;104,92895533;0,0
438;COMBO;beam_y;60x80;-0,0;0,0;220,03812922;80,44331812;-36,90261232;0,0;0,0;0,0;298,66684998;-430,34112548;36,90261232;0,0;0,0;0,0;220,03812922;-36,90261232;-80,44331812;0,0;0,0;-0,0;298,66684998;36,90261232;430,34112548;0,0;0,0;0,0;220,03812922;36,90261232;80,44331812;0,0;0,0;0,0;298,66684998;36,90261232;430,34112548;0,0
439;COMBO;beam_y;60x80;0,0;0,0;118,84014271;58,48711406;-1,6024589;-0,0;-0,0;0,0;133,81045729;-112,75450439;1,6024589;-0,0;0,0;-0,0;118,84014271;-1,6024589;-58,48711406;-0,0;0,0;0,0;133,81045729;1,6024589;112,75450439;-0,0;0,0;0,0;118,84014271;1,6024589;58,48711406;0,0;0,0;0,0;133,81045729;1,6024589;112,75450439;0,0
440;COMBO;beam_y;60x80;-0,0;0,0;153,28071739;81,21781295;0,22989004;0,0;0,0;0,0;187,13272261;-231,85923621;-0,22989004;0,0;0,0;0,0;153,28071739;0,22989004;-81,21781295;0,0;0,0;-0,0;187,13272261;-0,22989004;231,85923621;0,0;0,0;0,0;153,28071739;0,22989004;81,21781295;0,0;0,0;0,0;187,13272261;0,22989004;231,85923621;0,0
441;COMBO;beam_y;60x80;-0,0;0,0;73,23172539;-22,63845382;76,35098554;0,0;0,0;0,0;31,82142015;110,94592974;-76,35098554;0,0;0,0;0,0;73,23172539;76,35098554;22,63845382;0,0;0,0;-0,0;31,82142015;-76,35098554;-110,94592974;0,0;0,0;0,0;73,23172539;76,35098554;22,63845382;0,0;0,0;0,0;31,82142015;76,35098554;110,94592974;0,0
442;COMBO;beam_y;60x80;-0,0;0,0;175,87595808;242,23416232;11,77265452;0,0;0,0;0,0;-49,40619826;279,85723501;-11,77265452;0,0;0,0;0,0;175,87595808;11,77265452;-242,23416232;0,0;0,0;-0,0;-49,40619826;-11,77265452;-279,85723501;0,0;0,0;0,0;175,87595808;11,77265452;242,23416232;0,0;0,0;0,0;49,40619826;11,77265452;279,85723501;0,0
443;COMBO;beam_y;60x80;-0,0;0,0;76,13036569;-55,35466285;-64,32037709;0,0;0,0;0,0;23,10124599;168,43926062;64,32037709;0,0;0,0;0,0;76,13036569;-64,32037709;55,35466285;0,0;0,0;-0,0;23,10124599;64,32037709;-168,43926062;0,0;0,0;0,0;76,13036569;64,32037709;55,35466285;0,0;0,0;0,0;23,10124599;64,32037709;168,43926062;0,0
444;COMBO;beam_y;60x80;-0,0;0,0;169,14007593;216,12185742;108,21428177;0,0;0,0;0,0;-48,05250898;287,22195811;-108,21428177;0,0;0,0;0,0;169,14007593;108,21428177;-216,12185742;0,0;0,0;-0,0;-48,05250898;-108,21428177;-287,22195811;0,0;0,0;0,0;169,14007593;108,21428177;216,12185742;0,0;0,0;0,0;48,05250898;108,21428177;287,22195811;0,0
445;COMBO;wall;30x725;-226,22100119;-540,90949218;412,33322384;1006,77510997;-932,11333657;-49,9841;226,22100119;540,90949218;-412,33322384;918,8626822;126,76657232;49,9841;412,33322384;540,90949218;-226,22100119;-49,9841;932,11333657;1006,77510997;-412,33322384;-540,90949218;226,22100119;49,9841;-126,76657232;918,8626822;412,33322384;540,90949218;226,22100119;49,9841;932,11333657;1006,77510997;412,33322384;540,90949218;226,22100119;49,9841;126,76657232;918,8626822
446;COMBO;wall;30x1000;-1154,82820577;-3,08138657;571,9078909;1150,11365097;697,97875786;-376,75244989;1154,82820577;3,08138657;-571,9078909;-1139,14391477;909,9117386;407,56631561;1279,75063104;3,08138657;151,47654228;-1209,8576358;-697,97875786;30,7948005;-1279,75063104;-3,08138657;-151,47654228;1209,8576358;-909,9117386;1,91344667;1279,75063104;3,08138657;151,47654228;1209,8576358;697,97875786;30,7948005;1279,75063104;3,08138657;151,47654228;1209,8576358;909,9117386;1,91344667
447;COMBO;wall;30x725;-776,87474611;-514,08477049;1033,67639495;1017,44615954;-4989,34463329;-49,33377729;776,87474611;514,08477049;-1033,67639495;812,69562339;2223,67053713;49,33377729;1033,67639495;514,08477049;-776,87474611;-49,33377729;4989,34463329;1017,44615954;-1033,67639495;-514,08477049;776,87474611;49,33377729;-2223,67053713;812,69562339;1033,67639495;514,08477049;776,87474611;49,33377729;4989,34463329;1017,44615954;1033,67639495;514,08477049;776,87474611;49,33377729;2223,67053713;812,69562339
448;COMBO;wall;30x725;-596,13165312;-660,38681881;503,23519558;1109,35116494;-2187,0951312;3,91467116;596,13165312;660,38681881;-503,23519558;1241,62591003;64,86644608;-3,91467116;503,23519558;660,38681881;-596,13165312;3,91467116;2187,0951312;1109,35116494;-503,23519558;-660,38681881;596,13165312;-3,91467116;-64,86644608;1241,62591003;503,23519558;660,38681881;596,13165312;3,91467116;2187,0951312;1109,35116494;503,23519558;660,38681881;596,13165312;3,91467116;64,86644608;1241,62591003
449;COMBO;wall;30x890;5,92852347;-645,00174988;550,42781693;1208,30651581;-74,69955467;-201,84650532;-5,92852347;645,00174988;-550,42781693;1087,89971375;95,80509822;201,84650532;550,42781693;645,00174988;5,92852347;-201,84650532;74,69955467;1208,30651581;-550,42781693;-645,00174988;-5,92852347;201,84650532;-95,80509822;1087,89971375;550,42781693;645,00174988;5,92852347;201,84650532;74,69955467;1208,30651581;550,42781693;645,00174988;5,92852347;201,84650532;95,80509822;1087,89971375
450;COMBO;wall;30x615;-113,99989001;-541,00484599;-54,42306721;981,38138894;-461,26004841;166,8725087;113,99989001;541,00484599;54,42306721;944,59586277;55,42043999;-166,8725087;-54,42306721;541,00484599;-113,99989001;166,8725087;461,26004841;981,38138894;54,42306721;-541,00484599;113,99989001;-166,8725087;-55,42043999;944,59586277;54,42306721;541,00484599;113,99989001;166,8725087;461,26004841;981,38138894;54,42306721;541,00484599;113,99989001;166,8725087;55,42043999;944,59586277
451;COMBO;wall;30x1000;-983,27533919;-4,1272723;548,52830411;1426,11988406;1207,72913229;-471,27735733;983,27533919;4,1272723;-548,52830411;-1411,42679467;777,09370128;512,55008034;1110,29260825;4,1272723;186,98667635;-1501,58015624;-1207,72913229;34,3118878;-1110,29260825;-4,1272723;-186,98667635;1501,58015624;-777,09370128;9,49820853;1110,29260825;4,1272723;186,98667635;1501,58015624;1207,72913229;34,3118878;1110,29260825;4,1272723;186,98667635;1501,58015624;777,09370128;9,49820853
452;COMBO;wall;30x725;-450,77696559;-578,49264608;572,74958607;1012,427626;-1894,39248401;-91,67337558;450,77696559;578,49264608;-572,74958607;1047,00619403;289,62648651;91,67337558;572,74958607;578,49264608;-450,77696559;-91,67337558;1894,39248401;1012,427626;-572,74958607;-578,49264608;450,77696559;91,67337558;-289,62648651;1047,00619403;572,74958607;578,49264608;450,77696559;91,67337558;1894,39248401;1012,427626;572,74958607;578,49264608;450,77696559;91,67337558;289,62648651;1047,00619403
453;COMBO;wall;30x890;-182,71221186;-686,91360026;326,19037901;1212,11215733;-877,63565883;-85,88211427;182,71221186;686,91360026;-326,19037901;1233,3002596;227,1801846;85,88211427;326,19037901;686,91360026;-182,71221186;-85,88211427;877,63565883;1212,11215733;-326,19037901;-686,91360026;182,71221186;85,88211427;-227,1801846;1233,3002596;326,19037901;686,91360026;182,71221186;85,88211427;877,63565883;1212,11215733;326,19037901;686,91360026;182,71221186;85,88211427;227,1801846;1233,3002596
454;COMBO;wall;25x158;-29,8932012;-27,10480048;228,56797728;82,28996574;-400,56481264;-24,0714731;29,8932012;27,10480048;-228,56797728;14,20312398;294,14501636;24,0714731;228,56797728;27,10480048;-29,8932012;-24,0714731;400,56481264;82,28996574;-228,56797728;-27,10480048;29,8932012;24,0714731;-294,14501636;14,20312398;228,56797728;27,10480048;29,8932012;24,0714731;400,56481264;82,28996574;228,56797728;27,10480048;29,8932012;24,0714731;294,14501636;14,20312398
455;COMBO;wall;25x365;-1170,88813212;-63,94204342;64,1025942;227,63367459;-3934,38728152;4,93547854;1170,88813212;63,94204342;-64,1025942;-0,0;0,0;228,45297996;882,97065536;63,94204342;-771,65470406;-159,51176697;3934,38728152;162,47290529;-882,97065536;-63,94204342;771,65470406;159,51176697;0,0;163,54436782;882,97065536;63,94204342;771,65470406;159,51176697;3934,38728152;162,47290529;882,97065536;63,94204342;771,65470406;159,51176697;0,0;163,54436782
456;COMBO;wall;25x158;-29,8932012;-27,169328;228,56797728;81,25967485;-400,56481264;-24,0714731;29,8932012;27,169328;-228,56797728;15,46313285;294,14501636;24,0714731;228,56797728;27,169328;-29,8932012;-24,0714731;400,56481264;81,25967485;-228,56797728;-27,169328;29,8932012;24,0714731;-294,14501636;15,46313285;228,56797728;27,169328;29,8932012;24,0714731;400,56481264;81,25967485;228,56797728;27,169328;29,8932012;24,0714731;294,14501636;15,46313285
457;COMBO;wall;25x365;-2592,46544039;-83,86148834;64,1025942;298,5468985;-8995,20249894;5,25030015;2592,46544039;83,86148834;-64,1025942;-0,0;0,0;300,8441323;1900,64598724;83,86148834;-1764,23667159;-210,05713796;8995,20249894;212,21172222;-1900,64598724;-83,86148834;1764,23667159;210,05713796;-0,0;215,36757122;1900,64598724;83,86148834;1764,23667159;210,05713796;8995,20249894;212,21172222;1900,64598724;83,86148834;1764,23667159;210,05713796;0,0;215,36757122
458;COMBO;wall;25x158;-132,72838949;9,98819879;188,83888992;-14,20312398;-294,14501636;-48,19023199;132,72838949;-9,98819879;-188,83888992;-21,35486372;-178,36805024;48,19023199;188,83888992;-9,98819879;-132,72838949;-48,19023199;294,14501636;-14,20312398;-188,83888992;9,98819879;132,72838949;48,19023199;178,36805024;-21,35486372;188,83888992;9,98819879;132,72838949;48,19023199;294,14501636;14,20312398;188,83888992;9,98819879;132,72838949;48,19023199;178,36805024;21,35486372
459;COMBO;wall;25x158;-132,72838949;11,11269925;188,83888992;-15,46313285;-294,14501636;-48,19023199;132,72838949;-11,11269925;-188,83888992;-24,09807648;-178,36805024;48,19023199;188,83888992;-11,11269925;-132,72838949;-48,19023199;294,14501636;-15,46313285;-188,83888992;11,11269925;132,72838949;48,19023199;178,36805024;-24,09807648;188,83888992;11,11269925;132,72838949;48,19023199;294,14501636;15,46313285;188,83888992;11,11269925;132,72838949;48,19023199;178,36805024;24,09807648
460;COMBO;wall;25x365;-2123,85576878;-108,04865136;64,1025942;384,65319884;-7326,95206802;12,66755043;2123,85576878;108,04865136;-64,1025942;0,0;-0,0;381,71002703;1565,17882671;108,04865136;-1437,04130406;-266,5197928;7326,95206802;277,64320675;-1565,17882671;-108,04865136;1437,04130406;266,5197928;0,0;273,25765274;1565,17882671;108,04865136;1437,04130406;266,5197928;7326,95206802;277,64320675;1565,17882671;108,04865136;1437,04130406;266,5197928;0,0;273,25765274
461;COMBO;wall;25x158;59,36904653;-10,00759387;149,10980256;21,35486372;178,36805024;18,14907432;-59,36904653;10,00759387;-149,10980256;14,27217045;32,9857554;-18,14907432;149,10980256;10,00759387;59,36904653;18,14907432;-178,36805024;21,35486372;-149,10980256;-10,00759387;-59,36904653;-18,14907432;-32,9857554;14,27217045;149,10980256;10,00759387;59,36904653;18,14907432;178,36805024;21,35486372;149,10980256;10,00759387;59,36904653;18,14907432;32,9857554;14,27217045
462;COMBO;wall;25x158;59,36904653;-10,93589104;149,10980256;24,09807648;178,36805024;18,14907432;-59,36904653;10,93589104;-149,10980256;14,83369563;32,9857554;-18,14907432;149,10980256;10,93589104;59,36904653;18,14907432;-178,36805024;24,09807648;-149,10980256;-10,93589104;-59,36904653;-18,14907432;-32,9857554;14,83369563;149,10980256;10,93589104;59,36904653;18,14907432;178,36805024;24,09807648;149,10980256;10,93589104;59,36904653;18,14907432;32,9857554;14,83369563
463;COMBO;wall;25x365;-1877,29341849;-81,27180005;64,1025942;289,32760818;-6449,19010097;9,78509388;1877,29341849;81,27180005;-64,1025942;0,0;-0,0;286,85697631;1388,67036656;81,27180005;-1264,88510731;-200,29094464;6449,19010097;209,02093296;-1388,67036656;-81,27180005;1264,88510731;200,29094464;0,0;205,35447975;1388,67036656;81,27180005;1264,88510731;200,29094464;6449,19010097;209,02093296;1388,67036656;81,27180005;1264,88510731;200,29094464;0,0;205,35447975
464;COMBO;wall;25x158;-66,23951039;-3,6449395;109,3807152;-14,27217045;-32,9857554;17,14256634;66,23951039;3,6449395;-109,3807152;27,24815508;-202,82690158;-17,14256634;109,3807152;3,6449395;-66,23951039;17,14256634;32,9857554;-14,27217045;-109,3807152;-3,6449395;66,23951039;-17,14256634;202,82690158;27,24815508;109,3807152;3,6449395;66,23951039;17,14256634;32,9857554;14,27217045;109,3807152;3,6449395;66,23951039;17,14256634;202,82690158;27,24815508
465;COMBO;wall;25x158;-66,23951039;-3,66584729;109,3807152;-14,83369563;-32,9857554;17,14256634;66,23951039;3,66584729;-109,3807152;27,88411198;-202,82690158;-17,14256634;109,3807152;3,66584729;-66,23951039;17,14256634;32,9857554;-14,83369563;-109,3807152;-3,66584729;66,23951039;-17,14256634;202,82690158;27,88411198;109,3807152;3,66584729;66,23951039;17,14256634;32,9857554;14,83369563;109,3807152;3,66584729;66,23951039;17,14256634;202,82690158;27,88411198
466;COMBO;wall;25x365;-1493,59711428;-41,75738294;64,1025942;148,65628327;-5083,23125798;4,36190693;1493,59711428;41,75738294;-64,1025942;0,0;0,0;148,0525408;1113,99078251;41,75738294;-996,97844452;-103,37410522;5083,23125798;106,9182452;-1113,99078251;-41,75738294;996,97844452;103,37410522;-0,0;105,98749552;1113,99078251;41,75738294;996,97844452;103,37410522;5083,23125798;106,9182452;1113,99078251;41,75738294;996,97844452;103,37410522;0,0;105,98749552
467;COMBO;wall;25x158;56,97384876;7,65397614;44,75808576;-27,24815508;202,82690158;-2,75068293;-56,97384876;-7,65397614;-44,75808576;0,0;0,0;2,75068293;44,75808576;-7,65397614;56,97384876;-2,75068293;-202,82690158;-27,24815508;-44,75808576;7,65397614;-56,97384876;2,75068293;-0,0;0,0;44,75808576;7,65397614;56,97384876;2,75068293;202,82690158;27,24815508;44,75808576;7,65397614;56,97384876;2,75068293;0,0;0,0
468;COMBO;wall;25x158;56,97384876;7,83261572;44,75808576;-27,88411198;202,82690158;-2,75068293;-56,97384876;-7,83261572;-44,75808576;0,0;0,0;2,75068293;44,75808576;-7,83261572;56,97384876;-2,75068293;-202,82690158;-27,88411198;-44,75808576;7,83261572;-56,97384876;2,75068293;-0,0;0,0;44,75808576;7,83261572;56,97384876;2,75068293;202,82690158;27,88411198;44,75808576;7,83261572;56,97384876;2,75068293;0,0;0,0
469;COMBO;wall;30x225;-125,29258692;-66,78574078;345,03958022;202,35913594;-1051,81075648;-83,41808353;125,29258692;66,78574078;-345,03958022;35,39810122;605,76914706;83,41808353;345,03958022;66,78574078;-125,29258692;-83,41808353;1051,81075648;202,35913594;-345,03958022;-66,78574078;125,29258692;83,41808353;-605,76914706;35,39810122;345,03958022;66,78574078;125,29258692;83,41808353;1051,81075648;202,35913594;345,03958022;66,78574078;125,29258692;83,41808353;605,76914706;35,39810122
470;COMBO;wall;30x310;-1016,51231742;-137,68095739;71,21892749;490,14420832;-3398,00517479;-67,526033;1016,51231742;137,68095739;-71,21892749;-0,0;0,0;494,33700091;721,25641669;137,68095739;-719,83234748;-372,80389347;3398,00517479;325,29735181;-721,25641669;-137,68095739;719,83234748;372,80389347;-0,0;324,63260386;721,25641669;137,68095739;719,83234748;372,80389347;3398,00517479;325,29735181;721,25641669;137,68095739;719,83234748;372,80389347;0,0;324,63260386
471;COMBO;wall;30x225;-125,29258692;-66,91791296;345,03958022;200,27291262;-1051,81075648;-83,41808353;125,29258692;66,91791296;-345,03958022;37,9548575;605,76914706;83,41808353;345,03958022;66,91791296;-125,29258692;-83,41808353;1051,81075648;200,27291262;-345,03958022;-66,91791296;125,29258692;83,41808353;-605,76914706;37,9548575;345,03958022;66,91791296;125,29258692;83,41808353;1051,81075648;200,27291262;345,03958022;66,91791296;125,29258692;83,41808353;605,76914706;37,9548575
472;COMBO;wall;30x310;-2382,40205622;-180,75167344;71,21892749;643,47595746;-8260,57264491;-91,34483951;2382,40205622;180,75167344;-71,21892749;0,0;-0,0;651,67502719;1618,24033995;180,75167344;-1749,91711097;-491,46025274;8260,57264491;425,29049778;-1618,24033995;-180,75167344;1749,91711097;491,46025274;0,0;427,95696166;1618,24033995;180,75167344;1749,91711097;491,46025274;8260,57264491;425,29049778;1618,24033995;180,75167344;1749,91711097;491,46025274;0,0;427,95696166
473;COMBO;wall;30x310;-3167,78538515;-232,01532094;71,21892749;825,97454254;-11056,53729592;-104,25513133;3167,78538515;232,01532094;-71,21892749;-0,0;0,0;823,50262624;2134,00394784;232,01532094;-2342,21338324;-621,0439129;11056,53729592;554,44344669;-2134,00394784;-232,01532094;2342,21338324;621,0439129;-0,0;540,79666573;2134,00394784;232,01532094;2342,21338324;621,0439129;11056,53729592;554,44344669;2134,00394784;232,01532094;2342,21338324;621,0439129;0,0;540,79666573
474;COMBO;wall;30x310;-2821,05538353;-174,47899613;71,21892749;621,14522623;-9822,17849014;-77,83382104;2821,05538353;174,47899613;-71,21892749;0,0;-0,0;618,71870904;1906,30530692;174,47899613;-2080,72720206;-466,60626913;9822,17849014;417,3225196;-1906,30530692;-174,47899613;2080,72720206;466,60626913;0,0;406,31444784;1906,30530692;174,47899613;2080,72720206;466,60626913;9822,17849014;417,3225196;1906,30530692;174,47899613;2080,72720206;466,60626913;0,0;406,31444784
475;COMBO;wall;30x310;-1946,76283186;-89,74508892;71,21892749;319,49251655;-6709,69700619;-41,50601354;1946,76283186;89,74508892;-71,21892749;0,0;0,0;319,71578918;1332,15474351;89,74508892;-1421,38010344;-241,11343231;6709,69700619;213,68792677;-1332,15474351;-89,74508892;1421,38010344;241,11343231;-0,0;209,95832589;1332,15474351;89,74508892;1421,38010344;241,11343231;6709,69700619;213,68792677;1332,15474351;89,74508892;1421,38010344;241,11343231;0,0;209,95832589
476;COMBO;wall;30x225;-90,34634932;25,04271831;277,14810182;-35,39810122;-605,76914706;-167,00003285;90,34634932;-25,04271831;-277,14810182;-53,75397596;284,13614348;167,00003285;277,14810182;-25,04271831;-90,34634932;-167,00003285;605,76914706;-35,39810122;-277,14810182;25,04271831;90,34634932;167,00003285;-284,13614348;-53,75397596;277,14810182;25,04271831;90,34634932;167,00003285;605,76914706;35,39810122;277,14810182;25,04271831;90,34634932;167,00003285;284,13614348;53,75397596
477;COMBO;wall;30x225;-90,34634932;27,32574725;277,14810182;-37,9548575;-605,76914706;-167,00003285;90,34634932;-27,32574725;-277,14810182;-59,3248027;284,13614348;167,00003285;277,14810182;-27,32574725;-90,34634932;-167,00003285;605,76914706;-37,9548575;-277,14810182;27,32574725;90,34634932;167,00003285;-284,13614348;-59,3248027;277,14810182;27,32574725;90,34634932;167,00003285;605,76914706;37,9548575;277,14810182;27,32574725;90,34634932;167,00003285;284,13614348;59,3248027
478;COMBO;wall;30x225;-104,42967551;-25,63452466;209,25662342;53,75397596;-284,13614348;62,8944058;104,42967551;25,63452466;-209,25662342;37,50493184;-87,63350135;-62,8944058;209,25662342;25,63452466;-104,42967551;62,8944058;284,13614348;53,75397596;-209,25662342;-25,63452466;104,42967551;-62,8944058;87,63350135;37,50493184;209,25662342;25,63452466;104,42967551;62,8944058;284,13614348;53,75397596;209,25662342;25,63452466;104,42967551;62,8944058;87,63350135;37,50493184
479;COMBO;wall;30x225;-104,42967551;-27,53119937;209,25662342;59,3248027;-284,13614348;62,8944058;104,42967551;27,53119937;-209,25662342;38,68626705;-87,63350135;-62,8944058;209,25662342;27,53119937;-104,42967551;62,8944058;284,13614348;59,3248027;-209,25662342;-27,53119937;104,42967551;-62,8944058;87,63350135;38,68626705;209,25662342;27,53119937;104,42967551;62,8944058;284,13614348;59,3248027;209,25662342;27,53119937;104,42967551;62,8944058;87,63350135;38,68626705
480;COMBO;wall;30x225;-212,12152354;-5,96712132;141,36514502;-37,50493184;87,63350135;59,40641958;212,12152354;5,96712132;-141,36514502;58,74788375;-842,78612514;-59,40641958;141,36514502;5,96712132;-212,12152354;59,40641958;-87,63350135;-37,50493184;-141,36514502;-5,96712132;212,12152354;-59,40641958;842,78612514;58,74788375;141,36514502;5,96712132;212,12152354;59,40641958;87,63350135;37,50493184;141,36514502;5,96712132;212,12152354;59,40641958;842,78612514;58,74788375
481;COMBO;wall;30x225;-212,12152354;-5,95181821;141,36514502;-38,68626705;87,63350135;59,40641958;212,12152354;5,95181821;-141,36514502;59,87473988;-842,78612514;-59,40641958;141,36514502;5,95181821;-212,12152354;59,40641958;-87,63350135;-38,68626705;-141,36514502;-5,95181821;212,12152354;-59,40641958;842,78612514;59,87473988;141,36514502;5,95181821;212,12152354;59,40641958;87,63350135;38,68626705;141,36514502;5,95181821;212,12152354;59,40641958;842,78612514;59,87473988
482;COMBO;wall;30x225;236,7376756;16,50221454;53,70970291;-58,74788375;842,78612514;-3,30081951;-236,7376756;-16,50221454;-53,70970291;0,0;0,0;3,30081951;53,70970291;-16,50221454;236,7376756;-3,30081951;-842,78612514;-58,74788375;-53,70970291;16,50221454;-236,7376756;3,30081951;-0,0;0,0;53,70970291;16,50221454;236,7376756;3,30081951;842,78612514;58,74788375;53,70970291;16,50221454;236,7376756;3,30081951;0,0;0,0
483;COMBO;wall;30x225;236,7376756;16,81874716;53,70970291;-59,87473988;842,78612514;-3,30081951;-236,7376756;-16,81874716;-53,70970291;0,0;0,0;3,30081951;53,70970291;-16,81874716;236,7376756;-3,30081951;-842,78612514;-59,87473988;-53,70970291;16,81874716;-236,7376756;3,30081951;-0,0;0,0;53,70970291;16,81874716;236,7376756;3,30081951;842,78612514;59,87473988;53,70970291;16,81874716;236,7376756;3,30081951;0,0;0,0
588;COMBO;beam_x;30x80;0,0;-0,0;-136,53066425;-44,49534472;-220,43215844;0,0;0,0;0,0;183,03167205;44,49534472;-378,74722213;0,0;0,0;0,0;-136,53066425;44,49534472;220,43215844;0,0;0,0;-0,0;183,03167205;-44,49534472;378,74722213;0,0;0,0;0,0;136,53066425;44,49534472;220,43215844;0,0;0,0;0,0;183,03167205;44,49534472;378,74722213;0,0
589;COMBO;beam_x;30x80;0,0;-0,0;133,64442072;24,58469311;266,46739039;0,0;-0,0;0,0;-60,40293991;-24,58469311;97,37141078;0,0;0,0;0,0;133,64442072;-24,58469311;-266,46739039;0,0;0,0;-0,0;-60,40293991;24,58469311;-97,37141078;0,0;0,0;0,0;133,64442072;24,58469311;266,46739039;0,0;0,0;0,0;60,40293991;24,58469311;97,37141078;0,0
590;COMBO;beam_x;30x80;0,0;-0,0;145,17929808;39,86282476;290,83518956;0,0;-0,0;0,0;-98,67829028;-39,86282476;166,39778859;0,0;0,0;0,0;145,17929808;-39,86282476;-290,83518956;0,0;0,0;-0,0;-98,67829028;39,86282476;-166,39778859;0,0;0,0;0,0;145,17929808;39,86282476;290,83518956;0,0;0,0;0,0;98,67829028;39,86282476;166,39778859;0,0
591;COMBO;beam_x;30x80;0,0;-0,0;30,25128356;29,80190244;-49,88564542;0,0;0,0;0,0;44,54659144;-29,80190244;23,08194316;0,0;0,0;0,0;30,25128356;-29,80190244;49,88564542;0,0;0,0;-0,0;44,54659144;29,80190244;-23,08194316;0,0;0,0;0,0;30,25128356;29,80190244;49,88564542;0,0;0,0;0,0;44,54659144;29,80190244;23,08194316;0,0
592;COMBO;beam_x;30x80;0,0;-0,0;-125,50361056;-42,93280697;-198,3708571;0,0;0,0;0,0;172,00461836;42,93280697;-359,45707214;0,0;0,0;0,0;-125,50361056;42,93280697;198,3708571;0,0;0,0;-0,0;172,00461836;-42,93280697;359,45707214;0,0;0,0;0,0;125,50361056;42,93280697;198,3708571;0,0;0,0;0,0;172,00461836;42,93280697;359,45707214;0,0
593;COMBO;beam_x;30x80;0,0;0,0;133,87028854;24,66149435;270,69408198;-0,0;0,0;-0,0;-60,62880772;-24,66149435;93,9917235;-0,0;0,0;-0,0;133,87028854;-24,66149435;-270,69408198;-0,0;0,0;0,0;-60,62880772;24,66149435;-93,9917235;-0,0;0,0;0,0;133,87028854;24,66149435;270,69408198;0,0;0,0;0,0;60,62880772;24,66149435;93,9917235;0,0
594;COMBO;beam_x;30x80;0,0;-0,0;156,88702818;31,23098393;327,48953004;0,0;-0,0;0,0;-110,38602038;-31,23098393;173,64743599;0,0;0,0;0,0;156,88702818;-31,23098393;-327,48953004;0,0;0,0;-0,0;-110,38602038;31,23098393;-173,64743599;0,0;0,0;0,0;156,88702818;31,23098393;327,48953004;0,0;0,0;0,0;110,38602038;31,23098393;173,64743599;0,0
595;COMBO;beam_x;30x80;0,0;0,0;33,493237;41,18912489;-32,30577906;-0,0;0,0;-0,0;41,304638;-41,18912489;17,65940218;-0,0;0,0;-0,0;33,493237;-41,18912489;32,30577906;-0,0;0,0;0,0;41,304638;41,18912489;-17,65940218;-0,0;0,0;0,0;33,493237;41,18912489;32,30577906;0,0;0,0;0,0;41,304638;41,18912489;17,65940218;0,0
596;COMBO;beam_x;30x80;0,0;-0,0;-96,9487679;-39,93124386;-154,11073286;0,0;0,0;0,0;143,4497757;39,93124386;-296,63653638;0,0;0,0;0,0;-96,9487679;39,93124386;154,11073286;0,0;0,0;-0,0;143,4497757;-39,93124386;296,63653638;0,0;0,0;0,0;96,9487679;39,93124386;154,11073286;0,0;0,0;0,0;143,4497757;39,93124386;296,63653638;0,0
597;COMBO;beam_x;30x80;0,0;-0,0;120,41918492;21,57693385;231,45692482;0,0;-0,0;0,0;-47,1777041;-21,57693385;82,78724208;0,0;0,0;0,0;120,41918492;-21,57693385;-231,45692482;0,0;0,0;-0,0;-47,1777041;21,57693385;-82,78724208;0,0;0,0;0,0;120,41918492;21,57693385;231,45692482;0,0;0,0;0,0;47,1777041;21,57693385;82,78724208;0,0
598;COMBO;beam_x;30x80;0,0;-0,0;143,02860664;31,85919809;309,85357585;0,0;-0,0;0,0;-96,52759884;-31,85919809;139,31430944;0,0;0,0;0,0;143,02860664;-31,85919809;-309,85357585;0,0;0,0;-0,0;-96,52759884;31,85919809;-139,31430944;0,0;0,0;0,0;143,02860664;31,85919809;309,85357585;0,0;0,0;0,0;96,52759884;31,85919809;139,31430944;0,0
599;COMBO;beam_x;30x80;0,0;-0,0;41,832885;39,7281795;-11,11197301;0,0;0,0;0,0;32,96499;-39,7281795;27,73927615;0,0;0,0;0,0;41,832885;-39,7281795;11,11197301;0,0;0,0;-0,0;32,96499;39,7281795;-27,73927615;0,0;0,0;0,0;41,832885;39,7281795;11,11197301;0,0;0,0;0,0;32,96499;39,7281795;27,73927615;0,0
600;COMBO;beam_x;30x80;-0,0;0,0;-57,42294279;-38,0541313;-90,11521471;-0,0;0,0;-0,0;103,92395059;38,0541313;-212,41021037;-0,0;0,0;-0,0;-57,42294279;38,0541313;90,11521471;-0,0;0,0;0,0;103,92395059;-38,0541313;212,41021037;-0,0;0,0;0,0;57,42294279;38,0541313;90,11521471;0,0;0,0;0,0;103,92395059;38,0541313;212,41021037;0,0
601;COMBO;beam_x;30x80;0,0;-0,0;102,38465318;15,88780664;179,4589988;0,0;-0,0;0,0;-29,14317236;-15,88780664;67,15567408;0,0;0,0;0,0;102,38465318;-15,88780664;-179,4589988;0,0;0,0;-0,0;-29,14317236;15,88780664;-67,15567408;0,0;0,0;0,0;102,38465318;15,88780664;179,4589988;0,0;0,0;0,0;29,14317236;15,88780664;67,15567408;0,0
602;COMBO;beam_x;30x80;0,0;0,0;117,33943016;37,42578107;250,88799697;-0,0;0,0;-0,0;-70,83842236;-37,42578107;101,94547651;-0,0;0,0;-0,0;117,33943016;-37,42578107;-250,88799697;-0,0;0,0;0,0;-70,83842236;37,42578107;-101,94547651;-0,0;0,0;0,0;117,33943016;37,42578107;250,88799697;0,0;0,0;0,0;70,83842236;37,42578107;101,94547651;0,0
603;COMBO;beam_x;30x80;0,0;-0,0;50,04267605;31,76891593;9,40109255;0,0;0,0;0,0;24,75519895;-31,76891593;38,01292702;0,0;0,0;0,0;50,04267605;-31,76891593;-9,40109255;0,0;0,0;-0,0;24,75519895;31,76891593;-38,01292702;0,0;0,0;0,0;50,04267605;31,76891593;9,40109255;0,0;0,0;0,0;24,75519895;31,76891593;38,01292702;0,0
604;COMBO;beam_x;30x80;0,0;-0,0;-28,00064707;-69,69478919;-30,2228788;0,0;0,0;0,0;74,50165487;69,69478919;-161,96893735;0,0;0,0;0,0;-28,00064707;69,69478919;30,2228788;0,0;0,0;-0,0;74,50165487;-69,69478919;161,96893735;0,0;0,0;0,0;28,00064707;69,69478919;30,2228788;0,0;0,0;0,0;74,50165487;69,69478919;161,96893735;0,0
605;COMBO;beam_x;30x80;0,0;-0,0;84,08931313;27,50607076;94,36180265;0,0;-0,0;0,0;-10,84783231;-27,50607076;83,64534505;0,0;0,0;0,0;84,08931313;-27,50607076;-94,36180265;0,0;0,0;-0,0;-10,84783231;27,50607076;-83,64534505;0,0;0,0;0,0;84,08931313;27,50607076;94,36180265;0,0;0,0;0,0;10,84783231;27,50607076;83,64534505;0,0
606;COMBO;beam_x;30x80;0,0;-0,0;110,88903665;86,60230043;244,08802348;0,0;-0,0;0,0;-64,38802885;-86,60230043;84,55647435;0,0;0,0;0,0;110,88903665;-86,60230043;-244,08802348;0,0;0,0;-0,0;-64,38802885;86,60230043;-84,55647435;0,0;0,0;0,0;110,88903665;86,60230043;244,08802348;0,0;0,0;0,0;64,38802885;86,60230043;84,55647435;0,0
607;COMBO;beam_x;30x80;0,0;-0,0;54,8852992;6,04117156;-22,7263643;0,0;0,0;0,0;19,9125758;-6,04117156;88,30022068;0,0;0,0;0,0;54,8852992;-6,04117156;22,7263643;0,0;0,0;-0,0;19,9125758;6,04117156;-88,30022068;0,0;0,0;0,0;54,8852992;6,04117156;22,7263643;0,0;0,0;0,0;19,9125758;6,04117156;88,30022068;0,0
703;COMBO;steel_column;300x300x20;-1,99600004;-20,54231955;83,74400933;34,42775557;-2,04438421;-0,00509411;1,99600004;20,54231955;-83,74400933;38,70290202;-5,06137592;0,00509411;83,74400933;20,54231955;-1,99600004;-0,00509411;2,04438421;34,42775557;-83,74400933;-20,54231955;1,99600004;0,00509411;5,06137592;38,70290202;83,74400933;20,54231955;1,99600004;0,00509411;2,04438421;34,42775557;83,74400933;20,54231955;1,99600004;0,00509411;5,06137592;38,70290202
704;COMBO;steel_column;300x300x20;-4,41568317;-7,3183289;-64,24376619;8,91988533;-8,34507384;-0,00509411;4,41568317;7,3183289;64,24376619;17,13336555;-7,37475824;0,00509411;-64,24376619;7,3183289;-4,41568317;-0,00509411;8,34507384;8,91988533;64,24376619;-7,3183289;4,41568317;0,00509411;7,37475824;17,13336555;64,24376619;7,3183289;4,41568317;0,00509411;8,34507384;8,91988533;64,24376619;7,3183289;4,41568317;0,00509411;7,37475824;17,13336555
705;COMBO;steel_column;300x300x20;-4,72813823;-46,21905674;206,93765219;81,80492637;-5,4842843;-0,00509411;4,72813823;46,21905674;-206,93765219;82,73491563;-11,34788781;0,00509411;206,93765219;46,21905674;-4,72813823;-0,00509411;5,4842843;81,80492637;-206,93765219;-46,21905674;4,72813823;0,00509411;11,34788781;82,73491563;206,93765219;46,21905674;4,72813823;0,00509411;5,4842843;81,80492637;206,93765219;46,21905674;4,72813823;0,00509411;11,34788781;82,73491563
706;COMBO;steel_column;300x300x20;-11,38663106;-29,87936941;-133,55905225;52,23742637;-21,11272089;-0,00509411;11,38663106;29,87936941;133,55905225;54,13312875;-19,42368569;0,00509411;-133,55905225;29,87936941;-11,38663106;-0,00509411;21,11272089;52,23742637;133,55905225;-29,87936941;11,38663106;0,00509411;19,42368569;54,13312875;133,55905225;29,87936941;11,38663106;0,00509411;21,11272089;52,23742637;133,55905225;29,87936941;11,38663106;0,00509411;19,42368569;54,13312875
707;COMBO;steel_column;300x300x20;-3,99830852;-53,79158198;146,02759037;91,42605664;-4,87897111;-0,00509411;3,99830852;53,79158198;-146,02759037;100,0719752;-9,35500722;0,00509411;146,02759037;53,79158198;-3,99830852;-0,00509411;4,87897111;91,42605664;-146,02759037;-53,79158198;3,99830852;0,00509411;9,35500722;100,0719752;146,02759037;53,79158198;3,99830852;0,00509411;4,87897111;91,42605664;146,02759037;53,79158198;3,99830852;0,00509411;9,35500722;100,0719752
708;COMBO;steel_column;300x300x20;-7,97735306;-42,29378364;-84,85089479;71,02732436;-14,94172851;-0,00509411;7,97735306;42,29378364;84,85089479;79,5385454;-13,45764838;0,00509411;-84,85089479;42,29378364;-7,97735306;-0,00509411;14,94172851;71,02732436;84,85089479;-42,29378364;7,97735306;0,00509411;13,45764838;79,5385454;84,85089479;42,29378364;7,97735306;0,00509411;14,94172851;71,02732436;84,85089479;42,29378364;7,97735306;0,00509411;13,45764838;79,5385454
709;COMBO;steel_beam;300x300x50;-303,03961686;1,59766949;418,36351228;-15,83074367;-6,63134174;-3,58452226;303,03961686;-1,59766949;-418,36351228;10,14304029;-5,36273798;-0,48953494;516,57868312;-1,59766949;-2,73896693;6,30444547;6,63134174;-14,95711244;-516,57868312;1,59766949;2,73896693;-6,30444547;5,36273798;7,960834;516,57868312;1,59766949;2,73896693;6,30444547;6,63134174;14,95711244;516,57868312;1,59766949;2,73896693;6,30444547;5,36273798;7,960834
710;COMBO;steel_beam;300x300x50;-128,86532605;-16,04606521;-185,79705215;29,69423566;0,08597401;-19,79657511;128,86532605;16,04606521;185,79705215;27,42975648;-3,64375696;-19,51628464;-226,11089998;16,04606521;-0,82325875;0,52644337;-0,08597401;35,68437859;226,11089998;-16,04606521;0,82325875;-0,52644337;3,64375696;33,66006185;226,11089998;16,04606521;0,82325875;0,52644337;0,08597401;35,68437859;226,11089998;16,04606521;0,82325875;0,52644337;3,64375696;33,66006185
711;COMBO;steel_beam;300x300x50;-678,77469978;-15,09284068;939,23638766;13,57900785;-9,5150005;17,66039813;678,77469978;15,09284068;-939,23638766;40,15150498;-11,87014218;20,82634561;1158,8253692;15,09284068;-4,88350919;6,44992219;9,5150005;21,32317097;-1158,8253692;-15,09284068;4,88350919;-6,44992219;11,87014218;44,76916939;1158,8253692;15,09284068;4,88350919;6,44992219;9,5150005;21,32317097;1158,8253692;15,09284068;4,88350919;6,44992219;11,87014218;44,76916939
712;COMBO;steel_beam;300x300x50;-337,2775505;-39,5817724;-484,32750488;76,27810418;-2,47376449;-49,17379766;337,2775505;39,5817724;484,32750488;64,63300557;-11,63192835;-47,80154473;-590,18524575;39,5817724;-3,26400885;2,73571724;2,47376449;90,71343564;590,18524575;-39,5817724;3,26400885;-2,73571724;11,63192835;80,34257239;590,18524575;39,5817724;3,26400885;2,73571724;2,47376449;90,71343564;590,18524575;39,5817724;3,26400885;2,73571724;11,63192835;80,34257239
713;COMBO;steel_beam;300x300x50;-478,34177068;-20,90340228;662,28424399;14,00343876;-6,30238938;23,89332784;478,34177068;20,90340228;-662,28424399;60,41267338;-7,76949205;29,41034799;816,95834846;20,90340228;-3,21345353;11,26989898;6,30238938;25,29776253;-816,95834846;-20,90340228;3,21345353;-11,26989898;7,76949205;66,23933159;816,95834846;20,90340228;3,21345353;11,26989898;6,30238938;25,29776253;816,95834846;20,90340228;3,21345353;11,26989898;7,76949205;66,23933159
714;COMBO;steel_beam;300x300x50;-246,02215375;-49,39053532;-353,46206639;86,68931363;-2,00342904;-60,36905595;246,02215375;49,39053532;353,46206639;89,14099211;-7,85337563;-60,63775558;-430,6473387;49,39053532;-2,28083073;-0,58428114;2,00342904;105,63672955;430,6473387;-49,39053532;2,28083073;0,58428114;7,85337563;107,80868467;430,6473387;49,39053532;2,28083073;0,58428114;2,00342904;105,63672955;430,6473387;49,39053532;2,28083073;0,58428114;7,85337563;107,80868467
715;COMBO;steel_beam;300x300x50;4,40583302;-519,63714454;423,05250003;72,22323819;24,2788645;11,77142827;-4,40583302;519,63714454;-423,05250003;34,70869626;-8,59409894;6,38060377;669,7839253;19,63856374;4,40583302;-10,67450167;-24,78073443;72,22323819;-669,7839253;-19,63856374;-4,40583302;10,67450167;0,79098375;34,70869626;669,7839253;19,63856374;4,40583302;10,67450167;24,78073443;72,22323819;669,7839253;19,63856374;4,40583302;10,67450167;0,79098375;34,70869626
716;COMBO;steel_beam;300x300x50;-16,45203192;-580,77905907;-488,28512373;16,55264325;-38,20986661;35,59853991;16,45203192;580,77905907;488,28512373;39,28609728;-20,35936702;32,18383159;-758,6972462;10,25505309;-16,45203192;-5,63707278;51,91794834;16,55264325;758,6972462;-10,25505309;16,45203192;5,63707278;37,66332768;39,28609728;758,6972462;10,25505309;16,45203192;5,63707278;51,91794834;16,55264325;758,6972462;10,25505309;16,45203192;5,63707278;37,66332768;39,28609728
717;COMBO;steel_beam;300x300x50;0,64844036;-412,24070927;-344,96592161;24,04363924;4,2967255;-1,75623058;-0,64844036;412,24070927;344,96592161;22,27368873;-1,98827783;-0,91534368;-537,46770192;8,50639991;0,64844036;2,10290781;-4,13811244;24,04363924;537,46770192;-8,50639991;-0,64844036;-2,10290781;0,6073562;22,27368873;537,46770192;8,50639991;0,64844036;2,10290781;4,13811244;24,04363924;537,46770192;8,50639991;0,64844036;2,10290781;0,6073562;22,27368873
718;COMBO;steel_beam;300x300x50;-13,37344798;-457,81641978;-384,60702096;23,59621083;-27,62033651;28,04415636;13,37344798;457,81641978;384,60702096;21,64931723;-19,9891383;27,05444933;-597,87071012;8,3095587;-13,37344798;-2,56356211;39,27831265;23,59621083;597,87071012;-8,3095587;13,37344798;2,56356211;33,54008092;21,64931723;597,87071012;8,3095587;13,37344798;2,56356211;39,27831265;23,59621083;597,87071012;8,3095587;13,37344798;2,56356211;33,54008092;21,64931723
719;COMBO;steel_column;300x300x20;-36,45573003;-10,01120718;213,80142558;21,23987196;-62,34114401;-0,00509411;36,45573003;10,01120718;-213,80142558;14,4000256;-67,4412549;0,00509411;213,80142558;10,01120718;-36,45573003;-0,00509411;62,34114401;21,23987196;-213,80142558;-10,01120718;36,45573003;0,00509411;67,4412549;14,4000256;213,80142558;10,01120718;36,45573003;0,00509411;62,34114401;21,23987196;213,80142558;10,01120718;36,45573003;0,00509411;67,4412549;14,4000256
720;COMBO;steel_column;300x300x20;-7,34440039;9,41732445;-200,83422717;13,14671496;13,68374118;0,00509411;7,34440039;-9,41732445;200,83422717;20,37896009;12,46232419;-0,00509411;200,83422717;9,41732445;-7,34440039;-0,00509411;13,68374118;13,14671496;-200,83422717;-9,41732445;7,34440039;0,00509411;12,46232419;20,37896009;200,83422717;9,41732445;7,34440039;0,00509411;13,68374118;13,14671496;200,83422717;9,41732445;7,34440039;0,00509411;12,46232419;20,37896009
721;COMBO;steel_column;300x300x20;46,22014225;0,30514359;-243,80196451;-0,46669103;-82,82783335;-0,38446848;-46,22014225;-0,30514359;243,80196451;1,55300221;-81,71587306;0,38446848;243,80196451;0,30514359;46,22014225;0,38446848;-82,82783335;-0,46669103;-243,80196451;-0,30514359;-46,22014225;-0,38446848;-81,71587306;1,55300221;243,80196451;0,30514359;46,22014225;0,38446848;82,82783335;0,46669103;243,80196451;0,30514359;46,22014225;0,38446848;81,71587306;1,55300221
722;COMBO;steel_column;300x300x20;15,05598071;-4,00349532;213,67054514;-2,96553188;-27,87447189;-0,38446848;-15,05598071;4,00349532;-213,67054514;-11,28691146;-25,72481944;0,38446848;-213,67054514;-4,00349532;15,05598071;0,38446848;-27,87447189;-2,96553188;213,67054514;4,00349532;-15,05598071;-0,38446848;-25,72481944;-11,28691146;213,67054514;4,00349532;15,05598071;0,38446848;27,87447189;2,96553188;213,67054514;4,00349532;15,05598071;0,38446848;25,72481944;11,28691146
300000;COMBO;beam_y;80x80;-3543,9185489;-212,48271993;-4039,72412487;1453,73962172;-376,59330126;799,30793061;3543,9185489;212,48271993;4040,5041278;-2059,75674067;376,59330126;-267,72014827;-212,48271993;3543,9185489;-4039,72412487;-376,59330126;-1453,73962172;799,30793061;212,48271993;-3543,9185489;4040,5041278;376,59330126;2059,75674067;-267,72014827;212,48271993;3543,9185489;4039,72412487;376,59330126;1453,73962172;799,30793061;212,48271993;3543,9185489;4040,5041278;376,59330126;2059,75674067;267,72014827
300001;COMBO;beam_y;80x80;-1771,86134485;198,1483389;-4180,83134596;1863,38305157;-398,42741563;342,75260783;1771,86134485;-198,1483389;4182,74235314;-3400,18971878;398,42741563;308,4064364;198,1483389;1771,86134485;-4180,83134596;-398,42741563;-1863,38305157;342,75260783;-198,1483389;-1771,86134485;4182,74235314;398,42741563;3400,18971878;308,4064364;198,1483389;1771,86134485;4180,83134596;398,42741563;1863,38305157;342,75260783;198,1483389;1771,86134485;4182,74235314;398,42741563;3400,18971878;308,4064364
300002;COMBO;beam_y;80x80;4,21323175;-18,68364709;-21,31722653;-448,23788806;-70,26137318;-9,82980645;-4,21323175;18,68364709;41,58430263;325,65853312;70,26137318;-6,59126431;-18,68364709;-4,21323175;-21,31722653;-70,26137318;448,23788806;-9,82980645;18,68364709;4,21323175;41,58430263;70,26137318;-325,65853312;-6,59126431;18,68364709;4,21323175;21,31722653;70,26137318;448,23788806;9,82980645;18,68364709;4,21323175;41,58430263;70,26137318;325,65853312;6,59126431
300003;COMBO;beam_y;80x80;0,0;0,0;-21,89591806;-281,16318839;150,17078526;-0,0;-0,0;0,0;61,52006684;-36,65171407;-150,17078526;-0,0;0,0;-0,0;-21,89591806;150,17078526;281,16318839;-0,0;0,0;0,0;61,52006684;-150,17078526;36,65171407;-0,0;0,0;0,0;21,89591806;150,17078526;281,16318839;0,0;0,0;0,0;61,52006684;150,17078526;36,65171407;0,0
300004;COMBO;beam_y;80x80;4,33181682;2,46209707;-323,56424684;-3,21111069;-140,6644043;-6,33786831;-4,33181682;-2,46209707;343,84432299;-1298,23560047;140,6644043;-10,55621729;2,46209707;-4,33181682;-323,56424684;-140,6644043;3,21111069;-6,33786831;-2,46209707;4,33181682;343,84432299;140,6644043;1298,23560047;-10,55621729;2,46209707;4,33181682;323,56424684;140,6644043;3,21111069;6,33786831;2,46209707;4,33181682;343,84432299;140,6644043;1298,23560047;10,55621729
300005;COMBO;beam_y;80x80;-955,46094652;-26,30733854;-3176,75718795;-3329,75775956;72,75887964;151,8352378;955,46094652;26,30733854;3178,65519508;2169,89499965;-72,75887964;196,90800768;-26,30733854;955,46094652;-3176,75718795;72,75887964;3329,75775956;151,8352378;26,30733854;-955,46094652;3178,65519508;-72,75887964;-2169,89499965;196,90800768;26,30733854;955,46094652;3176,75718795;72,75887964;3329,75775956;151,8352378;26,30733854;955,46094652;3178,65519508;72,75887964;2169,89499965;196,90800768
300006;COMBO;beam_y;80x80;712,76027637;229,0920197;-3005,83898194;-2185,90055079;288,0463602;-429,94991065;-712,76027637;-229,0920197;3006,61898487;1734,96620328;-288,0463602;323,03586919;229,0920197;-712,76027637;-3005,83898194;288,0463602;2185,90055079;-429,94991065;-229,0920197;712,76027637;3006,61898487;-288,0463602;-1734,96620328;323,03586919;229,0920197;712,76027637;3005,83898194;288,0463602;2185,90055079;429,94991065;229,0920197;712,76027637;3006,61898487;288,0463602;1734,96620328;323,03586919
300007;COMBO;beam_y;80x80;-442,51154436;-36,36381265;-3646,91801213;-2024,32256188;207,96776955;268,84748089;442,51154436;36,36381265;3651,83203058;-1424,3368333;-207,96776955;149,32592853;-36,36381265;442,51154436;-3646,91801213;207,96776955;2024,32256188;268,84748089;36,36381265;-442,51154436;3651,83203058;-207,96776955;1424,3368333;149,32592853;36,36381265;442,51154436;3646,91801213;207,96776955;2024,32256188;268,84748089;36,36381265;442,51154436;3651,83203058;207,96776955;1424,3368333;149,32592853
300008;COMBO;beam_y;80x80;-637,07055301;-201,04987118;-2384,39848744;1390,65577822;278,51452734;74,86582494;637,07055301;201,04987118;2385,17849037;-1748,37405156;-278,51452734;20,69475801;-201,04987118;637,07055301;-2384,39848744;278,51452734;-1390,65577822;74,86582494;201,04987118;-637,07055301;2385,17849037;-278,51452734;1748,37405156;20,69475801;201,04987118;637,07055301;2384,39848744;278,51452734;1390,65577822;74,86582494;201,04987118;637,07055301;2385,17849037;278,51452734;1748,37405156;20,69475801
300009;COMBO;beam_y;80x80;3467,95861042;403,71690497;-2777,1523284;1666,09461587;-111,99030272;-580,65663017;-3467,95861042;-403,71690497;2779,06333558;-2687,04924413;111,99030272;-693,81815916;403,71690497;-3467,95861042;-2777,1523284;-111,99030272;-1666,09461587;-580,65663017;-403,71690497;3467,95861042;2779,06333558;111,99030272;2687,04924413;-693,81815916;403,71690497;3467,95861042;2777,1523284;111,99030272;1666,09461587;580,65663017;403,71690497;3467,95861042;2779,06333558;111,99030272;2687,04924413;693,81815916
300010;COMBO;beam_y;80x80;6,08019802;-38,0669564;-16,59076317;-472,73416113;-57,53283153;-17,18385477;-6,08019802;38,0669564;36,85783927;368,57619711;57,53283153;-6,51371701;-38,0669564;-6,08019802;-16,59076317;-57,53283153;472,73416113;-17,18385477;38,0669564;6,08019802;36,85783927;57,53283153;-368,57619711;-6,51371701;38,0669564;6,08019802;16,59076317;57,53283153;472,73416113;17,18385477;38,0669564;6,08019802;36,85783927;57,53283153;368,57619711;6,51371701
300011;COMBO;beam_y;80x80;-0,0;0,0;-28,19650839;-325,64339014;140,83802557;0,0;0,0;0,0;67,82065717;-40,18201066;-140,83802557;0,0;0,0;0,0;-28,19650839;140,83802557;325,64339014;0,0;0,0;-0,0;67,82065717;-140,83802557;40,18201066;0,0;0,0;0,0;28,19650839;140,83802557;325,64339014;0,0;0,0;0,0;67,82065717;140,83802557;40,18201066;0,0
300012;COMBO;beam_y;80x80;14,81718398;29,34978607;-341,57256727;8,95102673;-186,65150447;-19,21263084;-14,81718398;-29,34978607;361,85264342;-1380,63018757;186,65150447;-38,5743867;29,34978607;-14,81718398;-341,57256727;-186,65150447;-8,95102673;-19,21263084;-29,34978607;14,81718398;361,85264342;186,65150447;1380,63018757;-38,5743867;29,34978607;14,81718398;341,57256727;186,65150447;8,95102673;19,21263084;29,34978607;14,81718398;361,85264342;186,65150447;1380,63018757;38,5743867
300013;COMBO;beam_y;80x80;1793,66478111;-313,60045388;-2916,03301809;-3076,03682139;242,92081527;-430,78334016;-1793,66478111;313,60045388;2917,93102522;2011,33838348;-242,92081527;-223,90430495;-313,60045388;-1793,66478111;-2916,03301809;242,92081527;3076,03682139;-430,78334016;313,60045388;1793,66478111;2917,93102522;-242,92081527;-2011,33838348;-223,90430495;313,60045388;1793,66478111;2916,03301809;242,92081527;3076,03682139;430,78334016;313,60045388;1793,66478111;2917,93102522;242,92081527;2011,33838348;223,90430495
300014;COMBO;beam_y;80x80;394,08427566;272,91835788;-2771,64588012;-1954,3757958;456,73473401;-169,52844716;-394,08427566;-272,91835788;2772,42588305;1538,57041356;-456,73473401;110,41580581;272,91835788;-394,08427566;-2771,64588012;456,73473401;1954,3757958;-169,52844716;-272,91835788;394,08427566;2772,42588305;-456,73473401;-1538,57041356;110,41580581;272,91835788;394,08427566;2771,64588012;456,73473401;1954,3757958;169,52844716;272,91835788;394,08427566;2772,42588305;456,73473401;1538,57041356;110,41580581
300015;COMBO;beam_y;80x80;-165,03275468;-43,32037427;-3568,10859015;-2161,37582953;391,35573472;100,19577444;165,03275468;43,32037427;3573,0226086;-1212,80866188;-391,35573472;55,76017873;-43,32037427;165,03275468;-3568,10859015;391,35573472;2161,37582953;100,19577444;43,32037427;-165,03275468;3573,0226086;-391,35573472;1212,80866188;55,76017873;43,32037427;165,03275468;3568,10859015;391,35573472;2161,37582953;100,19577444;43,32037427;165,03275468;3573,0226086;391,35573472;1212,80866188;55,76017873
300016;COMBO;beam_y;80x80;-458,93278915;-148,48159077;-948,1777325;1048,41630085;184,39202676;76,23310734;458,93278915;148,48159077;948,95773543;-1190,70146094;-184,39202676;-7,39318897;-148,48159077;458,93278915;-948,1777325;184,39202676;-1048,41630085;76,23310734;148,48159077;-458,93278915;948,95773543;-184,39202676;1190,70146094;-7,39318897;148,48159077;458,93278915;948,1777325;184,39202676;1048,41630085;76,23310734;148,48159077;458,93278915;948,95773543;184,39202676;1190,70146094;7,39318897
300017;COMBO;beam_y;80x80;-1610,74162313;313,50838041;-1194,30900338;1156,43810223;-36,74327658;329,15658839;1610,74162313;-313,50838041;1196,22001055;-1595,69780854;36,74327658;262,79095811;313,50838041;1610,74162313;-1194,30900338;-36,74327658;-1156,43810223;329,15658839;-313,50838041;-1610,74162313;1196,22001055;36,74327658;1595,69780854;262,79095811;313,50838041;1610,74162313;1194,30900338;36,74327658;1156,43810223;329,15658839;313,50838041;1610,74162313;1196,22001055;36,74327658;1595,69780854;262,79095811
300018;COMBO;beam_y;80x80;6,62120102;-29,56108526;20,67936968;-301,36141434;-48,52007879;-16,03191335;-6,62120102;29,56108526;-0,41229358;342,46379312;48,52007879;-9,77421762;-29,56108526;-6,62120102;20,67936968;-48,52007879;301,36141434;-16,03191335;29,56108526;6,62120102;-0,41229358;48,52007879;-342,46379312;-9,77421762;29,56108526;6,62120102;20,67936968;48,52007879;301,36141434;16,03191335;29,56108526;6,62120102;0,41229358;48,52007879;342,46379312;9,77421762
300019;COMBO;beam_y;80x80;-0,0;0,0;-19,4812182;-302,53254926;105,59065407;0,0;0,0;0,0;59,10536699;3,1176597;-105,59065407;0,0;0,0;0,0;-19,4812182;105,59065407;302,53254926;0,0;0,0;-0,0;59,10536699;-105,59065407;-3,1176597;0,0;0,0;0,0;19,4812182;105,59065407;302,53254926;0,0;0,0;0,0;59,10536699;105,59065407;3,1176597;0,0
300020;COMBO;beam_y;80x80;9,33561979;29,2911921;-318,99885555;-34,97685779;-204,26292179;-13,01716262;-9,33561979;-29,2911921;339,2789317;-1248,66482734;204,26292179;-23,39175456;29,2911921;-9,33561979;-318,99885555;-204,26292179;34,97685779;-13,01716262;-29,2911921;9,33561979;339,2789317;204,26292179;1248,66482734;-23,39175456;29,2911921;9,33561979;318,99885555;204,26292179;34,97685779;13,01716262;29,2911921;9,33561979;339,2789317;204,26292179;1248,66482734;23,39175456
300021;COMBO;beam_y;80x80;-742,02012007;-312,97438132;-1604,02364156;-2124,78422549;144,99138066;79,99276977;742,02012007;312,97438132;1605,92164869;1538,96921002;-144,99138066;190,84457406;-312,97438132;742,02012007;-1604,02364156;144,99138066;2124,78422549;79,99276977;312,97438132;-742,02012007;1605,92164869;-144,99138066;-1538,96921002;190,84457406;312,97438132;742,02012007;1604,02364156;144,99138066;2124,78422549;79,99276977;312,97438132;742,02012007;1605,92164869;144,99138066;1538,96921002;190,84457406
300022;COMBO;beam_y;80x80;627,04928222;231,86228475;-1741,38995731;-1443,47880592;8,15436441;-219,89490113;-627,04928222;-231,86228475;1742,16996023;1182,2118121;-8,15436441;125,83750879;231,86228475;-627,04928222;-1741,38995731;8,15436441;1443,47880592;-219,89490113;-231,86228475;627,04928222;1742,16996023;-8,15436441;-1182,2118121;125,83750879;231,86228475;627,04928222;1741,38995731;8,15436441;1443,47880592;219,89490113;231,86228475;627,04928222;1742,16996023;8,15436441;1182,2118121;125,83750879
300023;COMBO;beam_y;80x80;-204,37750155;-36,80353726;-2560,26520564;-1676,25770174;633,97390004;124,00744964;204,37750155;36,80353726;2565,17922409;-745,5147913;-633,97390004;69,12928933;-36,80353726;204,37750155;-2560,26520564;633,97390004;1676,25770174;124,00744964;36,80353726;-204,37750155;2565,17922409;-633,97390004;745,5147913;69,12928933;36,80353726;204,37750155;2560,26520564;633,97390004;1676,25770174;124,00744964;36,80353726;204,37750155;2565,17922409;633,97390004;745,5147913;69,12928933
300024;COMBO;beam_y;80x80;-452,63065358;-78,12074899;286,54545786;529,95895767;162,55139899;41,53954552;452,63065358;78,12074899;-285,76545493;-487,03563921;-162,55139899;26,35505252;-78,12074899;452,63065358;286,54545786;162,55139899;-529,95895767;41,53954552;78,12074899;-452,63065358;-285,76545493;-162,55139899;487,03563921;26,35505252;78,12074899;452,63065358;286,54545786;162,55139899;529,95895767;41,53954552;78,12074899;452,63065358;285,76545493;162,55139899;487,03563921;26,35505252
300025;COMBO;beam_y;80x80;799,38150487;464,09359822;95,84482163;492,58294024;-14,40949739;-187,74700059;-799,38150487;-464,09359822;-93,93381446;-457,71111585;14,40949739;-106,02570245;464,09359822;-799,38150487;95,84482163;-14,40949739;-492,58294024;-187,74700059;-464,09359822;799,38150487;-93,93381446;14,40949739;457,71111585;-106,02570245;464,09359822;799,38150487;95,84482163;14,40949739;492,58294024;187,74700059;464,09359822;799,38150487;93,93381446;14,40949739;457,71111585;106,02570245
300026;COMBO;beam_y;80x80;-7,16058908;-43,759948;71,04643556;-65,30575626;-6,04973732;17,80699811;7,16058908;43,759948;-50,77935946;302,71377429;6,04973732;10,10139784;-43,759948;7,16058908;71,04643556;-6,04973732;65,30575626;17,80699811;43,759948;-7,16058908;-50,77935946;6,04973732;-302,71377429;10,10139784;43,759948;7,16058908;71,04643556;6,04973732;65,30575626;17,80699811;43,759948;7,16058908;50,77935946;6,04973732;302,71377429;10,10139784
300027;COMBO;beam_y;80x80;0,0;0,0;-8,63997743;-264,65964299;84,06547738;-0,0;-0,0;0,0;48,26412622;47,85500807;-84,06547738;-0,0;0,0;-0,0;-8,63997743;84,06547738;264,65964299;-0,0;0,0;0,0;48,26412622;-84,06547738;-47,85500807;-0,0;0,0;0,0;8,63997743;84,06547738;264,65964299;0,0;0,0;0,0;48,26412622;84,06547738;47,85500807;0,0
300028;COMBO;beam_y;80x80;2,12397127;24,85101844;-282,4684383;-85,28078914;-166,82251958;-3,61954458;-2,12397127;-24,85101844;302,74851445;-1055,89226873;166,82251958;-4,66394335;24,85101844;-2,12397127;-282,4684383;-166,82251958;85,28078914;-3,61954458;-24,85101844;2,12397127;302,74851445;166,82251958;1055,89226873;-4,66394335;24,85101844;2,12397127;282,4684383;166,82251958;85,28078914;3,61954458;24,85101844;2,12397127;302,74851445;166,82251958;1055,89226873;4,66394335
300029;COMBO;beam_y;80x80;-1519,23090039;-265,53142996;-579,20130068;-1182,38443224;-95,12283305;271,67997469;1519,23090039;265,53142996;581,09930781;970,62957119;95,12283305;282,83930396;-265,53142996;1519,23090039;-579,20130068;-95,12283305;1182,38443224;271,67997469;265,53142996;-1519,23090039;581,09930781;95,12283305;-970,62957119;282,83930396;265,53142996;1519,23090039;579,20130068;95,12283305;1182,38443224;271,67997469;265,53142996;1519,23090039;581,09930781;95,12283305;970,62957119;282,83930396
300030;COMBO;beam_y;80x80;635,24147399;166,68189278;-814,78249993;-836,96129049;-349,6177746;-197,00206389;-635,24147399;-166,68189278;815,56250286;714,68541528;349,6177746;101,7158428;166,68189278;-635,24147399;-814,78249993;-349,6177746;836,96129049;-197,00206389;-166,68189278;635,24147399;815,56250286;349,6177746;-714,68541528;101,7158428;166,68189278;635,24147399;814,78249993;349,6177746;836,96129049;197,00206389;166,68189278;635,24147399;815,56250286;349,6177746;714,68541528;101,7158428
300031;COMBO;beam_y;80x80;-176,95895512;-26,4574433;-1351,73396061;-1050,02913066;555,84200348;107,32087667;176,95895512;26,4574433;1356,64797906;-229,68133583;-555,84200348;59,90533592;-26,4574433;176,95895512;-1351,73396061;555,84200348;1050,02913066;107,32087667;26,4574433;-176,95895512;1356,64797906;-555,84200348;229,68133583;59,90533592;26,4574433;176,95895512;1351,73396061;555,84200348;1050,02913066;107,32087667;26,4574433;176,95895512;1356,64797906;555,84200348;229,68133583;59,90533592
300032;COMBO;beam_y;80x80;-491,05859891;-5,89725807;952,82175877;316,39917242;390,92456909;17,98216085;491,05859891;5,89725807;-952,04175584;-173,53440883;-390,92456909;55,67662899;-5,89725807;491,05859891;952,82175877;390,92456909;-316,39917242;17,98216085;5,89725807;-491,05859891;-952,04175584;-390,92456909;173,53440883;55,67662899;5,89725807;491,05859891;952,82175877;390,92456909;316,39917242;17,98216085;5,89725807;491,05859891;952,04175584;390,92456909;173,53440883;55,67662899
300033;COMBO;beam_y;80x80;-338,13049711;-117,52980059;688,8436672;224,7807035;-211,0586183;37,55490839;338,13049711;117,52980059;-686,93266002;28,01819663;211,0586183;86,7080493;-117,52980059;338,13049711;688,8436672;-211,0586183;-224,7807035;37,55490839;117,52980059;-338,13049711;-686,93266002;211,0586183;-28,01819663;86,7080493;117,52980059;338,13049711;688,8436672;211,0586183;224,7807035;37,55490839;117,52980059;338,13049711;686,93266002;211,0586183;28,01819663;86,7080493
300034;COMBO;beam_y;80x80;-3,6203627;11,08202738;109,69264603;85,33241553;40,29693821;9,37253644;3,6203627;-11,08202738;-89,42556993;302,69920781;-40,29693821;4,73782719;11,08202738;3,6203627;109,69264603;40,29693821;-85,33241553;9,37253644;-11,08202738;-3,6203627;-89,42556993;-40,29693821;-302,69920781;4,73782719;11,08202738;3,6203627;109,69264603;40,29693821;85,33241553;9,37253644;11,08202738;3,6203627;89,42556993;40,29693821;302,69920781;4,73782719
300035;COMBO;beam_y;80x80;0,0;0,0;0,58393732;-233,00441862;70,51981701;0,0;0,0;0,0;39,04021147;86,4860141;-70,51981701;0,0;0,0;0,0;0,58393732;70,51981701;233,00441862;0,0;0,0;0,0;39,04021147;-70,51981701;-86,4860141;0,0;0,0;0,0;0,58393732;70,51981701;233,00441862;0,0;0,0;0,0;39,04021147;70,51981701;86,4860141;0,0
300036;COMBO;beam_y;80x80;-3,4890344;42,38050367;-266,79413004;-173,08831453;-173,56820647;5,12760779;3,4890344;-42,38050367;287,07420619;-906,95494112;173,56820647;8,47962637;42,38050367;3,4890344;-266,79413004;-173,56820647;173,08831453;5,12760779;-42,38050367;-3,4890344;287,07420619;173,56820647;906,95494112;8,47962637;42,38050367;3,4890344;266,79413004;173,56820647;173,08831453;5,12760779;42,38050367;3,4890344;287,07420619;173,56820647;906,95494112;8,47962637
300037;COMBO;beam_y;80x80;816,38855049;-452,83277889;597,70580161;-192,74831983;272,39127298;-131,08286596;-816,38855049;452,83277889;-595,80779448;410,56455111;-272,39127298;-166,89895497;-452,83277889;-816,38855049;597,70580161;272,39127298;192,74831983;-131,08286596;452,83277889;816,38855049;-595,80779448;-272,39127298;-410,56455111;-166,89895497;452,83277889;816,38855049;597,70580161;272,39127298;192,74831983;131,08286596;452,83277889;816,38855049;595,80779448;272,39127298;410,56455111;166,89895497
300038;COMBO;beam_y;80x80;589,51780907;96,13345746;250,39724386;-234,78619452;-587,72251481;-169,73994537;-589,51780907;-96,13345746;-249,61724093;272,28728087;587,72251481;81,31227401;96,13345746;-589,51780907;250,39724386;-587,72251481;234,78619452;-169,73994537;-96,13345746;589,51780907;-249,61724093;587,72251481;-272,28728087;81,31227401;96,13345746;589,51780907;250,39724386;587,72251481;234,78619452;169,73994537;96,13345746;589,51780907;249,61724093;587,72251481;272,28728087;81,31227401
300039;COMBO;beam_y;80x80;-148,94456577;-15,25927896;-155,31468541;-429,00336214;344,21091692;90,30108664;148,94456577;15,25927896;160,22870386;279,90911071;-344,21091692;50,45152801;-15,25927896;148,94456577;-155,31468541;344,21091692;429,00336214;90,30108664;15,25927896;-148,94456577;160,22870386;-344,21091692;-279,90911071;50,45152801;15,25927896;148,94456577;155,31468541;344,21091692;429,00336214;90,30108664;15,25927896;148,94456577;160,22870386;344,21091692;279,90911071;50,45152801
300040;COMBO;beam_x;60x80;0,0;0,0;-72,09755436;3,03868703;145,46202662;0,0;0,0;-0,0;109,49649186;-3,03868703;195,02681003;0,0;0,0;0,0;-72,09755436;3,03868703;145,46202662;0,0;0,0;-0,0;109,49649186;-3,03868703;195,02681003;0,0;0,0;0,0;72,09755436;3,03868703;145,46202662;0,0;0,0;0,0;109,49649186;3,03868703;195,02681003;0,0
300041;COMBO;beam_x;60x80;-299,78317393;57,50975236;-230,32699346;151,2608994;-118,98421666;2,36067738;299,78317393;-57,50975236;249,27578846;-151,2608994;574,60685948;106,90785211;-299,78317393;57,50975236;-230,32699346;151,2608994;-118,98421666;2,36067738;299,78317393;-57,50975236;249,27578846;-151,2608994;574,60685948;106,90785211;299,78317393;57,50975236;230,32699346;151,2608994;118,98421666;2,36067738;299,78317393;57,50975236;249,27578846;151,2608994;574,60685948;106,90785211
300042;COMBO;beam_x;60x80;307,88542188;290,64204979;-104,65416879;-196,3736891;188,84247969;322,53028309;-307,88542188;-290,64204979;123,10431129;196,3736891;21,83411437;215,15750903;307,88542188;290,64204979;-104,65416879;-196,3736891;188,84247969;322,53028309;-307,88542188;-290,64204979;123,10431129;196,3736891;21,83411437;215,15750903;307,88542188;290,64204979;104,65416879;196,3736891;188,84247969;322,53028309;307,88542188;290,64204979;123,10431129;196,3736891;21,83411437;215,15750903
300043;COMBO;beam_x;60x80;0,0;-0,0;-67,10660016;0,58508303;154,41221654;-0,0;0,0;0,0;104,50553766;-0,58508303;167,36054186;-0,0;0,0;-0,0;-67,10660016;0,58508303;154,41221654;-0,0;0,0;0,0;104,50553766;-0,58508303;167,36054186;-0,0;0,0;0,0;67,10660016;0,58508303;154,41221654;0,0;0,0;0,0;104,50553766;0,58508303;167,36054186;0,0
300044;COMBO;beam_x;60x80;-202,96337626;25,61291423;-223,7478317;153,51865064;-80,50490869;-9,07125906;202,96337626;-25,61291423;242,6966267;-153,51865064;523,62714417;57,7357961;-202,96337626;25,61291423;-223,7478317;153,51865064;-80,50490869;-9,07125906;202,96337626;-25,61291423;242,6966267;-153,51865064;523,62714417;57,7357961;202,96337626;25,61291423;223,7478317;153,51865064;80,50490869;9,07125906;202,96337626;25,61291423;242,6966267;153,51865064;523,62714417;57,7357961
300045;COMBO;beam_x;60x80;208,44887291;197,78837587;-356,30078866;-82,27943568;285,71801077;217,2605733;-208,44887291;-197,78837587;374,75093116;82,27943568;390,50483006;148,64792206;208,44887291;197,78837587;-356,30078866;-82,27943568;285,71801077;217,2605733;-208,44887291;-197,78837587;374,75093116;82,27943568;390,50483006;148,64792206;208,44887291;197,78837587;356,30078866;82,27943568;285,71801077;217,2605733;208,44887291;197,78837587;374,75093116;82,27943568;390,50483006;148,64792206
300046;COMBO;beam_x;60x80;0,0;0,0;-64,17629393;-0,99727422;167,42844534;0,0;0,0;-0,0;101,57523143;0,99727422;143,35566472;0,0;0,0;0,0;-64,17629393;-0,99727422;167,42844534;0,0;0,0;-0,0;101,57523143;0,99727422;143,35566472;0,0;0,0;0,0;64,17629393;0,99727422;167,42844534;0,0;0,0;0,0;101,57523143;0,99727422;143,35566472;0,0
300047;COMBO;beam_x;60x80;-219,78133131;30,92293858;-238,41113541;97,40801116;-66,038603;6,41878701;219,78133131;-30,92293858;257,35993041;-97,40801116;537,02111552;52,3347963;-219,78133131;30,92293858;-238,41113541;97,40801116;-66,038603;6,41878701;219,78133131;-30,92293858;257,35993041;-97,40801116;537,02111552;52,3347963;219,78133131;30,92293858;238,41113541;97,40801116;66,038603;6,41878701;219,78133131;30,92293858;257,35993041;97,40801116;537,02111552;52,3347963
300048;COMBO;beam_x;60x80;225,72136729;121,50976454;-209,67821857;-34,26335871;183,83578283;135,97502346;-225,72136729;-121,50976454;228,12836107;34,26335871;221,13530334;88,81804094;225,72136729;121,50976454;-209,67821857;-34,26335871;183,83578283;135,97502346;-225,72136729;-121,50976454;228,12836107;34,26335871;221,13530334;88,81804094;225,72136729;121,50976454;209,67821857;34,26335871;183,83578283;135,97502346;225,72136729;121,50976454;228,12836107;34,26335871;221,13530334;88,81804094
300049;COMBO;beam_x;60x80;0,0;0,0;-65,50599362;7,8284173;196,87720533;0,0;0,0;-0,0;102,90493112;-7,8284173;118,89327854;0,0;0,0;0,0;-65,50599362;7,8284173;196,87720533;0,0;0,0;-0,0;102,90493112;-7,8284173;118,89327854;0,0;0,0;0,0;65,50599362;7,8284173;196,87720533;0,0;0,0;0,0;102,90493112;7,8284173;118,89327854;0,0
300050;COMBO;beam_x;60x80;-254,22175826;31,19253026;-261,82670561;31,35715823;-48,32599079;18,99555677;254,22175826;-31,19253026;280,77550061;-31,35715823;563,7980867;40,27025073;-254,22175826;31,19253026;-261,82670561;31,35715823;-48,32599079;18,99555677;254,22175826;-31,19253026;280,77550061;-31,35715823;563,7980867;40,27025073;254,22175826;31,19253026;261,82670561;31,35715823;48,32599079;18,99555677;254,22175826;31,19253026;280,77550061;31,35715823;563,7980867;40,27025073
300051;COMBO;beam_x;60x80;261,09261659;38,03084015;-154,24758392;5,54730103;125,46351568;46,10336998;-261,09261659;-38,03084015;172,69772642;-5,54730103;176,96089638;24,25368429;261,09261659;38,03084015;-154,24758392;5,54730103;125,46351568;46,10336998;-261,09261659;-38,03084015;172,69772642;-5,54730103;176,96089638;24,25368429;261,09261659;38,03084015;154,24758392;5,54730103;125,46351568;46,10336998;261,09261659;38,03084015;172,69772642;5,54730103;176,96089638;24,25368429
300052;COMBO;beam_x;60x80;0,0;0,0;-102,17849618;-10,45112608;379,46811847;0,0;0,0;-0,0;139,57743368;10,45112608;73,82425;0,0;0,0;0,0;-102,17849618;-10,45112608;379,46811847;0,0;0,0;-0,0;139,57743368;10,45112608;73,82425;0,0;0,0;0,0;102,17849618;10,45112608;379,46811847;0,0;0,0;0,0;139,57743368;10,45112608;73,82425;0,0
300053;COMBO;beam_x;60x80;-275,8310683;-38,75282051;-413,24349214;387,08594924;-57,0170843;-71,69544005;275,8310683;38,75282051;432,19228714;-387,08594924;860,18107462;-1,93491891;-275,8310683;-38,75282051;-413,24349214;387,08594924;-57,0170843;-71,69544005;275,8310683;38,75282051;432,19228714;-387,08594924;860,18107462;-1,93491891;275,8310683;38,75282051;413,24349214;387,08594924;57,0170843;71,69544005;275,8310683;38,75282051;432,19228714;387,08594924;860,18107462;1,93491891
300054;COMBO;beam_x;60x80;283,28596204;277,48591164;208,46666027;-16,00555114;-153,30945912;292,49743859;-283,28596204;-277,48591164;-190,01651777;16,00555114;-215,28748057;220,85149795;283,28596204;277,48591164;208,46666027;-16,00555114;-153,30945912;292,49743859;-283,28596204;-277,48591164;-190,01651777;16,00555114;-215,28748057;220,85149795;283,28596204;277,48591164;208,46666027;16,00555114;153,30945912;292,49743859;283,28596204;277,48591164;190,01651777;16,00555114;215,28748057;220,85149795
300055;COMBO;beam_x;60x80;0,0;-0,0;-139,36290089;-23,91350199;414,56832003;-0,0;0,0;0,0;176,76183839;23,91350199;178,16556614;-0,0;0,0;-0,0;-139,36290089;-23,91350199;414,56832003;-0,0;0,0;0,0;176,76183839;23,91350199;178,16556614;-0,0;0,0;0,0;139,36290089;23,91350199;414,56832003;0,0;0,0;0,0;176,76183839;23,91350199;178,16556614;0,0
300056;COMBO;beam_x;60x80;-410,17054666;-82,66600328;-462,18709848;416,09217355;-153,17630966;-92,81749811;410,17054666;82,66600328;481,13589348;-416,09217355;1049,33315201;-64,24790813;-410,17054666;-82,66600328;-462,18709848;416,09217355;-153,17630966;-92,81749811;410,17054666;82,66600328;481,13589348;-416,09217355;1049,33315201;-64,24790813;410,17054666;82,66600328;462,18709848;416,09217355;153,17630966;92,81749811;410,17054666;82,66600328;481,13589348;416,09217355;1049,33315201;64,24790813
300057;COMBO;beam_x;60x80;421,25623711;185,99981873;181,93559224;56,96258769;-105,70054509;186,72070286;-421,25623711;-185,99981873;-163,48544974;-56,96258769;-213,81391874;157,3789618;421,25623711;185,99981873;181,93559224;56,96258769;-105,70054509;186,72070286;-421,25623711;-185,99981873;-163,48544974;-56,96258769;-213,81391874;157,3789618;421,25623711;185,99981873;181,93559224;56,96258769;105,70054509;186,72070286;421,25623711;185,99981873;163,48544974;56,96258769;213,81391874;157,3789618
300058;COMBO;beam_x;60x80;0,0;0,0;-143,74644231;-24,37393757;419,41239588;0,0;0,0;-0,0;181,14537981;24,37393757;189,75977061;0,0;0,0;0,0;-143,74644231;-24,37393757;419,41239588;0,0;0,0;-0,0;181,14537981;24,37393757;189,75977061;0,0;0,0;0,0;143,74644231;24,37393757;419,41239588;0,0;0,0;0,0;181,14537981;24,37393757;189,75977061;0,0
300059;COMBO;beam_x;60x80;-400,68554503;-84,06387421;-462,01676454;386,73644244;-156,37993186;-82,52806782;400,68554503;84,06387421;480,96555954;-386,73644244;1052,21313973;-77,19329318;-400,68554503;-84,06387421;-462,01676454;386,73644244;-156,37993186;-82,52806782;400,68554503;84,06387421;480,96555954;-386,73644244;1052,21313973;-77,19329318;400,68554503;84,06387421;462,01676454;386,73644244;156,37993186;82,52806782;400,68554503;84,06387421;480,96555954;386,73644244;1052,21313973;77,19329318
300060;COMBO;beam_x;60x80;411,51488408;109,07546186;-99,81786148;95,4904041;64,8924093;103,63428109;-411,51488408;-109,07546186;118,26800398;-95,4904041;136,83701625;98,15532335;411,51488408;109,07546186;-99,81786148;95,4904041;64,8924093;103,63428109;-411,51488408;-109,07546186;118,26800398;-95,4904041;136,83701625;98,15532335;411,51488408;109,07546186;99,81786148;95,4904041;64,8924093;103,63428109;411,51488408;109,07546186;118,26800398;95,4904041;136,83701625;98,15532335
300061;COMBO;beam_x;60x80;0,0;0,0;-123,63102641;-14,52327996;385,88611065;0,0;0,0;-0,0;161,02996391;14,52327996;147,85324621;0,0;0,0;0,0;-123,63102641;-14,52327996;385,88611065;0,0;0,0;-0,0;161,02996391;14,52327996;147,85324621;0,0;0,0;0,0;123,63102641;14,52327996;385,88611065;0,0;0,0;0,0;161,02996391;14,52327996;147,85324621;0,0
300062;COMBO;beam_x;60x80;-364,30810492;-85,09954244;-428,99211664;332,20998808;-108,89915998;-71,0850538;364,30810492;85,09954244;447,94091164;-332,20998808;941,98553684;-90,60407684;-364,30810492;-85,09954244;-428,99211664;332,20998808;-108,89915998;-71,0850538;364,30810492;85,09954244;447,94091164;-332,20998808;941,98553684;-90,60407684;364,30810492;85,09954244;428,99211664;332,20998808;108,89915998;71,0850538;364,30810492;85,09954244;447,94091164;332,20998808;941,98553684;90,60407684
300063;COMBO;beam_x;60x80;374,15426992;26,29319397;-198,03274499;133,6682807;128,93201849;14,29792233;-374,15426992;-26,29319397;216,48288749;-133,6682807;254,49494155;34,34448652;374,15426992;26,29319397;-198,03274499;133,6682807;128,93201849;14,29792233;-374,15426992;-26,29319397;216,48288749;-133,6682807;254,49494155;34,34448652;374,15426992;26,29319397;198,03274499;133,6682807;128,93201849;14,29792233;374,15426992;26,29319397;216,48288749;133,6682807;254,49494155;34,34448652
300064;COMBO;beam_y;60x80;-92,10950404;-784,87409843;-175,26203035;-231,37528224;-105,74787709;163,03651164;92,10950404;784,87409843;241,07086295;-523,22808687;105,74787709;170,86044052;-784,87409843;92,10950404;-175,26203035;-105,74787709;231,37528224;163,03651164;784,87409843;-92,10950404;241,07086295;105,74787709;523,22808687;170,86044052;784,87409843;92,10950404;175,26203035;105,74787709;231,37528224;163,03651164;784,87409843;92,10950404;241,07086295;105,74787709;523,22808687;170,86044052
300065;COMBO;beam_y;60x80;-83,89503452;73,15102416;-441,97666818;-781,2746426;-18,18743446;148,14685742;83,89503452;-73,15102416;507,78550078;-940,16928865;18,18743446;155,97264272;73,15102416;83,89503452;-441,97666818;-18,18743446;781,2746426;148,14685742;-73,15102416;-83,89503452;507,78550078;18,18743446;940,16928865;155,97264272;73,15102416;83,89503452;441,97666818;18,18743446;781,2746426;148,14685742;73,15102416;83,89503452;507,78550078;18,18743446;940,16928865;155,97264272
300066;COMBO;beam_y;60x80;-278,38099518;-330,19340941;-313,93460329;-353,08571848;-55,17859505;492,67263481;278,38099518;330,19340941;379,74343589;-904,20572752;55,17859505;516,45847273;-330,19340941;278,38099518;-313,93460329;-55,17859505;353,08571848;492,67263481;330,19340941;-278,38099518;379,74343589;55,17859505;904,20572752;516,45847273;330,19340941;278,38099518;313,93460329;55,17859505;353,08571848;492,67263481;330,19340941;278,38099518;379,74343589;55,17859505;904,20572752;516,45847273
300067;COMBO;beam_y;60x80;48,35336563;166,16567759;-98,04822617;-228,78066525;12,22614162;-72,08317688;-48,35336563;-166,16567759;171,41330632;-370,77124456;-12,22614162;-143,08930019;166,16567759;-48,35336563;-98,04822617;12,22614162;228,78066525;-72,08317688;-166,16567759;48,35336563;171,41330632;-12,22614162;370,77124456;-143,08930019;166,16567759;48,35336563;98,04822617;12,22614162;228,78066525;72,08317688;166,16567759;48,35336563;171,41330632;12,22614162;370,77124456;143,08930019
300068;COMBO;beam_y;60x80;-95,64582866;-354,08463234;-454,02713162;-434,44603463;-16,58401716;141,89969771;95,64582866;354,08463234;504,72322633;-1039,63264072;16,58401716;152,21122542;-354,08463234;95,64582866;-454,02713162;-16,58401716;434,44603463;141,89969771;354,08463234;-95,64582866;504,72322633;16,58401716;1039,63264072;152,21122542;354,08463234;95,64582866;454,02713162;16,58401716;434,44603463;141,89969771;354,08463234;95,64582866;504,72322633;16,58401716;1039,63264072;152,21122542
300069;COMBO;beam_y;60x80;-212,40598419;-289,24632304;-304,52624548;-227,97396717;-143,28168973;377,14225343;212,40598419;289,24632304;367,68889548;-990,41597583;143,28168973;392,82943925;-289,24632304;212,40598419;-304,52624548;-143,28168973;227,97396717;377,14225343;289,24632304;-212,40598419;367,68889548;143,28168973;990,41597583;392,82943925;289,24632304;212,40598419;304,52624548;143,28168973;227,97396717;377,14225343;289,24632304;212,40598419;367,68889548;143,28168973;990,41597583;392,82943925
300070;COMBO;beam_y;60x80;-82,67019004;-343,45680013;-361,3133183;-483,88796215;-99,0923616;177,49911857;82,67019004;343,45680013;446,4166783;-1313,31128028;99,0923616;190,38322713;-343,45680013;82,67019004;-361,3133183;-99,0923616;483,88796215;177,49911857;343,45680013;-82,67019004;446,4166783;99,0923616;1313,31128028;190,38322713;343,45680013;82,67019004;361,3133183;99,0923616;483,88796215;177,49911857;343,45680013;82,67019004;446,4166783;99,0923616;1313,31128028;190,38322713
300071;COMBO;beam_x;60x80;0,0;-0,0;40,25720802;125,97332057;-410,37663536;0,0;0,0;0,0;14,20523666;-125,97332057;442,81133969;0,0;0,0;0,0;40,25720802;-125,97332057;410,37663536;0,0;0,0;-0,0;14,20523666;125,97332057;-442,81133969;0,0;0,0;0,0;40,25720802;125,97332057;410,37663536;0,0;0,0;0,0;14,20523666;125,97332057;442,81133969;0,0
300072;COMBO;beam_x;60x80;-0,0;0,0;-423,78415093;240,00354128;-542,11928023;-0,0;0,0;-0,0;478,68404496;-240,00354128;-590,47830561;-0,0;0,0;-0,0;-423,78415093;-240,00354128;542,11928023;-0,0;0,0;0,0;478,68404496;240,00354128;590,47830561;-0,0;0,0;0,0;423,78415093;240,00354128;542,11928023;0,0;0,0;0,0;478,68404496;240,00354128;590,47830561;0,0
300073;COMBO;beam_x;60x80;0,0;-0,0;-150,09346075;33,88842261;-772,28829774;0,0;0,0;0,0;208,03701369;-33,88842261;326,41585706;0,0;0,0;0,0;-150,09346075;-33,88842261;772,28829774;0,0;0,0;-0,0;208,03701369;33,88842261;-326,41585706;0,0;0,0;0,0;150,09346075;33,88842261;772,28829774;0,0;0,0;0,0;208,03701369;33,88842261;326,41585706;0,0
300074;COMBO;beam_x;60x80;-0,0;0,0;-509,43282995;474,28359006;-394,01858317;-0,0;0,0;-0,0;567,84179295;-474,28359006;-957,96106857;-0,0;0,0;-0,0;-509,43282995;-474,28359006;394,01858317;-0,0;0,0;0,0;567,84179295;474,28359006;957,96106857;-0,0;0,0;0,0;509,43282995;474,28359006;394,01858317;0,0;0,0;0,0;567,84179295;474,28359006;957,96106857;0,0
300075;COMBO;beam_x;60x80;0,0;-0,0;-152,72856764;312,62221301;-521,08153901;0,0;0,0;0,0;219,21556764;-312,62221301;-408,77879921;0,0;0,0;0,0;-152,72856764;-312,62221301;521,08153901;0,0;0,0;-0,0;219,21556764;312,62221301;408,77879921;0,0;0,0;0,0;152,72856764;312,62221301;521,08153901;0,0;0,0;0,0;219,21556764;312,62221301;408,77879921;0,0
300076;COMBO;beam_x;60x80;-0,0;0,0;-8,88308879;135,44038814;-216,67985465;-0,0;0,0;-0,0;75,37008879;-135,44038814;6,04691068;-0,0;0,0;-0,0;-8,88308879;-135,44038814;216,67985465;-0,0;0,0;0,0;75,37008879;135,44038814;-6,04691068;-0,0;0,0;0,0;8,88308879;135,44038814;216,67985465;0,0;0,0;0,0;75,37008879;135,44038814;6,04691068;0,0
300077;COMBO;beam_x;60x80;-0,0;0,0;-189,48276555;205,51490962;-708,21274361;-0,0;0,0;-0,0;322,45676555;-205,51490962;-571,63608413;-0,0;0,0;-0,0;-189,48276555;-205,51490962;708,21274361;-0,0;0,0;0,0;322,45676555;205,51490962;571,63608413;-0,0;0,0;0,0;189,48276555;205,51490962;708,21274361;0,0;0,0;0,0;322,45676555;205,51490962;571,63608413;0,0
300078;COMBO;beam_x;60x80;-0,0;0,0;-144,05963324;272,7517971;-516,13523273;-0,0;0,0;-0,0;210,54663324;-272,7517971;-370,38043345;-0,0;0,0;-0,0;-144,05963324;-272,7517971;516,13523273;-0,0;0,0;0,0;210,54663324;272,7517971;370,38043345;-0,0;0,0;0,0;144,05963324;272,7517971;516,13523273;0,0;0,0;0,0;210,54663324;272,7517971;370,38043345;0,0
300079;COMBO;beam_x;60x80;-0,0;0,0;-33,88202487;86,75767128;-262,62051203;-0,0;0,0;-0,0;100,36902487;-86,75767128;-73,00711232;-0,0;0,0;-0,0;-33,88202487;-86,75767128;262,62051203;-0,0;0,0;0,0;100,36902487;86,75767128;73,00711232;-0,0;0,0;0,0;33,88202487;86,75767128;262,62051203;0,0;0,0;0,0;100,36902487;86,75767128;73,00711232;0,0
300080;COMBO;beam_x;60x80;-0,0;0,0;-191,01769563;183,83110828;-727,01105419;-0,0;0,0;-0,0;323,99169563;-183,83110828;-560,51242396;-0,0;0,0;-0,0;-191,01769563;-183,83110828;727,01105419;-0,0;0,0;0,0;323,99169563;183,83110828;560,51242396;-0,0;0,0;0,0;191,01769563;183,83110828;727,01105419;0,0;0,0;0,0;323,99169563;183,83110828;560,51242396;0,0
300081;COMBO;beam_x;60x80;-0,0;0,0;-139,50089639;279,31272514;-524,63333248;-0,0;0,0;-0,0;205,98789639;-279,31272514;-339,08864947;-0,0;0,0;-0,0;-139,50089639;-279,31272514;524,63333248;-0,0;0,0;0,0;205,98789639;279,31272514;339,08864947;-0,0;0,0;0,0;139,50089639;279,31272514;524,63333248;0,0;0,0;0,0;205,98789639;279,31272514;339,08864947;0,0
300082;COMBO;beam_x;60x80;0,0;-0,0;-55,32802811;43,28865736;-306,32461348;0,0;0,0;0,0;109,7904728;-43,28865736;100,75207985;0,0;0,0;0,0;-55,32802811;-43,28865736;306,32461348;0,0;0,0;-0,0;109,7904728;43,28865736;-100,75207985;0,0;0,0;0,0;55,32802811;43,28865736;306,32461348;0,0;0,0;0,0;109,7904728;43,28865736;100,75207985;0,0
300083;COMBO;beam_x;60x80;-0,0;0,0;-164,67788711;59,41827821;-92,06939131;-0,0;0,0;-0,0;219,57778115;-59,41827821;-390,17147236;-0,0;0,0;-0,0;-164,67788711;-59,41827821;92,06939131;-0,0;0,0;0,0;219,57778115;59,41827821;390,17147236;-0,0;0,0;0,0;164,67788711;59,41827821;92,06939131;0,0;0,0;0,0;219,57778115;59,41827821;390,17147236;0,0
300084;COMBO;beam_x;60x80;0,0;-0,0;-160,58016193;12,82417277;-698,88695293;0,0;0,0;0,0;218,52371487;-12,82417277;226,90262632;0,0;0,0;0,0;-160,58016193;-12,82417277;698,88695293;0,0;0,0;-0,0;218,52371487;12,82417277;-226,90262632;0,0;0,0;0,0;160,58016193;12,82417277;698,88695293;0,0;0,0;0,0;218,52371487;12,82417277;226,90262632;0,0
300085;COMBO;beam_x;60x80;-0,0;0,0;-469,24556763;309,82307402;-314,61372118;-0,0;0,0;-0,0;527,65453064;-309,82307402;-936,49590214;-0,0;0,0;-0,0;-469,24556763;-309,82307402;314,61372118;-0,0;0,0;0,0;527,65453064;309,82307402;936,49590214;-0,0;0,0;0,0;469,24556763;309,82307402;314,61372118;0,0;0,0;0,0;527,65453064;309,82307402;936,49590214;0,0
300086;COMBO;beam_x;60x80;0,0;-0,0;-151,56484671;225,07591192;-508,6296852;0,0;0,0;0,0;218,05184671;-225,07591192;-415,41204835;0,0;0,0;0,0;-151,56484671;-225,07591192;508,6296852;0,0;0,0;-0,0;218,05184671;225,07591192;415,41204835;0,0;0,0;0,0;151,56484671;225,07591192;508,6296852;0,0;0,0;0,0;218,05184671;225,07591192;415,41204835;0,0
300087;COMBO;beam_x;60x80;0,0;-0,0;-109,00792948;128,70556105;-452,94858799;0,0;0,0;0,0;224,82402832;-128,70556105;-381,63130651;0,0;0,0;0,0;-109,00792948;-128,70556105;452,94858799;0,0;0,0;-0,0;224,82402832;128,70556105;381,63130651;0,0;0,0;0,0;109,00792948;128,70556105;452,94858799;0,0;0,0;0,0;224,82402832;128,70556105;381,63130651;0,0
300088;COMBO;beam_x;60x80;0,0;-0,0;-207,08403725;167,85325952;-705,04676971;0,0;0,0;0,0;340,05803725;-167,85325952;-662,80841653;0,0;0,0;0,0;-207,08403725;-167,85325952;705,04676971;0,0;0,0;-0,0;340,05803725;167,85325952;662,80841653;0,0;0,0;0,0;207,08403725;167,85325952;705,04676971;0,0;0,0;0,0;340,05803725;167,85325952;662,80841653;0,0
300089;COMBO;beam_x;60x80;0,0;-0,0;-138,20450049;236,65212048;-489,33814536;0,0;0,0;0,0;204,69150049;-236,65212048;-367,90185709;0,0;0,0;0,0;-138,20450049;-236,65212048;489,33814536;0,0;0,0;-0,0;204,69150049;236,65212048;367,90185709;0,0;0,0;0,0;138,20450049;236,65212048;489,33814536;0,0;0,0;0,0;204,69150049;236,65212048;367,90185709;0,0
300090;COMBO;beam_x;60x80;0,0;-0,0;-59,92758751;107,64750239;-280,54372574;0,0;0,0;0,0;126,41458751;-107,64750239;-185,3117118;0,0;0,0;0,0;-59,92758751;-107,64750239;280,54372574;0,0;0,0;-0,0;126,41458751;107,64750239;185,3117118;0,0;0,0;0,0;59,92758751;107,64750239;280,54372574;0,0;0,0;0,0;126,41458751;107,64750239;185,3117118;0,0
300091;COMBO;beam_x;60x80;0,0;-0,0;-201,43965072;172,62477858;-726,93690059;0,0;0,0;0,0;334,41365072;-172,62477858;-612,69635303;0,0;0,0;0,0;-201,43965072;-172,62477858;726,93690059;0,0;0,0;-0,0;334,41365072;172,62477858;612,69635303;0,0;0,0;0,0;201,43965072;172,62477858;726,93690059;0,0;0,0;0,0;334,41365072;172,62477858;612,69635303;0,0
300092;COMBO;beam_x;60x80;0,0;-0,0;-137,29011619;259,96309433;-513,3735697;0,0;0,0;0,0;203,77711619;-259,96309433;-339,29451126;0,0;0,0;0,0;-137,29011619;-259,96309433;513,3735697;0,0;0,0;-0,0;203,77711619;259,96309433;339,29451126;0,0;0,0;0,0;137,29011619;259,96309433;513,3735697;0,0;0,0;0,0;203,77711619;259,96309433;339,29451126;0,0
300093;COMBO;beam_x;60x80;0,0;-0,0;118,14430571;28,54910066;-58,80948799;0,0;-0,0;0,0;-86,48160062;-28,54910066;345,28575685;0,0;0,0;0,0;118,14430571;-28,54910066;58,80948799;0,0;0,0;-0,0;-86,48160062;28,54910066;-345,28575685;0,0;0,0;0,0;118,14430571;28,54910066;58,80948799;0,0;0,0;0,0;86,48160062;28,54910066;345,28575685;0,0
300094;COMBO;beam_x;60x80;0,0;-0,0;-102,81128907;30,62527834;-337,697689;0,0;0,0;0,0;159,35183387;-30,62527834;-317,71011837;0,0;0,0;0,0;-102,81128907;-30,62527834;337,697689;0,0;0,0;-0,0;159,35183387;30,62527834;317,71011837;0,0;0,0;0,0;102,81128907;30,62527834;337,697689;0,0;0,0;0,0;159,35183387;30,62527834;317,71011837;0,0
300095;COMBO;beam_x;60x80;0,0;-0,0;261,15736346;-10,9816907;-31,03400053;0,0;-0,0;0,0;-195,86606566;10,9816907;670,8668013;0,0;0,0;0,0;261,15736346;10,9816907;31,03400053;0,0;0,0;-0,0;-195,86606566;-10,9816907;-670,8668013;0,0;0,0;0,0;261,15736346;10,9816907;31,03400053;0,0;0,0;0,0;195,86606566;10,9816907;670,8668013;0,0
300096;COMBO;beam_x;60x80;0,0;-0,0;-224,48329383;93,74355678;-688,63533799;0,0;0,0;0,0;341,07489703;-93,74355678;-725,26013915;0,0;0,0;0,0;-224,48329383;-93,74355678;688,63533799;0,0;0,0;-0,0;341,07489703;93,74355678;725,26013915;0,0;0,0;0,0;224,48329383;93,74355678;688,63533799;0,0;0,0;0,0;341,07489703;93,74355678;725,26013915;0,0
300097;COMBO;beam_x;60x80;0,0;-0,0;-148,6062476;185,13496918;-478,76707441;0,0;0,0;0,0;215,0932476;-185,13496918;-430,48166361;0,0;0,0;0,0;-148,6062476;-185,13496918;478,76707441;0,0;0,0;-0,0;215,0932476;185,13496918;430,48166361;0,0;0,0;0,0;148,6062476;185,13496918;478,76707441;0,0;0,0;0,0;215,0932476;185,13496918;430,48166361;0,0
300098;COMBO;beam_x;60x80;0,0;-0,0;-76,76944834;29,58452572;-389,62487985;0,0;0,0;0,0;230,25548569;-29,58452572;-377,93745522;0,0;0,0;0,0;-76,76944834;-29,58452572;389,62487985;0,0;0,0;-0,0;230,25548569;29,58452572;377,93745522;0,0;0,0;0,0;76,76944834;29,58452572;389,62487985;0,0;0,0;0,0;230,25548569;29,58452572;377,93745522;0,0
300099;COMBO;beam_x;60x80;0,0;-0,0;-212,07569644;96,21721547;-707,94817851;0,0;0,0;0,0;345,04969644;-96,21721547;-684,86530367;0,0;0,0;0,0;-212,07569644;-96,21721547;707,94817851;0,0;0,0;-0,0;345,04969644;96,21721547;684,86530367;0,0;0,0;0,0;212,07569644;96,21721547;707,94817851;0,0;0,0;0,0;345,04969644;96,21721547;684,86530367;0,0
300100;COMBO;beam_x;60x80;0,0;-0,0;-138,14879601;186,89478233;-472,48961868;0,0;0,0;0,0;204,63579601;-186,89478233;-384,47186135;0,0;0,0;0,0;-138,14879601;-186,89478233;472,48961868;0,0;0,0;-0,0;204,63579601;186,89478233;384,47186135;0,0;0,0;0,0;138,14879601;186,89478233;472,48961868;0,0;0,0;0,0;204,63579601;186,89478233;384,47186135;0,0
300101;COMBO;beam_x;60x80;0,0;-0,0;-80,72683379;30,00697105;-323,79997061;0,0;0,0;0,0;147,21383379;-30,00697105;-246,05169836;0,0;0,0;0,0;-80,72683379;-30,00697105;323,79997061;0,0;0,0;-0,0;147,21383379;30,00697105;246,05169836;0,0;0,0;0,0;80,72683379;30,00697105;323,79997061;0,0;0,0;0,0;147,21383379;30,00697105;246,05169836;0,0
300102;COMBO;beam_x;60x80;0,0;-0,0;-201,92420494;92,64557178;-711,81102482;0,0;0,0;0,0;334,89820494;-92,64557178;-630,24499987;0,0;0,0;0,0;-201,92420494;-92,64557178;711,81102482;0,0;0,0;-0,0;334,89820494;92,64557178;630,24499987;0,0;0,0;0,0;201,92420494;92,64557178;711,81102482;0,0;0,0;0,0;334,89820494;92,64557178;630,24499987;0,0
300103;COMBO;beam_x;60x80;0,0;-0,0;-135,37179586;196,24340387;-486,95917245;0,0;0,0;0,0;201,85879586;-196,24340387;-356,11730687;0,0;0,0;0,0;-135,37179586;-196,24340387;486,95917245;0,0;0,0;-0,0;201,85879586;196,24340387;356,11730687;0,0;0,0;0,0;135,37179586;196,24340387;486,95917245;0,0;0,0;0,0;201,85879586;196,24340387;356,11730687;0,0
300104;COMBO;beam_x;60x80;0,0;-0,0;-11,03606743;-80,74682043;-46,74446318;0,0;0,0;0,0;26,03351601;80,74682043;1,33422347;0,0;0,0;0,0;-11,03606743;80,74682043;46,74446318;0,0;0,0;-0,0;26,03351601;-80,74682043;-1,33422347;0,0;0,0;0,0;11,03606743;80,74682043;46,74446318;0,0;0,0;0,0;26,03351601;80,74682043;1,33422347;0,0
300105;COMBO;beam_x;60x80;0,0;-0,0;-23,38932436;-83,72483063;-101,96496131;0,0;0,0;0,0;53,38422152;83,72483063;7,9173676;0,0;0,0;0,0;-23,38932436;83,72483063;101,96496131;0,0;0,0;-0,0;53,38422152;-83,72483063;-7,9173676;0,0;0,0;0,0;23,38932436;83,72483063;101,96496131;0,0;0,0;0,0;53,38422152;83,72483063;7,9173676;0,0
300106;COMBO;beam_x;60x80;0,0;-0,0;-18,29659569;-55,59101143;-70,74580202;0,0;0,0;0,0;33,29404427;55,59101143;7,54726807;0,0;0,0;0,0;-18,29659569;55,59101143;70,74580202;0,0;0,0;-0,0;33,29404427;-55,59101143;-7,54726807;0,0;0,0;0,0;18,29659569;55,59101143;70,74580202;0,0;0,0;0,0;33,29404427;55,59101143;7,54726807;0,0
300107;COMBO;beam_x;60x80;0,0;-0,0;-109,38783018;-26,84619386;-339,81039404;0,0;0,0;0,0;175,87483018;26,84619386;-373,34625687;0,0;0,0;0,0;-109,38783018;26,84619386;339,81039404;0,0;0,0;-0,0;175,87483018;-26,84619386;373,34625687;0,0;0,0;0,0;109,38783018;26,84619386;339,81039404;0,0;0,0;0,0;175,87483018;26,84619386;373,34625687;0,0
300108;COMBO;beam_x;60x80;0,0;-0,0;-237,67850141;12,22711211;-723,73846838;0,0;0,0;0,0;370,65250141;-12,22711211;-797,08903866;0,0;0,0;0,0;-237,67850141;-12,22711211;723,73846838;0,0;0,0;-0,0;370,65250141;12,22711211;797,08903866;0,0;0,0;0,0;237,67850141;12,22711211;723,73846838;0,0;0,0;0,0;370,65250141;12,22711211;797,08903866;0,0
300109;COMBO;beam_x;60x80;0,0;-0,0;-155,39589095;110,83213597;-465,47542242;0,0;0,0;0,0;221,88289095;-110,83213597;-477,72153232;0,0;0,0;0,0;-155,39589095;-110,83213597;465,47542242;0,0;0,0;-0,0;221,88289095;110,83213597;477,72153232;0,0;0,0;0,0;155,39589095;110,83213597;465,47542242;0,0;0,0;0,0;221,88289095;110,83213597;477,72153232;0,0
300110;COMBO;beam_x;60x80;0,0;-0,0;-95,22063283;-3,76849746;-420,3164598;0,0;0,0;0,0;248,70667017;3,76849746;-439,50179771;0,0;0,0;0,0;-95,22063283;3,76849746;420,3164598;0,0;0,0;-0,0;248,70667017;-3,76849746;439,50179771;0,0;0,0;0,0;95,22063283;3,76849746;420,3164598;0,0;0,0;0,0;248,70667017;3,76849746;439,50179771;0,0
300111;COMBO;beam_x;60x80;0,0;-0,0;-229,05979201;28,62960696;-717,54390003;0,0;0,0;0,0;362,03379201;-28,62960696;-760,19006003;0,0;0,0;0,0;-229,05979201;-28,62960696;717,54390003;0,0;0,0;-0,0;362,03379201;28,62960696;760,19006003;0,0;0,0;0,0;229,05979201;28,62960696;717,54390003;0,0;0,0;0,0;362,03379201;28,62960696;760,19006003;0,0
300112;COMBO;beam_x;60x80;0,0;-0,0;-139,22410332;111,07369307;-434,52479819;0,0;0,0;0,0;205,71110332;-111,07369307;-427,8132184;0,0;0,0;0,0;-139,22410332;-111,07369307;434,52479819;0,0;0,0;-0,0;205,71110332;111,07369307;427,8132184;0,0;0,0;0,0;139,22410332;111,07369307;434,52479819;0,0;0,0;0,0;205,71110332;111,07369307;427,8132184;0,0
300113;COMBO;beam_x;60x80;-0,0;0,0;-93,94250986;-31,02734871;-357,29581016;-0,0;0,0;-0,0;160,42950986;31,02734871;-278,63423912;-0,0;0,0;-0,0;-93,94250986;31,02734871;357,29581016;-0,0;0,0;0,0;160,42950986;-31,02734871;278,63423912;-0,0;0,0;0,0;93,94250986;31,02734871;357,29581016;0,0;0,0;0,0;160,42950986;31,02734871;278,63423912;0,0
300114;COMBO;beam_x;60x80;-0,0;0,0;-206,04353873;17,59568986;-732,62039505;-0,0;0,0;-0,0;339,01753873;-17,59568986;-630,03229861;-0,0;0,0;-0,0;-206,04353873;-17,59568986;732,62039505;-0,0;0,0;0,0;339,01753873;17,59568986;630,03229861;-0,0;0,0;0,0;206,04353873;17,59568986;732,62039505;0,0;0,0;0,0;339,01753873;17,59568986;630,03229861;0,0
300115;COMBO;beam_x;60x80;-0,0;0,0;-132,20432822;123,32272804;-471,07524505;-0,0;0,0;-0,0;198,69132822;-123,32272804;-356,16389603;-0,0;0,0;-0,0;-132,20432822;-123,32272804;471,07524505;-0,0;0,0;0,0;198,69132822;123,32272804;356,16389603;-0,0;0,0;0,0;132,20432822;123,32272804;471,07524505;0,0;0,0;0,0;198,69132822;123,32272804;356,16389603;0,0
300116;COMBO;beam_x;60x80;0,0;0,0;10,76605629;-48,3780077;11,47402478;-0,0;0,0;-0,0;4,23139229;48,3780077;-3,46906138;-0,0;0,0;-0,0;10,76605629;48,3780077;-11,47402478;-0,0;0,0;0,0;4,23139229;-48,3780077;3,46906138;-0,0;0,0;0,0;10,76605629;48,3780077;11,47402478;0,0;0,0;0,0;4,23139229;48,3780077;3,46906138;0,0
300117;COMBO;beam_x;60x80;0,0;0,0;37,11880256;-75,7877209;31,84447626;-0,0;0,0;-0,0;-7,1239054;75,7877209;22,352841;-0,0;0,0;-0,0;37,11880256;75,7877209;-31,84447626;-0,0;0,0;0,0;-7,1239054;-75,7877209;-22,352841;-0,0;0,0;0,0;37,11880256;75,7877209;31,84447626;0,0;0,0;0,0;7,1239054;75,7877209;22,352841;0,0
300118;COMBO;beam_x;60x80;0,0;0,0;19,60938079;-56,69807821;22,7906171;-0,0;0,0;-0,0;-4,61193221;56,69807821;6,88049133;-0,0;0,0;-0,0;19,60938079;56,69807821;-22,7906171;-0,0;0,0;0,0;-4,61193221;-56,69807821;-6,88049133;-0,0;0,0;0,0;19,60938079;56,69807821;22,7906171;0,0;0,0;0,0;4,61193221;56,69807821;6,88049133;0,0
300119;COMBO;beam_x;60x80;0,0;-0,0;-220,54879548;20,2281668;507,52406741;-0,0;0,0;0,0;288,39160881;-20,2281668;764,82694332;-0,0;0,0;-0,0;-220,54879548;20,2281668;507,52406741;-0,0;0,0;0,0;288,39160881;-20,2281668;764,82694332;-0,0;0,0;0,0;220,54879548;20,2281668;507,52406741;0,0;0,0;0,0;288,39160881;20,2281668;764,82694332;0,0
300120;COMBO;beam_x;60x80;0,0;0,0;-115,89115084;81,22177232;283,27899661;0,0;0,0;-0,0;182,37815084;-81,22177232;462,39425761;0,0;0,0;0,0;-115,89115084;81,22177232;283,27899661;0,0;0,0;-0,0;182,37815084;-81,22177232;462,39425761;0,0;0,0;0,0;115,89115084;81,22177232;283,27899661;0,0;0,0;0,0;182,37815084;81,22177232;462,39425761;0,0
300121;COMBO;beam_x;60x80;0,0;-0,0;-398,70072616;189,38612144;1023,07822468;-0,0;0,0;0,0;555,39494116;-189,38612144;1362,16094362;-0,0;0,0;-0,0;-398,70072616;189,38612144;1023,07822468;-0,0;0,0;0,0;555,39494116;-189,38612144;1362,16094362;-0,0;0,0;0,0;398,70072616;189,38612144;1023,07822468;0,0;0,0;0,0;555,39494116;189,38612144;1362,16094362;0,0
300122;COMBO;beam_x;60x80;0,0;0,0;-255,83335485;149,33677548;711,47796513;0,0;0,0;-0,0;388,80735485;-149,33677548;900,1238091;0,0;0,0;0,0;-255,83335485;149,33677548;711,47796513;0,0;0,0;-0,0;388,80735485;-149,33677548;900,1238091;0,0;0,0;0,0;255,83335485;149,33677548;711,47796513;0,0;0,0;0,0;388,80735485;149,33677548;900,1238091;0,0
300123;COMBO;beam_x;60x80;0,0;0,0;-219,45928626;174,26315871;417,74778272;0,0;0,0;-0,0;293,47896417;-174,26315871;544,01143685;0,0;0,0;0,0;-219,45928626;174,26315871;417,74778272;0,0;0,0;-0,0;293,47896417;-174,26315871;544,01143685;0,0;0,0;0,0;219,45928626;174,26315871;417,74778272;0,0;0,0;0,0;293,47896417;174,26315871;544,01143685;0,0
300124;COMBO;beam_x;60x80;0,0;-0,0;-199,17356539;228,85813301;546,93711529;-0,0;0,0;0,0;297,89106946;-228,85813301;695,72447183;-0,0;0,0;-0,0;-199,17356539;228,85813301;546,93711529;-0,0;0,0;0,0;297,89106946;-228,85813301;695,72447183;-0,0;0,0;0,0;199,17356539;228,85813301;546,93711529;0,0;0,0;0,0;297,89106946;228,85813301;695,72447183;0,0
300125;COMBO;beam_x;60x80;-0,0;0,0;-161,0718062;212,52284155;-490,32391732;-0,0;0,0;-0,0;227,5588062;-212,52284155;-481,25261369;-0,0;0,0;-0,0;-161,0718062;-212,52284155;490,32391732;-0,0;0,0;0,0;227,5588062;212,52284155;481,25261369;-0,0;0,0;0,0;161,0718062;212,52284155;490,32391732;0,0;0,0;0,0;227,5588062;212,52284155;481,25261369;0,0
300126;COMBO;beam_x;60x80;0,0;-0,0;-221,92390061;28,80319341;504,14759335;-0,0;0,0;0,0;289,76671395;-28,80319341;775,07894305;-0,0;0,0;-0,0;-221,92390061;28,80319341;504,14759335;-0,0;0,0;0,0;289,76671395;-28,80319341;775,07894305;-0,0;0,0;0,0;221,92390061;28,80319341;504,14759335;0,0;0,0;0,0;289,76671395;28,80319341;775,07894305;0,0
300127;COMBO;beam_x;60x80;0,0;-0,0;-393,60385906;211,30100213;1002,45859168;-0,0;0,0;0,0;550,29807406;-211,30100213;1357,29624114;-0,0;0,0;-0,0;-393,60385906;211,30100213;1002,45859168;-0,0;0,0;0,0;550,29807406;-211,30100213;1357,29624114;-0,0;0,0;0,0;393,60385906;211,30100213;1002,45859168;0,0;0,0;0,0;550,29807406;211,30100213;1357,29624114;0,0
300128;COMBO;beam_x;60x80;0,0;-0,0;-213,54177093;242,07786387;555,4274449;-0,0;0,0;0,0;312,259275;-242,07786387;759,07516994;-0,0;0,0;-0,0;-213,54177093;242,07786387;555,4274449;-0,0;0,0;0,0;312,259275;-242,07786387;759,07516994;-0,0;0,0;0,0;213,54177093;242,07786387;555,4274449;0,0;0,0;0,0;312,259275;242,07786387;759,07516994;0,0
300129;COMBO;beam_x;60x80;0,0;0,0;-125,49467303;74,27789117;285,48104297;0,0;0,0;-0,0;191,98167303;-74,27789117;508,20982217;0,0;0,0;0,0;-125,49467303;74,27789117;285,48104297;0,0;0,0;-0,0;191,98167303;-74,27789117;508,20982217;0,0;0,0;0,0;125,49467303;74,27789117;285,48104297;0,0;0,0;0,0;191,98167303;74,27789117;508,20982217;0,0
300130;COMBO;beam_x;60x80;0,0;0,0;-265,59377175;155,57891235;705,74648843;0,0;0,0;-0,0;398,56777175;-155,57891235;954,6573703;0,0;0,0;0,0;-265,59377175;155,57891235;705,74648843;0,0;0,0;-0,0;398,56777175;-155,57891235;954,6573703;0,0;0,0;0,0;265,59377175;155,57891235;705,74648843;0,0;0,0;0,0;398,56777175;155,57891235;954,6573703;0,0
300131;COMBO;beam_x;60x80;-0,0;0,0;-149,60229206;234,59704183;-505,93917686;-0,0;0,0;-0,0;216,08929206;-234,59704183;-408,28978346;-0,0;0,0;-0,0;-149,60229206;-234,59704183;505,93917686;-0,0;0,0;0,0;216,08929206;234,59704183;408,28978346;-0,0;0,0;0,0;149,60229206;234,59704183;505,93917686;0,0;0,0;0,0;216,08929206;234,59704183;408,28978346;0,0
300132;COMBO;beam_x;60x80;0,0;-0,0;-239,97255871;173,00669955;409,88041282;-0,0;0,0;0,0;313,99223662;-173,00669955;628,80357843;-0,0;0,0;-0,0;-239,97255871;173,00669955;409,88041282;-0,0;0,0;0,0;313,99223662;-173,00669955;628,80357843;-0,0;0,0;0,0;239,97255871;173,00669955;409,88041282;0,0;0,0;0,0;313,99223662;173,00669955;628,80357843;0,0
300133;COMBO;beam_x;60x80;0,0;0,0;-222,21912827;13,2089196;531,64191236;0,0;0,0;-0,0;290,0619416;-13,2089196;749,06076232;0,0;0,0;0,0;-222,21912827;13,2089196;531,64191236;0,0;0,0;-0,0;290,0619416;-13,2089196;749,06076232;0,0;0,0;0,0;222,21912827;13,2089196;531,64191236;0,0;0,0;0,0;290,0619416;13,2089196;749,06076232;0,0
300134;COMBO;beam_x;60x80;0,0;0,0;-386,41940867;195,63827679;1006,25716573;0,0;0,0;-0,0;543,11362367;-195,63827679;1317,5754151;0,0;0,0;0,0;-386,41940867;195,63827679;1006,25716573;0,0;0,0;-0,0;543,11362367;-195,63827679;1317,5754151;0,0;0,0;0,0;386,41940867;195,63827679;1006,25716573;0,0;0,0;0,0;543,11362367;195,63827679;1317,5754151;0,0
300135;COMBO;beam_x;60x80;0,0;0,0;-218,89969869;224,54015926;564,87986396;0,0;0,0;-0,0;317,61720276;-224,54015926;776,41238966;0,0;0,0;0,0;-218,89969869;224,54015926;564,87986396;0,0;0,0;-0,0;317,61720276;-224,54015926;776,41238966;0,0;0,0;0,0;218,89969869;224,54015926;564,87986396;0,0;0,0;0,0;317,61720276;224,54015926;776,41238966;0,0
300136;COMBO;beam_x;60x80;0,0;0,0;-121,18673319;43,67241668;295,57026455;0,0;0,0;-0,0;187,67373319;-43,67241668;476,58090139;0,0;0,0;0,0;-121,18673319;43,67241668;295,57026455;0,0;0,0;-0,0;187,67373319;-43,67241668;476,58090139;0,0;0,0;0,0;121,18673319;43,67241668;295,57026455;0,0;0,0;0,0;187,67373319;43,67241668;476,58090139;0,0
300137;COMBO;beam_x;60x80;0,0;0,0;-260,81382373;125,02347754;696,49042511;0,0;0,0;-0,0;393,78782373;-125,02347754;940,01369356;0,0;0,0;0,0;-260,81382373;125,02347754;696,49042511;0,0;0,0;-0,0;393,78782373;-125,02347754;940,01369356;0,0;0,0;0,0;260,81382373;125,02347754;696,49042511;0,0;0,0;0,0;393,78782373;125,02347754;940,01369356;0,0
300138;COMBO;beam_x;60x80;-0,0;0,0;-141,19030448;229,08509758;-498,54724302;-0,0;0,0;-0,0;207,67730448;-229,08509758;-373,62177936;-0,0;0,0;-0,0;-141,19030448;-229,08509758;498,54724302;-0,0;0,0;0,0;207,67730448;229,08509758;373,62177936;-0,0;0,0;0,0;141,19030448;229,08509758;498,54724302;0,0;0,0;0,0;207,67730448;229,08509758;373,62177936;0,0
300139;COMBO;beam_x;60x80;0,0;0,0;-235,68255306;128,15725979;409,90760474;0,0;0,0;-0,0;309,70223097;-128,15725979;612,68886532;0,0;0,0;0,0;-235,68255306;128,15725979;409,90760474;0,0;0,0;-0,0;309,70223097;-128,15725979;612,68886532;0,0;0,0;0,0;235,68255306;128,15725979;409,90760474;0,0;0,0;0,0;309,70223097;128,15725979;612,68886532;0,0
300140;COMBO;beam_x;60x80;0,0;0,0;-232,80071616;-57,00337042;559,63545483;0,0;0,0;-0,0;300,6435295;57,00337042;773,97515933;0,0;0,0;0,0;-232,80071616;-57,00337042;559,63545483;0,0;0,0;-0,0;300,6435295;57,00337042;773,97515933;0,0;0,0;0,0;232,80071616;57,00337042;559,63545483;0,0;0,0;0,0;300,6435295;57,00337042;773,97515933;0,0
300141;COMBO;beam_x;60x80;0,0;0,0;-384,47019907;127,16183285;1013,69381852;0,0;0,0;-0,0;541,16441407;-127,16183285;1300,39271435;0,0;0,0;0,0;-384,47019907;127,16183285;1013,69381852;0,0;0,0;-0,0;541,16441407;-127,16183285;1300,39271435;0,0;0,0;0,0;384,47019907;127,16183285;1013,69381852;0,0;0,0;0,0;541,16441407;127,16183285;1300,39271435;0,0
300142;COMBO;beam_x;60x80;0,0;0,0;-194,65234879;198,59565159;528,36913398;0,0;0,0;-0,0;293,36985286;-198,59565159;691,68637014;0,0;0,0;0,0;-194,65234879;198,59565159;528,36913398;0,0;0,0;-0,0;293,36985286;-198,59565159;691,68637014;0,0;0,0;0,0;194,65234879;198,59565159;528,36913398;0,0;0,0;0,0;293,36985286;198,59565159;691,68637014;0,0
300143;COMBO;beam_x;60x80;0,0;0,0;-132,13895304;-4,52705429;330,50076656;0,0;0,0;-0,0;198,62595304;4,52705429;496,41149863;0,0;0,0;0,0;-132,13895304;-4,52705429;330,50076656;0,0;0,0;-0,0;198,62595304;4,52705429;496,41149863;0,0;0,0;0,0;132,13895304;4,52705429;330,50076656;0,0;0,0;0,0;198,62595304;4,52705429;496,41149863;0,0
300144;COMBO;beam_x;60x80;0,0;0,0;-253,83274683;68,44016756;690,02803225;0,0;0,0;-0,0;386,80674683;-68,44016756;911,57070191;0,0;0,0;0,0;-253,83274683;68,44016756;690,02803225;0,0;0,0;-0,0;386,80674683;-68,44016756;911,57070191;0,0;0,0;0,0;253,83274683;68,44016756;690,02803225;0,0;0,0;0,0;386,80674683;68,44016756;911,57070191;0,0
300145;COMBO;beam_x;60x80;0,0;-0,0;-141,90827762;181,93553605;-488,19384096;0,0;0,0;0,0;208,39527762;-181,93553605;-387,56504715;0,0;0,0;0,0;-141,90827762;-181,93553605;488,19384096;0,0;0,0;-0,0;208,39527762;181,93553605;387,56504715;0,0;0,0;0,0;141,90827762;181,93553605;488,19384096;0,0;0,0;0,0;208,39527762;181,93553605;387,56504715;0,0
300146;COMBO;beam_x;60x80;0,0;0,0;-232,66075024;72,18634608;410,56324549;0,0;0,0;-0,0;306,68042815;-72,18634608;600,70146401;0,0;0,0;0,0;-232,66075024;72,18634608;410,56324549;0,0;0,0;-0,0;306,68042815;-72,18634608;600,70146401;0,0;0,0;0,0;232,66075024;72,18634608;410,56324549;0,0;0,0;0,0;306,68042815;72,18634608;600,70146401;0,0
300147;COMBO;beam_x;60x80;0,0;-0,0;-228,99613812;-102,64479644;599,28873772;-0,0;0,0;0,0;296,83895145;102,64479644;715,29898621;-0,0;0,0;-0,0;-228,99613812;-102,64479644;599,28873772;-0,0;0,0;0,0;296,83895145;102,64479644;715,29898621;-0,0;0,0;0,0;228,99613812;102,64479644;599,28873772;0,0;0,0;0,0;296,83895145;102,64479644;715,29898621;0,0
300148;COMBO;beam_x;60x80;0,0;-0,0;-438,78600106;24,48563721;1198,51284842;-0,0;0,0;0,0;574,47162773;-24,48563721;1334,63122355;-0,0;0,0;-0,0;-438,78600106;24,48563721;1198,51284842;-0,0;0,0;0,0;574,47162773;-24,48563721;1334,63122355;-0,0;0,0;0,0;438,78600106;24,48563721;1198,51284842;0,0;0,0;0,0;574,47162773;24,48563721;1334,63122355;0,0
300149;COMBO;beam_x;60x80;0,0;-0,0;-229,74246901;178,01414551;644,75209468;-0,0;0,0;0,0;298,83575941;-178,01414551;676,69347638;-0,0;0,0;-0,0;-229,74246901;178,01414551;644,75209468;-0,0;0,0;0,0;298,83575941;-178,01414551;676,69347638;-0,0;0,0;0,0;229,74246901;178,01414551;644,75209468;0,0;0,0;0,0;298,83575941;178,01414551;676,69347638;0,0
300150;COMBO;beam_x;60x80;0,0;-0,0;-128,10602454;-39,0523689;328,13142359;-0,0;0,0;0,0;194,59302454;39,0523689;478,61619912;-0,0;0,0;-0,0;-128,10602454;-39,0523689;328,13142359;-0,0;0,0;0,0;194,59302454;39,0523689;478,61619912;-0,0;0,0;0,0;128,10602454;39,0523689;328,13142359;0,0;0,0;0,0;194,59302454;39,0523689;478,61619912;0,0
300151;COMBO;beam_x;60x80;0,0;-0,0;-230,47355072;15,70702343;669,30948254;-0,0;0,0;0,0;363,44755072;-15,70702343;815,49327105;-0,0;0,0;-0,0;-230,47355072;15,70702343;669,30948254;-0,0;0,0;0,0;363,44755072;-15,70702343;815,49327105;-0,0;0,0;0,0;230,47355072;15,70702343;669,30948254;0,0;0,0;0,0;363,44755072;15,70702343;815,49327105;0,0
300152;COMBO;beam_x;60x80;0,0;-0,0;-145,0825569;107,56661173;-432,82391454;0,0;0,0;0,0;211,5695569;-107,56661173;-458,80636998;0,0;0,0;0,0;-145,0825569;-107,56661173;432,82391454;0,0;0,0;-0,0;211,5695569;107,56661173;458,80636998;0,0;0,0;0,0;145,0825569;107,56661173;432,82391454;0,0;0,0;0,0;211,5695569;107,56661173;458,80636998;0,0
300153;COMBO;beam_x;60x80;0,0;0,0;-2,38905819;-4,10836818;216,75004734;0,0;0,0;-0,0;39,78799569;4,10836818;-137,66807131;0,0;0,0;0,0;-2,38905819;-4,10836818;216,75004734;0,0;0,0;-0,0;39,78799569;4,10836818;-137,66807131;0,0;0,0;0,0;2,38905819;4,10836818;216,75004734;0,0;0,0;0,0;39,78799569;4,10836818;137,66807131;0,0
300154;COMBO;beam_x;60x80;0,0;0,0;-195,69296746;51,24629467;201,9884484;0,0;0,0;-0,0;233,09190496;-51,24629467;601,98318739;0,0;0,0;0,0;-195,69296746;51,24629467;201,9884484;0,0;0,0;-0,0;233,09190496;-51,24629467;601,98318739;0,0;0,0;0,0;195,69296746;51,24629467;201,9884484;0,0;0,0;0,0;233,09190496;51,24629467;601,98318739;0,0
300155;COMBO;beam_x;60x80;0,0;0,0;-208,36784586;6,7617471;480,11010182;0,0;0,0;-0,0;282,38752376;-6,7617471;440,05621621;0,0;0,0;0,0;-208,36784586;6,7617471;480,11010182;0,0;0,0;-0,0;282,38752376;-6,7617471;440,05621621;0,0;0,0;0,0;208,36784586;6,7617471;480,11010182;0,0;0,0;0,0;282,38752376;6,7617471;440,05621621;0,0
300156;COMBO;beam_x;60x80;0,0;0,0;-21,11276467;24,47350154;355,15104244;0,0;0,0;-0,0;58,51170217;-24,47350154;-205,85516713;0,0;0,0;0,0;-21,11276467;24,47350154;355,15104244;0,0;0,0;-0,0;58,51170217;-24,47350154;-205,85516713;0,0;0,0;0,0;21,11276467;24,47350154;355,15104244;0,0;0,0;0,0;58,51170217;24,47350154;205,85516713;0,0
300157;COMBO;beam_x;60x80;0,0;0,0;-277,92803169;175,7783566;252,23933884;0,0;0,0;-0,0;315,32696919;-175,7783566;860,11378779;0,0;0,0;0,0;-277,92803169;175,7783566;252,23933884;0,0;0,0;-0,0;315,32696919;-175,7783566;860,11378779;0,0;0,0;0,0;277,92803169;175,7783566;252,23933884;0,0;0,0;0,0;315,32696919;175,7783566;860,11378779;0,0
300158;COMBO;beam_y;60x80;-0,0;0,0;-95,01423431;-245,30490017;16,8071657;0,0;0,0;0,0;206,43569558;-397,53707532;-16,8071657;0,0;0,0;0,0;-95,01423431;16,8071657;245,30490017;0,0;0,0;-0,0;206,43569558;-16,8071657;397,53707532;0,0;0,0;0,0;95,01423431;16,8071657;245,30490017;0,0;0,0;0,0;206,43569558;16,8071657;397,53707532;0,0
300159;COMBO;beam_y;60x80;0,0;0,0;-436,89495773;-234,29542993;36,23723836;0,0;0,0;0,0;506,34545266;-1173,49088258;-36,23723836;0,0;0,0;0,0;-436,89495773;36,23723836;234,29542993;0,0;0,0;0,0;506,34545266;-36,23723836;1173,49088258;0,0;0,0;0,0;436,89495773;36,23723836;234,29542993;0,0;0,0;0,0;506,34545266;36,23723836;1173,49088258;0,0
300160;COMBO;beam_y;60x80;-0,0;0,0;-92,71263787;-285,47244857;-24,15229099;0,0;0,0;0,0;209,08664556;-358,11452334;24,15229099;0,0;0,0;0,0;-92,71263787;-24,15229099;285,47244857;0,0;0,0;-0,0;209,08664556;24,15229099;358,11452334;0,0;0,0;0,0;92,71263787;24,15229099;285,47244857;0,0;0,0;0,0;209,08664556;24,15229099;358,11452334;0,0
300161;COMBO;beam_y;60x80;0,0;0,0;-95,70230922;3,00936534;-72,62224837;0,0;0,0;0,0;169,22719537;-398,41665093;72,62224837;0,0;0,0;0,0;-95,70230922;-72,62224837;-3,00936534;0,0;0,0;0,0;169,22719537;72,62224837;398,41665093;0,0;0,0;0,0;95,70230922;72,62224837;3,00936534;0,0;0,0;0,0;169,22719537;72,62224837;398,41665093;0,0
300162;COMBO;beam_y;60x80;0,0;0,0;-106,77343593;-252,98929485;24,98925648;-0,0;-0,0;0,0;218,1948972;-440,00567555;-24,98925648;-0,0;0,0;-0,0;-106,77343593;24,98925648;252,98929485;-0,0;0,0;0,0;218,1948972;-24,98925648;440,00567555;-0,0;0,0;0,0;106,77343593;24,98925648;252,98929485;0,0;0,0;0,0;218,1948972;24,98925648;440,00567555;0,0
300163;COMBO;beam_y;60x80;-0,0;0,0;-427,68197942;-230,74734344;1,90735699;0,0;0,0;0,0;497,13247434;-1149,5382288;-1,90735699;0,0;0,0;0,0;-427,68197942;1,90735699;230,74734344;0,0;0,0;-0,0;497,13247434;-1,90735699;1149,5382288;0,0;0,0;0,0;427,68197942;1,90735699;230,74734344;0,0;0,0;0,0;497,13247434;1,90735699;1149,5382288;0,0
300164;COMBO;beam_y;60x80;0,0;0,0;-94,6038434;-279,98606652;-5,34633508;-0,0;-0,0;0,0;210,97785109;-371,66689699;5,34633508;-0,0;0,0;-0,0;-94,6038434;-5,34633508;279,98606652;-0,0;0,0;0,0;210,97785109;5,34633508;371,66689699;-0,0;0,0;0,0;94,6038434;5,34633508;279,98606652;0,0;0,0;0,0;210,97785109;5,34633508;371,66689699;0,0
300165;COMBO;beam_y;60x80;-0,0;0,0;-94,00312588;-3,32467723;-56,35877303;0,0;0,0;0,0;167,52801203;-387,0105461;56,35877303;0,0;0,0;0,0;-94,00312588;-56,35877303;3,32467723;0,0;0,0;-0,0;167,52801203;56,35877303;387,0105461;0,0;0,0;0,0;94,00312588;56,35877303;3,32467723;0,0;0,0;0,0;167,52801203;56,35877303;387,0105461;0,0
300166;COMBO;beam_y;60x80;-0,0;0,0;-102,21956056;-262,46231197;33,37983875;0,0;0,0;0,0;213,64102184;-411,11038001;-33,37983875;0,0;0,0;0,0;-102,21956056;33,37983875;262,46231197;0,0;0,0;-0,0;213,64102184;-33,37983875;411,11038001;0,0;0,0;0,0;102,21956056;33,37983875;262,46231197;0,0;0,0;0,0;213,64102184;33,37983875;411,11038001;0,0
300167;COMBO;beam_y;60x80;0,0;0,0;-368,0824232;-245,16968395;-12,13745016;-0,0;-0,0;0,0;437,53291812;-957,21121297;12,13745016;-0,0;0,0;-0,0;-368,0824232;-12,13745016;245,16968395;-0,0;0,0;0,0;437,53291812;12,13745016;957,21121297;-0,0;0,0;0,0;368,0824232;12,13745016;245,16968395;0,0;0,0;0,0;437,53291812;12,13745016;957,21121297;0,0
300168;COMBO;beam_y;60x80;-0,0;0,0;-83,93803105;-273,56584967;-4,03232593;0,0;0,0;0,0;200,31203873;-332,59742413;4,03232593;0,0;0,0;0,0;-83,93803105;-4,03232593;273,56584967;0,0;0,0;-0,0;200,31203873;4,03232593;332,59742413;0,0;0,0;0,0;83,93803105;4,03232593;273,56584967;0,0;0,0;0,0;200,31203873;4,03232593;332,59742413;0,0
300169;COMBO;beam_y;60x80;0,0;0,0;-88,36625163;-36,65779241;-44,32293676;-0,0;-0,0;0,0;161,89113778;-336,85136128;44,32293676;-0,0;0,0;-0,0;-88,36625163;-44,32293676;36,65779241;-0,0;0,0;0,0;161,89113778;44,32293676;336,85136128;-0,0;0,0;0,0;88,36625163;44,32293676;36,65779241;0,0;0,0;0,0;161,89113778;44,32293676;336,85136128;0,0
300170;COMBO;beam_y;60x80;-0,0;0,0;-89,31032857;-271,78154947;38,95408623;0,0;0,0;0,0;200,73178985;-346,73326805;-38,95408623;0,0;0,0;0,0;-89,31032857;38,95408623;271,78154947;0,0;0,0;-0,0;200,73178985;-38,95408623;346,73326805;0,0;0,0;0,0;89,31032857;38,95408623;271,78154947;0,0;0,0;0,0;200,73178985;38,95408623;346,73326805;0,0
300171;COMBO;beam_y;60x80;0,0;0,0;-288,43619583;-256,92313752;-37,61607617;-0,0;-0,0;0,0;357,88669075;-707,7137707;37,61607617;-0,0;0,0;-0,0;-288,43619583;-37,61607617;256,92313752;-0,0;0,0;0,0;357,88669075;37,61607617;707,7137707;-0,0;0,0;0,0;288,43619583;37,61607617;256,92313752;0,0;0,0;0,0;357,88669075;37,61607617;707,7137707;0,0
300172;COMBO;beam_y;60x80;-0,0;0,0;-67,64767008;-270,54485608;-11,65272877;0,0;0,0;0,0;184,02167776;-266,1400282;11,65272877;0,0;0,0;0,0;-67,64767008;-11,65272877;270,54485608;0,0;0,0;-0,0;184,02167776;11,65272877;266,1400282;0,0;0,0;0,0;67,64767008;11,65272877;270,54485608;0,0;0,0;0,0;184,02167776;11,65272877;266,1400282;0,0
300173;COMBO;beam_y;60x80;0,0;0,0;-79,8854814;-73,27039491;-30,54700187;-0,0;-0,0;0,0;153,41036755;-274,92365966;30,54700187;-0,0;0,0;-0,0;-79,8854814;-30,54700187;73,27039491;-0,0;0,0;0,0;153,41036755;30,54700187;274,92365966;-0,0;0,0;0,0;79,8854814;30,54700187;73,27039491;0,0;0,0;0,0;153,41036755;30,54700187;274,92365966;0,0
300174;COMBO;beam_y;60x80;-0,0;0,0;-28,22026216;-206,66082924;46,38417171;0,0;0,0;0,0;139,64172344;-151,30485506;-46,38417171;0,0;0,0;0,0;-28,22026216;46,38417171;206,66082924;0,0;0,0;-0,0;139,64172344;-46,38417171;151,30485506;0,0;0,0;0,0;28,22026216;46,38417171;206,66082924;0,0;0,0;0,0;139,64172344;46,38417171;151,30485506;0,0
300175;COMBO;beam_y;60x80;0,0;0,0;-256,27960599;-265,64012057;3,2867576;-0,0;-0,0;0,0;325,73010091;-603,00936698;-3,2867576;-0,0;0,0;-0,0;-256,27960599;3,2867576;265,64012057;-0,0;0,0;0,0;325,73010091;-3,2867576;603,00936698;-0,0;0,0;0,0;256,27960599;3,2867576;265,64012057;0,0;0,0;0,0;325,73010091;3,2867576;603,00936698;0,0
300176;COMBO;beam_y;60x80;-0,0;0,0;-43,56811833;-273,81606345;-76,52756616;0,0;0,0;0,0;159,94212602;-160,16953263;76,52756616;0,0;0,0;0,0;-43,56811833;-76,52756616;273,81606345;0,0;0,0;-0,0;159,94212602;76,52756616;160,16953263;0,0;0,0;0,0;43,56811833;76,52756616;273,81606345;0,0;0,0;0,0;159,94212602;76,52756616;160,16953263;0,0
300177;COMBO;beam_y;60x80;0,0;0,0;-82,84721984;-83,43985898;-7,29435951;-0,0;-0,0;0,0;156,37210599;-273,59498481;7,29435951;-0,0;0,0;-0,0;-82,84721984;-7,29435951;83,43985898;-0,0;0,0;0,0;156,37210599;7,29435951;273,59498481;-0,0;0,0;0,0;82,84721984;7,29435951;83,43985898;0,0;0,0;0,0;156,37210599;7,29435951;273,59498481;0,0
