elementTag;caso;tipo;seccion;global_i_Fx_kN;global_i_Fy_kN;global_i_Fz_kN;global_i_Mx_kNm;global_i_My_kNm;global_i_Mz_kNm;global_j_Fx_kN;global_j_Fy_kN;global_j_Fz_kN;global_j_Mx_kNm;global_j_My_kNm;global_j_Mz_kNm;local_i_N_kN;local_i_Vy_kN;local_i_Vz_kN;local_i_T_kNm;local_i_My_kNm;local_i_Mz_kNm;local_j_N_kN;local_j_Vy_kN;local_j_Vz_kN;local_j_T_kNm;local_j_My_kNm;local_j_Mz_kNm;unity_abs_i_N_kN;unity_abs_i_Vy_kN;unity_abs_i_Vz_kN;unity_abs_i_T_kNm;unity_abs_i_My_kNm;unity_abs_i_Mz_kNm;unity_abs_j_N_kN;unity_abs_j_Vy_kN;unity_abs_j_Vz_kN;unity_abs_j_T_kNm;unity_abs_j_My_kNm;unity_abs_j_Mz_kNm
1;EY;column;70x70;-6,00340768;-351,00656035;-1156,55944627;774,20086037;-24,91432867;-4,24521324;6,00340768;351,00656035;1156,55944627;475,38249447;3,54219734;4,24521324;-1156,55944627;351,00656035;-6,00340768;-4,24521324;24,91432867;774,20086037;1156,55944627;-351,00656035;6,00340768;4,24521324;-3,54219734;475,38249447;1156,55944627;351,00656035;6,00340768;4,24521324;24,91432867;774,20086037;1156,55944627;351,00656035;6,00340768;4,24521324;3,54219734;475,38249447
2;EY;column;70x70;-10,59131078;-415,40960775;-838,53399945;809,75118267;-26,48819829;50,66282754;10,59131078;415,40960775;838,53399945;669,10702094;-11,21686808;-50,66282754;-838,53399945;415,40960775;-10,59131078;50,66282754;26,48819829;809,75118267;838,53399945;-415,40960775;10,59131078;-50,66282754;11,21686808;669,10702094;838,53399945;415,40960775;10,59131078;50,66282754;26,48819829;809,75118267;838,53399945;415,40960775;10,59131078;50,66282754;11,21686808;669,10702094
3;EY;column;70x70;1,70466419;-398,38066487;581,92063932;830,41813106;0,85844543;-4,24521324;-1,70466419;398,38066487;-581,92063932;587,81703587;5,21015908;4,24521324;581,92063932;398,38066487;1,70466419;-4,24521324;-0,85844543;830,41813106;-581,92063932;-398,38066487;-1,70466419;4,24521324;-5,21015908;587,81703587;581,92063932;398,38066487;1,70466419;4,24521324;0,85844543;830,41813106;581,92063932;398,38066487;1,70466419;4,24521324;5,21015908;587,81703587
4;EY;column;70x70;2,80238059;-385,01633012;268,07772229;791,62689684;2,16106889;-4,24521324;-2,80238059;385,01633012;-268,07772229;579,03123838;7,815406;4,24521324;268,07772229;385,01633012;2,80238059;-4,24521324;-2,16106889;791,62689684;-268,07772229;-385,01633012;-2,80238059;4,24521324;-7,815406;579,03123838;268,07772229;385,01633012;2,80238059;4,24521324;2,16106889;791,62689684;268,07772229;385,01633012;2,80238059;4,24521324;7,815406;579,03123838
5;EY;column;70x70;11,35035524;-353,26150802;798,28603812;776,87673161;32,71434453;-4,24521324;-11,35035524;353,26150802;-798,28603812;480,73423696;7,69292012;4,24521324;798,28603812;353,26150802;11,35035524;-4,24521324;-32,71434453;776,87673161;-798,28603812;-353,26150802;-11,35035524;4,24521324;-7,69292012;480,73423696;798,28603812;353,26150802;11,35035524;4,24521324;32,71434453;776,87673161;798,28603812;353,26150802;11,35035524;4,24521324;7,69292012;480,73423696
6;EY;column;70x70;12,54637821;-404,96008754;612,71207276;793,10398207;28,64728272;56,9968261;-12,54637821;404,96008754;-612,71207276;648,55392956;16,01782369;-56,9968261;612,71207276;404,96008754;12,54637821;56,9968261;-28,64728272;793,10398207;-612,71207276;-404,96008754;-12,54637821;-56,9968261;-16,01782369;648,55392956;612,71207276;404,96008754;12,54637821;56,9968261;28,64728272;793,10398207;612,71207276;404,96008754;12,54637821;56,9968261;16,01782369;648,55392956
7;EY;beam_x;60x80;58,83840533;9,09818695;6,6850848;-37,46433696;36,42828781;-31,96385083;-58,83840533;-9,09818695;-6,6850848;37,46433696;30,42256018;-59,01801867;-58,83840533;-9,09818695;6,6850848;37,46433696;-36,42828781;-31,96385083;58,83840533;9,09818695;-6,6850848;-37,46433696;-30,42256018;-59,01801867;58,83840533;9,09818695;6,6850848;37,46433696;36,42828781;31,96385083;58,83840533;9,09818695;6,6850848;37,46433696;30,42256018;59,01801867
8;EY;beam_x;60x80;0,0;0,0;0,66683081;-7,10693503;3,03748793;-0,0;0,0;-0,0;-0,66683081;7,10693503;3,63082017;-0,0;0,0;-0,0;0,66683081;7,10693503;-3,03748793;-0,0;0,0;0,0;-0,66683081;-7,10693503;-3,63082017;-0,0;0,0;0,0;0,66683081;7,10693503;3,03748793;0,0;0,0;0,0;0,66683081;7,10693503;3,63082017;0,0
9;EY;beam_x;60x80;-83,40329946;10,26688091;-5,55906558;-35,90541431;-30,61753737;-36,24688379;83,40329946;-10,26688091;5,55906558;35,90541431;-24,97311842;-66,42192533;83,40329946;-10,26688091;-5,55906558;35,90541431;30,61753737;-36,24688379;-83,40329946;10,26688091;5,55906558;-35,90541431;24,97311842;-66,42192533;83,40329946;10,26688091;5,55906558;35,90541431;30,61753737;36,24688379;83,40329946;10,26688091;5,55906558;35,90541431;24,97311842;66,42192533
10;EY;beam_y;60x80;14,43633291;-59,67040698;-438,80459843;-872,6362249;17,43956531;-23,33222922;-14,43633291;59,67040698;438,80459843;-718,0304444;-17,43956531;-28,99947758;-59,67040698;-14,43633291;-438,80459843;17,43956531;872,6362249;-23,33222922;59,67040698;14,43633291;438,80459843;-17,43956531;718,0304444;-28,99947758;59,67040698;14,43633291;438,80459843;17,43956531;872,6362249;23,33222922;59,67040698;14,43633291;438,80459843;17,43956531;718,0304444;28,99947758
11;EY;beam_y;60x80;72,25930516;-178,12022003;-176,00408023;-366,28106817;9,57468659;-165,55546552;-72,25930516;178,12022003;176,00408023;-271,73372265;-9,57468659;-96,38451567;-178,12022003;-72,25930516;-176,00408023;9,57468659;366,28106817;-165,55546552;178,12022003;72,25930516;176,00408023;-9,57468659;271,73372265;-96,38451567;178,12022003;72,25930516;176,00408023;9,57468659;366,28106817;165,55546552;178,12022003;72,25930516;176,00408023;9,57468659;271,73372265;96,38451567
12;EY;beam_y;60x80;-1,46287231;135,66125955;-117,70522382;-425,46294513;1,85029321;6,07465756;1,46287231;-135,66125955;117,70522382;-260,1699836;-1,85029321;2,44657367;135,66125955;1,46287231;-117,70522382;1,85029321;425,46294513;6,07465756;-135,66125955;-1,46287231;117,70522382;-1,85029321;260,1699836;2,44657367;135,66125955;1,46287231;117,70522382;1,85029321;425,46294513;6,07465756;135,66125955;1,46287231;117,70522382;1,85029321;260,1699836;2,44657367
13;EY;beam_y;60x80;-2,44200069;604,50381211;-221,74821779;-551,33544411;3,1244092;7,72014411;2,44200069;-604,50381211;221,74821779;-435,44412504;-3,1244092;3,14675894;604,50381211;2,44200069;-221,74821779;3,1244092;551,33544411;7,72014411;-604,50381211;-2,44200069;221,74821779;-3,1244092;435,44412504;3,14675894;604,50381211;2,44200069;221,74821779;3,1244092;551,33544411;7,72014411;604,50381211;2,44200069;221,74821779;3,1244092;435,44412504;3,14675894
14;EY;column;70x70;-37,97368936;-215,2028105;-724,43993264;434,71806739;-57,41005047;-8,56567162;37,97368936;215,2028105;724,43993264;331,40393798;-77,77628365;8,56567162;-724,43993264;215,2028105;-37,97368936;-8,56567162;57,41005047;434,71806739;724,43993264;-215,2028105;37,97368936;8,56567162;77,77628365;331,40393798;724,43993264;215,2028105;37,97368936;8,56567162;57,41005047;434,71806739;724,43993264;215,2028105;37,97368936;8,56567162;77,77628365;331,40393798
15;EY;column;70x70;-53,3336547;-230,98183514;-661,49710331;583,28820365;-92,69284719;-63,47371241;53,3336547;230,98183514;661,49710331;239,00712946;-97,17496355;63,47371241;-661,49710331;230,98183514;-53,3336547;-63,47371241;92,69284719;583,28820365;661,49710331;-230,98183514;53,3336547;63,47371241;97,17496355;239,00712946;661,49710331;230,98183514;53,3336547;63,47371241;92,69284719;583,28820365;661,49710331;230,98183514;53,3336547;63,47371241;97,17496355;239,00712946
16;EY;column;70x70;-7,48420332;-329,71744252;290,63379344;626,82603476;-11,78759333;-8,56567162;7,48420332;329,71744252;-290,63379344;546,96806061;-14,8561705;8,56567162;290,63379344;329,71744252;-7,48420332;-8,56567162;11,78759333;626,82603476;-290,63379344;-329,71744252;7,48420332;8,56567162;14,8561705;546,96806061;290,63379344;329,71744252;7,48420332;8,56567162;11,78759333;626,82603476;290,63379344;329,71744252;7,48420332;8,56567162;14,8561705;546,96806061
17;EY;column;70x70;-13,70050459;-284,58110771;215,00399148;556,99877341;-17,86164737;-8,56567162;13,70050459;284,58110771;-215,00399148;456,10997002;-30,91214898;8,56567162;215,00399148;284,58110771;-13,70050459;-8,56567162;17,86164737;556,99877341;-215,00399148;-284,58110771;13,70050459;8,56567162;30,91214898;456,10997002;215,00399148;284,58110771;13,70050459;8,56567162;17,86164737;556,99877341;215,00399148;284,58110771;13,70050459;8,56567162;30,91214898;456,10997002
18;EY;column;70x70;27,92941266;-163,07928887;397,88936984;375,54069297;42,04453981;-8,56567162;-27,92941266;163,07928887;-397,88936984;205,0215754;57,38416927;8,56567162;397,88936984;163,07928887;27,92941266;-8,56567162;-42,04453981;375,54069297;-397,88936984;-163,07928887;-27,92941266;8,56567162;-57,38416927;205,0215754;397,88936984;163,07928887;27,92941266;8,56567162;42,04453981;375,54069297;397,88936984;163,07928887;27,92941266;8,56567162;57,38416927;205,0215754
19;EY;column;70x70;39,59553364;-243,36165609;445,07879474;598,32013701;73,76664449;-69,80771097;-39,59553364;243,36165609;-445,07879474;268,04735867;67,19345528;69,80771097;445,07879474;243,36165609;39,59553364;-69,80771097;-73,76664449;598,32013701;-445,07879474;-243,36165609;-39,59553364;69,80771097;-67,19345528;268,04735867;445,07879474;243,36165609;39,59553364;69,80771097;73,76664449;598,32013701;445,07879474;243,36165609;39,59553364;69,80771097;67,19345528;268,04735867
20;EY;beam_x;60x80;0,0;-0,0;3,43011303;19,60986716;16,53589907;0,0;-0,0;0,0;-3,43011303;-19,60986716;17,76523119;0,0;0,0;0,0;3,43011303;-19,60986716;-16,53589907;0,0;0,0;-0,0;-3,43011303;19,60986716;-17,76523119;0,0;0,0;0,0;3,43011303;19,60986716;16,53589907;0,0;0,0;0,0;3,43011303;19,60986716;17,76523119;0,0
21;EY;beam_x;60x80;0,0;-0,0;-1,70459228;-2,12567986;-6,5462931;0,0;0,0;0,0;1,70459228;2,12567986;-10,49962974;0,0;0,0;0,0;-1,70459228;2,12567986;6,5462931;0,0;0,0;-0,0;1,70459228;-2,12567986;10,49962974;0,0;0,0;0,0;1,70459228;2,12567986;6,5462931;0,0;0,0;0,0;1,70459228;2,12567986;10,49962974;0,0
22;EY;beam_x;60x80;0,0;-0,0;-4,25583509;1,93302471;-19,11084768;0,0;0,0;0,0;4,25583509;-1,93302471;-23,44750317;0,0;0,0;0,0;-4,25583509;-1,93302471;19,11084768;0,0;0,0;-0,0;4,25583509;1,93302471;23,44750317;0,0;0,0;0,0;4,25583509;1,93302471;19,11084768;0,0;0,0;0,0;4,25583509;1,93302471;23,44750317;0,0
23;EY;beam_y;60x80;49,26753851;246,00483894;-381,02122929;-911,93445616;3,79645177;-80,63602935;-49,26753851;-246,00483894;381,02122929;-469,2675;-3,79645177;-97,95879775;246,00483894;-49,26753851;-381,02122929;3,79645177;911,93445616;-80,63602935;-246,00483894;49,26753851;381,02122929;-3,79645177;469,2675;-97,95879775;246,00483894;49,26753851;381,02122929;3,79645177;911,93445616;80,63602935;246,00483894;49,26753851;381,02122929;3,79645177;469,2675;97,95879775
24;EY;beam_y;60x80;0,0;0,0;-195,94835986;-764,16769732;5,94109815;0,0;0,0;0,0;195,94835986;-656,45791166;-5,94109815;0,0;0,0;0,0;-195,94835986;5,94109815;764,16769732;0,0;0,0;0,0;195,94835986;-5,94109815;656,45791166;0,0;0,0;0,0;195,94835986;5,94109815;764,16769732;0,0;0,0;0,0;195,94835986;5,94109815;656,45791166;0,0
25;EY;beam_y;60x80;0,0;0,0;-135,10852406;-564,33245629;2,91808747;-0,0;-0,0;0,0;135,10852406;-638,13340784;-2,91808747;-0,0;0,0;-0,0;-135,10852406;2,91808747;564,33245629;-0,0;0,0;0,0;135,10852406;-2,91808747;638,13340784;-0,0;0,0;0,0;135,10852406;2,91808747;564,33245629;0,0;0,0;0,0;135,10852406;2,91808747;638,13340784;0,0
26;EY;beam_y;60x80;0,0;0,0;-134,17326984;-555,7856306;3,14204905;-0,0;-0,0;0,0;134,17326984;-638,35647102;-3,14204905;-0,0;0,0;-0,0;-134,17326984;3,14204905;555,7856306;-0,0;0,0;0,0;134,17326984;-3,14204905;638,35647102;-0,0;0,0;0,0;134,17326984;3,14204905;555,7856306;0,0;0,0;0,0;134,17326984;3,14204905;638,35647102;0,0
27;EY;column;70x70;23,77286942;-302,33468975;-346,84881638;560,92065102;57,4439328;3,5753891;-23,77286942;302,33468975;346,84881638;515,39084448;27,18748234;-3,5753891;-346,84881638;302,33468975;23,77286942;3,5753891;-57,4439328;560,92065102;346,84881638;-302,33468975;-23,77286942;-3,5753891;-27,18748234;515,39084448;346,84881638;302,33468975;23,77286942;3,5753891;57,4439328;560,92065102;346,84881638;302,33468975;23,77286942;3,5753891;27,18748234;515,39084448
28;EY;column;70x70;44,93915314;-237,04073646;-389,79161438;419,95965216;85,26017718;3,5753891;-44,93915314;237,04073646;389,79161438;423,90536964;74,723208;-3,5753891;-389,79161438;237,04073646;44,93915314;3,5753891;-85,26017718;419,95965216;389,79161438;-237,04073646;-44,93915314;-3,5753891;-74,723208;423,90536964;389,79161438;237,04073646;44,93915314;3,5753891;85,26017718;419,95965216;389,79161438;237,04073646;44,93915314;3,5753891;74,723208;423,90536964
29;EY;column;70x70;9,02691926;-453,42920003;80,34337488;819,89289586;19,13567168;3,5753891;-9,02691926;453,42920003;-80,34337488;794,31505626;13,00016087;-3,5753891;80,34337488;453,42920003;9,02691926;3,5753891;-19,13567168;819,89289586;-80,34337488;-453,42920003;-9,02691926;-3,5753891;-13,00016087;794,31505626;80,34337488;453,42920003;9,02691926;3,5753891;19,13567168;819,89289586;80,34337488;453,42920003;9,02691926;3,5753891;13,00016087;794,31505626
30;EY;column;70x70;1,79748544;-499,23914004;136,09890299;902,54253183;1,87744258;3,5753891;-1,79748544;499,23914004;-136,09890299;874,74880671;4,52160558;-3,5753891;136,09890299;499,23914004;1,79748544;3,5753891;-1,87744258;902,54253183;-136,09890299;-499,23914004;-1,79748544;-3,5753891;-4,52160558;874,74880671;136,09890299;499,23914004;1,79748544;3,5753891;1,87744258;902,54253183;136,09890299;499,23914004;1,79748544;3,5753891;4,52160558;874,74880671
31;EY;column;70x70;-13,16684789;-247,38014505;267,03668086;431,17880774;-35,35523412;3,5753891;13,16684789;247,38014505;-267,03668086;449,49450864;-11,51874437;-3,5753891;267,03668086;247,38014505;-13,16684789;3,5753891;35,35523412;431,17880774;-267,03668086;-247,38014505;13,16684789;-3,5753891;11,51874437;449,49450864;267,03668086;247,38014505;13,16684789;3,5753891;35,35523412;431,17880774;267,03668086;247,38014505;13,16684789;3,5753891;11,51874437;449,49450864
32;EY;column;70x70;-28,25550329;-273,65581384;291,77571768;473,51194907;-62,78129182;3,5753891;28,25550329;273,65581384;-291,77571768;500,70274822;-37,80829989;-3,5753891;291,77571768;273,65581384;-28,25550329;3,5753891;62,78129182;473,51194907;-291,77571768;-273,65581384;28,25550329;-3,5753891;37,80829989;500,70274822;291,77571768;273,65581384;28,25550329;3,5753891;62,78129182;473,51194907;291,77571768;273,65581384;28,25550329;3,5753891;37,80829989;500,70274822
33;EY;beam_x;60x80;0,0;0,0;-2,24003211;7,89134635;-16,30584195;0,0;0,0;0,0;2,24003211;-7,89134635;-6,09447912;0,0;0,0;0,0;-2,24003211;-7,89134635;16,30584195;0,0;0,0;0,0;2,24003211;7,89134635;6,09447912;0,0;0,0;0,0;2,24003211;7,89134635;16,30584195;0,0;0,0;0,0;2,24003211;7,89134635;6,09447912;0,0
34;EY;beam_x;60x80;0,0;0,0;-2,05723383;-1,60083649;-10,30902859;0,0;0,0;0,0;2,05723383;1,60083649;-10,26330974;0,0;0,0;0,0;-2,05723383;1,60083649;10,30902859;0,0;0,0;0,0;2,05723383;-1,60083649;10,26330974;0,0;0,0;0,0;2,05723383;1,60083649;10,30902859;0,0;0,0;0,0;2,05723383;1,60083649;10,26330974;0,0
35;EY;beam_x;60x80;0,0;0,0;2,46905237;-0,16908589;14,2547568;0,0;0,0;0,0;-2,46905237;0,16908589;10,43576693;0,0;0,0;0,0;2,46905237;0,16908589;-14,2547568;0,0;0,0;0,0;-2,46905237;-0,16908589;-10,43576693;0,0;0,0;0,0;2,46905237;0,16908589;14,2547568;0,0;0,0;0,0;2,46905237;0,16908589;10,43576693;0,0
36;EY;beam_y;60x80;0,0;0,0;-188,22940324;-713,62702909;-5,65635117;0,0;0,0;0,0;188,22940324;-651,03614443;5,65635117;0,0;0,0;0,0;-188,22940324;-5,65635117;713,62702909;0,0;0,0;0,0;188,22940324;5,65635117;651,03614443;0,0;0,0;0,0;188,22940324;5,65635117;713,62702909;0,0;0,0;0,0;188,22940324;5,65635117;651,03614443;0,0
37;EY;beam_y;60x80;0,0;0,0;-199,06810083;-765,50640976;1,63486935;0,0;0,0;0,0;199,06810083;-677,73732127;-1,63486935;0,0;0,0;0,0;-199,06810083;1,63486935;765,50640976;0,0;0,0;0,0;199,06810083;-1,63486935;677,73732127;0,0;0,0;0,0;199,06810083;1,63486935;765,50640976;0,0;0,0;0,0;199,06810083;1,63486935;677,73732127;0,0
38;EY;beam_y;60x80;0,0;0,0;-135,77026985;-578,50929138;-5,05833445;-0,0;-0,0;0,0;135,77026985;-629,84611026;5,05833445;-0,0;0,0;-0,0;-135,77026985;-5,05833445;578,50929138;-0,0;0,0;0,0;135,77026985;5,05833445;629,84611026;-0,0;0,0;0,0;135,77026985;5,05833445;578,50929138;0,0;0,0;0,0;135,77026985;5,05833445;629,84611026;0,0
39;EY;beam_y;60x80;0,0;0,0;-133,78441583;-568,12540589;-2,80030239;-0,0;-0,0;0,0;133,78441583;-622,55589503;2,80030239;-0,0;0,0;-0,0;-133,78441583;-2,80030239;568,12540589;-0,0;0,0;0,0;133,78441583;2,80030239;622,55589503;-0,0;0,0;0,0;133,78441583;2,80030239;568,12540589;0,0;0,0;0,0;133,78441583;2,80030239;622,55589503;0,0
40;EY;column;70x70;1,96187382;-155,35304513;-156,37938103;190,34483826;-5,22528922;3,37911286;-1,96187382;155,35304513;156,37938103;362,71200241;12,20956002;-3,37911286;-156,37938103;155,35304513;1,96187382;3,37911286;5,22528922;190,34483826;156,37938103;-155,35304513;-1,96187382;-3,37911286;-12,20956002;362,71200241;156,37938103;155,35304513;1,96187382;3,37911286;5,22528922;190,34483826;156,37938103;155,35304513;1,96187382;3,37911286;12,20956002;362,71200241
41;EY;column;70x70;27,64648551;-181,22860701;-201,08804638;205,98692314;47,67218563;3,37911286;-27,64648551;181,22860701;201,08804638;439,18691782;50,74930278;-3,37911286;-201,08804638;181,22860701;27,64648551;3,37911286;-47,67218563;205,98692314;201,08804638;-181,22860701;-27,64648551;-3,37911286;-50,74930278;439,18691782;201,08804638;181,22860701;27,64648551;3,37911286;47,67218563;205,98692314;201,08804638;181,22860701;27,64648551;3,37911286;50,74930278;439,18691782
42;EY;column;70x70;0,15533623;-279,11230205;29,94147531;436,83121604;-3,28914901;3,37911286;-0,15533623;279,11230205;-29,94147531;556,80857925;3,84214599;-3,37911286;29,94147531;279,11230205;0,15533623;3,37911286;3,28914901;436,83121604;-29,94147531;-279,11230205;-0,15533623;-3,37911286;-3,84214599;556,80857925;29,94147531;279,11230205;0,15533623;3,37911286;3,28914901;436,83121604;29,94147531;279,11230205;0,15533623;3,37911286;3,84214599;556,80857925
43;EY;column;70x70;-5,20695567;-324,16643164;61,00414671;515,30780653;-9,55202923;3,37911286;5,20695567;324,16643164;-61,00414671;638,72469012;-8,98473297;-3,37911286;61,00414671;324,16643164;-5,20695567;3,37911286;9,55202923;515,30780653;-61,00414671;-324,16643164;5,20695567;-3,37911286;8,98473297;638,72469012;61,00414671;324,16643164;5,20695567;3,37911286;9,55202923;515,30780653;61,00414671;324,16643164;5,20695567;3,37911286;8,98473297;638,72469012
44;EY;column;70x70;-5,96814589;-147,6503418;128,79735864;180,52068751;-7,79434689;3,37911286;5,96814589;147,6503418;-128,79735864;345,1145293;-13,45225247;-3,37911286;128,79735864;147,6503418;-5,96814589;3,37911286;7,79434689;180,52068751;-128,79735864;-147,6503418;5,96814589;-3,37911286;13,45225247;345,1145293;128,79735864;147,6503418;5,96814589;3,37911286;7,79434689;180,52068751;128,79735864;147,6503418;5,96814589;3,37911286;13,45225247;345,1145293
45;EY;column;70x70;-17,42583322;-177,74089924;139,71820648;235,19566333;-29,77515364;3,37911286;17,42583322;177,74089924;-139,71820648;397,56193796;-32,26081263;-3,37911286;139,71820648;177,74089924;-17,42583322;3,37911286;29,77515364;235,19566333;-139,71820648;-177,74089924;17,42583322;-3,37911286;32,26081263;397,56193796;139,71820648;177,74089924;17,42583322;3,37911286;29,77515364;235,19566333;139,71820648;177,74089924;17,42583322;3,37911286;32,26081263;397,56193796
46;EY;beam_x;60x80;0,0;-0,0;0,46308251;-6,51720827;0,47963435;0,0;-0,0;0,0;-0,46308251;6,51720827;4,15119074;0,0;0,0;0,0;0,46308251;6,51720827;-0,47963435;0,0;0,0;-0,0;-0,46308251;-6,51720827;-4,15119074;0,0;0,0;0,0;0,46308251;6,51720827;0,47963435;0,0;0,0;0,0;0,46308251;6,51720827;4,15119074;0,0
47;EY;beam_x;60x80;0,0;-0,0;-0,9359151;-2,41550378;-3,20751634;0,0;0,0;0,0;0,9359151;2,41550378;-6,15163468;0,0;0,0;0,0;-0,9359151;2,41550378;3,20751634;0,0;0,0;-0,0;0,9359151;-2,41550378;6,15163468;0,0;0,0;0,0;0,9359151;2,41550378;3,20751634;0,0;0,0;0,0;0,9359151;2,41550378;6,15163468;0,0
48;EY;beam_x;60x80;0,0;-0,0;1,38063245;0,35852433;8,09019355;0,0;-0,0;0,0;-1,38063245;-0,35852433;5,71613095;0,0;0,0;0,0;1,38063245;-0,35852433;-8,09019355;0,0;0,0;-0,0;-1,38063245;0,35852433;-5,71613095;0,0;0,0;0,0;1,38063245;0,35852433;8,09019355;0,0;0,0;0,0;1,38063245;0,35852433;5,71613095;0,0
49;EY;beam_y;60x80;0,0;0,0;-111,13716576;-417,71039816;-2,2902168;0,0;0,0;0,0;111,13716576;-388,03405358;2,2902168;0,0;0,0;0,0;-111,13716576;-2,2902168;417,71039816;0,0;0,0;0,0;111,13716576;2,2902168;388,03405358;0,0;0,0;0,0;111,13716576;2,2902168;417,71039816;0,0;0,0;0,0;111,13716576;2,2902168;388,03405358;0,0
50;EY;beam_y;60x80;0,0;0,0;-104,82316133;-389,38220574;2,45481886;0,0;0,0;0,0;104,82316133;-370,58571392;-2,45481886;0,0;0,0;0,0;-104,82316133;2,45481886;389,38220574;0,0;0,0;0,0;104,82316133;-2,45481886;370,58571392;0,0;0,0;0,0;104,82316133;2,45481886;389,38220574;0,0;0,0;0,0;104,82316133;2,45481886;370,58571392;0,0
51;EY;beam_y;60x80;0,0;0,0;-86,36523774;-370,07395993;-1,65475584;-0,0;-0,0;0,0;86,36523774;-398,57665599;1,65475584;-0,0;0,0;-0,0;-86,36523774;-1,65475584;370,07395993;-0,0;0,0;0,0;86,36523774;1,65475584;398,57665599;-0,0;0,0;0,0;86,36523774;1,65475584;370,07395993;0,0;0,0;0,0;86,36523774;1,65475584;398,57665599;0,0
52;EY;beam_y;60x80;0,0;0,0;-84,23407495;-357,59328018;-1,98782212;-0,0;-0,0;0,0;84,23407495;-392,08998685;1,98782212;-0,0;0,0;-0,0;-84,23407495;-1,98782212;357,59328018;-0,0;0,0;0,0;84,23407495;1,98782212;392,08998685;-0,0;0,0;0,0;84,23407495;1,98782212;357,59328018;0,0;0,0;0,0;84,23407495;1,98782212;392,08998685;0,0
53;EY;column;70x70;-4,20398988;-69,11026573;-45,70529778;61,51560402;-10,39897757;0,54138273;4,20398988;69,11026573;45,70529778;184,51694199;-4,5672264;-0,54138273;-45,70529778;69,11026573;-4,20398988;0,54138273;10,39897757;61,51560402;45,70529778;-69,11026573;4,20398988;-0,54138273;4,5672264;184,51694199;45,70529778;69,11026573;4,20398988;0,54138273;10,39897757;61,51560402;45,70529778;69,11026573;4,20398988;0,54138273;4,5672264;184,51694199
54;EY;column;70x70;3,28171569;-97,39487849;-55,05726982;125,52012126;6,54472993;0,54138273;-3,28171569;97,39487849;55,05726982;221,20564616;5,13817794;-0,54138273;-55,05726982;97,39487849;3,28171569;0,54138273;-6,54472993;125,52012126;55,05726982;-97,39487849;-3,28171569;-0,54138273;-5,13817794;221,20564616;55,05726982;97,39487849;3,28171569;0,54138273;6,54472993;125,52012126;55,05726982;97,39487849;3,28171569;0,54138273;5,13817794;221,20564616
55;EY;column;70x70;-0,63186829;-149,13589107;6,1054624;203,71493804;-1,2700906;0,54138273;0,63186829;149,13589107;-6,1054624;327,20883415;-0,97936049;-0,54138273;6,1054624;149,13589107;-0,63186829;0,54138273;1,2700906;203,71493804;-6,1054624;-149,13589107;0,63186829;-0,54138273;0,97936049;327,20883415;6,1054624;149,13589107;0,63186829;0,54138273;1,2700906;203,71493804;6,1054624;149,13589107;0,63186829;0,54138273;0,97936049;327,20883415
56;EY;column;70x70;-5,33365566;-166,85077092;11,11727529;237,85933402;-13,31317086;0,54138273;5,33365566;166,85077092;-11,11727529;356,12941045;-5,6746433;-0,54138273;11,11727529;166,85077092;-5,33365566;0,54138273;13,31317086;237,85933402;-11,11727529;-166,85077092;5,33365566;-0,54138273;5,6746433;356,12941045;11,11727529;166,85077092;5,33365566;0,54138273;13,31317086;237,85933402;11,11727529;166,85077092;5,33365566;0,54138273;5,6746433;356,12941045
57;EY;column;70x70;0,51615987;-69,14812823;41,05148845;53,10360236;3,70730308;0,54138273;-0,51615987;69,14812823;-41,05148845;193,06373416;-1,86977395;-0,54138273;41,05148845;69,14812823;0,51615987;0,54138273;-3,70730308;53,10360236;-41,05148845;-69,14812823;-0,51615987;-0,54138273;1,86977395;193,06373416;41,05148845;69,14812823;0,51615987;0,54138273;3,70730308;53,10360236;41,05148845;69,14812823;0,51615987;0,54138273;1,86977395;193,06373416
58;EY;column;70x70;-5,89913826;-77,92991537;43,45041953;64,93546506;-9,11762188;0,54138273;5,89913826;77,92991537;-43,45041953;212,49503366;-11,88331033;-0,54138273;43,45041953;77,92991537;-5,89913826;0,54138273;9,11762188;64,93546506;-43,45041953;-77,92991537;5,89913826;-0,54138273;11,88331033;212,49503366;43,45041953;77,92991537;5,89913826;0,54138273;9,11762188;64,93546506;43,45041953;77,92991537;5,89913826;0,54138273;11,88331033;212,49503366
59;EY;beam_x;60x80;0,0;-0,0;1,0469003;-0,04732381;5,04721142;0,0;-0,0;0,0;-1,0469003;0,04732381;5,42179156;0,0;0,0;0,0;1,0469003;0,04732381;-5,04721142;0,0;0,0;-0,0;-1,0469003;-0,04732381;-5,42179156;0,0;0,0;0,0;1,0469003;0,04732381;5,04721142;0,0;0,0;0,0;1,0469003;0,04732381;5,42179156;0,0
60;EY;beam_x;60x80;0,0;-0,0;0,15878055;-1,17821644;0,59253701;0,0;-0,0;0,0;-0,15878055;1,17821644;0,9952685;0,0;0,0;0,0;0,15878055;1,17821644;-0,59253701;0,0;0,0;-0,0;-0,15878055;-1,17821644;-0,9952685;0,0;0,0;0,0;0,15878055;1,17821644;0,59253701;0,0;0,0;0,0;0,15878055;1,17821644;0,9952685;0,0
61;EY;beam_x;60x80;0,0;-0,0;0,24597222;-1,44143959;1,77661242;0,0;-0,0;0,0;-0,24597222;1,44143959;0,68310981;0,0;0,0;0,0;0,24597222;1,44143959;-1,77661242;0,0;0,0;-0,0;-0,24597222;-1,44143959;-0,68310981;0,0;0,0;0,0;0,24597222;1,44143959;1,77661242;0,0;0,0;0,0;0,24597222;1,44143959;0,68310981;0,0
62;EY;beam_y;60x80;0,0;0,0;-46,75219808;-184,46961818;-0,47998501;0,0;0,0;0,0;46,75219808;-154,48381787;0,47998501;0,0;0,0;0,0;-46,75219808;-0,47998501;184,46961818;0,0;0,0;0,0;46,75219808;0,47998501;154,48381787;0,0;0,0;0,0;46,75219808;0,47998501;184,46961818;0,0;0,0;0,0;46,75219808;0,47998501;154,48381787;0,0
63;EY;beam_y;60x80;0,0;0,0;-48,81341661;-193,44139296;-0,50017632;0,0;0,0;0,0;48,81341661;-160,45587745;0,50017632;0,0;0,0;0,0;-48,81341661;-0,50017632;193,44139296;0,0;0,0;0,0;48,81341661;0,50017632;160,45587745;0,0;0,0;0,0;48,81341661;0,50017632;193,44139296;0,0;0,0;0,0;48,81341661;0,50017632;160,45587745;0,0
64;EY;beam_y;60x80;0,0;0,0;-40,80551623;-171,54679984;-0,09316153;-0,0;-0,0;0,0;40,80551623;-191,62229456;0,09316153;-0,0;0,0;-0,0;-40,80551623;-0,09316153;171,54679984;-0,0;0,0;0,0;40,80551623;0,09316153;191,62229456;-0,0;0,0;0,0;40,80551623;0,09316153;171,54679984;0,0;0,0;0,0;40,80551623;0,09316153;191,62229456;0,0
65;EY;beam_y;60x80;0,0;0,0;-38,27280232;-160,56060405;0,78104266;-0,0;-0,0;0,0;38,27280232;-180,06733656;-0,78104266;-0,0;0,0;-0,0;-38,27280232;0,78104266;160,56060405;-0,0;0,0;0,0;38,27280232;-0,78104266;180,06733656;-0,0;0,0;0,0;38,27280232;0,78104266;160,56060405;0,0;0,0;0,0;38,27280232;0,78104266;180,06733656;0,0
66;EY;column;70x70;-76,15596843;-686,9810536;-892,45534587;1512,64674832;-148,96649919;-12,81088486;76,15596843;686,9810536;892,45534587;933,0058025;-122,14874841;12,81088486;-892,45534587;686,9810536;-76,15596843;-12,81088486;148,96649919;1512,64674832;892,45534587;-686,9810536;76,15596843;12,81088486;122,14874841;933,0058025;892,45534587;686,9810536;76,15596843;12,81088486;148,96649919;1512,64674832;892,45534587;686,9810536;76,15596843;12,81088486;122,14874841;933,0058025
67;EY;column;70x70;-84,1663996;-591,66623932;-772,17895806;1330,3366976;-158,47221085;-12,81088486;84,1663996;591,66623932;772,17895806;775,99511438;-141,16017172;12,81088486;-772,17895806;591,66623932;-84,1663996;-12,81088486;158,47221085;1330,3366976;772,17895806;-591,66623932;84,1663996;12,81088486;141,16017172;775,99511438;772,17895806;591,66623932;84,1663996;12,81088486;158,47221085;1330,3366976;772,17895806;591,66623932;84,1663996;12,81088486;141,16017172;775,99511438
68;EY;column;70x70;-95,54528749;-517,71614677;-899,65374568;1173,37945001;-171,97515782;-12,81088486;95,54528749;517,71614677;899,65374568;669,69003249;-168,16606565;12,81088486;-899,65374568;517,71614677;-95,54528749;-12,81088486;171,97515782;1173,37945001;899,65374568;-517,71614677;95,54528749;12,81088486;168,16606565;669,69003249;899,65374568;517,71614677;95,54528749;12,81088486;171,97515782;1173,37945001;899,65374568;517,71614677;95,54528749;12,81088486;168,16606565;669,69003249
69;EY;column;70x70;-82,18818718;-421,10280905;-738,43151555;1024,1300537;-156,12473212;-12,81088486;82,18818718;421,10280905;738,43151555;474,99594652;-136,46521426;12,81088486;-738,43151555;421,10280905;-82,18818718;-12,81088486;156,12473212;1024,1300537;738,43151555;-421,10280905;82,18818718;12,81088486;136,46521426;474,99594652;738,43151555;421,10280905;82,18818718;12,81088486;156,12473212;1024,1300537;738,43151555;421,10280905;82,18818718;12,81088486;136,46521426;474,99594652
70;EY;column;70x70;3,29287639;-831,4141968;338,6365374;1684,04074491;-4,51492846;-12,81088486;-3,29287639;831,4141968;-338,6365374;1275,79379569;16,23756841;12,81088486;338,6365374;831,4141968;3,29287639;-12,81088486;4,51492846;1684,04074491;-338,6365374;-831,4141968;-3,29287639;12,81088486;-16,23756841;1275,79379569;338,6365374;831,4141968;3,29287639;12,81088486;4,51492846;1684,04074491;338,6365374;831,4141968;3,29287639;12,81088486;16,23756841;1275,79379569
71;EY;column;70x70;-14,21882988;-713,5912186;207,64423622;1475,02100634;-25,29548656;-12,81088486;14,21882988;713,5912186;-207,64423622;1065,36373186;-25,32354779;12,81088486;207,64423622;713,5912186;-14,21882988;-12,81088486;25,29548656;1475,02100634;-207,64423622;-713,5912186;14,21882988;12,81088486;25,32354779;1065,36373186;207,64423622;713,5912186;14,21882988;12,81088486;25,29548656;1475,02100634;207,64423622;713,5912186;14,21882988;12,81088486;25,32354779;1065,36373186
72;EY;column;70x70;-12,42456362;-619,3994077;200,34120047;1294,04358631;-23,16629061;-12,81088486;12,42456362;619,3994077;-200,34120047;911,01830509;-21,06515588;12,81088486;200,34120047;619,3994077;-12,42456362;-12,81088486;23,16629061;1294,04358631;-200,34120047;-619,3994077;12,42456362;12,81088486;21,06515588;911,01830509;200,34120047;619,3994077;12,42456362;12,81088486;23,16629061;1294,04358631;200,34120047;619,3994077;12,42456362;12,81088486;21,06515588;911,01830509
73;EY;column;70x70;-13,28011631;-532,18108932;205,44093304;1155,94294628;-24,18154647;-12,81088486;13,28011631;532,18108932;-205,44093304;738,62173169;-23,0956676;12,81088486;205,44093304;532,18108932;-13,28011631;-12,81088486;24,18154647;1155,94294628;-205,44093304;-532,18108932;13,28011631;12,81088486;23,0956676;738,62173169;205,44093304;532,18108932;13,28011631;12,81088486;24,18154647;1155,94294628;205,44093304;532,18108932;13,28011631;12,81088486;23,0956676;738,62173169
74;EY;column;70x70;72,87128917;-660,4742203;557,57545009;1481,1919728;139,64224731;-12,81088486;-72,87128917;660,4742203;-557,57545009;870,09625147;119,77954212;12,81088486;557,57545009;660,4742203;72,87128917;-12,81088486;-139,64224731;1481,1919728;-557,57545009;-660,4742203;-72,87128917;12,81088486;-119,77954212;870,09625147;557,57545009;660,4742203;72,87128917;12,81088486;139,64224731;1481,1919728;557,57545009;660,4742203;72,87128917;12,81088486;119,77954212;870,09625147
75;EY;column;70x70;72,32875662;-567,6749987;563,70686333;1301,86709207;138,99844202;-12,81088486;-72,32875662;567,6749987;-563,70686333;719,05590331;118,49193154;12,81088486;563,70686333;567,6749987;72,32875662;-12,81088486;-138,99844202;1301,86709207;-563,70686333;-567,6749987;-72,32875662;12,81088486;-118,49193154;719,05590331;563,70686333;567,6749987;72,32875662;12,81088486;138,99844202;1301,86709207;563,70686333;567,6749987;72,32875662;12,81088486;118,49193154;719,05590331
76;EY;column;70x70;83,96016094;-499,91088509;683,94165962;1152,25053948;152,80104182;-12,81088486;-83,96016094;499,91088509;-683,94165962;627,43221143;146,09713113;12,81088486;683,94165962;499,91088509;83,96016094;-12,81088486;-152,80104182;1152,25053948;-683,94165962;-499,91088509;-83,96016094;12,81088486;-146,09713113;627,43221143;683,94165962;499,91088509;83,96016094;12,81088486;152,80104182;1152,25053948;683,94165962;499,91088509;83,96016094;12,81088486;146,09713113;627,43221143
77;EY;column;70x70;71,64876426;-397,91653083;532,82704327;996,61567021;138,19151776;-12,81088486;-71,64876426;397,91653083;-532,82704327;419,96717956;116,87808301;12,81088486;532,82704327;397,91653083;71,64876426;-12,81088486;-138,19151776;996,61567021;-532,82704327;-397,91653083;-71,64876426;12,81088486;-116,87808301;419,96717956;532,82704327;397,91653083;71,64876426;12,81088486;138,19151776;996,61567021;532,82704327;397,91653083;71,64876426;12,81088486;116,87808301;419,96717956
78;EY;column;70x70;14,54724566;-241,58389727;-578,11064558;349,94905942;65,22365057;3,5753891;-14,54724566;241,58389727;578,11064558;510,08961486;-13,43545601;-3,5753891;-578,11064558;241,58389727;14,54724566;3,5753891;-65,22365057;349,94905942;578,11064558;-241,58389727;-14,54724566;-3,5753891;13,43545601;510,08961486;578,11064558;241,58389727;14,54724566;3,5753891;65,22365057;349,94905942;578,11064558;241,58389727;14,54724566;3,5753891;13,43545601;510,08961486
79;EY;column;70x70;38,32066782;-284,53392112;-462,43648959;445,5296833;83,92906654;3,5753891;-38,32066782;284,53392112;462,43648959;567,4110759;52,4925109;-3,5753891;-462,43648959;284,53392112;38,32066782;3,5753891;-83,92906654;445,5296833;462,43648959;-284,53392112;-38,32066782;-3,5753891;-52,4925109;567,4110759;462,43648959;284,53392112;38,32066782;3,5753891;83,92906654;445,5296833;462,43648959;284,53392112;38,32066782;3,5753891;52,4925109;567,4110759
80;EY;column;70x70;21,27227696;-322,5269159;-451,96943569;560,58076913;50,19536243;3,5753891;-21,27227696;322,5269159;451,96943569;587,61505146;25,53394356;-3,5753891;-451,96943569;322,5269159;21,27227696;3,5753891;-50,19536243;560,58076913;451,96943569;-322,5269159;-21,27227696;-3,5753891;-25,53394356;587,61505146;451,96943569;322,5269159;21,27227696;3,5753891;50,19536243;560,58076913;451,96943569;322,5269159;21,27227696;3,5753891;25,53394356;587,61505146
81;EY;column;70x70;36,32786111;-283,66774715;-477,00327111;478,68014905;83,91174798;3,5753891;-36,32786111;283,66774715;477,00327111;531,17703079;45,41543758;-3,5753891;-477,00327111;283,66774715;36,32786111;3,5753891;-83,91174798;478,68014905;477,00327111;-283,66774715;-36,32786111;-3,5753891;-45,41543758;531,17703079;477,00327111;283,66774715;36,32786111;3,5753891;83,91174798;478,68014905;477,00327111;283,66774715;36,32786111;3,5753891;45,41543758;531,17703079
82;EY;column;70x70;32,44003048;-473,9056412;171,42348601;797,03152547;66,38859073;3,5753891;-32,44003048;473,9056412;-171,42348601;890,07255719;49,0979178;-3,5753891;171,42348601;473,9056412;32,44003048;3,5753891;-66,38859073;797,03152547;-171,42348601;-473,9056412;-32,44003048;-3,5753891;-49,0979178;890,07255719;171,42348601;473,9056412;32,44003048;3,5753891;66,38859073;797,03152547;171,42348601;473,9056412;32,44003048;3,5753891;49,0979178;890,07255719
83;EY;column;70x70;9,14313129;-483,64824202;125,44145664;826,49631951;17,96237892;3,5753891;-9,14313129;483,64824202;-125,44145664;895,2914221;14,58716849;-3,5753891;125,44145664;483,64824202;9,14313129;3,5753891;-17,96237892;826,49631951;-125,44145664;-483,64824202;-9,14313129;-3,5753891;-14,58716849;895,2914221;125,44145664;483,64824202;9,14313129;3,5753891;17,96237892;826,49631951;125,44145664;483,64824202;9,14313129;3,5753891;14,58716849;895,2914221
84;EY;column;70x70;11,81901607;-510,39277909;118,62304692;904,17906309;23,26695815;3,5753891;-11,81901607;510,39277909;-118,62304692;912,81923047;18,80873907;-3,5753891;118,62304692;510,39277909;11,81901607;3,5753891;-23,26695815;904,17906309;-118,62304692;-510,39277909;-11,81901607;-3,5753891;-18,80873907;912,81923047;118,62304692;510,39277909;11,81901607;3,5753891;23,26695815;904,17906309;118,62304692;510,39277909;11,81901607;3,5753891;18,80873907;912,81923047
85;EY;column;70x70;9,14820195;-480,97217318;131,98765239;844,62762719;19,0823362;3,5753891;-9,14820195;480,97217318;-131,98765239;867,63330932;13,48526275;-3,5753891;131,98765239;480,97217318;9,14820195;3,5753891;-19,0823362;844,62762719;-131,98765239;-480,97217318;-9,14820195;-3,5753891;-13,48526275;867,63330932;131,98765239;480,97217318;9,14820195;3,5753891;19,0823362;844,62762719;131,98765239;480,97217318;9,14820195;3,5753891;13,48526275;867,63330932
86;EY;column;70x70;-21,97921139;-209,97494185;331,94572281;280,98499014;-55,99348239;3,5753891;21,97921139;209,97494185;-331,94572281;466,52580284;-22,25251016;-3,5753891;331,94572281;209,97494185;-21,97921139;3,5753891;55,99348239;280,98499014;-331,94572281;-209,97494185;21,97921139;-3,5753891;22,25251016;466,52580284;331,94572281;209,97494185;21,97921139;3,5753891;55,99348239;280,98499014;331,94572281;209,97494185;21,97921139;3,5753891;22,25251016;466,52580284
87;EY;column;70x70;-24,87521165;-247,92138931;340,08400978;373,61320668;-60,07387465;3,5753891;24,87521165;247,92138931;-340,08400978;508,98693925;-28,48187881;-3,5753891;340,08400978;247,92138931;-24,87521165;3,5753891;60,07387465;373,61320668;-340,08400978;-247,92138931;24,87521165;-3,5753891;28,48187881;508,98693925;340,08400978;247,92138931;24,87521165;3,5753891;60,07387465;373,61320668;340,08400978;247,92138931;24,87521165;3,5753891;28,48187881;508,98693925
88;EY;column;70x70;-9,15105682;-288,66958482;333,88604488;499,27449239;-27,61194446;3,5753891;9,15105682;288,66958482;-333,88604488;528,38922956;-4,96581782;-3,5753891;333,88604488;288,66958482;-9,15105682;3,5753891;27,61194446;499,27449239;-333,88604488;-288,66958482;9,15105682;-3,5753891;4,96581782;528,38922956;333,88604488;288,66958482;9,15105682;3,5753891;27,61194446;499,27449239;333,88604488;288,66958482;9,15105682;3,5753891;4,96581782;528,38922956
89;EY;column;70x70;-23,48589068;-243,74812873;344,3793088;403,79448505;-59,23213804;3,5753891;23,48589068;243,74812873;-344,3793088;463,94885324;-24,37763279;-3,5753891;344,3793088;243,74812873;-23,48589068;3,5753891;59,23213804;403,79448505;-344,3793088;-243,74812873;23,48589068;-3,5753891;24,37763279;463,94885324;344,3793088;243,74812873;23,48589068;3,5753891;59,23213804;403,79448505;344,3793088;243,74812873;23,48589068;3,5753891;24,37763279;463,94885324
90;EY;column;70x70;-18,53773472;-246,90399046;-213,70698838;363,65447429;-59,22668951;3,37911286;18,53773472;246,90399046;213,70698838;515,32373175;-6,7676461;-3,37911286;-213,70698838;246,90399046;-18,53773472;3,37911286;59,22668951;363,65447429;213,70698838;-246,90399046;18,53773472;-3,37911286;6,7676461;515,32373175;213,70698838;246,90399046;18,53773472;3,37911286;59,22668951;363,65447429;213,70698838;246,90399046;18,53773472;3,37911286;6,7676461;515,32373175
91;EY;column;70x70;9,61449632;-261,03210651;-224,35923598;385,71367312;11,89746394;3,37911286;-9,61449632;261,03210651;224,35923598;543,56062604;22,33014295;-3,37911286;-224,35923598;261,03210651;9,61449632;3,37911286;-11,89746394;385,71367312;224,35923598;-261,03210651;-9,61449632;-3,37911286;-22,33014295;543,56062604;224,35923598;261,03210651;9,61449632;3,37911286;11,89746394;385,71367312;224,35923598;261,03210651;9,61449632;3,37911286;22,33014295;543,56062604
92;EY;column;70x70;0,24157064;-233,71837424;-201,50702478;327,36006766;-5,95288472;3,37911286;-0,24157064;233,71837424;201,50702478;504,67734464;6,81287618;-3,37911286;-201,50702478;233,71837424;0,24157064;3,37911286;5,95288472;327,36006766;201,50702478;-233,71837424;-0,24157064;-3,37911286;-6,81287618;504,67734464;201,50702478;233,71837424;0,24157064;3,37911286;5,95288472;327,36006766;201,50702478;233,71837424;0,24157064;3,37911286;6,81287618;504,67734464
93;EY;column;70x70;9,0383219;-234,21194661;-273,73847744;317,09050065;6,50146094;3,37911286;-9,0383219;234,21194661;273,73847744;516,70402929;25,67496502;-3,37911286;-273,73847744;234,21194661;9,0383219;3,37911286;-6,50146094;317,09050065;273,73847744;-234,21194661;-9,0383219;-3,37911286;-25,67496502;516,70402929;273,73847744;234,21194661;9,0383219;3,37911286;6,50146094;317,09050065;273,73847744;234,21194661;9,0383219;3,37911286;25,67496502;516,70402929
94;EY;column;70x70;6,44654284;-370,85573812;51,01693835;615,03835439;12,49061443;3,37911286;-6,44654284;370,85573812;-51,01693835;705,20807333;10,45907807;-3,37911286;51,01693835;370,85573812;6,44654284;3,37911286;-12,49061443;615,03835439;-51,01693835;-370,85573812;-6,44654284;-3,37911286;-10,45907807;705,20807333;51,01693835;370,85573812;6,44654284;3,37911286;12,49061443;615,03835439;51,01693835;370,85573812;6,44654284;3,37911286;10,45907807;705,20807333
95;EY;column;70x70;0,15582675;-376,52200216;59,27184075;614,35970136;-1,83946427;3,37911286;-0,15582675;376,52200216;-59,27184075;726,05862633;2,39420749;-3,37911286;59,27184075;376,52200216;0,15582675;3,37911286;1,83946427;614,35970136;-59,27184075;-376,52200216;-0,15582675;-3,37911286;-2,39420749;726,05862633;59,27184075;376,52200216;0,15582675;3,37911286;1,83946427;614,35970136;59,27184075;376,52200216;0,15582675;3,37911286;2,39420749;726,05862633
96;EY;column;70x70;1,10478558;-368,16461965;54,11090134;589,1729669;0,33282086;3,37911286;-1,10478558;368,16461965;-54,11090134;721,49307907;3,60021581;-3,37911286;54,11090134;368,16461965;1,10478558;3,37911286;-0,33282086;589,1729669;-54,11090134;-368,16461965;-1,10478558;-3,37911286;-3,60021581;721,49307907;54,11090134;368,16461965;1,10478558;3,37911286;0,33282086;589,1729669;54,11090134;368,16461965;1,10478558;3,37911286;3,60021581;721,49307907
97;EY;column;70x70;-0,57858187;-366,72919584;61,45352608;576,66599603;-3,81888541;3,37911286;0,57858187;366,72919584;-61,45352608;728,88994115;1,75913395;-3,37911286;61,45352608;366,72919584;-0,57858187;3,37911286;3,81888541;576,66599603;-61,45352608;-366,72919584;0,57858187;-3,37911286;-1,75913395;728,88994115;61,45352608;366,72919584;0,57858187;3,37911286;3,81888541;576,66599603;61,45352608;366,72919584;0,57858187;3,37911286;1,75913395;728,88994115
98;EY;column;70x70;-7,56238043;-224,97910255;163,86171031;331,58242238;-9,96259965;3,37911286;7,56238043;224,97910255;-163,86171031;469,34318268;-16,95947467;-3,37911286;163,86171031;224,97910255;-7,56238043;3,37911286;9,96259965;331,58242238;-163,86171031;-224,97910255;7,56238043;-3,37911286;16,95947467;469,34318268;163,86171031;224,97910255;7,56238043;3,37911286;9,96259965;331,58242238;163,86171031;224,97910255;7,56238043;3,37911286;16,95947467;469,34318268
99;EY;column;70x70;-10,43559095;-231,07921387;163,9301401;335,1923083;-16,16492448;3,37911286;10,43559095;231,07921387;-163,9301401;487,44969309;-20,98577931;-3,37911286;163,9301401;231,07921387;-10,43559095;3,37911286;16,16492448;335,1923083;-163,9301401;-231,07921387;10,43559095;-3,37911286;20,98577931;487,44969309;163,9301401;231,07921387;10,43559095;3,37911286;16,16492448;335,1923083;163,9301401;231,07921387;10,43559095;3,37911286;20,98577931;487,44969309
100;EY;column;70x70;-2,98199473;-209,60629277;155,10624406;279,69860863;-2,4632597;3,37911286;2,98199473;209,60629277;-155,10624406;466,49979364;-8,15264154;-3,37911286;155,10624406;209,60629277;-2,98199473;3,37911286;2,4632597;279,69860863;-155,10624406;-209,60629277;2,98199473;-3,37911286;8,15264154;466,49979364;155,10624406;209,60629277;2,98199473;3,37911286;2,4632597;279,69860863;155,10624406;209,60629277;2,98199473;3,37911286;8,15264154;466,49979364
101;EY;column;70x70;-10,12762449;-210,22604163;202,56666585;268,7703297;-13,34388581;3,37911286;10,12762449;210,22604163;-202,56666585;479,6343785;-22,71045739;-3,37911286;202,56666585;210,22604163;-10,12762449;3,37911286;13,34388581;268,7703297;-202,56666585;-210,22604163;10,12762449;-3,37911286;22,71045739;479,6343785;202,56666585;210,22604163;10,12762449;3,37911286;13,34388581;268,7703297;202,56666585;210,22604163;10,12762449;3,37911286;22,71045739;479,6343785
102;EY;column;70x70;-1,57699153;-62,63606541;-75,97109028;67,14588346;-1,93261018;0,54138273;1,57699153;62,63606541;75,97109028;155,83850942;-3,68147967;-0,54138273;-75,97109028;62,63606541;-1,57699153;0,54138273;1,93261018;67,14588346;75,97109028;-62,63606541;1,57699153;-0,54138273;3,68147967;155,83850942;75,97109028;62,63606541;1,57699153;0,54138273;1,93261018;67,14588346;75,97109028;62,63606541;1,57699153;0,54138273;3,68147967;155,83850942
103;EY;column;70x70;-3,36097064;-62,2178169;-80,51801408;62,79195328;-8,35912384;0,54138273;3,36097064;62,2178169;80,51801408;158,7034749;-3,60593163;-0,54138273;-80,51801408;62,2178169;-3,36097064;0,54138273;8,35912384;62,79195328;80,51801408;-62,2178169;3,36097064;-0,54138273;3,60593163;158,7034749;80,51801408;62,2178169;3,36097064;0,54138273;8,35912384;62,79195328;80,51801408;62,2178169;3,36097064;0,54138273;3,60593163;158,7034749
104;EY;column;70x70;-9,69643334;-78,18645651;-55,60201586;59,94128131;-20,27193454;0,54138273;9,69643334;78,18645651;55,60201586;218,40250388;-14,24736815;-0,54138273;-55,60201586;78,18645651;-9,69643334;0,54138273;20,27193454;59,94128131;55,60201586;-78,18645651;9,69643334;-0,54138273;14,24736815;218,40250388;55,60201586;78,18645651;9,69643334;0,54138273;20,27193454;59,94128131;55,60201586;78,18645651;9,69643334;0,54138273;14,24736815;218,40250388
105;EY;column;70x70;0,80574316;-76,62992536;-57,68374079;61,87060718;0,61392558;0,54138273;-0,80574316;76,62992536;57,68374079;210,93192711;2,25452006;-0,54138273;-57,68374079;76,62992536;0,80574316;0,54138273;-0,61392558;61,87060718;57,68374079;-76,62992536;-0,80574316;-0,54138273;-2,25452006;210,93192711;57,68374079;76,62992536;0,80574316;0,54138273;0,61392558;61,87060718;57,68374079;76,62992536;0,80574316;0,54138273;2,25452006;210,93192711
106;EY;column;70x70;-2,41218367;-176,56180755;20,95009485;245,13269848;-4,23136462;0,54138273;2,41218367;176,56180755;-20,95009485;383,42733639;-4,35600925;-0,54138273;20,95009485;176,56180755;-2,41218367;0,54138273;4,23136462;245,13269848;-20,95009485;-176,56180755;2,41218367;-0,54138273;4,35600925;383,42733639;20,95009485;176,56180755;2,41218367;0,54138273;4,23136462;245,13269848;20,95009485;176,56180755;2,41218367;0,54138273;4,35600925;383,42733639
107;EY;column;70x70;-1,91466036;-178,45132923;24,81363409;246,17237869;-4,24085778;0,54138273;1,91466036;178,45132923;-24,81363409;389,11435336;-2,57533311;-0,54138273;24,81363409;178,45132923;-1,91466036;0,54138273;4,24085778;246,17237869;-24,81363409;-178,45132923;1,91466036;-0,54138273;2,57533311;389,11435336;24,81363409;178,45132923;1,91466036;0,54138273;4,24085778;246,17237869;24,81363409;178,45132923;1,91466036;0,54138273;2,57533311;389,11435336
108;EY;column;70x70;-2,87039127;-162,94824574;14,39984136;217,79812772;-5,29508128;0,54138273;2,87039127;162,94824574;-14,39984136;362,2976271;-4,92351162;-0,54138273;14,39984136;162,94824574;-2,87039127;0,54138273;5,29508128;217,79812772;-14,39984136;-162,94824574;2,87039127;-0,54138273;4,92351162;362,2976271;14,39984136;162,94824574;2,87039127;0,54138273;5,29508128;217,79812772;14,39984136;162,94824574;2,87039127;0,54138273;4,92351162;362,2976271
109;EY;column;70x70;-2,40958074;-160,42028553;10,2702596;216,23394402;-4,59173861;0,54138273;2,40958074;160,42028553;-10,2702596;354,86227246;-3,98636882;-0,54138273;10,2702596;160,42028553;-2,40958074;0,54138273;4,59173861;216,23394402;-10,2702596;-160,42028553;2,40958074;-0,54138273;3,98636882;354,86227246;10,2702596;160,42028553;2,40958074;0,54138273;4,59173861;216,23394402;10,2702596;160,42028553;2,40958074;0,54138273;3,98636882;354,86227246
110;EY;column;70x70;-0,36853924;-86,63840023;48,93903226;75,6656387;1,04206293;0,54138273;0,36853924;86,63840023;-48,93903226;232,76706613;-2,35406262;-0,54138273;48,93903226;86,63840023;-0,36853924;0,54138273;-1,04206293;75,6656387;-48,93903226;-86,63840023;0,36853924;-0,54138273;2,35406262;232,76706613;48,93903226;86,63840023;0,36853924;0,54138273;1,04206293;75,6656387;48,93903226;86,63840023;0,36853924;0,54138273;2,35406262;232,76706613
111;EY;column;70x70;-2,73257802;-84,28315454;47,33932607;68,40932025;-2,38002458;0,54138273;2,73257802;84,28315454;-47,33932607;231,63870993;-7,34795319;-0,54138273;47,33932607;84,28315454;-2,73257802;0,54138273;2,38002458;68,40932025;-47,33932607;-84,28315454;2,73257802;-0,54138273;7,34795319;231,63870993;47,33932607;84,28315454;2,73257802;0,54138273;2,38002458;68,40932025;47,33932607;84,28315454;2,73257802;0,54138273;7,34795319;231,63870993
112;EY;column;70x70;3,08379669;-71,0066837;45,10952379;41,85673658;8,51027701;0,54138273;-3,08379669;71,0066837;-45,10952379;210,9270574;2,46803922;-0,54138273;45,10952379;71,0066837;3,08379669;0,54138273;-8,51027701;41,85673658;-45,10952379;-71,0066837;-3,08379669;-0,54138273;-2,46803922;210,9270574;45,10952379;71,0066837;3,08379669;0,54138273;8,51027701;41,85673658;45,10952379;71,0066837;3,08379669;0,54138273;2,46803922;210,9270574
113;EY;column;70x70;-3,36714492;-68,27808425;40,09944583;43,35337884;-5,22317557;0,54138273;3,36714492;68,27808425;-40,09944583;199,71660108;-6,76386035;-0,54138273;40,09944583;68,27808425;-3,36714492;0,54138273;5,22317557;43,35337884;-40,09944583;-68,27808425;3,36714492;-0,54138273;6,76386035;199,71660108;40,09944583;68,27808425;3,36714492;0,54138273;5,22317557;43,35337884;40,09944583;68,27808425;3,36714492;0,54138273;6,76386035;199,71660108
114;EY;beam_x;60x80;-0,0;0,0;-24,79414558;-152,50695115;-44,41471023;-0,0;0,0;-0,0;24,79414558;152,50695115;-79,55601766;-0,0;0,0;-0,0;-24,79414558;152,50695115;44,41471023;-0,0;0,0;0,0;24,79414558;-152,50695115;79,55601766;-0,0;0,0;0,0;24,79414558;152,50695115;44,41471023;0,0;0,0;0,0;24,79414558;152,50695115;79,55601766;0,0
115;EY;beam_x;60x80;0,0;-0,0;-26,66021596;-147,88881392;-57,19848291;0,0;0,0;0,0;26,66021596;147,88881392;-76,10259689;0,0;0,0;0,0;-26,66021596;147,88881392;57,19848291;0,0;0,0;-0,0;26,66021596;-147,88881392;76,10259689;0,0;0,0;0,0;26,66021596;147,88881392;57,19848291;0,0;0,0;0,0;26,66021596;147,88881392;76,10259689;0,0
116;EY;beam_x;60x80;0,0;0,0;15,7063244;21,5275958;32,04609722;-0,0;0,0;-0,0;-15,7063244;-21,5275958;46,48552476;-0,0;0,0;-0,0;15,7063244;-21,5275958;-32,04609722;-0,0;0,0;0,0;-15,7063244;21,5275958;-46,48552476;-0,0;0,0;0,0;15,7063244;21,5275958;32,04609722;0,0;0,0;0,0;15,7063244;21,5275958;46,48552476;0,0
117;EY;beam_x;60x80;0,0;0,0;7,78795357;-168,79476944;30,47604162;-0,0;0,0;-0,0;-7,78795357;168,79476944;8,46372622;-0,0;0,0;-0,0;7,78795357;168,79476944;-30,47604162;-0,0;0,0;0,0;-7,78795357;-168,79476944;-8,46372622;-0,0;0,0;0,0;7,78795357;168,79476944;30,47604162;0,0;0,0;0,0;7,78795357;168,79476944;8,46372622;0,0
118;EY;beam_x;60x80;0,0;-0,0;4,8880989;-167,61032381;12,35477107;0,0;-0,0;0,0;-4,8880989;167,61032381;12,08572344;0,0;0,0;0,0;4,8880989;167,61032381;-12,35477107;0,0;0,0;-0,0;-4,8880989;-167,61032381;-12,08572344;0,0;0,0;0,0;4,8880989;167,61032381;12,35477107;0,0;0,0;0,0;4,8880989;167,61032381;12,08572344;0,0
119;EY;beam_x;60x80;0,0;0,0;1,83304103;16,24632046;5,04504168;-0,0;0,0;-0,0;-1,83304103;-16,24632046;4,12016346;-0,0;0,0;-0,0;1,83304103;-16,24632046;-5,04504168;-0,0;0,0;0,0;-1,83304103;16,24632046;-4,12016346;-0,0;0,0;0,0;1,83304103;16,24632046;5,04504168;0,0;0,0;0,0;1,83304103;16,24632046;4,12016346;0,0
120;EY;beam_x;60x80;0,0;0,0;20,34176456;-153,90537184;37,6607046;-0,0;0,0;-0,0;-20,34176456;153,90537184;64,04811821;-0,0;0,0;-0,0;20,34176456;153,90537184;-37,6607046;-0,0;0,0;0,0;-20,34176456;-153,90537184;-64,04811821;-0,0;0,0;0,0;20,34176456;153,90537184;37,6607046;0,0;0,0;0,0;20,34176456;153,90537184;64,04811821;0,0
121;EY;beam_x;60x80;0,0;-0,0;21,19085427;-150,9715294;41,38423947;0,0;-0,0;0,0;-21,19085427;150,9715294;64,57003188;0,0;0,0;0,0;21,19085427;150,9715294;-41,38423947;0,0;0,0;-0,0;-21,19085427;-150,9715294;-64,57003188;0,0;0,0;0,0;21,19085427;150,9715294;41,38423947;0,0;0,0;0,0;21,19085427;150,9715294;64,57003188;0,0
122;EY;beam_x;60x80;-0,0;0,0;-18,01213612;24,55245705;-38,37584507;-0,0;0,0;-0,0;18,01213612;-24,55245705;-51,68483551;-0,0;0,0;-0,0;-18,01213612;-24,55245705;38,37584507;-0,0;0,0;0,0;18,01213612;24,55245705;51,68483551;-0,0;0,0;0,0;18,01213612;24,55245705;38,37584507;0,0;0,0;0,0;18,01213612;24,55245705;51,68483551;0,0
123;EY;beam_y;60x80;0,0;0,0;-249,61157012;-958,68214024;1,98149679;0,0;0,0;0,0;249,61157012;-851,00174311;-1,98149679;0,0;0,0;0,0;-249,61157012;1,98149679;958,68214024;0,0;0,0;0,0;249,61157012;-1,98149679;851,00174311;0,0;0,0;0,0;249,61157012;1,98149679;958,68214024;0,0;0,0;0,0;249,61157012;1,98149679;851,00174311;0,0
124;EY;beam_y;60x80;0,0;0,0;-175,15608848;-727,53693626;10,80888769;-0,0;-0,0;0,0;175,15608848;-831,3522512;-10,80888769;-0,0;0,0;-0,0;-175,15608848;10,80888769;727,53693626;-0,0;0,0;0,0;175,15608848;-10,80888769;831,3522512;-0,0;0,0;0,0;175,15608848;10,80888769;727,53693626;0,0;0,0;0,0;175,15608848;10,80888769;831,3522512;0,0
125;EY;beam_y;60x80;0,0;0,0;-244,87275486;-933,11358913;5,66494885;0,0;0,0;0,0;244,87275486;-842,21388358;-5,66494885;0,0;0,0;0,0;-244,87275486;5,66494885;933,11358913;0,0;0,0;0,0;244,87275486;-5,66494885;842,21388358;0,0;0,0;0,0;244,87275486;5,66494885;933,11358913;0,0;0,0;0,0;244,87275486;5,66494885;842,21388358;0,0
126;EY;beam_y;60x80;0,0;0,0;-170,08582688;-712,57298962;5,44991153;-0,0;-0,0;0,0;170,08582688;-801,19086961;-5,44991153;-0,0;0,0;-0,0;-170,08582688;5,44991153;712,57298962;-0,0;0,0;0,0;170,08582688;-5,44991153;801,19086961;-0,0;0,0;0,0;170,08582688;5,44991153;712,57298962;0,0;0,0;0,0;170,08582688;5,44991153;801,19086961;0,0
127;EY;beam_y;60x80;36,75448513;214,17463043;-431,2217683;-1127,90401184;2,20084399;-60,89212619;-36,75448513;-214,17463043;431,2217683;-435,27489825;-2,20084399;-72,34288242;214,17463043;-36,75448513;-431,2217683;2,20084399;1127,90401184;-60,89212619;-214,17463043;36,75448513;431,2217683;-2,20084399;435,27489825;-72,34288242;214,17463043;36,75448513;431,2217683;2,20084399;1127,90401184;60,89212619;214,17463043;36,75448513;431,2217683;2,20084399;435,27489825;72,34288242
128;EY;beam_y;60x80;-1,90692181;244,16106168;-264,80651701;-788,87282883;1,16120652;8,94599641;1,90692181;-244,16106168;264,80651701;-389,51617185;-1,16120652;-0,46019436;244,16106168;1,90692181;-264,80651701;1,16120652;788,87282883;8,94599641;-244,16106168;-1,90692181;264,80651701;-1,16120652;389,51617185;-0,46019436;244,16106168;1,90692181;264,80651701;1,16120652;788,87282883;8,94599641;244,16106168;1,90692181;264,80651701;1,16120652;389,51617185;0,46019436
129;EY;beam_y;60x80;0,0;0,0;-245,72192004;-932,14849977;6,06794152;0,0;0,0;0,0;245,72192004;-849,33542054;-6,06794152;0,0;0,0;0,0;-245,72192004;6,06794152;932,14849977;0,0;0,0;0,0;245,72192004;-6,06794152;849,33542054;0,0;0,0;0,0;245,72192004;6,06794152;932,14849977;0,0;0,0;0,0;245,72192004;6,06794152;849,33542054;0,0
130;EY;beam_y;60x80;0,0;0,0;-170,43559836;-717,66761788;5,96110946;-0,0;-0,0;0,0;170,43559836;-799,20920756;-5,96110946;-0,0;0,0;-0,0;-170,43559836;5,96110946;717,66761788;-0,0;0,0;0,0;170,43559836;-5,96110946;799,20920756;-0,0;0,0;0,0;170,43559836;5,96110946;717,66761788;0,0;0,0;0,0;170,43559836;5,96110946;799,20920756;0,0
131;EY;beam_x;60x80;0,0;-0,0;-39,62680575;-95,46268465;-128,53958589;0,0;0,0;0,0;39,62680575;95,46268465;-69,59444287;0,0;0,0;0,0;-39,62680575;95,46268465;128,53958589;0,0;0,0;-0,0;39,62680575;-95,46268465;69,59444287;0,0;0,0;0,0;39,62680575;95,46268465;128,53958589;0,0;0,0;0,0;39,62680575;95,46268465;69,59444287;0,0
132;EY;beam_x;60x80;-0,0;0,0;-30,58779491;-104,83234731;-87,21917198;-0,0;0,0;-0,0;30,58779491;104,83234731;-65,71980255;-0,0;0,0;-0,0;-30,58779491;104,83234731;87,21917198;-0,0;0,0;0,0;30,58779491;-104,83234731;65,71980255;-0,0;0,0;0,0;30,58779491;104,83234731;87,21917198;0,0;0,0;0,0;30,58779491;104,83234731;65,71980255;0,0
133;EY;beam_x;60x80;0,0;0,0;-19,26193317;9,46571239;-49,07288901;0,0;0,0;0,0;19,26193317;-9,46571239;-47,23677684;0,0;0,0;0,0;-19,26193317;-9,46571239;49,07288901;0,0;0,0;0,0;19,26193317;9,46571239;47,23677684;0,0;0,0;0,0;19,26193317;9,46571239;49,07288901;0,0;0,0;0,0;19,26193317;9,46571239;47,23677684;0,0
134;EY;beam_x;60x80;0,0;-0,0;5,31234081;-126,85787613;13,72853897;0,0;-0,0;0,0;-5,31234081;126,85787613;12,83316506;0,0;0,0;0,0;5,31234081;126,85787613;-13,72853897;0,0;0,0;-0,0;-5,31234081;-126,85787613;-12,83316506;0,0;0,0;0,0;5,31234081;126,85787613;13,72853897;0,0;0,0;0,0;5,31234081;126,85787613;12,83316506;0,0
135;EY;beam_x;60x80;0,0;0,0;2,76454749;-134,07351398;4,61066997;-0,0;0,0;-0,0;-2,76454749;134,07351398;9,21206747;-0,0;0,0;-0,0;2,76454749;134,07351398;-4,61066997;-0,0;0,0;0,0;-2,76454749;-134,07351398;-9,21206747;-0,0;0,0;0,0;2,76454749;134,07351398;4,61066997;0,0;0,0;0,0;2,76454749;134,07351398;9,21206747;0,0
136;EY;beam_x;60x80;0,0;0,0;-3,42443584;9,44123504;-7,57991348;0,0;0,0;0,0;3,42443584;-9,44123504;-9,54226573;0,0;0,0;0,0;-3,42443584;-9,44123504;7,57991348;0,0;0,0;0,0;3,42443584;9,44123504;9,54226573;0,0;0,0;0,0;3,42443584;9,44123504;7,57991348;0,0;0,0;0,0;3,42443584;9,44123504;9,54226573;0,0
137;EY;beam_x;60x80;0,0;-0,0;23,60546054;-103,49586991;67,98162083;0,0;-0,0;0,0;-23,60546054;103,49586991;50,04568188;0,0;0,0;0,0;23,60546054;103,49586991;-67,98162083;0,0;0,0;-0,0;-23,60546054;-103,49586991;-50,04568188;0,0;0,0;0,0;23,60546054;103,49586991;67,98162083;0,0;0,0;0,0;23,60546054;103,49586991;50,04568188;0,0
138;EY;beam_x;60x80;0,0;0,0;25,91173634;-105,92391357;73,23881179;-0,0;0,0;-0,0;-25,91173634;105,92391357;56,31986991;-0,0;0,0;-0,0;25,91173634;105,92391357;-73,23881179;-0,0;0,0;0,0;-25,91173634;-105,92391357;-56,31986991;-0,0;0,0;0,0;25,91173634;105,92391357;73,23881179;0,0;0,0;0,0;25,91173634;105,92391357;56,31986991;0,0
139;EY;beam_x;60x80;0,0;0,0;13,60439342;9,848679;35,10468181;0,0;0,0;0,0;-13,60439342;-9,848679;32,91728531;0,0;0,0;0,0;13,60439342;-9,848679;-35,10468181;0,0;0,0;0,0;-13,60439342;9,848679;-32,91728531;0,0;0,0;0,0;13,60439342;9,848679;35,10468181;0,0;0,0;0,0;13,60439342;9,848679;32,91728531;0,0
140;EY;beam_y;60x80;0,0;0,0;-179,40191402;-683,09408426;-18,06735129;0,0;0,0;0,0;179,40191402;-617,56979239;18,06735129;0,0;0,0;0,0;-179,40191402;-18,06735129;683,09408426;0,0;0,0;0,0;179,40191402;18,06735129;617,56979239;0,0;0,0;0,0;179,40191402;18,06735129;683,09408426;0,0;0,0;0,0;179,40191402;18,06735129;617,56979239;0,0
141;EY;beam_y;60x80;0,0;0,0;-126,58906221;-535,08375077;-2,77211876;-0,0;-0,0;0,0;126,58906221;-591,55890291;2,77211876;-0,0;0,0;-0,0;-126,58906221;-2,77211876;535,08375077;-0,0;0,0;0,0;126,58906221;2,77211876;591,55890291;-0,0;0,0;0,0;126,58906221;2,77211876;535,08375077;0,0;0,0;0,0;126,58906221;2,77211876;591,55890291;0,0
142;EY;beam_y;60x80;0,0;0,0;-191,85937657;-724,26403385;-3,5025924;0,0;0,0;0,0;191,85937657;-666,71644626;3,5025924;0,0;0,0;0,0;-191,85937657;-3,5025924;724,26403385;0,0;0,0;0,0;191,85937657;3,5025924;666,71644626;0,0;0,0;0,0;191,85937657;3,5025924;724,26403385;0,0;0,0;0,0;191,85937657;3,5025924;666,71644626;0,0
143;EY;beam_y;60x80;0,0;0,0;-134,18462402;-569,84966741;-3,85588005;-0,0;-0,0;0,0;134,18462402;-624,39348637;3,85588005;-0,0;0,0;-0,0;-134,18462402;-3,85588005;569,84966741;-0,0;0,0;0,0;134,18462402;3,85588005;624,39348637;-0,0;0,0;0,0;134,18462402;3,85588005;569,84966741;0,0;0,0;0,0;134,18462402;3,85588005;624,39348637;0,0
144;EY;beam_y;60x80;0,0;0,0;-211,46115927;-798,67290493;-6,04232961;0,0;0,0;0,0;211,46115927;-734,42049976;6,04232961;0,0;0,0;0,0;-211,46115927;-6,04232961;798,67290493;0,0;0,0;0,0;211,46115927;6,04232961;734,42049976;0,0;0,0;0,0;211,46115927;6,04232961;798,67290493;0,0;0,0;0,0;211,46115927;6,04232961;734,42049976;0,0
145;EY;beam_y;60x80;0,0;0,0;-147,88850938;-627,05927185;-4,86997656;-0,0;-0,0;0,0;147,88850938;-689,1484616;4,86997656;-0,0;0,0;-0,0;-147,88850938;-4,86997656;627,05927185;-0,0;0,0;0,0;147,88850938;4,86997656;689,1484616;-0,0;0,0;0,0;147,88850938;4,86997656;627,05927185;0,0;0,0;0,0;147,88850938;4,86997656;689,1484616;0,0
146;EY;beam_y;60x80;0,0;0,0;-222,52672684;-838,80181904;-4,68012168;0,0;0,0;0,0;222,52672684;-774,51695054;4,68012168;0,0;0,0;0,0;-222,52672684;-4,68012168;838,80181904;0,0;0,0;0,0;222,52672684;4,68012168;774,51695054;0,0;0,0;0,0;222,52672684;4,68012168;838,80181904;0,0;0,0;0,0;222,52672684;4,68012168;774,51695054;0,0
147;EY;beam_y;60x80;0,0;0,0;-155,41703637;-660,34111977;-4,80423329;-0,0;-0,0;0,0;155,41703637;-722,87050394;4,80423329;-0,0;0,0;-0,0;-155,41703637;-4,80423329;660,34111977;-0,0;0,0;0,0;155,41703637;4,80423329;722,87050394;-0,0;0,0;0,0;155,41703637;4,80423329;660,34111977;0,0;0,0;0,0;155,41703637;4,80423329;722,87050394;0,0
148;EY;beam_x;60x80;-0,0;0,0;-14,10095057;-64,15896314;-34,17451531;-0,0;0,0;-0,0;14,10095057;64,15896314;-36,33023752;-0,0;0,0;-0,0;-14,10095057;64,15896314;34,17451531;-0,0;0,0;0,0;14,10095057;-64,15896314;36,33023752;-0,0;0,0;0,0;14,10095057;64,15896314;34,17451531;0,0;0,0;0,0;14,10095057;64,15896314;36,33023752;0,0
149;EY;beam_x;60x80;-0,0;0,0;-17,36945208;-64,49948076;-46,81073474;-0,0;0,0;-0,0;17,36945208;64,49948076;-40,03652565;-0,0;0,0;-0,0;-17,36945208;64,49948076;46,81073474;-0,0;0,0;0,0;17,36945208;-64,49948076;40,03652565;-0,0;0,0;0,0;17,36945208;64,49948076;46,81073474;0,0;0,0;0,0;17,36945208;64,49948076;40,03652565;0,0
150;EY;beam_x;60x80;-0,0;0,0;-3,09401427;-1,09624099;-11,57175606;-0,0;0,0;-0,0;3,09401427;1,09624099;-3,8983153;-0,0;0,0;-0,0;-3,09401427;1,09624099;11,57175606;-0,0;0,0;0,0;3,09401427;-1,09624099;3,8983153;-0,0;0,0;0,0;3,09401427;1,09624099;11,57175606;0,0;0,0;0,0;3,09401427;1,09624099;3,8983153;0,0
151;EY;beam_x;60x80;0,0;0,0;0,31548704;-85,71401411;1,0037909;-0,0;0,0;-0,0;-0,31548704;85,71401411;0,57364429;-0,0;0,0;-0,0;0,31548704;85,71401411;-1,0037909;-0,0;0,0;0,0;-0,31548704;-85,71401411;-0,57364429;-0,0;0,0;0,0;0,31548704;85,71401411;1,0037909;0,0;0,0;0,0;0,31548704;85,71401411;0,57364429;0,0
152;EY;beam_x;60x80;0,0;0,0;1,6065995;-87,26922066;4,48603476;-0,0;0,0;-0,0;-1,6065995;87,26922066;3,54696275;-0,0;0,0;-0,0;1,6065995;87,26922066;-4,48603476;-0,0;0,0;0,0;-1,6065995;-87,26922066;-3,54696275;-0,0;0,0;0,0;1,6065995;87,26922066;4,48603476;0,0;0,0;0,0;1,6065995;87,26922066;3,54696275;0,0
153;EY;beam_x;60x80;0,0;0,0;1,54146788;0,0125939;3,78237902;-0,0;0,0;-0,0;-1,54146788;-0,0125939;3,92496038;-0,0;0,0;-0,0;1,54146788;-0,0125939;-3,78237902;-0,0;0,0;0,0;-1,54146788;0,0125939;-3,92496038;-0,0;0,0;0,0;1,54146788;0,0125939;3,78237902;0,0;0,0;0,0;1,54146788;0,0125939;3,92496038;0,0
154;EY;beam_x;60x80;0,0;0,0;15,62895148;-70,94905078;43,64672326;-0,0;0,0;-0,0;-15,62895148;70,94905078;34,49803413;-0,0;0,0;-0,0;15,62895148;70,94905078;-43,64672326;-0,0;0,0;0,0;-15,62895148;-70,94905078;-34,49803413;-0,0;0,0;0,0;15,62895148;70,94905078;43,64672326;0,0;0,0;0,0;15,62895148;70,94905078;34,49803413;0,0
155;EY;beam_x;60x80;0,0;0,0;16,62993707;-71,50482792;46,73450723;-0,0;0,0;-0,0;-16,62993707;71,50482792;36,41517811;-0,0;0,0;-0,0;16,62993707;71,50482792;-46,73450723;-0,0;0,0;0,0;-16,62993707;-71,50482792;-36,41517811;-0,0;0,0;0,0;16,62993707;71,50482792;46,73450723;0,0;0,0;0,0;16,62993707;71,50482792;36,41517811;0,0
156;EY;beam_x;60x80;0,0;0,0;6,22240222;-1,5501359;18,32462773;-0,0;0,0;-0,0;-6,22240222;1,5501359;12,78738335;-0,0;0,0;-0,0;6,22240222;1,5501359;-18,32462773;-0,0;0,0;0,0;-6,22240222;-1,5501359;-12,78738335;-0,0;0,0;0,0;6,22240222;1,5501359;18,32462773;0,0;0,0;0,0;6,22240222;1,5501359;12,78738335;0,0
157;EY;beam_y;60x80;0,0;0,0;-114,9804447;-430,24733532;-0,26547351;0,0;0,0;0,0;114,9804447;-403,36088879;0,26547351;0,0;0,0;0,0;-114,9804447;-0,26547351;430,24733532;0,0;0,0;0,0;114,9804447;0,26547351;403,36088879;0,0;0,0;0,0;114,9804447;0,26547351;430,24733532;0,0;0,0;0,0;114,9804447;0,26547351;403,36088879;0,0
158;EY;beam_y;60x80;0,0;0,0;-86,91096882;-370,69446751;-1,45069758;-0,0;-0,0;0,0;86,91096882;-402,813155;1,45069758;-0,0;0,0;-0,0;-86,91096882;-1,45069758;370,69446751;-0,0;0,0;0,0;86,91096882;1,45069758;402,813155;-0,0;0,0;0,0;86,91096882;1,45069758;370,69446751;0,0;0,0;0,0;86,91096882;1,45069758;402,813155;0,0
159;EY;beam_y;60x80;0,0;0,0;-120,12419096;-449,72745153;-1,47739887;0,0;0,0;0,0;120,12419096;-421,17293297;1,47739887;0,0;0,0;0,0;-120,12419096;-1,47739887;449,72745153;0,0;0,0;0,0;120,12419096;1,47739887;421,17293297;0,0;0,0;0,0;120,12419096;1,47739887;449,72745153;0,0;0,0;0,0;120,12419096;1,47739887;421,17293297;0,0
160;EY;beam_y;60x80;0,0;0,0;-88,31754655;-376,11981394;-1,44620692;-0,0;-0,0;0,0;88,31754655;-409,90635035;1,44620692;-0,0;0,0;-0,0;-88,31754655;-1,44620692;376,11981394;-0,0;0,0;0,0;88,31754655;1,44620692;409,90635035;-0,0;0,0;0,0;88,31754655;1,44620692;376,11981394;0,0;0,0;0,0;88,31754655;1,44620692;409,90635035;0,0
161;EY;beam_y;60x80;0,0;0,0;-129,46742582;-487,31060865;-2,93924738;0,0;0,0;0,0;129,46742582;-451,32822853;2,93924738;0,0;0,0;0,0;-129,46742582;-2,93924738;487,31060865;0,0;0,0;0,0;129,46742582;2,93924738;451,32822853;0,0;0,0;0,0;129,46742582;2,93924738;487,31060865;0,0;0,0;0,0;129,46742582;2,93924738;451,32822853;0,0
162;EY;beam_y;60x80;0,0;0,0;-92,51638487;-394,59466357;-2,48631749;-0,0;-0,0;0,0;92,51638487;-428,80116181;2,48631749;-0,0;0,0;-0,0;-92,51638487;-2,48631749;394,59466357;-0,0;0,0;0,0;92,51638487;2,48631749;428,80116181;-0,0;0,0;0,0;92,51638487;2,48631749;394,59466357;0,0;0,0;0,0;92,51638487;2,48631749;428,80116181;0,0
163;EY;beam_y;60x80;0,0;0,0;-129,09616047;-485,22947013;-0,23852539;0,0;0,0;0,0;129,09616047;-450,71769331;0,23852539;0,0;0,0;0,0;-129,09616047;-0,23852539;485,22947013;0,0;0,0;0,0;129,09616047;0,23852539;450,71769331;0,0;0,0;0,0;129,09616047;0,23852539;485,22947013;0,0;0,0;0,0;129,09616047;0,23852539;450,71769331;0,0
164;EY;beam_y;60x80;0,0;0,0;-92,33310071;-394,62322027;-0,82704256;-0,0;-0,0;0,0;92,33310071;-427,14137603;0,82704256;-0,0;0,0;-0,0;-92,33310071;-0,82704256;394,62322027;-0,0;0,0;0,0;92,33310071;0,82704256;427,14137603;-0,0;0,0;0,0;92,33310071;0,82704256;394,62322027;0,0;0,0;0,0;92,33310071;0,82704256;427,14137603;0,0
165;EY;beam_x;60x80;-0,0;0,0;-6,55128551;-38,77066627;-15,79499132;-0,0;0,0;-0,0;6,55128551;38,77066627;-16,96143621;-0,0;0,0;-0,0;-6,55128551;38,77066627;15,79499132;-0,0;0,0;0,0;6,55128551;-38,77066627;16,96143621;-0,0;0,0;0,0;6,55128551;38,77066627;15,79499132;0,0;0,0;0,0;6,55128551;38,77066627;16,96143621;0,0
166;EY;beam_x;60x80;0,0;-0,0;-7,09768122;-43,74683813;-17,6980652;0,0;0,0;0,0;7,09768122;43,74683813;-17,7903409;0,0;0,0;0,0;-7,09768122;43,74683813;17,6980652;0,0;0,0;-0,0;7,09768122;-43,74683813;17,7903409;0,0;0,0;0,0;7,09768122;43,74683813;17,6980652;0,0;0,0;0,0;7,09768122;43,74683813;17,7903409;0,0
167;EY;beam_x;60x80;0,0;-0,0;1,05850298;3,35658521;0,80639335;0,0;-0,0;0,0;-1,05850298;-3,35658521;4,48612154;0,0;0,0;0,0;1,05850298;-3,35658521;-0,80639335;0,0;0,0;-0,0;-1,05850298;3,35658521;-4,48612154;0,0;0,0;0,0;1,05850298;3,35658521;0,80639335;0,0;0,0;0,0;1,05850298;3,35658521;4,48612154;0,0
168;EY;beam_x;60x80;0,0;0,0;1,35780813;-33,069926;3,68986492;-0,0;0,0;-0,0;-1,35780813;33,069926;3,09917572;-0,0;0,0;-0,0;1,35780813;33,069926;-3,68986492;-0,0;0,0;0,0;-1,35780813;-33,069926;-3,09917572;-0,0;0,0;0,0;1,35780813;33,069926;3,68986492;0,0;0,0;0,0;1,35780813;33,069926;3,09917572;0,0
169;EY;beam_x;60x80;0,0;-0,0;1,32414029;-31,26977204;4,71246542;0,0;-0,0;0,0;-1,32414029;31,26977204;1,90823604;0,0;0,0;0,0;1,32414029;31,26977204;-4,71246542;0,0;0,0;-0,0;-1,32414029;-31,26977204;-1,90823604;0,0;0,0;0,0;1,32414029;31,26977204;4,71246542;0,0;0,0;0,0;1,32414029;31,26977204;1,90823604;0,0
170;EY;beam_x;60x80;0,0;-0,0;2,00171693;2,79382523;4,82650798;0,0;-0,0;0,0;-2,00171693;-2,79382523;5,18207668;0,0;0,0;0,0;2,00171693;-2,79382523;-4,82650798;0,0;0,0;-0,0;-2,00171693;2,79382523;-5,18207668;0,0;0,0;0,0;2,00171693;2,79382523;4,82650798;0,0;0,0;0,0;2,00171693;2,79382523;5,18207668;0,0
171;EY;beam_x;60x80;0,0;0,0;6,51003486;-31,38366909;18,41592835;-0,0;0,0;-0,0;-6,51003486;31,38366909;14,13424596;-0,0;0,0;-0,0;6,51003486;31,38366909;-18,41592835;-0,0;0,0;0,0;-6,51003486;-31,38366909;-14,13424596;-0,0;0,0;0,0;6,51003486;31,38366909;18,41592835;0,0;0,0;0,0;6,51003486;31,38366909;14,13424596;0,0
172;EY;beam_x;60x80;0,0;-0,0;6,91462133;-30,30322451;19,01519794;0,0;-0,0;0,0;-6,91462133;30,30322451;15,55790874;0,0;0,0;0,0;6,91462133;30,30322451;-19,01519794;0,0;0,0;-0,0;-6,91462133;-30,30322451;-15,55790874;0,0;0,0;0,0;6,91462133;30,30322451;19,01519794;0,0;0,0;0,0;6,91462133;30,30322451;15,55790874;0,0
173;EY;beam_x;60x80;0,0;-0,0;1,98820978;4,4693415;5,6887333;0,0;-0,0;0,0;-1,98820978;-4,4693415;4,2523156;0,0;0,0;0,0;1,98820978;-4,4693415;-5,6887333;0,0;0,0;-0,0;-1,98820978;4,4693415;-4,2523156;0,0;0,0;0,0;1,98820978;4,4693415;5,6887333;0,0;0,0;0,0;1,98820978;4,4693415;4,2523156;0,0
174;EY;beam_y;60x80;0,0;0,0;-55,40277321;-229,85981474;-0,79610197;0,0;0,0;0,0;55,40277321;-171,81029101;0,79610197;0,0;0,0;0,0;-55,40277321;-0,79610197;229,85981474;0,0;0,0;0,0;55,40277321;0,79610197;171,81029101;0,0;0,0;0,0;55,40277321;0,79610197;229,85981474;0,0;0,0;0,0;55,40277321;0,79610197;171,81029101;0,0
175;EY;beam_y;60x80;0,0;0,0;-35,86287595;-148,34298711;-0,58006127;-0,0;-0,0;0,0;35,86287595;-170,83660882;0,58006127;-0,0;0,0;-0,0;-35,86287595;-0,58006127;148,34298711;-0,0;0,0;0,0;35,86287595;0,58006127;170,83660882;-0,0;0,0;0,0;35,86287595;0,58006127;148,34298711;0,0;0,0;0,0;35,86287595;0,58006127;170,83660882;0,0
176;EY;beam_y;60x80;0,0;0,0;-57,41238904;-237,1709013;-0,46866892;0,0;0,0;0,0;57,41238904;-179,06891922;0,46866892;0,0;0,0;0,0;-57,41238904;-0,46866892;237,1709013;0,0;0,0;0,0;57,41238904;0,46866892;179,06891922;0,0;0,0;0,0;57,41238904;0,46866892;237,1709013;0,0;0,0;0,0;57,41238904;0,46866892;179,06891922;0,0
177;EY;beam_y;60x80;0,0;0,0;-35,4278775;-145,95220182;0,31914811;-0,0;-0,0;0,0;35,4278775;-169,35590793;-0,31914811;-0,0;0,0;-0,0;-35,4278775;0,31914811;145,95220182;-0,0;0,0;0,0;35,4278775;-0,31914811;169,35590793;-0,0;0,0;0,0;35,4278775;0,31914811;145,95220182;0,0;0,0;0,0;35,4278775;0,31914811;169,35590793;0,0
178;EY;beam_y;60x80;0,0;0,0;-50,29654775;-195,93036305;-1,09243354;0,0;0,0;0,0;50,29654775;-168,71960812;1,09243354;0,0;0,0;0,0;-50,29654775;-1,09243354;195,93036305;0,0;0,0;0,0;50,29654775;1,09243354;168,71960812;0,0;0,0;0,0;50,29654775;1,09243354;195,93036305;0,0;0,0;0,0;50,29654775;1,09243354;168,71960812;0,0
179;EY;beam_y;60x80;0,0;0,0;-38,32448036;-159,72819898;-0,77941661;-0,0;-0,0;0,0;38,32448036;-181,35967624;0,77941661;-0,0;0,0;-0,0;-38,32448036;-0,77941661;159,72819898;-0,0;0,0;0,0;38,32448036;0,77941661;181,35967624;-0,0;0,0;0,0;38,32448036;0,77941661;159,72819898;0,0;0,0;0,0;38,32448036;0,77941661;181,35967624;0,0
180;EY;beam_y;60x80;0,0;0,0;-53,90730697;-209,39254824;0,09967882;0,0;0,0;0,0;53,90730697;-181,43542729;-0,09967882;0,0;0,0;0,0;-53,90730697;0,09967882;209,39254824;0,0;0,0;0,0;53,90730697;-0,09967882;181,43542729;0,0;0,0;0,0;53,90730697;0,09967882;209,39254824;0,0;0,0;0,0;53,90730697;0,09967882;181,43542729;0,0
181;EY;beam_y;60x80;0,0;0,0;-41,34896548;-172,28206036;-0,25591496;-0,0;-0,0;0,0;41,34896548;-195,72373238;0,25591496;-0,0;0,0;-0,0;-41,34896548;-0,25591496;172,28206036;-0,0;0,0;0,0;41,34896548;0,25591496;195,72373238;-0,0;0,0;0,0;41,34896548;0,25591496;172,28206036;0,0;0,0;0,0;41,34896548;0,25591496;195,72373238;0,0
182;EY;beam_x;60x80;0,0;-0,0;-13,4794969;-106,85189936;-21,07939588;0,0;0,0;0,0;13,4794969;106,85189936;-46,31808863;0,0;0,0;0,0;-13,4794969;106,85189936;21,07939588;0,0;0,0;-0,0;13,4794969;-106,85189936;46,31808863;0,0;0,0;0,0;13,4794969;106,85189936;21,07939588;0,0;0,0;0,0;13,4794969;106,85189936;46,31808863;0,0
183;EY;beam_x;60x80;0,0;-0,0;15,42540619;-148,53463945;42,33338524;0,0;-0,0;0,0;-15,42540619;148,53463945;34,7936457;0,0;0,0;0,0;15,42540619;148,53463945;-42,33338524;0,0;0,0;-0,0;-15,42540619;-148,53463945;-34,7936457;0,0;0,0;0,0;15,42540619;148,53463945;42,33338524;0,0;0,0;0,0;15,42540619;148,53463945;34,7936457;0,0
184;EY;beam_x;60x80;0,0;-0,0;14,87397212;-101,26981202;22,17738876;0,0;-0,0;0,0;-14,87397212;101,26981202;52,19247184;0,0;0,0;0,0;14,87397212;101,26981202;-22,17738876;0,0;0,0;-0,0;-14,87397212;-101,26981202;-52,19247184;0,0;0,0;0,0;14,87397212;101,26981202;22,17738876;0,0;0,0;0,0;14,87397212;101,26981202;52,19247184;0,0
185;EY;beam_x;60x80;-0,0;0,0;-43,56597454;-109,96209848;-121,5793997;-0,0;0,0;-0,0;43,56597454;109,96209848;-96,25047298;-0,0;0,0;-0,0;-43,56597454;109,96209848;121,5793997;-0,0;0,0;0,0;43,56597454;-109,96209848;96,25047298;-0,0;0,0;0,0;43,56597454;109,96209848;121,5793997;0,0;0,0;0,0;43,56597454;109,96209848;96,25047298;0,0
186;EY;beam_x;60x80;0,0;0,0;7,75383745;-145,79472257;19,72890512;-0,0;0,0;-0,0;-7,75383745;145,79472257;19,04028212;-0,0;0,0;-0,0;7,75383745;145,79472257;-19,72890512;-0,0;0,0;0,0;-7,75383745;-145,79472257;-19,04028212;-0,0;0,0;0,0;7,75383745;145,79472257;19,72890512;0,0;0,0;0,0;7,75383745;145,79472257;19,04028212;0,0
187;EY;beam_x;60x80;0,0;0,0;20,74214774;-113,51160241;54,34738421;-0,0;0,0;-0,0;-20,74214774;113,51160241;49,36335449;-0,0;0,0;-0,0;20,74214774;113,51160241;-54,34738421;-0,0;0,0;0,0;-20,74214774;-113,51160241;-49,36335449;-0,0;0,0;0,0;20,74214774;113,51160241;54,34738421;0,0;0,0;0,0;20,74214774;113,51160241;49,36335449;0,0
188;EY;beam_x;60x80;0,0;-0,0;-67,42121785;-106,99326846;-88,6469384;0,0;0,0;0,0;67,42121785;106,99326846;-59,67974087;0,0;0,0;0,0;-67,42121785;106,99326846;88,6469384;0,0;0,0;-0,0;67,42121785;-106,99326846;59,67974087;0,0;0,0;0,0;67,42121785;106,99326846;88,6469384;0,0;0,0;0,0;67,42121785;106,99326846;59,67974087;0,0
189;EY;beam_x;60x80;0,0;-0,0;28,36186994;-150,82053382;32,89217948;0,0;-0,0;0,0;-28,36186994;150,82053382;29,50393438;0,0;0,0;0,0;28,36186994;150,82053382;-32,89217948;0,0;0,0;-0,0;-28,36186994;-150,82053382;-29,50393438;0,0;0,0;0,0;28,36186994;150,82053382;32,89217948;0,0;0,0;0,0;28,36186994;150,82053382;29,50393438;0,0
190;EY;beam_x;60x80;0,0;-0,0;13,41434446;-70,04889185;33,67448144;0,0;-0,0;0,0;-13,41434446;70,04889185;33,39724085;0,0;0,0;0,0;13,41434446;70,04889185;-33,67448144;0,0;0,0;-0,0;-13,41434446;-70,04889185;-33,39724085;0,0;0,0;0,0;13,41434446;70,04889185;33,67448144;0,0;0,0;0,0;13,41434446;70,04889185;33,39724085;0,0
191;EY;beam_x;60x80;0,0;-0,0;-5,19695291;-27,811577;-10,05979319;0,0;0,0;0,0;5,19695291;27,811577;-15,92497136;0,0;0,0;0,0;-5,19695291;27,811577;10,05979319;0,0;0,0;-0,0;5,19695291;-27,811577;15,92497136;0,0;0,0;0,0;5,19695291;27,811577;10,05979319;0,0;0,0;0,0;5,19695291;27,811577;15,92497136;0,0
192;EY;beam_x;60x80;0,0;-0,0;0,73544154;-36,29114538;3,39815583;0,0;-0,0;0,0;-0,73544154;36,29114538;0,27905188;0,0;0,0;0,0;0,73544154;36,29114538;-3,39815583;0,0;0,0;-0,0;-0,73544154;-36,29114538;-0,27905188;0,0;0,0;0,0;0,73544154;36,29114538;3,39815583;0,0;0,0;0,0;0,73544154;36,29114538;0,27905188;0,0
193;EY;beam_x;60x80;0,0;-0,0;5,42358943;-33,8691367;11,98124317;0,0;-0,0;0,0;-5,42358943;33,8691367;15,136704;0,0;0,0;0,0;5,42358943;33,8691367;-11,98124317;0,0;0,0;-0,0;-5,42358943;-33,8691367;-15,136704;0,0;0,0;0,0;5,42358943;33,8691367;11,98124317;0,0;0,0;0,0;5,42358943;33,8691367;15,136704;0,0
194;EY;beam_x;60x80;-0,0;0,0;-12,30019175;-98,17551315;-21,90779376;-0,0;0,0;-0,0;12,30019175;98,17551315;-9,4576952;-0,0;0,0;-0,0;-12,30019175;98,17551315;21,90779376;-0,0;0,0;0,0;12,30019175;-98,17551315;9,4576952;-0,0;0,0;0,0;12,30019175;98,17551315;21,90779376;0,0;0,0;0,0;12,30019175;98,17551315;9,4576952;0,0
195;EY;beam_x;60x80;0,0;0,0;0,7076064;-121,72338855;0,01004262;-0,0;0,0;-0,0;-0,7076064;121,72338855;1,79435371;-0,0;0,0;-0,0;0,7076064;121,72338855;-0,01004262;-0,0;0,0;0,0;-0,7076064;-121,72338855;-1,79435371;-0,0;0,0;0,0;0,7076064;121,72338855;0,01004262;0,0;0,0;0,0;0,7076064;121,72338855;1,79435371;0,0
196;EY;beam_x;60x80;0,0;0,0;8,52536181;-98,94302064;14,60879307;-0,0;0,0;-0,0;-8,52536181;98,94302064;7,13087954;-0,0;0,0;-0,0;8,52536181;98,94302064;-14,60879307;-0,0;0,0;0,0;-8,52536181;-98,94302064;-7,13087954;-0,0;0,0;0,0;8,52536181;98,94302064;14,60879307;0,0;0,0;0,0;8,52536181;98,94302064;7,13087954;0,0
197;EY;beam_x;60x80;-0,0;0,0;-2,71793084;1,81720634;-6,84032042;-0,0;0,0;-0,0;2,71793084;-1,81720634;-0,09040322;-0,0;0,0;-0,0;-2,71793084;-1,81720634;6,84032042;-0,0;0,0;0,0;2,71793084;1,81720634;0,09040322;-0,0;0,0;0,0;2,71793084;1,81720634;6,84032042;0,0;0,0;0,0;2,71793084;1,81720634;0,09040322;0,0
198;EY;beam_x;60x80;-0,0;0,0;-0,28636496;1,64904042;-0,84011408;-0,0;0,0;-0,0;0,28636496;-1,64904042;0,10988344;-0,0;0,0;-0,0;-0,28636496;-1,64904042;0,84011408;-0,0;0,0;0,0;0,28636496;1,64904042;-0,10988344;-0,0;0,0;0,0;0,28636496;1,64904042;0,84011408;0,0;0,0;0,0;0,28636496;1,64904042;0,10988344;0,0
199;EY;beam_x;60x80;0,0;0,0;0,73869013;0,4764728;2,25562979;-0,0;0,0;-0,0;-0,73869013;-0,4764728;-0,37196995;-0,0;0,0;-0,0;0,73869013;-0,4764728;-2,25562979;-0,0;0,0;0,0;-0,73869013;0,4764728;0,37196995;-0,0;0,0;0,0;0,73869013;0,4764728;2,25562979;0,0;0,0;0,0;0,73869013;0,4764728;0,37196995;0,0
200;EY;beam_y;60x80;0,0;0,0;-35,32908025;-154,6244389;-0,07432614;0,0;0,0;0,0;35,32908025;-101,51139287;0,07432614;0,0;0,0;0,0;-35,32908025;-0,07432614;154,6244389;0,0;0,0;0,0;35,32908025;0,07432614;101,51139287;0,0;0,0;0,0;35,32908025;0,07432614;154,6244389;0,0;0,0;0,0;35,32908025;0,07432614;101,51139287;0,0
201;EY;beam_y;60x80;0,0;0,0;-30,05570604;-111,04493243;-0,21498992;-0,0;-0,0;0,0;30,05570604;-156,45085137;0,21498992;-0,0;0,0;-0,0;-30,05570604;-0,21498992;111,04493243;-0,0;0,0;0,0;30,05570604;0,21498992;156,45085137;-0,0;0,0;0,0;30,05570604;0,21498992;111,04493243;0,0;0,0;0,0;30,05570604;0,21498992;156,45085137;0,0
202;EY;beam_y;60x80;0,0;0,0;-23,41302718;-104,02319947;1,37994373;0,0;0,0;0,0;23,41302718;-65,72124756;-1,37994373;0,0;0,0;0,0;-23,41302718;1,37994373;104,02319947;0,0;0,0;0,0;23,41302718;-1,37994373;65,72124756;0,0;0,0;0,0;23,41302718;1,37994373;104,02319947;0,0;0,0;0,0;23,41302718;1,37994373;65,72124756;0,0
203;EY;beam_y;60x80;0,0;0,0;-20,90243015;-78,33139266;0,58786996;-0,0;-0,0;0,0;20,90243015;-107,7002357;-0,58786996;-0,0;0,0;-0,0;-20,90243015;0,58786996;78,33139266;-0,0;0,0;0,0;20,90243015;-0,58786996;107,7002357;-0,0;0,0;0,0;20,90243015;0,58786996;78,33139266;0,0;0,0;0,0;20,90243015;0,58786996;107,7002357;0,0
204;EY;beam_y;60x80;0,0;0,0;-43,27406107;-238,36443855;-0,40611265;0,0;0,0;0,0;43,27406107;-75,37250422;0,40611265;0,0;0,0;0,0;-43,27406107;-0,40611265;238,36443855;0,0;0,0;0,0;43,27406107;0,40611265;75,37250422;0,0;0,0;0,0;43,27406107;0,40611265;238,36443855;0,0;0,0;0,0;43,27406107;0,40611265;75,37250422;0,0
205;EY;beam_y;60x80;0,0;0,0;-45,00584636;-133,45860203;-7,82902273;-0,0;-0,0;0,0;45,00584636;-267,09343059;7,82902273;-0,0;0,0;-0,0;-45,00584636;-7,82902273;133,45860203;-0,0;0,0;0,0;45,00584636;7,82902273;267,09343059;-0,0;0,0;0,0;45,00584636;7,82902273;133,45860203;0,0;0,0;0,0;45,00584636;7,82902273;267,09343059;0,0
206;EY;beam_y;60x80;0,0;0,0;-58,82908204;-271,7831995;-1,01797149;0,0;0,0;0,0;58,82908204;-154,7276453;1,01797149;0,0;0,0;0,0;-58,82908204;-1,01797149;271,7831995;0,0;0,0;0,0;58,82908204;1,01797149;154,7276453;0,0;0,0;0,0;58,82908204;1,01797149;271,7831995;0,0;0,0;0,0;58,82908204;1,01797149;154,7276453;0,0
207;EY;beam_y;60x80;0,0;0,0;-49,70207154;-167,87716556;-1,40206421;-0,0;-0,0;0,0;49,70207154;-274,47127115;1,40206421;-0,0;0,0;-0,0;-49,70207154;-1,40206421;167,87716556;-0,0;0,0;0,0;49,70207154;1,40206421;274,47127115;-0,0;0,0;0,0;49,70207154;1,40206421;167,87716556;0,0;0,0;0,0;49,70207154;1,40206421;274,47127115;0,0
208;EY;beam_y;60x80;0,0;0,0;-50,32711338;-230,60027389;2,55736995;0,0;0,0;0,0;50,32711338;-134,27129814;-2,55736995;0,0;0,0;0,0;-50,32711338;2,55736995;230,60027389;0,0;0,0;0,0;50,32711338;-2,55736995;134,27129814;0,0;0,0;0,0;50,32711338;2,55736995;230,60027389;0,0;0,0;0,0;50,32711338;2,55736995;134,27129814;0,0
209;EY;beam_y;60x80;0,0;0,0;-43,19863436;-149,75587664;2,43096066;-0,0;-0,0;0,0;43,19863436;-234,71196916;-2,43096066;-0,0;0,0;-0,0;-43,19863436;2,43096066;149,75587664;-0,0;0,0;0,0;43,19863436;-2,43096066;234,71196916;-0,0;0,0;0,0;43,19863436;2,43096066;149,75587664;0,0;0,0;0,0;43,19863436;2,43096066;234,71196916;0,0
210;EY;beam_y;60x80;0,0;0,0;-30,71302091;-140,71125708;1,28874331;0,0;0,0;0,0;30,71302091;-81,95814449;-1,28874331;0,0;0,0;0,0;-30,71302091;1,28874331;140,71125708;0,0;0,0;0,0;30,71302091;-1,28874331;81,95814449;0,0;0,0;0,0;30,71302091;1,28874331;140,71125708;0,0;0,0;0,0;30,71302091;1,28874331;81,95814449;0,0
211;EY;beam_y;60x80;0,0;0,0;-27,88787025;-98,69198476;1,29409291;-0,0;-0,0;0,0;27,88787025;-149,51006043;-1,29409291;-0,0;0,0;-0,0;-27,88787025;1,29409291;98,69198476;-0,0;0,0;0,0;27,88787025;-1,29409291;149,51006043;-0,0;0,0;0,0;27,88787025;1,29409291;98,69198476;0,0;0,0;0,0;27,88787025;1,29409291;149,51006043;0,0
212;EY;beam_y;60x80;0,0;0,0;-13,46165231;-69,57556417;0,50389379;0,0;0,0;0,0;13,46165231;-28,0214151;-0,50389379;0,0;0,0;0,0;-13,46165231;0,50389379;69,57556417;0,0;0,0;0,0;13,46165231;-0,50389379;28,0214151;0,0;0,0;0,0;13,46165231;0,50389379;69,57556417;0,0;0,0;0,0;13,46165231;0,50389379;28,0214151;0,0
213;EY;beam_y;60x80;0,0;0,0;-11,71145498;-39,89200216;0,50992964;-0,0;-0,0;0,0;11,71145498;-64,33994717;-0,50992964;-0,0;0,0;-0,0;-11,71145498;0,50992964;39,89200216;-0,0;0,0;0,0;11,71145498;-0,50992964;64,33994717;-0,0;0,0;0,0;11,71145498;0,50992964;39,89200216;0,0;0,0;0,0;11,71145498;0,50992964;64,33994717;0,0
214;EY;beam_y;60x80;0,0;0,0;-63,00364323;-293,02934579;-2,72683139;0,0;0,0;0,0;63,00364323;-163,74706765;2,72683139;0,0;0,0;0,0;-63,00364323;-2,72683139;293,02934579;0,0;0,0;0,0;63,00364323;2,72683139;163,74706765;0,0;0,0;0,0;63,00364323;2,72683139;293,02934579;0,0;0,0;0,0;63,00364323;2,72683139;163,74706765;0,0
215;EY;beam_y;60x80;0,0;0,0;-52,68793696;-174,51055615;-3,33035898;-0,0;-0,0;0,0;52,68793696;-294,41208283;3,33035898;-0,0;0,0;-0,0;-52,68793696;-3,33035898;174,51055615;-0,0;0,0;0,0;52,68793696;3,33035898;294,41208283;-0,0;0,0;0,0;52,68793696;3,33035898;174,51055615;0,0;0,0;0,0;52,68793696;3,33035898;294,41208283;0,0
216;EY;beam_y;60x80;0,0;0,0;-50,70562652;-237,38913456;3,39269616;0,0;0,0;0,0;50,70562652;-130,22665771;-3,39269616;0,0;0,0;0,0;-50,70562652;3,39269616;237,38913456;0,0;0,0;0,0;50,70562652;-3,39269616;130,22665771;0,0;0,0;0,0;50,70562652;3,39269616;237,38913456;0,0;0,0;0,0;50,70562652;3,39269616;130,22665771;0,0
217;EY;beam_y;60x80;0,0;0,0;-39,66296986;-135,64271423;2,20602383;-0,0;-0,0;0,0;39,66296986;-217,35771752;-2,20602383;-0,0;0,0;-0,0;-39,66296986;2,20602383;135,64271423;-0,0;0,0;0,0;39,66296986;-2,20602383;217,35771752;-0,0;0,0;0,0;39,66296986;2,20602383;135,64271423;0,0;0,0;0,0;39,66296986;2,20602383;217,35771752;0,0
218;EY;beam_y;60x80;0,0;0,0;-28,63273166;-131,53067592;-0,88430062;0,0;0,0;0,0;28,63273166;-76,05662863;0,88430062;0,0;0,0;0,0;-28,63273166;-0,88430062;131,53067592;0,0;0,0;0,0;28,63273166;0,88430062;76,05662863;0,0;0,0;0,0;28,63273166;0,88430062;131,53067592;0,0;0,0;0,0;28,63273166;0,88430062;76,05662863;0,0
219;EY;beam_y;60x80;0,0;0,0;-27,27228189;-97,32642294;1,09629236;-0,0;-0,0;0,0;27,27228189;-145,39688586;-1,09629236;-0,0;0,0;-0,0;-27,27228189;1,09629236;97,32642294;-0,0;0,0;0,0;27,27228189;-1,09629236;145,39688586;-0,0;0,0;0,0;27,27228189;1,09629236;97,32642294;0,0;0,0;0,0;27,27228189;1,09629236;145,39688586;0,0
220;EY;beam_y;60x80;0,0;0,0;-14,36965249;-77,33442041;-1,00257987;0,0;0,0;0,0;14,36965249;-26,84556016;1,00257987;0,0;0,0;0,0;-14,36965249;-1,00257987;77,33442041;0,0;0,0;0,0;14,36965249;1,00257987;26,84556016;0,0;0,0;0,0;14,36965249;1,00257987;77,33442041;0,0;0,0;0,0;14,36965249;1,00257987;26,84556016;0,0
221;EY;beam_y;60x80;0,0;0,0;-11,5068621;-39,04782612;0,4982064;-0,0;-0,0;0,0;11,5068621;-63,36324657;-0,4982064;-0,0;0,0;-0,0;-11,5068621;0,4982064;39,04782612;-0,0;0,0;0,0;11,5068621;-0,4982064;63,36324657;-0,0;0,0;0,0;11,5068621;0,4982064;39,04782612;0,0;0,0;0,0;11,5068621;0,4982064;63,36324657;0,0
222;EY;beam_y;60x80;0,0;0,0;-34,96077331;-194,37903454;10,96530097;0,0;0,0;0,0;34,96077331;-59,08657192;-10,96530097;0,0;0,0;0,0;-34,96077331;10,96530097;194,37903454;0,0;0,0;0,0;34,96077331;-10,96530097;59,08657192;0,0;0,0;0,0;34,96077331;10,96530097;194,37903454;0,0;0,0;0,0;34,96077331;10,96530097;59,08657192;0,0
223;EY;beam_y;60x80;0,0;0,0;-38,63163749;-127,25651882;-1,54546446;-0,0;-0,0;0,0;38,63163749;-216,5650548;1,54546446;-0,0;0,0;-0,0;-38,63163749;-1,54546446;127,25651882;-0,0;0,0;0,0;38,63163749;1,54546446;216,5650548;-0,0;0,0;0,0;38,63163749;1,54546446;127,25651882;0,0;0,0;0,0;38,63163749;1,54546446;216,5650548;0,0
224;EY;beam_y;60x80;0,0;0,0;-18,36689493;-93,72381005;-5,26985762;0,0;0,0;0,0;18,36689493;-39,43617815;5,26985762;0,0;0,0;0,0;-18,36689493;-5,26985762;93,72381005;0,0;0,0;0,0;18,36689493;5,26985762;39,43617815;0,0;0,0;0,0;18,36689493;5,26985762;93,72381005;0,0;0,0;0,0;18,36689493;5,26985762;39,43617815;0,0
225;EY;beam_y;60x80;0,0;0,0;-25,79710221;-88,2987022;0,66346121;-0,0;-0,0;0,0;25,79710221;-141,29550746;-0,66346121;-0,0;0,0;-0,0;-25,79710221;0,66346121;88,2987022;-0,0;0,0;0,0;25,79710221;-0,66346121;141,29550746;-0,0;0,0;0,0;25,79710221;0,66346121;88,2987022;0,0;0,0;0,0;25,79710221;0,66346121;141,29550746;0,0
226;EY;beam_y;60x80;0,0;0,0;-12,7775419;-68,43440308;-1,48497535;0,0;0,0;0,0;12,7775419;-24,20277567;1,48497535;0,0;0,0;0,0;-12,7775419;-1,48497535;68,43440308;0,0;0,0;0,0;12,7775419;1,48497535;24,20277567;0,0;0,0;0,0;12,7775419;1,48497535;68,43440308;0,0;0,0;0,0;12,7775419;1,48497535;24,20277567;0,0
227;EY;beam_y;60x80;0,0;0,0;-11,98971089;-42,29250197;-1,05197627;-0,0;-0,0;0,0;11,98971089;-64,41592493;1,05197627;-0,0;0,0;-0,0;-11,98971089;-1,05197627;42,29250197;-0,0;0,0;0,0;11,98971089;1,05197627;64,41592493;-0,0;0,0;0,0;11,98971089;1,05197627;42,29250197;0,0;0,0;0,0;11,98971089;1,05197627;64,41592493;0,0
228;EY;beam_y;40x60;0,0;0,0;-18,7230802;-74,96420424;0,48155916;0,0;0,0;0,0;18,7230802;-60,77812725;-0,48155916;0,0;0,0;0,0;-18,7230802;0,48155916;74,96420424;0,0;0,0;0,0;18,7230802;-0,48155916;60,77812725;0,0;0,0;0,0;18,7230802;0,48155916;74,96420424;0,0;0,0;0,0;18,7230802;0,48155916;60,77812725;0,0
229;EY;beam_y;40x60;0,0;0,0;-14,40453836;-57,76222686;0,15551011;-0,0;-0,0;0,0;14,40453836;-70,43816454;-0,15551011;-0,0;0,0;-0,0;-14,40453836;0,15551011;57,76222686;-0,0;0,0;0,0;14,40453836;-0,15551011;70,43816454;-0,0;0,0;0,0;14,40453836;0,15551011;57,76222686;0,0;0,0;0,0;14,40453836;0,15551011;70,43816454;0,0
230;EY;beam_y;40x60;0,0;0,0;-15,30533367;-59,42930023;0,32638054;0,0;0,0;0,0;15,30533367;-51,53436885;-0,32638054;0,0;0,0;0,0;-15,30533367;0,32638054;59,42930023;0,0;0,0;0,0;15,30533367;-0,32638054;51,53436885;0,0;0,0;0,0;15,30533367;0,32638054;59,42930023;0,0;0,0;0,0;15,30533367;0,32638054;51,53436885;0,0
231;EY;beam_y;40x60;0,0;0,0;-11,7325371;-49,00415965;0,0779363;-0,0;-0,0;0,0;11,7325371;-55,41542056;-0,0779363;-0,0;0,0;-0,0;-11,7325371;0,0779363;49,00415965;-0,0;0,0;0,0;11,7325371;-0,0779363;55,41542056;-0,0;0,0;0,0;11,7325371;0,0779363;49,00415965;0,0;0,0;0,0;11,7325371;0,0779363;55,41542056;0,0
232;EY;beam_y;60x80;0,0;0,0;-102,12680767;-475,22395003;-21,25200257;0,0;0,0;0,0;102,12680767;-265,19540555;21,25200257;0,0;0,0;0,0;-102,12680767;-21,25200257;475,22395003;0,0;0,0;0,0;102,12680767;21,25200257;265,19540555;0,0;0,0;0,0;102,12680767;21,25200257;475,22395003;0,0;0,0;0,0;102,12680767;21,25200257;265,19540555;0,0
233;EY;beam_y;60x80;0,0;0,0;-58,84751915;231,66268221;9,2878529;0,0;-0,0;0,0;58,84751915;10,78909666;-9,2878529;0,0;0,0;0,0;-58,84751915;-9,2878529;231,66268221;0,0;0,0;-0,0;58,84751915;9,2878529;10,78909666;0,0;0,0;0,0;58,84751915;9,2878529;231,66268221;0,0;0,0;0,0;58,84751915;9,2878529;10,78909666;0,0
234;EY;beam_x;60x80;0,0;-0,0;-1,81130164;8,28948227;-3,61973156;0,0;0,0;0,0;1,81130164;-8,28948227;-9,94691769;0,0;0,0;0,0;-1,81130164;-8,28948227;3,61973156;0,0;0,0;-0,0;1,81130164;8,28948227;9,94691769;0,0;0,0;0,0;1,81130164;8,28948227;3,61973156;0,0;0,0;0,0;1,81130164;8,28948227;9,94691769;0,0
235;EY;beam_y;60x80;-0,0;0,0;98,02989644;28,75239089;6,71099274;0,0;0,0;0,0;-98,02989644;375,13078245;-6,71099274;0,0;0,0;0,0;98,02989644;6,71099274;-28,75239089;0,0;0,0;-0,0;-98,02989644;-6,71099274;-375,13078245;0,0;0,0;0,0;98,02989644;6,71099274;28,75239089;0,0;0,0;0,0;98,02989644;6,71099274;375,13078245;0,0
236;EY;beam_y;60x80;0,0;0,0;-73,70605667;-349,31778673;-30,73687368;0,0;0,0;0,0;73,70605667;-185,05112411;30,73687368;0,0;0,0;0,0;-73,70605667;-30,73687368;349,31778673;0,0;0,0;0,0;73,70605667;30,73687368;185,05112411;0,0;0,0;0,0;73,70605667;30,73687368;349,31778673;0,0;0,0;0,0;73,70605667;30,73687368;185,05112411;0,0
237;EY;beam_y;60x80;-0,0;-0,0;-58,75334365;224,15322448;-0,85470334;-0,0;0,0;0,0;58,75334365;17,91055135;0,85470334;-0,0;0,0;-0,0;-58,75334365;0,85470334;224,15322448;-0,0;0,0;0,0;58,75334365;-0,85470334;17,91055135;-0,0;0,0;0,0;58,75334365;0,85470334;224,15322448;0,0;0,0;0,0;58,75334365;0,85470334;17,91055135;0,0
238;EY;beam_x;60x80;0,0;-0,0;-5,34574224;-0,38662916;-10,90143673;0,0;0,0;0,0;5,34574224;0,38662916;-29,13817266;0,0;0,0;0,0;-5,34574224;0,38662916;10,90143673;0,0;0,0;-0,0;5,34574224;-0,38662916;29,13817266;0,0;0,0;0,0;5,34574224;0,38662916;10,90143673;0,0;0,0;0,0;5,34574224;0,38662916;29,13817266;0,0
239;EY;beam_y;60x80;0,0;0,0;84,82534336;-6,96506996;27,96986088;-0,0;-0,0;0,0;-84,82534336;356,4454846;-27,96986088;-0,0;0,0;-0,0;84,82534336;27,96986088;6,96506996;-0,0;0,0;0,0;-84,82534336;-27,96986088;-356,4454846;-0,0;0,0;0,0;84,82534336;27,96986088;6,96506996;0,0;0,0;0,0;84,82534336;27,96986088;356,4454846;0,0
240;EY;beam_x;30x45;0,0;-0,0;4,55126138;-6,70197907;8,37318135;0,0;-0,0;0,0;-4,55126138;6,70197907;14,38312554;0,0;0,0;0,0;4,55126138;6,70197907;-8,37318135;0,0;0,0;-0,0;-4,55126138;-6,70197907;-14,38312554;0,0;0,0;0,0;4,55126138;6,70197907;8,37318135;0,0;0,0;0,0;4,55126138;6,70197907;14,38312554;0,0
241;EY;beam_x;30x45;-0,0;0,0;-6,21591981;7,1353358;-15,08930409;-0,0;0,0;-0,0;6,21591981;-7,1353358;-15,99029498;-0,0;0,0;-0,0;-6,21591981;-7,1353358;15,08930409;-0,0;0,0;0,0;6,21591981;7,1353358;15,99029498;-0,0;0,0;0,0;6,21591981;7,1353358;15,08930409;0,0;0,0;0,0;6,21591981;7,1353358;15,99029498;0,0
242;EY;beam_y;60x80;0,0;0,0;4,55126138;-17,89808205;8,37318135;0,0;-0,0;-0,0;-4,55126138;6,70197907;-8,37318135;0,0;0,0;0,0;4,55126138;-8,37318135;-17,89808205;0,0;0,0;-0,0;-4,55126138;8,37318135;6,70197907;0,0;0,0;0,0;4,55126138;8,37318135;17,89808205;0,0;0,0;0,0;4,55126138;8,37318135;6,70197907;0,0
243;EY;beam_y;60x80;0,0;0,0;-10,76718119;40,3245806;-0,70617855;0,0;-0,0;0,0;10,76718119;-13,83731487;0,70617855;0,0;0,0;0,0;-10,76718119;0,70617855;40,3245806;0,0;0,0;-0,0;10,76718119;-0,70617855;-13,83731487;0,0;0,0;0,0;10,76718119;0,70617855;40,3245806;0,0;0,0;0,0;10,76718119;0,70617855;13,83731487;0,0
244;EY;beam_y;60x80;0,0;0,0;6,21591981;-22,42649855;-15,99029498;0,0;-0,0;-0,0;-6,21591981;7,1353358;15,99029498;0,0;0,0;0,0;6,21591981;15,99029498;-22,42649855;0,0;0,0;-0,0;-6,21591981;-15,99029498;7,1353358;0,0;0,0;0,0;6,21591981;15,99029498;22,42649855;0,0;0,0;0,0;6,21591981;15,99029498;7,1353358;0,0
245;EY;beam_y;60x80;0,0;0,0;-37,4739578;-158,02913921;7,56028457;0,0;0,0;0,0;37,4739578;-113,65705487;-7,56028457;0,0;0,0;0,0;-37,4739578;7,56028457;158,02913921;0,0;0,0;0,0;37,4739578;-7,56028457;113,65705487;0,0;0,0;0,0;37,4739578;7,56028457;158,02913921;0,0;0,0;0,0;37,4739578;7,56028457;113,65705487;0,0
246;EY;beam_y;60x80;-0,0;0,0;26,67668513;-74,84877315;24,7468961;-0,0;0,0;0,0;-26,67668513;9,22412773;-24,7468961;-0,0;0,0;-0,0;26,67668513;-24,7468961;-74,84877315;-0,0;0,0;0,0;-26,67668513;24,7468961;9,22412773;-0,0;0,0;0,0;26,67668513;24,7468961;74,84877315;0,0;0,0;0,0;26,67668513;24,7468961;9,22412773;0,0
247;EY;beam_x;60x80;0,0;-0,0;26,67668513;-9,22412773;24,7468961;0,0;-0,0;0,0;-26,67668513;9,22412773;33,94181118;0,0;0,0;0,0;26,67668513;9,22412773;-24,7468961;0,0;0,0;-0,0;-26,67668513;-9,22412773;-33,94181118;0,0;0,0;0,0;26,67668513;9,22412773;24,7468961;0,0;0,0;0,0;26,67668513;9,22412773;33,94181118;0,0
248;EY;beam_y;60x80;0,0;0,0;26,67668513;-9,22412773;-33,94181118;-0,0;-0,0;0,0;-26,67668513;74,84877315;33,94181118;-0,0;0,0;-0,0;26,67668513;-33,94181118;9,22412773;-0,0;0,0;0,0;-26,67668513;33,94181118;-74,84877315;-0,0;0,0;0,0;26,67668513;33,94181118;9,22412773;0,0;0,0;0,0;26,67668513;33,94181118;74,84877315;0,0
249;EY;beam_y;60x80;-0,0;0,0;6,44181717;-18,1524091;0,2637576;-0,0;0,0;0,0;-6,44181717;-8,38787764;-0,2637576;-0,0;0,0;-0,0;6,44181717;-0,2637576;-18,1524091;-0,0;0,0;0,0;-6,44181717;0,2637576;-8,38787764;-0,0;0,0;0,0;6,44181717;0,2637576;18,1524091;0,0;0,0;0,0;6,44181717;0,2637576;8,38787764;0,0
250;EY;beam_x;60x80;0,0;-0,0;-0,04699372;0,31570227;0,19545054;0,0;0,0;0,0;0,04699372;-0,31570227;-0,66538772;0,0;0,0;0,0;-0,04699372;-0,31570227;-0,19545054;0,0;0,0;-0,0;0,04699372;0,31570227;0,66538772;0,0;0,0;0,0;0,04699372;0,31570227;0,19545054;0,0;0,0;0,0;0,04699372;0,31570227;0,66538772;0,0
251;EY;beam_y;60x80;0,0;0,0;-8,18420224;-8,96497898;1,12725282;-0,0;-0,0;0,0;8,18420224;-24,75393424;-1,12725282;-0,0;0,0;-0,0;-8,18420224;1,12725282;8,96497898;-0,0;0,0;0,0;8,18420224;-1,12725282;24,75393424;-0,0;0,0;0,0;8,18420224;1,12725282;8,96497898;0,0;0,0;0,0;8,18420224;1,12725282;24,75393424;0,0
252;EY;beam_y;60x80;-0,0;-0,0;-33,25899734;130,76400351;-0,04740292;-0,0;0,0;0,0;33,25899734;6,26306552;0,04740292;-0,0;0,0;-0,0;-33,25899734;0,04740292;130,76400351;-0,0;0,0;0,0;33,25899734;-0,04740292;6,26306552;-0,0;0,0;0,0;33,25899734;0,04740292;130,76400351;0,0;0,0;0,0;33,25899734;0,04740292;6,26306552;0,0
253;EY;beam_x;60x80;0,0;0,0;0,05236831;0,85992661;-0,00497682;-0,0;0,0;-0,0;-0,05236831;-0,85992661;0,52865991;-0,0;0,0;-0,0;0,05236831;-0,85992661;0,00497682;-0,0;0,0;0,0;-0,05236831;0,85992661;-0,52865991;-0,0;0,0;0,0;0,05236831;0,85992661;0,00497682;0,0;0,0;0,0;0,05236831;0,85992661;0,52865991;0,0
254;EY;beam_y;60x80;0,0;0,0;35,17507764;7,9618184;-0,53954358;-0,0;-0,0;0,0;-35,17507764;136,95950149;0,53954358;-0,0;0,0;-0,0;35,17507764;-0,53954358;-7,9618184;-0,0;0,0;0,0;-35,17507764;0,53954358;-136,95950149;-0,0;0,0;0,0;35,17507764;0,53954358;7,9618184;0,0;0,0;0,0;35,17507764;0,53954358;136,95950149;0,0
255;EY;column;70x70;-8,69369302;-331,67364742;-802,96313718;776,02593857;-28,10680061;-4,24521324;8,69369302;331,67364742;802,96313718;404,73224624;-2,84274655;4,24521324;-802,96313718;331,67364742;-8,69369302;-4,24521324;28,10680061;776,02593857;802,96313718;-331,67364742;8,69369302;4,24521324;2,84274655;404,73224624;802,96313718;331,67364742;8,69369302;4,24521324;28,10680061;776,02593857;802,96313718;331,67364742;8,69369302;4,24521324;2,84274655;404,73224624
256;EY;column;70x70;-42,77808907;-228,72727343;-598,65468856;428,26435754;-66,30374341;-8,56567162;42,77808907;228,72727343;598,65468856;386,00473586;-85,98625369;8,56567162;-598,65468856;228,72727343;-42,77808907;-8,56567162;66,30374341;428,26435754;598,65468856;-228,72727343;42,77808907;8,56567162;85,98625369;386,00473586;598,65468856;228,72727343;42,77808907;8,56567162;66,30374341;428,26435754;598,65468856;228,72727343;42,77808907;8,56567162;85,98625369;386,00473586
257;EY;column;70x70;23,82287484;-310,4163999;-375,03740331;538,23111674;54,99452352;3,5753891;-23,82287484;310,4163999;375,03740331;566,85126689;29,81491091;-3,5753891;-375,03740331;310,4163999;23,82287484;3,5753891;-54,99452352;538,23111674;375,03740331;-310,4163999;-23,82287484;-3,5753891;-29,81491091;566,85126689;375,03740331;310,4163999;23,82287484;3,5753891;54,99452352;538,23111674;375,03740331;310,4163999;23,82287484;3,5753891;29,81491091;566,85126689
258;EY;column;70x70;3,29657806;-194,8139521;-178,20904111;280,1869937;-1,07335137;3,37911286;-3,29657806;194,8139521;178,20904111;413,35067576;12,80916927;-3,37911286;-178,20904111;194,8139521;3,29657806;3,37911286;1,07335137;280,1869937;178,20904111;-194,8139521;-3,29657806;-3,37911286;-12,80916927;413,35067576;178,20904111;194,8139521;3,29657806;3,37911286;1,07335137;280,1869937;178,20904111;194,8139521;3,29657806;3,37911286;12,80916927;413,35067576
259;EY;column;70x70;-7,06744159;-100,28657182;-52,96987447;118,87868728;-14,78118006;0,54138273;7,06744159;100,28657182;52,96987447;238,14150842;-10,37891202;-0,54138273;-52,96987447;100,28657182;-7,06744159;0,54138273;14,78118006;118,87868728;52,96987447;-100,28657182;7,06744159;-0,54138273;10,37891202;238,14150842;52,96987447;100,28657182;7,06744159;0,54138273;14,78118006;118,87868728;52,96987447;100,28657182;7,06744159;0,54138273;10,37891202;238,14150842
260;EY;column;70x70;5,13302842;-409,1517487;160,39485097;867,96661876;4,92677098;-4,24521324;-5,13302842;409,1517487;-160,39485097;588,61360662;13,34681019;4,24521324;160,39485097;409,1517487;5,13302842;-4,24521324;-4,92677098;867,96661876;-160,39485097;-409,1517487;-5,13302842;4,24521324;-13,34681019;588,61360662;160,39485097;409,1517487;5,13302842;4,24521324;4,92677098;867,96661876;160,39485097;409,1517487;5,13302842;4,24521324;13,34681019;588,61360662
261;EY;column;70x70;-1,82154704;-380,65247124;116,56490417;700,48960581;-0,99958232;-8,56567162;1,82154704;380,65247124;-116,56490417;654,63319183;-5,48512514;8,56567162;116,56490417;380,65247124;-1,82154704;-8,56567162;0,99958232;700,48960581;-116,56490417;-380,65247124;1,82154704;8,56567162;5,48512514;654,63319183;116,56490417;380,65247124;1,82154704;8,56567162;0,99958232;700,48960581;116,56490417;380,65247124;1,82154704;8,56567162;5,48512514;654,63319183
262;EY;column;70x70;14,96874308;-457,32697121;67,94588558;800,90888258;28,83799585;3,5753891;-14,96874308;457,32697121;-67,94588558;827,17513492;24,4507295;-3,5753891;67,94588558;457,32697121;14,96874308;3,5753891;-28,83799585;800,90888258;-67,94588558;-457,32697121;-14,96874308;-3,5753891;-24,4507295;827,17513492;67,94588558;457,32697121;14,96874308;3,5753891;28,83799585;800,90888258;67,94588558;457,32697121;14,96874308;3,5753891;24,4507295;827,17513492
263;EY;column;70x70;4,73526548;-308,67561702;26,81596298;501,29282614;6,54530472;3,37911286;-4,73526548;308,67561702;-26,81596298;597,59237045;10,31224037;-3,37911286;26,81596298;308,67561702;4,73526548;3,37911286;-6,54530472;501,29282614;-26,81596298;-308,67561702;-4,73526548;-3,37911286;-10,31224037;597,59237045;26,81596298;308,67561702;4,73526548;3,37911286;6,54530472;501,29282614;26,81596298;308,67561702;4,73526548;3,37911286;10,31224037;597,59237045
264;EY;column;70x70;1,74863955;-175,41650797;3,77939197;257,15873047;2,59002371;0,54138273;-1,74863955;175,41650797;-3,77939197;367,32403788;3,63513311;-0,54138273;3,77939197;175,41650797;1,74863955;0,54138273;-2,59002371;257,15873047;-3,77939197;-175,41650797;-1,74863955;-0,54138273;-3,63513311;367,32403788;3,77939197;175,41650797;1,74863955;0,54138273;2,59002371;257,15873047;3,77939197;175,41650797;1,74863955;0,54138273;3,63513311;367,32403788
265;EY;column;70x70;15,66150998;-312,09455196;608,70199836;752,79207862;37,83024816;-4,24521324;-15,66150998;312,09455196;-608,70199836;358,26452634;17,92472738;4,24521324;608,70199836;312,09455196;15,66150998;-4,24521324;-37,83024816;752,79207862;-608,70199836;-312,09455196;-15,66150998;4,24521324;-17,92472738;358,26452634;608,70199836;312,09455196;15,66150998;4,24521324;37,83024816;752,79207862;608,70199836;312,09455196;15,66150998;4,24521324;17,92472738;358,26452634
266;EY;column;70x70;34,80854517;-191,74812622;461,05068803;361,14857624;55,32368068;-8,56567162;-34,80854517;191,74812622;-461,05068803;321,4747531;68,59474013;8,56567162;461,05068803;191,74812622;34,80854517;-8,56567162;-55,32368068;361,14857624;-461,05068803;-191,74812622;-34,80854517;8,56567162;-68,59474013;321,4747531;461,05068803;191,74812622;34,80854517;8,56567162;55,32368068;361,14857624;461,05068803;191,74812622;34,80854517;8,56567162;68,59474013;321,4747531
267;EY;column;70x70;-12,63425732;-275,56841008;295,5946198;476,23010742;-31,67589303;3,5753891;12,63425732;275,56841008;-295,5946198;504,79343247;-13,30206302;-3,5753891;295,5946198;275,56841008;-12,63425732;3,5753891;31,67589303;476,23010742;-295,5946198;-275,56841008;12,63425732;-3,5753891;13,30206302;504,79343247;295,5946198;275,56841008;12,63425732;3,5753891;31,67589303;476,23010742;295,5946198;275,56841008;12,63425732;3,5753891;13,30206302;504,79343247
268;EY;column;70x70;-7,67663344;-169,65295227;142,65058453;229,62438739;-12,23707825;3,37911286;7,67663344;169,65295227;-142,65058453;374,34012268;-15,0917368;-3,37911286;142,65058453;169,65295227;-7,67663344;3,37911286;12,23707825;229,62438739;-142,65058453;-169,65295227;7,67663344;-3,37911286;15,0917368;374,34012268;142,65058453;169,65295227;7,67663344;3,37911286;12,23707825;229,62438739;142,65058453;169,65295227;7,67663344;3,37911286;15,0917368;374,34012268
269;EY;column;70x70;2,41268755;-90,39267724;45,43440777;97,98509909;6,34577016;0,54138273;-2,41268755;90,39267724;-45,43440777;223,8128319;2,24339751;-0,54138273;45,43440777;90,39267724;2,41268755;0,54138273;-6,34577016;97,98509909;-45,43440777;-90,39267724;-2,41268755;-0,54138273;-2,24339751;223,8128319;45,43440777;90,39267724;2,41268755;0,54138273;6,34577016;97,98509909;45,43440777;90,39267724;2,41268755;0,54138273;2,24339751;223,8128319
270;EY;column;70x70;-16,42252501;-352,42021921;-862,07962198;823,57742742;-37,2783479;-4,24521324;16,42252501;352,42021921;862,07962198;431,03855298;-21,18584113;4,24521324;-862,07962198;352,42021921;-16,42252501;-4,24521324;37,2783479;823,57742742;862,07962198;-352,42021921;16,42252501;4,24521324;21,18584113;431,03855298;862,07962198;352,42021921;16,42252501;4,24521324;37,2783479;823,57742742;862,07962198;352,42021921;16,42252501;4,24521324;21,18584113;431,03855298
271;EY;column;70x70;-47,6720541;-287,38712877;-620,98202648;522,89978455;-81,28279586;-8,56567162;47,6720541;287,38712877;620,98202648;500,19839388;-88,42971673;8,56567162;-620,98202648;287,38712877;-47,6720541;-8,56567162;81,28279586;522,89978455;620,98202648;-287,38712877;47,6720541;8,56567162;88,42971673;500,19839388;620,98202648;287,38712877;47,6720541;8,56567162;81,28279586;522,89978455;620,98202648;287,38712877;47,6720541;8,56567162;88,42971673;500,19839388
272;EY;column;70x70;31,14212176;-297,13889916;-381,96414656;501,47429844;67,04407199;3,5753891;-31,14212176;297,13889916;381,96414656;556,34018258;43,82188148;-3,5753891;-381,96414656;297,13889916;31,14212176;3,5753891;-67,04407199;501,47429844;381,96414656;-297,13889916;-31,14212176;-3,5753891;-43,82188148;556,34018258;381,96414656;297,13889916;31,14212176;3,5753891;67,04407199;501,47429844;381,96414656;297,13889916;31,14212176;3,5753891;43,82188148;556,34018258
273;EY;column;70x70;11,40603873;-193,96099334;-181,60170161;285,47996414;13,87133951;3,37911286;-11,40603873;193,96099334;181,60170161;405,02117216;26,73415837;-3,37911286;-181,60170161;193,96099334;11,40603873;3,37911286;-13,87133951;285,47996414;181,60170161;-193,96099334;-11,40603873;-3,37911286;-26,73415837;405,02117216;181,60170161;193,96099334;11,40603873;3,37911286;13,87133951;285,47996414;181,60170161;193,96099334;11,40603873;3,37911286;26,73415837;405,02117216
274;EY;column;70x70;-0,00118896;-106,1351858;-55,84146024;133,83085517;-2,09413115;0,54138273;0,00118896;106,1351858;55,84146024;244,01040628;2,08989847;-0,54138273;-55,84146024;106,1351858;-0,00118896;0,54138273;2,09413115;133,83085517;55,84146024;-106,1351858;0,00118896;-0,54138273;-2,08989847;244,01040628;55,84146024;106,1351858;0,00118896;0,54138273;2,09413115;133,83085517;55,84146024;106,1351858;0,00118896;0,54138273;2,08989847;244,01040628
275;EY;column;70x70;-0,5709959;-423,57215265;192,29286751;908,0110551;-1,84200454;-4,24521324;0,5709959;423,57215265;-192,29286751;599,90580833;-0,19074085;4,24521324;192,29286751;423,57215265;-0,5709959;-4,24521324;1,84200454;908,0110551;-192,29286751;-423,57215265;0,5709959;4,24521324;0,19074085;599,90580833;192,29286751;423,57215265;0,5709959;4,24521324;1,84200454;908,0110551;192,29286751;423,57215265;0,5709959;4,24521324;0,19074085;599,90580833
276;EY;column;70x70;-11,87774989;-423,70585215;136,20450547;769,0982973;-19,70171855;-8,56567162;11,87774989;423,70585215;-136,20450547;739,29453636;-22,58307105;8,56567162;136,20450547;423,70585215;-11,87774989;-8,56567162;19,70171855;769,0982973;-136,20450547;-423,70585215;11,87774989;8,56567162;22,58307105;739,29453636;136,20450547;423,70585215;11,87774989;8,56567162;19,70171855;769,0982973;136,20450547;423,70585215;11,87774989;8,56567162;22,58307105;739,29453636
277;EY;column;70x70;6,87264988;-421,38381091;78,43178143;726,24285112;14,06604673;3,5753891;-6,87264988;421,38381091;-78,43178143;773,88351573;10,40058685;-3,5753891;78,43178143;421,38381091;6,87264988;3,5753891;-14,06604673;726,24285112;-78,43178143;-421,38381091;-6,87264988;-3,5753891;-10,40058685;773,88351573;78,43178143;421,38381091;6,87264988;3,5753891;14,06604673;726,24285112;78,43178143;421,38381091;6,87264988;3,5753891;10,40058685;773,88351573
278;EY;column;70x70;-1,55009058;-288,18264459;31,53532887;467,39569482;-5,35609652;3,37911286;1,55009058;288,18264459;-31,53532887;558,53451991;-0,16222594;-3,37911286;31,53532887;288,18264459;-1,55009058;3,37911286;5,35609652;467,39569482;-31,53532887;-288,18264459;1,55009058;-3,37911286;0,16222594;558,53451991;31,53532887;288,18264459;1,55009058;3,37911286;5,35609652;467,39569482;31,53532887;288,18264459;1,55009058;3,37911286;0,16222594;558,53451991
279;EY;column;70x70;-3,87642321;-171,93312492;5,84951936;253,6147312;-7,10089457;0,54138273;3,87642321;171,93312492;-5,84951936;358,46719351;-6,69917207;-0,54138273;5,84951936;171,93312492;-3,87642321;0,54138273;7,10089457;253,6147312;-5,84951936;-171,93312492;3,87642321;-0,54138273;6,69917207;358,46719351;5,84951936;171,93312492;3,87642321;0,54138273;7,10089457;253,6147312;5,84951936;171,93312492;3,87642321;0,54138273;6,69917207;358,46719351
280;EY;column;70x70;19,1004529;-336,86576565;648,55652041;805,11947586;41,91112708;-4,24521324;-19,1004529;336,86576565;-648,55652041;394,12264986;26,08648523;4,24521324;648,55652041;336,86576565;19,1004529;-4,24521324;-41,91112708;805,11947586;-648,55652041;-336,86576565;-19,1004529;4,24521324;-26,08648523;394,12264986;648,55652041;336,86576565;19,1004529;4,24521324;41,91112708;805,11947586;648,55652041;336,86576565;19,1004529;4,24521324;26,08648523;394,12264986
281;EY;column;70x70;35,23286238;-258,80129716;471,1495768;470,51997948;59,90808269;-8,56567162;-35,23286238;258,80129716;-471,1495768;450,81263842;65,52090737;8,56567162;471,1495768;258,80129716;35,23286238;-8,56567162;-59,90808269;470,51997948;-471,1495768;-258,80129716;-35,23286238;8,56567162;-65,52090737;450,81263842;471,1495768;258,80129716;35,23286238;8,56567162;59,90808269;470,51997948;471,1495768;258,80129716;35,23286238;8,56567162;65,52090737;450,81263842
282;EY;column;70x70;-18,30549977;-274,31827992;293,82284907;458,92992832;-41,98312324;3,5753891;18,30549977;274,31827992;-293,82284907;517,64314819;-23,18445593;-3,5753891;293,82284907;274,31827992;-18,30549977;3,5753891;41,98312324;458,92992832;-293,82284907;-274,31827992;18,30549977;-3,5753891;23,18445593;517,64314819;293,82284907;274,31827992;18,30549977;3,5753891;41,98312324;458,92992832;293,82284907;274,31827992;18,30549977;3,5753891;23,18445593;517,64314819
283;EY;column;70x70;-14,31803858;-179,66281237;144,40507898;256,89622317;-23,27073089;3,37911286;14,31803858;179,66281237;-144,40507898;382,70338888;-27,70148647;-3,37911286;144,40507898;179,66281237;-14,31803858;3,37911286;23,27073089;256,89622317;-144,40507898;-179,66281237;14,31803858;-3,37911286;27,70148647;382,70338888;144,40507898;179,66281237;14,31803858;3,37911286;23,27073089;256,89622317;144,40507898;179,66281237;14,31803858;3,37911286;27,70148647;382,70338888
284;EY;column;70x70;-5,92991638;-103,81418386;47,60001502;125,72599101;-8,2827354;0,54138273;5,92991638;103,81418386;-47,60001502;243,85250353;-12,82776692;-0,54138273;47,60001502;103,81418386;-5,92991638;0,54138273;8,2827354;125,72599101;-47,60001502;-103,81418386;5,92991638;-0,54138273;12,82776692;243,85250353;47,60001502;103,81418386;5,92991638;0,54138273;8,2827354;125,72599101;47,60001502;103,81418386;5,92991638;0,54138273;12,82776692;243,85250353
285;EY;column;70x70;4,62018713;-408,47328113;199,4544371;907,29289531;4,31819932;-4,24521324;-4,62018713;408,47328113;-199,4544371;546,87198553;12,12966687;4,24521324;199,4544371;408,47328113;4,62018713;-4,24521324;-4,31819932;907,29289531;-199,4544371;-408,47328113;-4,62018713;4,24521324;-12,12966687;546,87198553;199,4544371;408,47328113;4,62018713;4,24521324;4,31819932;907,29289531;199,4544371;408,47328113;4,62018713;4,24521324;12,12966687;546,87198553
286;EY;column;70x70;-2,63623195;-415,59779385;145,90656402;741,86425735;-2,57491341;-8,56567162;2,63623195;415,59779385;-145,90656402;737,66388875;-6,81007235;8,56567162;145,90656402;415,59779385;-2,63623195;-8,56567162;2,57491341;741,86425735;-145,90656402;-415,59779385;2,63623195;8,56567162;6,81007235;737,66388875;145,90656402;415,59779385;2,63623195;8,56567162;2,57491341;741,86425735;145,90656402;415,59779385;2,63623195;8,56567162;6,81007235;737,66388875
287;EY;column;70x70;14,65876849;-371,93903003;88,16372908;626,37068238;28,11197157;3,5753891;-14,65876849;371,93903003;-88,16372908;697,73226451;24,07324426;-3,5753891;88,16372908;371,93903003;14,65876849;3,5753891;-28,11197157;626,37068238;-88,16372908;-371,93903003;-14,65876849;-3,5753891;-24,07324426;697,73226451;88,16372908;371,93903003;14,65876849;3,5753891;28,11197157;626,37068238;88,16372908;371,93903003;14,65876849;3,5753891;24,07324426;697,73226451
288;EY;column;70x70;4,65436969;-262,71089879;43,32570131;420,48764394;6,43965965;3,37911286;-4,65436969;262,71089879;-43,32570131;514,76315573;10,12989644;-3,37911286;43,32570131;262,71089879;4,65436969;3,37911286;-6,43965965;420,48764394;-43,32570131;-262,71089879;-4,65436969;-3,37911286;-10,12989644;514,76315573;43,32570131;262,71089879;4,65436969;3,37911286;6,43965965;420,48764394;43,32570131;262,71089879;4,65436969;3,37911286;10,12989644;514,76315573
289;EY;column;70x70;2,08003163;-175,88151875;13,14452212;256,25211996;2,89692805;0,54138273;-2,08003163;175,88151875;-13,14452212;369,88608681;4,50798457;-0,54138273;13,14452212;175,88151875;2,08003163;0,54138273;-2,89692805;256,25211996;-13,14452212;-175,88151875;-2,08003163;-0,54138273;-4,50798457;369,88608681;13,14452212;175,88151875;2,08003163;0,54138273;2,89692805;256,25211996;13,14452212;175,88151875;2,08003163;0,54138273;4,50798457;369,88608681
290;EY;column;70x70;15,26621755;-210,025203;79,01991509;608,73756087;37,3611678;-4,24521324;-15,26621755;210,025203;-79,01991509;138,95216181;16,98656667;4,24521324;79,01991509;210,025203;15,26621755;-4,24521324;-37,3611678;608,73756087;-79,01991509;-210,025203;-15,26621755;4,24521324;-16,98656667;138,95216181;79,01991509;210,025203;15,26621755;4,24521324;37,3611678;608,73756087;79,01991509;210,025203;15,26621755;4,24521324;16,98656667;138,95216181
291;EY;column;70x70;37,33658438;27,78993347;55,66908152;-20,89868216;57,85454018;-8,56567162;-37,33658438;-27,78993347;-55,66908152;-78,033481;75,06370019;8,56567162;55,66908152;-27,78993347;37,33658438;-8,56567162;-57,85454018;-20,89868216;-55,66908152;27,78993347;-37,33658438;8,56567162;-75,06370019;-78,033481;55,66908152;27,78993347;37,33658438;8,56567162;57,85454018;20,89868216;55,66908152;27,78993347;37,33658438;8,56567162;75,06370019;78,033481
292;EY;column;70x70;0,39892206;-114,44376798;33,75566722;211,62394263;-12,74083329;3,5753891;-0,39892206;114,44376798;-33,75566722;195,7958714;14,16099583;-3,5753891;33,75566722;114,44376798;0,39892206;3,5753891;12,74083329;211,62394263;-33,75566722;-114,44376798;-0,39892206;-3,5753891;-14,16099583;195,7958714;33,75566722;114,44376798;0,39892206;3,5753891;12,74083329;211,62394263;33,75566722;114,44376798;0,39892206;3,5753891;14,16099583;195,7958714
293;EY;column;70x70;6,1205937;-30,68769028;18,38079824;-54,1376409;16,13265061;3,37911286;-6,1205937;30,68769028;-18,38079824;163,38581828;5,65666297;-3,37911286;18,38079824;30,68769028;6,1205937;3,37911286;-16,13265061;-54,1376409;-18,38079824;-30,68769028;-6,1205937;-3,37911286;-5,65666297;163,38581828;18,38079824;30,68769028;6,1205937;3,37911286;16,13265061;54,1376409;18,38079824;30,68769028;6,1205937;3,37911286;5,65666297;163,38581828
294;EY;column;70x70;11,11993286;8,48472978;7,15042397;-80,72742261;21,05405816;0,54138273;-11,11993286;-8,48472978;-7,15042397;50,5217846;18,53290283;-0,54138273;7,15042397;-8,48472978;11,11993286;0,54138273;-21,05405816;-80,72742261;-7,15042397;8,48472978;-11,11993286;-0,54138273;-18,53290283;50,5217846;7,15042397;8,48472978;11,11993286;0,54138273;21,05405816;80,72742261;7,15042397;8,48472978;11,11993286;0,54138273;18,53290283;50,5217846
295;EY;wall;60x291.5;207,20446696;-1029,54627646;4963,60803785;2351,69201451;-846,20735529;-176,3797098;-207,20446696;1029,54627646;-4963,60803785;1313,49272969;1583,85525768;176,3797098;4963,60803785;1029,54627646;207,20446696;-176,3797098;846,20735529;2351,69201451;-4963,60803785;-1029,54627646;-207,20446696;176,3797098;-1583,85525768;1313,49272969;4963,60803785;1029,54627646;207,20446696;176,3797098;846,20735529;2351,69201451;4963,60803785;1029,54627646;207,20446696;176,3797098;1583,85525768;1313,49272969
296;EY;wall;60x291.5;-1254,3743673;-951,71525749;2464,54687519;1732,25165587;-1397,84041274;-402,77637078;1254,3743673;951,71525749;-2464,54687519;1655,8546608;-3067,73233485;402,77637078;2464,54687519;951,71525749;-1254,3743673;-402,77637078;1397,84041274;1732,25165587;-2464,54687519;-951,71525749;1254,3743673;402,77637078;3067,73233485;1655,8546608;2464,54687519;951,71525749;1254,3743673;402,77637078;1397,84041274;1732,25165587;2464,54687519;951,71525749;1254,3743673;402,77637078;3067,73233485;1655,8546608
297;EY;wall;60x291.5;1239,45565197;-682,58334738;513,6743397;1118,10057554;3413,05881291;156,56386401;-1239,45565197;682,58334738;-513,6743397;1311,89614112;999,40330808;-156,56386401;513,6743397;682,58334738;1239,45565197;156,56386401;-3413,05881291;1118,10057554;-513,6743397;-682,58334738;-1239,45565197;-156,56386401;-999,40330808;1311,89614112;513,6743397;682,58334738;1239,45565197;156,56386401;3413,05881291;1118,10057554;513,6743397;682,58334738;1239,45565197;156,56386401;999,40330808;1311,89614112
298;EY;wall;60x291.5;-31,15698371;-412,10594341;-364,93160867;604,55722421;-781,18729963;7,23296123;31,15698371;412,10594341;364,93160867;862,53993432;670,26843763;-7,23296123;-364,93160867;412,10594341;-31,15698371;7,23296123;781,18729963;604,55722421;364,93160867;-412,10594341;31,15698371;-7,23296123;-670,26843763;862,53993432;364,93160867;412,10594341;31,15698371;7,23296123;781,18729963;604,55722421;364,93160867;412,10594341;31,15698371;7,23296123;670,26843763;862,53993432
299;EY;wall;60x291.5;-184,12277849;-155,3457718;-473,66572343;161,4006895;-653,21738319;-14,36842066;184,12277849;155,3457718;473,66572343;391,63025813;-2,25970824;14,36842066;-473,66572343;155,3457718;-184,12277849;-14,36842066;653,21738319;161,4006895;473,66572343;-155,3457718;184,12277849;14,36842066;2,25970824;391,63025813;473,66572343;155,3457718;184,12277849;14,36842066;653,21738319;161,4006895;473,66572343;155,3457718;184,12277849;14,36842066;2,25970824;391,63025813
300;EY;wall;30x356;-604,75563572;-183,72629983;-536,91171275;573,87255034;-1142,1156745;302,19227932;604,75563572;183,72629983;536,91171275;80,19307707;-71,21889136;-623,71330403;-748,63155554;183,72629983;-305,86657267;524,36270282;1142,1156745;381,69835421;748,63155554;-183,72629983;305,86657267;-524,36270282;71,21889136;347,12097477;748,63155554;183,72629983;305,86657267;524,36270282;1142,1156745;381,69835421;748,63155554;183,72629983;305,86657267;524,36270282;71,21889136;347,12097477
301;EY;wall;30x356;-1583,29666314;-252,8316443;-282,24476973;1585,78686654;-3450,73921349;2036,56569027;1583,29666314;252,8316443;282,24476973;-685,70621284;-1691,86856026;-2479,02106779;-951,77191435;252,8316443;-1296,38754106;2527,25382141;3450,73921349;524,69793126;951,77191435;-252,8316443;1296,38754106;-2527,25382141;1691,86856026;478,25368485;951,77191435;252,8316443;1296,38754106;2527,25382141;3450,73921349;524,69793126;951,77191435;252,8316443;1296,38754106;2527,25382141;1691,86856026;478,25368485
302;EY;wall;30x356;968,30854772;-216,63702355;1641,74045075;1555,74187554;774,80145585;2135,2304167;-968,30854772;216,63702355;-1641,74045075;-784,51407172;-200,6688148;-2514,3452079;1900,52252924;216,63702355;144,73170724;2602,54423663;-774,80145585;454,20833557;-1900,52252924;-216,63702355;-144,73170724;-2602,54423663;200,6688148;405,16373187;1900,52252924;216,63702355;144,73170724;2602,54423663;774,80145585;454,20833557;1900,52252924;216,63702355;144,73170724;2602,54423663;200,6688148;405,16373187
303;EY;wall;30x356;734,1068348;-149,73909473;1901,63354126;1290,95588013;-29,60678995;1898,02678466;-734,1068348;149,73909473;-1901,63354126;-757,8847029;-684,83157536;-2160,07020043;2030,43999824;149,73909473;-180,10103753;2272,85895327;29,60678995;321,22412463;-2030,43999824;-149,73909473;180,10103753;-2272,85895327;684,83157536;272,77219837;2030,43999824;149,73909473;180,10103753;2272,85895327;29,60678995;321,22412463;2030,43999824;149,73909473;180,10103753;2272,85895327;684,83157536;272,77219837
304;EY;wall;30x356;115,73962171;-81,58828501;1775,05667047;946,81104246;-1378,42875142;1504,95237056;-115,73962171;81,58828501;-1775,05667047;-656,35674783;-1315,88736861;-1647,73186933;1644,05117838;81,58828501;-679,20362652;1768,28086443;1378,42875142;185,78367069;-1644,05117838;-81,58828501;679,20362652;-1768,28086443;1315,88736861;137,86688553;1644,05117838;81,58828501;679,20362652;1768,28086443;1378,42875142;185,78367069;1644,05117838;81,58828501;679,20362652;1768,28086443;1315,88736861;137,86688553
305;EY;wall;60x292;119,82585757;-1027,35398109;-5048,97551121;2350,90021882;1306,20091018;-222,62218199;-119,82585757;1027,35398109;5048,97551121;1306,47995386;-879,62085722;222,62218199;-5048,97551121;1027,35398109;119,82585757;-222,62218199;-1306,20091018;2350,90021882;5048,97551121;-1027,35398109;-119,82585757;222,62218199;879,62085722;1306,47995386;5048,97551121;1027,35398109;119,82585757;222,62218199;1306,20091018;2350,90021882;5048,97551121;1027,35398109;119,82585757;222,62218199;879,62085722;1306,47995386
306;EY;wall;60x292;748,68166634;-943,24553975;-2511,31982508;1719,02841261;680,86863968;-312,62774824;-748,68166634;943,24553975;2511,31982508;1638,9257089;1984,4380925;312,62774824;-2511,31982508;943,24553975;748,68166634;-312,62774824;-680,86863968;1719,02841261;2511,31982508;-943,24553975;-748,68166634;312,62774824;-1984,4380925;1638,9257089;2511,31982508;943,24553975;748,68166634;312,62774824;680,86863968;1719,02841261;2511,31982508;943,24553975;748,68166634;312,62774824;1984,4380925;1638,9257089
307;EY;wall;60x292;-715,0096582;-672,02021726;-558,73352813;1097,91624042;-2278,76358764;75,27160143;715,0096582;672,02021726;558,73352813;1294,47573302;-266,67079555;-75,27160143;-558,73352813;672,02021726;-715,0096582;75,27160143;2278,76358764;1097,91624042;558,73352813;-672,02021726;715,0096582;-75,27160143;266,67079555;1294,47573302;558,73352813;672,02021726;715,0096582;75,27160143;2278,76358764;1097,91624042;558,73352813;672,02021726;715,0096582;75,27160143;266,67079555;1294,47573302
308;EY;wall;60x292;-132,60403692;-405,03875325;371,41605745;590,84169945;65,07241632;38,82143902;132,60403692;405,03875325;-371,41605745;851,09626213;-537,14278775;-38,82143902;371,41605745;405,03875325;-132,60403692;38,82143902;-65,07241632;590,84169945;-371,41605745;-405,03875325;132,60403692;-38,82143902;537,14278775;851,09626213;371,41605745;405,03875325;132,60403692;38,82143902;65,07241632;590,84169945;371,41605745;405,03875325;132,60403692;38,82143902;537,14278775;851,09626213
309;EY;wall;60x292;142,58139019;-148,18398827;480,52420987;148,37287578;504,12144952;-6,10408237;-142,58139019;148,18398827;-480,52420987;379,16212246;3,46829957;6,10408237;480,52420987;148,18398827;142,58139019;-6,10408237;-504,12144952;148,37287578;-480,52420987;-148,18398827;-142,58139019;6,10408237;-3,46829957;379,16212246;480,52420987;148,18398827;142,58139019;6,10408237;504,12144952;148,37287578;480,52420987;148,18398827;142,58139019;6,10408237;3,46829957;379,16212246
310;EY;wall;30x356;664,41943546;-183,1665738;551,97081405;580,66594561;1267,57872061;317,69615419;-664,41943546;183,1665738;-551,97081405;71,40705713;131,80554504;-638,23765835;788,46695153;183,1665738;352,76739097;541,27330133;-1267,57872061;380,95537803;-788,46695153;-183,1665738;-352,76739097;-541,27330133;-131,80554504;345,64358755;788,46695153;183,1665738;352,76739097;541,27330133;1267,57872061;380,95537803;788,46695153;183,1665738;352,76739097;541,27330133;131,80554504;345,64358755
311;EY;wall;30x356;1268,71257198;-251,77813804;96,63105533;1630,09647199;2914,99348962;2130,36695259;-1268,71257198;251,77813804;-96,63105533;-733,76630056;1432,51891979;-2570,97869416;646,41647018;251,77813804;1095,95387596;2630,98138217;-2914,99348962;523,08204644;-646,41647018;-251,77813804;-1095,95387596;-2630,98138217;-1432,51891979;475,69044167;646,41647018;251,77813804;1095,95387596;2630,98138217;2914,99348962;523,08204644;646,41647018;251,77813804;1095,95387596;2630,98138217;1432,51891979;475,69044167
312;EY;wall;30x356;-545,21107228;-215,24001181;-1470,44417299;1629,09597801;68,59335461;2289,85253627;545,21107228;215,24001181;1470,44417299;-862,84153598;563,73253081;-2666,52255694;-1560,14497422;215,24001181;159,4015013;2773,66744218;-68,59335461;451,8265858;1560,14497422;-215,24001181;-159,4015013;-2773,66744218;-563,73253081;402,00371022;1560,14497422;215,24001181;159,4015013;2773,66744218;68,59335461;451,8265858;1560,14497422;215,24001181;159,4015013;2773,66744218;563,73253081;402,00371022
313;EY;wall;30x356;-752,97691774;-148,83928978;-1971,60830761;1333,78034676;39,73991734;1988,4681044;752,97691774;148,83928978;1971,60830761;-803,91247514;729,97679382;-2248,93686151;-2101,56217597;148,83928978;194,03602188;2372,91602096;-39,73991734;319,75767866;2101,56217597;-148,83928978;-194,03602188;-2372,91602096;-729,97679382;270,66923028;2101,56217597;148,83928978;194,03602188;2372,91602096;39,73991734;319,75767866;2101,56217597;148,83928978;194,03602188;2372,91602096;729,97679382;270,66923028
314;EY;wall;30x356;-361,53783676;-80,92541393;-1980,5738493;972,04153838;970,62322271;1558,52047941;361,53783676;80,92541393;1980,5738493;-683,9470648;1208,30631469;-1700,13995379;-1936,92351039;80,92541393;549,28107089;1827,48510327;-970,62322271;184,79457355;1936,92351039;-80,92541393;-549,28107089;-1827,48510327;-1208,30631469;136,22645571;1936,92351039;80,92541393;549,28107089;1827,48510327;970,62322271;184,79457355;1936,92351039;80,92541393;549,28107089;1827,48510327;1208,30631469;136,22645571
315;EY;wall;25x795;-1018,97029023;-33,20695774;-47,32538274;178,68420552;-4327,23082326;0,0;1018,97029023;33,20695774;47,32538274;-60,46743597;699,69659004;0,0;-47,32538274;33,20695774;-1018,97029023;0,0;4327,23082326;178,68420552;47,32538274;-33,20695774;1018,97029023;0,0;-699,69659004;-60,46743597;47,32538274;33,20695774;1018,97029023;0,0;4327,23082326;178,68420552;47,32538274;33,20695774;1018,97029023;0,0;699,69659004;60,46743597
316;EY;wall;25x795;-813,30385166;-15,72327299;-34,68489834;60,46743597;-699,69659004;0,0;813,30385166;15,72327299;34,68489834;-4,49258411;-2195,66512187;0,0;-34,68489834;15,72327299;-813,30385166;0,0;699,69659004;60,46743597;34,68489834;-15,72327299;813,30385166;0,0;2195,66512187;-4,49258411;34,68489834;15,72327299;813,30385166;0,0;699,69659004;60,46743597;34,68489834;15,72327299;813,30385166;0,0;2195,66512187;4,49258411
317;EY;wall;25x795;265,31546847;-10,32965991;-22,30578138;4,49258411;2195,66512187;-0,0;-265,31546847;10,32965991;22,30578138;32,28100517;-1251,14205413;0,0;-22,30578138;10,32965991;265,31546847;0,0;-2195,66512187;4,49258411;22,30578138;-10,32965991;-265,31546847;0,0;1251,14205413;32,28100517;22,30578138;10,32965991;265,31546847;0,0;2195,66512187;4,49258411;22,30578138;10,32965991;265,31546847;0,0;1251,14205413;32,28100517
318;EY;wall;25x795;332,65534542;0,96482114;-12,31623798;-32,28100517;1251,14205413;0,0;-332,65534542;-0,96482114;12,31623798;28,84624191;-66,88902443;0,0;-12,31623798;-0,96482114;332,65534542;0,0;-1251,14205413;-32,28100517;12,31623798;0,96482114;-332,65534542;0,0;66,88902443;28,84624191;12,31623798;0,96482114;332,65534542;0,0;1251,14205413;32,28100517;12,31623798;0,96482114;332,65534542;0,0;66,88902443;28,84624191
319;EY;wall;25x795;18,78905181;8,10287694;-4,82647124;-28,84624191;66,88902443;0,0;-18,78905181;-8,10287694;4,82647124;-0,0;-0,0;0,0;-4,82647124;-8,10287694;18,78905181;0,0;-66,88902443;-28,84624191;4,82647124;8,10287694;-18,78905181;0,0;0,0;-0,0;4,82647124;8,10287694;18,78905181;0,0;66,88902443;28,84624191;4,82647124;8,10287694;18,78905181;0,0;0,0;0,0
320;EY;wall;25x585;475,1162161;-72,22528862;0,0;222,37574355;3033,93370507;-884,94230502;-475,1162161;72,22528862;0,0;34,74628394;-1342,51997574;884,94230502;0,0;72,22528862;475,1162161;-884,94230502;-3033,93370507;222,37574355;0,0;-72,22528862;-475,1162161;884,94230502;1342,51997574;34,74628394;0,0;72,22528862;475,1162161;884,94230502;3033,93370507;222,37574355;0,0;72,22528862;475,1162161;884,94230502;1342,51997574;34,74628394
321;EY;wall;25x585;1481,59212195;25,42121152;0,0;-34,74628394;1342,51997574;-1785,56994757;-1481,59212195;-25,42121152;0,0;-55,75322908;3931,94797839;1785,56994757;0,0;-25,42121152;1481,59212195;-1785,56994757;-1342,51997574;-34,74628394;0,0;25,42121152;-1481,59212195;1785,56994757;-3931,94797839;-55,75322908;0,0;25,42121152;1481,59212195;1785,56994757;1342,51997574;34,74628394;0,0;25,42121152;1481,59212195;1785,56994757;3931,94797839;55,75322908
322;EY;wall;25x585;-1136,46796748;-29,29345257;0,0;55,75322908;-3931,94797839;745,31310773;1136,46796748;29,29345257;0,0;48,53146206;-113,87798582;-745,31310773;0,0;29,29345257;-1136,46796748;745,31310773;3931,94797839;55,75322908;0,0;-29,29345257;1136,46796748;-745,31310773;113,87798582;48,53146206;0,0;29,29345257;1136,46796748;745,31310773;3931,94797839;55,75322908;0,0;29,29345257;1136,46796748;745,31310773;113,87798582;48,53146206
323;EY;wall;25x585;-38,10473211;4,19701527;0,0;-48,53146206;113,87798582;704,39804798;38,10473211;-4,19701527;0,0;33,59008771;-249,53083213;-704,39804798;0,0;-4,19701527;-38,10473211;704,39804798;-113,87798582;-48,53146206;0,0;4,19701527;38,10473211;-704,39804798;249,53083213;33,59008771;0,0;4,19701527;38,10473211;704,39804798;113,87798582;48,53146206;0,0;4,19701527;38,10473211;704,39804798;249,53083213;33,59008771
324;EY;wall;25x585;70,09293037;9,4354179;0,0;-33,59008771;249,53083213;25,43327242;-70,09293037;-9,4354179;0,0;-0,0;-0,0;-25,43327242;0,0;-9,4354179;70,09293037;25,43327242;-249,53083213;-33,59008771;0,0;9,4354179;-70,09293037;-25,43327242;0,0;-0,0;0,0;9,4354179;70,09293037;25,43327242;249,53083213;33,59008771;0,0;9,4354179;70,09293037;25,43327242;0,0;0,0
325;EY;wall;30x2695;56,9846905;-56,98280006;0,0;177,4046657;357,14889988;-103,82571094;-56,9846905;56,98280006;0,0;25,45410252;-154,28340171;103,82571094;0,0;56,98280006;56,9846905;-103,82571094;-357,14889988;177,4046657;0,0;-56,98280006;-56,9846905;103,82571094;154,28340171;25,45410252;0,0;56,98280006;56,9846905;103,82571094;357,14889988;177,4046657;0,0;56,98280006;56,9846905;103,82571094;154,28340171;25,45410252
326;EY;wall;30x2695;169,87015086;17,87958673;0,0;-25,45410252;154,28340171;-209,49170153;-169,87015086;-17,87958673;0,0;-38,19722623;450,45433537;209,49170153;0,0;-17,87958673;169,87015086;-209,49170153;-154,28340171;-25,45410252;0,0;17,87958673;-169,87015086;209,49170153;-450,45433537;-38,19722623;0,0;17,87958673;169,87015086;209,49170153;154,28340171;25,45410252;0,0;17,87958673;169,87015086;209,49170153;450,45433537;38,19722623
327;EY;wall;30x2695;-119,66442193;-17,63382254;0,0;38,19722623;-450,45433537;87,44373824;119,66442193;17,63382254;0,0;24,57918202;24,4489933;-87,44373824;0,0;17,63382254;-119,66442193;87,44373824;450,45433537;38,19722623;0,0;-17,63382254;119,66442193;-87,44373824;-24,4489933;24,57918202;0,0;17,63382254;119,66442193;87,44373824;450,45433537;38,19722623;0,0;17,63382254;119,66442193;87,44373824;24,4489933;24,57918202
328;EY;wall;30x2695;-54,51243852;-14,62277741;0,0;-24,57918202;-24,4489933;82,64338556;54,51243852;14,62277741;0,0;76,63626958;-169,61528782;-82,64338556;0,0;14,62277741;-54,51243852;82,64338556;24,4489933;-24,57918202;0,0;-14,62277741;54,51243852;-82,64338556;169,61528782;76,63626958;0,0;14,62277741;54,51243852;82,64338556;24,4489933;24,57918202;0,0;14,62277741;54,51243852;82,64338556;169,61528782;76,63626958
329;EY;wall;30x2695;47,64474377;21,52704202;0,0;-76,63626958;169,61528782;274,17067672;-47,64474377;-21,52704202;0,0;0,0;0,0;-274,17067672;0,0;-21,52704202;47,64474377;274,17067672;-169,61528782;-76,63626958;0,0;21,52704202;-47,64474377;-274,17067672;-0,0;0,0;0,0;21,52704202;47,64474377;274,17067672;169,61528782;76,63626958;0,0;21,52704202;47,64474377;274,17067672;0,0;0,0
330;EY;wall;25x282;60,30928054;-34,65841975;0,0;108,12230689;264,45853386;-99,1276211;-60,30928054;34,65841975;0,0;15,26166742;-49,75749513;99,1276211;0,0;34,65841975;60,30928054;-99,1276211;-264,45853386;108,12230689;0,0;-34,65841975;-60,30928054;99,1276211;49,75749513;15,26166742;0,0;34,65841975;60,30928054;99,1276211;264,45853386;108,12230689;0,0;34,65841975;60,30928054;99,1276211;49,75749513;15,26166742
331;EY;wall;25x282;75,32762729;10,85929713;0,0;-15,26166742;49,75749513;-200,01224961;-75,32762729;-10,85929713;0,0;-23,39743036;218,40885802;200,01224961;0,0;-10,85929713;75,32762729;-200,01224961;-49,75749513;-15,26166742;0,0;10,85929713;-75,32762729;200,01224961;-218,40885802;-23,39743036;0,0;10,85929713;75,32762729;200,01224961;49,75749513;15,26166742;0,0;10,85929713;75,32762729;200,01224961;218,40885802;23,39743036
332;EY;wall;25x282;-45,69441472;-12,33609277;0,0;23,39743036;-218,40885802;83,48692895;45,69441472;12,33609277;0,0;20,51905991;55,73674161;-83,48692895;0,0;12,33609277;-45,69441472;83,48692895;218,40885802;23,39743036;0,0;-12,33609277;45,69441472;-83,48692895;-55,73674161;20,51905991;0,0;12,33609277;45,69441472;83,48692895;218,40885802;23,39743036;0,0;12,33609277;45,69441472;83,48692895;55,73674161;20,51905991
333;EY;wall;25x282;-34,83261507;-0,99510598;0,0;-20,51905991;-55,73674161;78,90379113;34,83261507;0,99510598;0,0;24,0616372;-68,26736805;-78,90379113;0,0;0,99510598;-34,83261507;78,90379113;55,73674161;-20,51905991;0,0;-0,99510598;34,83261507;-78,90379113;68,26736805;24,0616372;0,0;0,99510598;34,83261507;78,90379113;55,73674161;20,51905991;0,0;0,99510598;34,83261507;78,90379113;68,26736805;24,0616372
334;EY;wall;25x282;19,17622698;6,75888685;0,0;-24,0616372;68,26736805;25,43327242;-19,17622698;-6,75888685;0,0;-0,0;-0,0;-25,43327242;0,0;-6,75888685;19,17622698;25,43327242;-68,26736805;-24,0616372;0,0;6,75888685;-19,17622698;-25,43327242;0,0;-0,0;0,0;6,75888685;19,17622698;25,43327242;68,26736805;24,0616372;0,0;6,75888685;19,17622698;25,43327242;0,0;0,0
335;EY;beam_x;60x80;-345,85833561;-8,74184237;-8,97439312;-0,0;0,0;0,0;345,85833561;8,74184237;8,97439312;0,0;46,66684421;-45,45758034;-345,85833561;-8,74184237;-8,97439312;-0,0;0,0;0,0;345,85833561;8,74184237;8,97439312;0,0;46,66684421;-45,45758034;345,85833561;8,74184237;8,97439312;0,0;0,0;0,0;345,85833561;8,74184237;8,97439312;0,0;46,66684421;45,45758034
336;EY;beam_x;60x80;-1272,69255648;-2,69680654;-8,98419944;-0,0;0,0;-0,0;1272,69255648;2,69680654;8,98419944;0,0;46,71783709;-14,02339402;-1272,69255648;-2,69680654;-8,98419944;-0,0;0,0;-0,0;1272,69255648;2,69680654;8,98419944;0,0;46,71783709;-14,02339402;1272,69255648;2,69680654;8,98419944;0,0;0,0;0,0;1272,69255648;2,69680654;8,98419944;0,0;46,71783709;14,02339402
337;EY;beam_x;60x80;-562,37304541;-5,64724052;-7,02059051;-0,0;0,0;0,0;562,37304541;5,64724052;7,02059051;0,0;36,50707063;-29,36565072;-562,37304541;-5,64724052;-7,02059051;-0,0;0,0;0,0;562,37304541;5,64724052;7,02059051;0,0;36,50707063;-29,36565072;562,37304541;5,64724052;7,02059051;0,0;0,0;0,0;562,37304541;5,64724052;7,02059051;0,0;36,50707063;29,36565072
338;EY;beam_x;60x80;-178,32636886;-3,5690279;-5,5663152;-0,0;-0,0;-0,0;178,32636886;3,5690279;5,5663152;0,0;28,94483904;-18,55894509;-178,32636886;-3,5690279;-5,5663152;-0,0;-0,0;-0,0;178,32636886;3,5690279;5,5663152;0,0;28,94483904;-18,55894509;178,32636886;3,5690279;5,5663152;0,0;0,0;0,0;178,32636886;3,5690279;5,5663152;0,0;28,94483904;18,55894509
339;EY;beam_x;60x80;-294,87252972;4,05143847;-3,46171242;-0,0;0,0;-0,0;294,87252972;-4,05143847;3,46171242;0,0;18,0009046;21,06748005;-294,87252972;4,05143847;-3,46171242;-0,0;0,0;-0,0;294,87252972;-4,05143847;3,46171242;0,0;18,0009046;21,06748005;294,87252972;4,05143847;3,46171242;0,0;0,0;0,0;294,87252972;4,05143847;3,46171242;0,0;18,0009046;21,06748005
340;EY;beam_x;60x80;140,19189704;-8,74184237;-3,66609128;-0,0;0,0;0,0;-140,19189704;8,74184237;3,66609128;0,0;19,06367468;-45,45758034;140,19189704;-8,74184237;-3,66609128;-0,0;0,0;0,0;-140,19189704;8,74184237;3,66609128;0,0;19,06367468;-45,45758034;140,19189704;8,74184237;3,66609128;0,0;0,0;0,0;140,19189704;8,74184237;3,66609128;0,0;19,06367468;45,45758034
341;EY;beam_x;60x80;194,07323636;-2,69680654;-3,39491752;-0,0;0,0;-0,0;-194,07323636;2,69680654;3,39491752;0,0;17,65357109;-14,02339402;194,07323636;-2,69680654;-3,39491752;-0,0;0,0;-0,0;-194,07323636;2,69680654;3,39491752;0,0;17,65357109;-14,02339402;194,07323636;2,69680654;3,39491752;0,0;0,0;0,0;194,07323636;2,69680654;3,39491752;0,0;17,65357109;14,02339402
342;EY;beam_x;60x80;495,03316846;-5,64724052;-2,9689529;-0,0;-0,0;0,0;-495,03316846;5,64724052;2,9689529;0,0;15,43855508;-29,36565072;495,03316846;-5,64724052;-2,9689529;-0,0;-0,0;0,0;-495,03316846;5,64724052;2,9689529;0,0;15,43855508;-29,36565072;495,03316846;5,64724052;2,9689529;0,0;0,0;0,0;495,03316846;5,64724052;2,9689529;0,0;15,43855508;29,36565072
343;EY;beam_x;60x80;492,19266247;-3,5690279;-1,92345154;-0,0;0,0;-0,0;-492,19266247;3,5690279;1,92345154;0,0;10,00194802;-18,55894509;492,19266247;-3,5690279;-1,92345154;-0,0;0,0;-0,0;-492,19266247;3,5690279;1,92345154;0,0;10,00194802;-18,55894509;492,19266247;3,5690279;1,92345154;0,0;0,0;0,0;492,19266247;3,5690279;1,92345154;0,0;10,00194802;18,55894509
344;EY;beam_x;60x80;313,66158153;4,05143847;-1,36475881;-0,0;0,0;-0,0;-313,66158153;-4,05143847;1,36475881;0,0;7,09674582;21,06748005;313,66158153;4,05143847;-1,36475881;-0,0;0,0;-0,0;-313,66158153;-4,05143847;1,36475881;0,0;7,09674582;21,06748005;313,66158153;4,05143847;1,36475881;0,0;0,0;0,0;313,66158153;4,05143847;1,36475881;0,0;7,09674582;21,06748005
345;EY;beam_x;60x80;0,0;-0,0;23,35083357;-118,05347965;-74,84110685;-0,0;0,0;0,0;-23,35083357;118,05347965;-41,91306098;-0,0;0,0;-0,0;23,35083357;-118,05347965;-74,84110685;-0,0;0,0;0,0;-23,35083357;118,05347965;-41,91306098;-0,0;0,0;0,0;23,35083357;118,05347965;74,84110685;0,0;0,0;0,0;23,35083357;118,05347965;41,91306098;0,0
346;EY;beam_x;60x80;0,0;0,0;21,9134143;-133,59046163;-62,32286691;0,0;0,0;-0,0;-21,9134143;133,59046163;-47,24420462;0,0;0,0;0,0;21,9134143;-133,59046163;-62,32286691;0,0;0,0;-0,0;-21,9134143;133,59046163;-47,24420462;0,0;0,0;0,0;21,9134143;133,59046163;62,32286691;0,0;0,0;0,0;21,9134143;133,59046163;47,24420462;0,0
347;EY;beam_x;60x80;0,0;0,0;15,37486898;-141,6582305;-30,29364643;0,0;0,0;-0,0;-15,37486898;141,6582305;-46,58069847;0,0;0,0;0,0;15,37486898;-141,6582305;-30,29364643;0,0;0,0;-0,0;-15,37486898;141,6582305;-46,58069847;0,0;0,0;0,0;15,37486898;141,6582305;30,29364643;0,0;0,0;0,0;15,37486898;141,6582305;46,58069847;0,0
348;EY;beam_x;60x80;0,0;-0,0;11,23037426;-82,65839567;-26,71072113;-0,0;0,0;0,0;-11,23037426;82,65839567;-29,44115019;-0,0;0,0;-0,0;11,23037426;-82,65839567;-26,71072113;-0,0;0,0;0,0;-11,23037426;82,65839567;-29,44115019;-0,0;0,0;0,0;11,23037426;82,65839567;26,71072113;0,0;0,0;0,0;11,23037426;82,65839567;29,44115019;0,0
349;EY;beam_x;60x80;0,0;-0,0;7,15042397;-50,5217846;-18,53290283;-0,0;0,0;0,0;-7,15042397;50,5217846;-17,21921704;-0,0;0,0;-0,0;7,15042397;-50,5217846;-18,53290283;-0,0;0,0;0,0;-7,15042397;50,5217846;-17,21921704;-0,0;0,0;0,0;7,15042397;50,5217846;18,53290283;0,0;0,0;0,0;7,15042397;50,5217846;17,21921704;0,0
350;EY;beam_y;60x80;0,0;0,0;114,83342494;-540,48114307;-7,53825615;0,0;0,0;0,0;-114,83342494;-481,53633886;7,53825615;0,0;0,0;0,0;114,83342494;7,53825615;-540,48114307;0,0;0,0;0,0;-114,83342494;-7,53825615;-481,53633886;0,0;0,0;0,0;114,83342494;7,53825615;540,48114307;0,0;0,0;0,0;114,83342494;7,53825615;481,53633886;0,0
351;EY;beam_y;60x80;0,0;0,0;163,50683095;-563,83082775;-5,50287949;0,0;0,0;0,0;-163,50683095;-621,59369665;5,50287949;0,0;0,0;0,0;163,50683095;5,50287949;-563,83082775;0,0;0,0;0,0;-163,50683095;-5,50287949;-621,59369665;0,0;0,0;0,0;163,50683095;5,50287949;563,83082775;0,0;0,0;0,0;163,50683095;5,50287949;621,59369665;0,0
352;EY;beam_y;60x80;-0,0;0,0;128,49782309;-599,70563082;-2,81270734;-0,0;0,0;0,0;-128,49782309;-543,92499471;2,81270734;-0,0;0,0;-0,0;128,49782309;2,81270734;-599,70563082;-0,0;0,0;0,0;-128,49782309;-2,81270734;-543,92499471;-0,0;0,0;0,0;128,49782309;2,81270734;599,70563082;0,0;0,0;0,0;128,49782309;2,81270734;543,92499471;0,0
353;EY;beam_y;60x80;0,0;0,0;182,22550746;-632,81589472;-0,5380845;0,0;0,0;0,0;-182,22550746;-688,31903439;0,5380845;0,0;0,0;0,0;182,22550746;0,5380845;-632,81589472;0,0;0,0;0,0;-182,22550746;-0,5380845;-688,31903439;0,0;0,0;0,0;182,22550746;0,5380845;632,81589472;0,0;0,0;0,0;182,22550746;0,5380845;688,31903439;0,0
354;EY;beam_y;60x80;-0,0;0,0;118,31831542;-553,81901596;3,24468304;-0,0;0,0;0,0;-118,31831542;-499,21399125;-3,24468304;-0,0;0,0;-0,0;118,31831542;-3,24468304;-553,81901596;-0,0;0,0;0,0;-118,31831542;3,24468304;-499,21399125;-0,0;0,0;0,0;118,31831542;3,24468304;553,81901596;0,0;0,0;0,0;118,31831542;3,24468304;499,21399125;0,0
355;EY;beam_y;60x80;0,0;0,0;165,36218589;-572,42578671;6,25470076;0,0;0,0;0,0;-165,36218589;-626,45006098;-6,25470076;0,0;0,0;0,0;165,36218589;-6,25470076;-572,42578671;0,0;0,0;0,0;-165,36218589;6,25470076;-626,45006098;0,0;0,0;0,0;165,36218589;6,25470076;572,42578671;0,0;0,0;0,0;165,36218589;6,25470076;626,45006098;0,0
356;EY;beam_y;60x80;-0,0;0,0;76,37346611;-354,77505392;1,48248405;-0,0;0,0;0,0;-76,37346611;-324,9487945;-1,48248405;-0,0;0,0;-0,0;76,37346611;-1,48248405;-354,77505392;-0,0;0,0;0,0;-76,37346611;1,48248405;-324,9487945;-0,0;0,0;0,0;76,37346611;1,48248405;354,77505392;0,0;0,0;0,0;76,37346611;1,48248405;324,9487945;0,0
357;EY;beam_y;60x80;0,0;0,0;104,50769336;-363,40842644;2,94997527;0,0;0,0;0,0;-104,50769336;-394,27235044;-2,94997527;0,0;0,0;0,0;104,50769336;-2,94997527;-363,40842644;0,0;0,0;0,0;-104,50769336;2,94997527;-394,27235044;0,0;0,0;0,0;104,50769336;2,94997527;363,40842644;0,0;0,0;0,0;104,50769336;2,94997527;394,27235044;0,0
358;EY;beam_y;60x80;-0,0;0,0;35,52986482;-169,01311722;0,11258922;-0,0;0,0;0,0;-35,52986482;-147,20267969;-0,11258922;-0,0;0,0;-0,0;35,52986482;-0,11258922;-169,01311722;-0,0;0,0;0,0;-35,52986482;0,11258922;-147,20267969;-0,0;0,0;0,0;35,52986482;0,11258922;169,01311722;0,0;0,0;0,0;35,52986482;0,11258922;147,20267969;0,0
359;EY;beam_y;60x80;0,0;0,0;44,53074801;-148,84981227;1,85320353;0,0;0,0;0,0;-44,53074801;-173,99811081;-1,85320353;0,0;0,0;0,0;44,53074801;-1,85320353;-148,84981227;0,0;0,0;0,0;-44,53074801;1,85320353;-173,99811081;0,0;0,0;0,0;44,53074801;1,85320353;148,84981227;0,0;0,0;0,0;44,53074801;1,85320353;173,99811081;0,0
360;EY;beam_x;60x80;0,0;-0,0;-27,54173137;-93,15759718;85,06453419;-0,0;0,0;0,0;27,54173137;93,15759718;52,64412266;-0,0;0,0;-0,0;-27,54173137;-93,15759718;85,06453419;-0,0;0,0;0,0;27,54173137;93,15759718;52,64412266;-0,0;0,0;0,0;27,54173137;93,15759718;85,06453419;0,0;0,0;0,0;27,54173137;93,15759718;52,64412266;0,0
361;EY;beam_x;60x80;0,0;-0,0;1,72422718;-112,27370003;0,47345708;-0,0;0,0;0,0;-1,72422718;112,27370003;-9,094593;-0,0;0,0;-0,0;1,72422718;-112,27370003;0,47345708;-0,0;0,0;0,0;-1,72422718;112,27370003;-9,094593;-0,0;0,0;0,0;1,72422718;112,27370003;0,47345708;0,0;0,0;0,0;1,72422718;112,27370003;9,094593;0,0
362;EY;beam_x;60x80;0,0;0,0;12,90198301;-104,33051769;21,11256324;-0,0;0,0;-0,0;-12,90198301;104,33051769;43,39735179;-0,0;0,0;-0,0;12,90198301;104,33051769;-21,11256324;-0,0;0,0;0,0;-12,90198301;-104,33051769;-43,39735179;-0,0;0,0;0,0;12,90198301;104,33051769;21,11256324;0,0;0,0;0,0;12,90198301;104,33051769;43,39735179;0,0
363;EY;beam_y;60x80;0,0;0,0;122,60950544;-571,94157296;-4,65084724;0,0;0,0;0,0;-122,60950544;-519,28302545;4,65084724;0,0;0,0;0,0;122,60950544;4,65084724;-571,94157296;0,0;0,0;0,0;-122,60950544;-4,65084724;-519,28302545;0,0;0,0;0,0;122,60950544;4,65084724;571,94157296;0,0;0,0;0,0;122,60950544;4,65084724;519,28302545;0,0
364;EY;beam_y;60x80;0,0;0,0;175,9716364;-611,37394676;-4,71790254;0,0;0,0;0,0;-175,9716364;-664,42041711;4,71790254;0,0;0,0;0,0;175,9716364;4,71790254;-611,37394676;0,0;0,0;0,0;-175,9716364;-4,71790254;-664,42041711;0,0;0,0;0,0;175,9716364;4,71790254;611,37394676;0,0;0,0;0,0;175,9716364;4,71790254;664,42041711;0,0
365;EY;beam_x;60x80;0,0;-0,0;-25,19312569;-103,97149628;67,46350415;-0,0;0,0;0,0;25,19312569;103,97149628;58,5021243;-0,0;0,0;-0,0;-25,19312569;-103,97149628;67,46350415;-0,0;0,0;0,0;25,19312569;103,97149628;58,5021243;-0,0;0,0;0,0;25,19312569;103,97149628;67,46350415;0,0;0,0;0,0;25,19312569;103,97149628;58,5021243;0,0
366;EY;beam_x;60x80;0,0;-0,0;2,72212661;-127,39374284;-4,9746369;-0,0;0,0;0,0;-2,72212661;127,39374284;-8,63599615;-0,0;0,0;-0,0;2,72212661;-127,39374284;-4,9746369;-0,0;0,0;0,0;-2,72212661;127,39374284;-8,63599615;-0,0;0,0;0,0;2,72212661;127,39374284;4,9746369;0,0;0,0;0,0;2,72212661;127,39374284;8,63599615;0,0
367;EY;beam_x;60x80;0,0;-0,0;17,27093787;-106,67392292;36,48106741;0,0;-0,0;0,0;-17,27093787;106,67392292;49,87362195;0,0;0,0;0,0;17,27093787;106,67392292;-36,48106741;0,0;0,0;-0,0;-17,27093787;-106,67392292;-49,87362195;0,0;0,0;0,0;17,27093787;106,67392292;36,48106741;0,0;0,0;0,0;17,27093787;106,67392292;49,87362195;0,0
368;EY;beam_y;60x80;-0,0;0,0;130,09036202;-602,64777776;-2,3902994;-0,0;0,0;0,0;-130,09036202;-555,15644423;2,3902994;-0,0;0,0;-0,0;130,09036202;2,3902994;-602,64777776;-0,0;0,0;0,0;-130,09036202;-2,3902994;-555,15644423;-0,0;0,0;0,0;130,09036202;2,3902994;602,64777776;0,0;0,0;0,0;130,09036202;2,3902994;555,15644423;0,0
369;EY;beam_y;60x80;0,0;0,0;185,18673648;-647,00976054;-3,32435658;0,0;0,0;0,0;-185,18673648;-695,59407896;3,32435658;0,0;0,0;0,0;185,18673648;3,32435658;-647,00976054;0,0;0,0;0,0;-185,18673648;-3,32435658;-695,59407896;0,0;0,0;0,0;185,18673648;3,32435658;647,00976054;0,0;0,0;0,0;185,18673648;3,32435658;695,59407896;0,0
370;EY;beam_x;60x80;0,0;-0,0;-15,1541216;-97,40755448;25,79292258;-0,0;0,0;0,0;15,1541216;97,40755448;49,97768545;-0,0;0,0;-0,0;-15,1541216;-97,40755448;25,79292258;-0,0;0,0;0,0;15,1541216;97,40755448;49,97768545;-0,0;0,0;0,0;15,1541216;97,40755448;25,79292258;0,0;0,0;0,0;15,1541216;97,40755448;49,97768545;0,0
371;EY;beam_x;60x80;0,0;-0,0;2,95746764;-116,17333296;-8,54976991;-0,0;0,0;0,0;-2,95746764;116,17333296;-6,23756829;-0,0;0,0;-0,0;2,95746764;-116,17333296;-8,54976991;-0,0;0,0;0,0;-2,95746764;116,17333296;-6,23756829;-0,0;0,0;0,0;2,95746764;116,17333296;8,54976991;0,0;0,0;0,0;2,95746764;116,17333296;6,23756829;0,0
372;EY;beam_x;60x80;0,0;-0,0;20,65687577;-87,95206736;57,39528158;0,0;-0,0;0,0;-20,65687577;87,95206736;45,88909728;0,0;0,0;0,0;20,65687577;87,95206736;-57,39528158;0,0;0,0;-0,0;-20,65687577;-87,95206736;-45,88909728;0,0;0,0;0,0;20,65687577;87,95206736;57,39528158;0,0;0,0;0,0;20,65687577;87,95206736;45,88909728;0,0
373;EY;beam_y;60x80;-0,0;0,0;111,06108027;-515,13408039;3,58805884;-0,0;0,0;0,0;-111,06108027;-473,30953399;-3,58805884;-0,0;0,0;-0,0;111,06108027;-3,58805884;-515,13408039;-0,0;0,0;0,0;-111,06108027;3,58805884;-473,30953399;-0,0;0,0;0,0;111,06108027;3,58805884;515,13408039;0,0;0,0;0,0;111,06108027;3,58805884;473,30953399;0,0
374;EY;beam_y;60x80;0,0;0,0;155,84159285;-542,90328162;3,06475746;0,0;0,0;0,0;-155,84159285;-586,94826656;-3,06475746;0,0;0,0;0,0;155,84159285;-3,06475746;-542,90328162;0,0;0,0;0,0;-155,84159285;3,06475746;-586,94826656;0,0;0,0;0,0;155,84159285;3,06475746;542,90328162;0,0;0,0;0,0;155,84159285;3,06475746;586,94826656;0,0
375;EY;beam_x;60x80;0,0;-0,0;-11,6151584;-60,23204123;26,16626386;-0,0;0,0;0,0;11,6151584;60,23204123;31,90952812;-0,0;0,0;-0,0;-11,6151584;-60,23204123;26,16626386;-0,0;0,0;0,0;11,6151584;60,23204123;31,90952812;-0,0;0,0;0,0;11,6151584;60,23204123;26,16626386;0,0;0,0;0,0;11,6151584;60,23204123;31,90952812;0,0
376;EY;beam_x;60x80;0,0;-0,0;0,49089175;-74,99364782;0,36613645;-0,0;0,0;0,0;-0,49089175;74,99364782;-2,82059519;-0,0;0,0;-0,0;0,49089175;-74,99364782;0,36613645;-0,0;0,0;0,0;-0,49089175;74,99364782;-2,82059519;-0,0;0,0;0,0;0,49089175;74,99364782;0,36613645;0,0;0,0;0,0;0,49089175;74,99364782;2,82059519;0,0
377;EY;beam_x;60x80;0,0;-0,0;13,40289699;-58,3707074;36,53025642;0,0;-0,0;0,0;-13,40289699;58,3707074;30,48422854;0,0;0,0;0,0;13,40289699;58,3707074;-36,53025642;0,0;0,0;-0,0;-13,40289699;-58,3707074;-30,48422854;0,0;0,0;0,0;13,40289699;58,3707074;36,53025642;0,0;0,0;0,0;13,40289699;58,3707074;30,48422854;0,0
378;EY;beam_y;60x80;-0,0;0,0;73,27786815;-338,12738767;1,02666562;-0,0;0,0;0,0;-73,27786815;-314,04563884;-1,02666562;-0,0;0,0;-0,0;73,27786815;-1,02666562;-338,12738767;-0,0;0,0;0,0;-73,27786815;1,02666562;-314,04563884;-0,0;0,0;0,0;73,27786815;1,02666562;338,12738767;0,0;0,0;0,0;73,27786815;1,02666562;314,04563884;0,0
379;EY;beam_y;60x80;0,0;0,0;99,82266837;-348,75675446;0,55933945;0,0;0,0;0,0;-99,82266837;-374,95759121;-0,55933945;0,0;0,0;0,0;99,82266837;-0,55933945;-348,75675446;0,0;0,0;0,0;-99,82266837;0,55933945;-374,95759121;0,0;0,0;0,0;99,82266837;0,55933945;348,75675446;0,0;0,0;0,0;99,82266837;0,55933945;374,95759121;0,0
380;EY;beam_x;60x80;0,0;0,0;-5,59215283;-26,71420954;14,03789441;0,0;0,0;-0,0;5,59215283;26,71420954;13,92286972;0,0;0,0;0,0;-5,59215283;-26,71420954;14,03789441;0,0;0,0;-0,0;5,59215283;26,71420954;13,92286972;0,0;0,0;0,0;5,59215283;26,71420954;14,03789441;0,0;0,0;0,0;5,59215283;26,71420954;13,92286972;0,0
381;EY;beam_x;60x80;0,0;0,0;-1,06724846;-30,84739168;4,8828072;0,0;0,0;-0,0;1,06724846;30,84739168;0,4534351;0,0;0,0;0,0;-1,06724846;-30,84739168;4,8828072;0,0;0,0;-0,0;1,06724846;30,84739168;0,4534351;0,0;0,0;0,0;1,06724846;30,84739168;4,8828072;0,0;0,0;0,0;1,06724846;30,84739168;0,4534351;0,0
382;EY;beam_x;60x80;0,0;-0,0;6,19221153;-28,83680332;15,51427227;0,0;-0,0;0,0;-6,19221153;28,83680332;15,4467854;0,0;0,0;0,0;6,19221153;28,83680332;-15,51427227;0,0;0,0;-0,0;-6,19221153;-28,83680332;-15,4467854;0,0;0,0;0,0;6,19221153;28,83680332;15,51427227;0,0;0,0;0,0;6,19221153;28,83680332;15,4467854;0,0
383;EY;beam_y;60x80;-0,0;0,0;34,67905209;-162,96591465;-0,28980964;-0,0;0,0;0,0;-34,67905209;-145,67764891;0,28980964;-0,0;0,0;-0,0;34,67905209;0,28980964;-162,96591465;-0,0;0,0;0,0;-34,67905209;-0,28980964;-145,67764891;-0,0;0,0;0,0;34,67905209;0,28980964;162,96591465;0,0;0,0;0,0;34,67905209;0,28980964;145,67764891;0,0
384;EY;beam_y;60x80;0,0;0,0;43,5593475;-146,47562101;-0,67632678;0,0;0,0;0,0;-43,5593475;-169,32964838;0,67632678;0,0;0,0;0,0;43,5593475;0,67632678;-146,47562101;0,0;0,0;0,0;-43,5593475;-0,67632678;-169,32964838;0,0;0,0;0,0;43,5593475;0,67632678;146,47562101;0,0;0,0;0,0;43,5593475;0,67632678;169,32964838;0,0
385;EY;beam_x;60x80;0,0;0,0;-49,95835239;-186,29627181;123,6370955;0,0;0,0;-0,0;49,95835239;186,29627181;63,70672598;0,0;0,0;0,0;-49,95835239;-186,29627181;123,6370955;0,0;0,0;-0,0;49,95835239;186,29627181;63,70672598;0,0;0,0;0,0;49,95835239;186,29627181;123,6370955;0,0;0,0;0,0;49,95835239;186,29627181;63,70672598;0,0
386;EY;beam_x;60x80;0,0;0,0;-33,38053001;-201,30799177;63,17484354;0,0;0,0;-0,0;33,38053001;201,30799177;62,00214398;0,0;0,0;0,0;-33,38053001;-201,30799177;63,17484354;0,0;0,0;-0,0;33,38053001;201,30799177;62,00214398;0,0;0,0;0,0;33,38053001;201,30799177;63,17484354;0,0;0,0;0,0;33,38053001;201,30799177;62,00214398;0,0
387;EY;beam_x;60x80;0,0;-0,0;-20,02667439;-169,09806233;16,2754873;-0,0;0,0;0,0;20,02667439;169,09806233;58,82454166;-0,0;0,0;-0,0;-20,02667439;-169,09806233;16,2754873;-0,0;0,0;0,0;20,02667439;169,09806233;58,82454166;-0,0;0,0;0,0;20,02667439;169,09806233;16,2754873;0,0;0,0;0,0;20,02667439;169,09806233;58,82454166;0,0
388;EY;beam_x;60x80;0,0;-0,0;-12,70787078;-108,84303179;9,90578926;-0,0;0,0;0,0;12,70787078;108,84303179;37,74872615;-0,0;0,0;-0,0;-12,70787078;-108,84303179;9,90578926;-0,0;0,0;0,0;12,70787078;108,84303179;37,74872615;-0,0;0,0;0,0;12,70787078;108,84303179;9,90578926;0,0;0,0;0,0;12,70787078;108,84303179;37,74872615;0,0
389;EY;beam_x;60x80;0,0;-0,0;-7,60236759;-48,84435104;7,01562006;-0,0;0,0;0,0;7,60236759;48,84435104;21,49325839;-0,0;0,0;-0,0;-7,60236759;-48,84435104;7,01562006;-0,0;0,0;0,0;7,60236759;48,84435104;21,49325839;-0,0;0,0;0,0;7,60236759;48,84435104;7,01562006;0,0;0,0;0,0;7,60236759;48,84435104;21,49325839;0,0
390;EY;beam_y;80x80;-388,24760281;25,28343576;-1980,56869263;-623,44528199;-71,11485957;129,47623784;388,24760281;-25,28343576;1980,56869263;-1238,28928909;71,11485957;235,4765088;25,28343576;388,24760281;-1980,56869263;-71,11485957;623,44528199;129,47623784;-25,28343576;-388,24760281;1980,56869263;71,11485957;1238,28928909;235,4765088;25,28343576;388,24760281;1980,56869263;71,11485957;623,44528199;129,47623784;25,28343576;388,24760281;1980,56869263;71,11485957;1238,28928909;235,4765088
391;EY;beam_y;80x80;-64,75793442;27,17736995;-2042,77031602;-448,42389957;-116,80102272;21,62774755;64,75793442;-27,17736995;2042,77031602;-1471,78019749;116,80102272;39,24471081;27,17736995;64,75793442;-2042,77031602;-116,80102272;448,42389957;21,62774755;-27,17736995;-64,75793442;2042,77031602;116,80102272;1471,78019749;39,24471081;27,17736995;64,75793442;2042,77031602;116,80102272;448,42389957;21,62774755;27,17736995;64,75793442;2042,77031602;116,80102272;1471,78019749;39,24471081
392;EY;beam_y;80x80;-92,94360368;22,17882907;-1271,84089905;-61,02534617;64,77788747;31,16961523;92,94360368;-22,17882907;1271,84089905;-1134,50509894;-64,77788747;56,19737223;22,17882907;92,94360368;-1271,84089905;64,77788747;61,02534617;31,16961523;-22,17882907;-92,94360368;1271,84089905;-64,77788747;1134,50509894;56,19737223;22,17882907;92,94360368;1271,84089905;64,77788747;61,02534617;31,16961523;22,17882907;92,94360368;1271,84089905;64,77788747;1134,50509894;56,19737223
393;EY;beam_y;80x80;-64,40472352;13,98936081;-317,08026768;365,07030321;43,51140029;21,60461662;64,40472352;-13,98936081;317,08026768;-663,12575483;-43,51140029;38,93582349;13,98936081;64,40472352;-317,08026768;43,51140029;-365,07030321;21,60461662;-13,98936081;-64,40472352;317,08026768;-43,51140029;663,12575483;38,93582349;13,98936081;64,40472352;317,08026768;43,51140029;365,07030321;21,60461662;13,98936081;64,40472352;317,08026768;43,51140029;663,12575483;38,93582349
394;EY;beam_y;80x80;-42,44823415;6,1663929;357,42282864;650,43510178;-4,15317491;14,22867464;42,44823415;-6,1663929;-357,42282864;-314,45764286;4,15317491;25,67266547;6,1663929;42,44823415;357,42282864;-4,15317491;-650,43510178;14,22867464;-6,1663929;-42,44823415;-357,42282864;4,15317491;314,45764286;25,67266547;6,1663929;42,44823415;357,42282864;4,15317491;650,43510178;14,22867464;6,1663929;42,44823415;357,42282864;4,15317491;314,45764286;25,67266547
395;EY;beam_x;60x80;0,0;0,0;41,89545516;-188,3705387;-102,45628392;0,0;0,0;-0,0;-41,89545516;188,3705387;-54,65167294;0,0;0,0;0,0;41,89545516;-188,3705387;-102,45628392;0,0;0,0;-0,0;-41,89545516;188,3705387;-54,65167294;0,0;0,0;0,0;41,89545516;188,3705387;102,45628392;0,0;0,0;0,0;41,89545516;188,3705387;54,65167294;0,0
396;EY;beam_x;60x80;0,0;0,0;29,96542784;-200,42086606;-57,62855214;0,0;0,0;-0,0;-29,96542784;200,42086606;-54,74180225;0,0;0,0;0,0;29,96542784;-200,42086606;-57,62855214;0,0;0,0;-0,0;-29,96542784;200,42086606;-54,74180225;0,0;0,0;0,0;29,96542784;200,42086606;57,62855214;0,0;0,0;0,0;29,96542784;200,42086606;54,74180225;0,0
397;EY;beam_x;60x80;0,0;-0,0;17,69981406;-171,4532236;-14,5281536;-0,0;0,0;0,0;-17,69981406;171,4532236;-51,84614911;-0,0;0,0;-0,0;17,69981406;-171,4532236;-14,5281536;-0,0;0,0;0,0;-17,69981406;171,4532236;-51,84614911;-0,0;0,0;0,0;17,69981406;171,4532236;14,5281536;0,0;0,0;0,0;17,69981406;171,4532236;51,84614911;0,0
398;EY;beam_x;60x80;0,0;-0,0;10,12429882;-111,93128482;-1,57270017;-0,0;0,0;0,0;-10,12429882;111,93128482;-36,3934204;-0,0;0,0;-0,0;10,12429882;-111,93128482;-1,57270017;-0,0;0,0;0,0;-10,12429882;111,93128482;-36,3934204;-0,0;0,0;0,0;10,12429882;111,93128482;1,57270017;0,0;0,0;0,0;10,12429882;111,93128482;36,3934204;0,0
399;EY;beam_x;60x80;0,0;-0,0;6,7287514;-52,04978555;-2,3966957;-0,0;0,0;0,0;-6,7287514;52,04978555;-22,83612206;-0,0;0,0;-0,0;6,7287514;-52,04978555;-2,3966957;-0,0;0,0;0,0;-6,7287514;52,04978555;-22,83612206;-0,0;0,0;0,0;6,7287514;52,04978555;2,3966957;0,0;0,0;0,0;6,7287514;52,04978555;22,83612206;0,0
400;EY;beam_x;60x80;0,0;0,0;-1,65623496;-112,45321747;7,30243556;0,0;0,0;-0,0;1,65623496;112,45321747;-1,09155447;0,0;0,0;0,0;-1,65623496;-112,45321747;7,30243556;0,0;0,0;-0,0;1,65623496;112,45321747;-1,09155447;0,0;0,0;0,0;1,65623496;112,45321747;7,30243556;0,0;0,0;0,0;1,65623496;112,45321747;1,09155447;0,0
401;EY;beam_x;60x80;0,0;0,0;-0,51122706;-129,96152335;2,00387829;0,0;0,0;-0,0;0,51122706;129,96152335;-0,08677681;0,0;0,0;0,0;-0,51122706;-129,96152335;2,00387829;0,0;0,0;-0,0;0,51122706;129,96152335;-0,08677681;0,0;0,0;0,0;0,51122706;129,96152335;2,00387829;0,0;0,0;0,0;0,51122706;129,96152335;0,08677681;0,0
402;EY;beam_x;60x80;0,0;-0,0;0,90955929;-113,00241447;-4,35739764;-0,0;0,0;0,0;-0,90955929;113,00241447;0,9465503;-0,0;0,0;-0,0;0,90955929;-113,00241447;-4,35739764;-0,0;0,0;0,0;-0,90955929;113,00241447;0,9465503;-0,0;0,0;0,0;0,90955929;113,00241447;4,35739764;0,0;0,0;0,0;0,90955929;113,00241447;0,9465503;0,0
403;EY;beam_x;60x80;0,0;-0,0;-1,9316073;-76,01787911;4,82922672;-0,0;0,0;0,0;1,9316073;76,01787911;2,41430064;-0,0;0,0;-0,0;-1,9316073;-76,01787911;4,82922672;-0,0;0,0;0,0;1,9316073;76,01787911;2,41430064;-0,0;0,0;0,0;1,9316073;76,01787911;4,82922672;0,0;0,0;0,0;1,9316073;76,01787911;2,41430064;0,0
404;EY;beam_x;60x80;0,0;-0,0;-2,95043167;-34,61445412;6,73860789;-0,0;0,0;0,0;2,95043167;34,61445412;4,32551088;-0,0;0,0;-0,0;-2,95043167;-34,61445412;6,73860789;-0,0;0,0;0,0;2,95043167;34,61445412;4,32551088;-0,0;0,0;0,0;2,95043167;34,61445412;6,73860789;0,0;0,0;0,0;2,95043167;34,61445412;4,32551088;0,0
405;EY;beam_y;60x80;0,0;0,0;-22,23427941;-118,24530994;-1,78833646;0,0;0,0;0,0;22,23427941;-42,95321579;1,78833646;0,0;0,0;0,0;-22,23427941;-1,78833646;118,24530994;0,0;0,0;0,0;22,23427941;1,78833646;42,95321579;0,0;0,0;0,0;22,23427941;1,78833646;118,24530994;0,0;0,0;0,0;22,23427941;1,78833646;42,95321579;0,0
406;EY;beam_y;60x80;0,0;0,0;-32,4680571;-88,50913;-2,86964073;0,0;0,0;0,0;32,4680571;-200,45657818;2,86964073;0,0;0,0;0,0;-32,4680571;-2,86964073;88,50913;0,0;0,0;0,0;32,4680571;2,86964073;200,45657818;0,0;0,0;0,0;32,4680571;2,86964073;88,50913;0,0;0,0;0,0;32,4680571;2,86964073;200,45657818;0,0
407;EY;beam_y;60x80;0,0;0,0;-42,70933809;-196,37924578;-2,69245013;0,0;0,0;0,0;42,70933809;-113,26345535;2,69245013;0,0;0,0;0,0;-42,70933809;-2,69245013;196,37924578;0,0;0,0;0,0;42,70933809;2,69245013;113,26345535;0,0;0,0;0,0;42,70933809;2,69245013;196,37924578;0,0;0,0;0,0;42,70933809;2,69245013;113,26345535;0,0
408;EY;beam_y;60x80;0,0;0,0;-36,60264486;-124,90416062;-2,85310818;0,0;0,0;0,0;36,60264486;-200,85937867;2,85310818;0,0;0,0;0,0;-36,60264486;-2,85310818;124,90416062;0,0;0,0;0,0;36,60264486;2,85310818;200,85937867;0,0;0,0;0,0;36,60264486;2,85310818;124,90416062;0,0;0,0;0,0;36,60264486;2,85310818;200,85937867;0,0
409;EY;beam_y;60x80;-0,0;0,0;-56,20605695;-175,36512223;6,26779756;0,0;0,0;0,0;56,20605695;-64,35371066;-6,26779756;0,0;0,0;0,0;-56,20605695;6,26779756;175,36512223;0,0;0,0;-0,0;56,20605695;-6,26779756;64,35371066;0,0;0,0;0,0;56,20605695;6,26779756;175,36512223;0,0;0,0;0,0;56,20605695;6,26779756;64,35371066;0,0
410;EY;beam_y;60x80;-0,0;0,0;-19,95308013;-131,01070186;-16,53589294;0,0;0,0;0,0;19,95308013;38,52817546;16,53589294;0,0;0,0;0,0;-19,95308013;-16,53589294;131,01070186;0,0;0,0;-0,0;19,95308013;16,53589294;-38,52817546;0,0;0,0;0,0;19,95308013;16,53589294;131,01070186;0,0;0,0;0,0;19,95308013;16,53589294;38,52817546;0,0
411;EY;beam_y;60x80;-0,0;0,0;-55,79641921;-193,79367356;-12,23324755;0,0;0,0;0,0;55,79641921;-44,17805439;12,23324755;0,0;0,0;0,0;-55,79641921;-12,23324755;193,79367356;0,0;0,0;-0,0;55,79641921;12,23324755;44,17805439;0,0;0,0;0,0;55,79641921;12,23324755;193,79367356;0,0;0,0;0,0;55,79641921;12,23324755;44,17805439;0,0
412;EY;beam_y;60x80;-0,0;0,0;-134,47966132;-537,52800521;49,12302842;0,0;0,0;0,0;134,47966132;-85,78522501;-49,12302842;0,0;0,0;0,0;-134,47966132;49,12302842;537,52800521;0,0;0,0;-0,0;134,47966132;-49,12302842;85,78522501;0,0;0,0;0,0;134,47966132;49,12302842;537,52800521;0,0;0,0;0,0;134,47966132;49,12302842;85,78522501;0,0
413;EY;beam_y;60x80;0,0;0,0;-25,18285154;-131,94532193;-2,73443506;0,0;0,0;0,0;25,18285154;-50,63035175;2,73443506;0,0;0,0;0,0;-25,18285154;-2,73443506;131,94532193;0,0;0,0;0,0;25,18285154;2,73443506;50,63035175;0,0;0,0;0,0;25,18285154;2,73443506;131,94532193;0,0;0,0;0,0;25,18285154;2,73443506;50,63035175;0,0
414;EY;beam_y;60x80;0,0;0,0;-36,40856144;-100,77709038;-1,88690087;-0,0;-0,0;0,0;36,40856144;-223,25910646;1,88690087;-0,0;0,0;-0,0;-36,40856144;-1,88690087;100,77709038;-0,0;0,0;0,0;36,40856144;1,88690087;223,25910646;-0,0;0,0;0,0;36,40856144;1,88690087;100,77709038;0,0;0,0;0,0;36,40856144;1,88690087;223,25910646;0,0
415;EY;beam_y;60x80;0,0;0,0;-45,64373912;-208,74211787;-1,36261254;0,0;0,0;0,0;45,64373912;-122,17499073;1,36261254;0,0;0,0;0,0;-45,64373912;-1,36261254;208,74211787;0,0;0,0;0,0;45,64373912;1,36261254;122,17499073;0,0;0,0;0,0;45,64373912;1,36261254;208,74211787;0,0;0,0;0,0;45,64373912;1,36261254;122,17499073;0,0
416;EY;beam_y;60x80;0,0;0,0;-39,73403587;-138,62841147;-1,21729635;-0,0;-0,0;0,0;39,73403587;-215,00450779;1,21729635;-0,0;0,0;-0,0;-39,73403587;-1,21729635;138,62841147;-0,0;0,0;0,0;39,73403587;1,21729635;215,00450779;-0,0;0,0;0,0;39,73403587;1,21729635;138,62841147;0,0;0,0;0,0;39,73403587;1,21729635;215,00450779;0,0
417;EY;beam_y;60x80;0,0;0,0;-57,81968355;-182,36449622;20,63420868;0,0;0,0;0,0;57,81968355;-64,2364541;-20,63420868;0,0;0,0;0,0;-57,81968355;20,63420868;182,36449622;0,0;0,0;0,0;57,81968355;-20,63420868;64,2364541;0,0;0,0;0,0;57,81968355;20,63420868;182,36449622;0,0;0,0;0,0;57,81968355;20,63420868;64,2364541;0,0
418;EY;beam_y;60x80;-0,0;0,0;-21,68985844;-140,59762298;-7,98096766;0,0;0,0;0,0;21,68985844;40,06512909;7,98096766;0,0;0,0;0,0;-21,68985844;-7,98096766;140,59762298;0,0;0,0;-0,0;21,68985844;7,98096766;-40,06512909;0,0;0,0;0,0;21,68985844;7,98096766;140,59762298;0,0;0,0;0,0;21,68985844;7,98096766;40,06512909;0,0
419;EY;beam_y;60x80;0,0;0,0;-64,78203982;-219,60355047;-11,60676594;0,0;0,0;0,0;64,78203982;-56,69184935;11,60676594;0,0;0,0;0,0;-64,78203982;-11,60676594;219,60355047;0,0;0,0;0,0;64,78203982;11,60676594;56,69184935;0,0;0,0;0,0;64,78203982;11,60676594;219,60355047;0,0;0,0;0,0;64,78203982;11,60676594;56,69184935;0,0
420;EY;beam_y;60x80;-0,0;0,0;-142,16131797;-568,03818827;51,68566131;0,0;0,0;0,0;142,16131797;-90,87952053;-51,68566131;0,0;0,0;0,0;-142,16131797;51,68566131;568,03818827;0,0;0,0;-0,0;142,16131797;-51,68566131;90,87952053;0,0;0,0;0,0;142,16131797;51,68566131;568,03818827;0,0;0,0;0,0;142,16131797;51,68566131;90,87952053;0,0
421;EY;beam_y;60x80;0,0;0,0;-23,33264522;-123,18064514;-3,22657843;0,0;0,0;0,0;23,33264522;-45,98103268;3,22657843;0,0;0,0;0,0;-23,33264522;-3,22657843;123,18064514;0,0;0,0;0,0;23,33264522;3,22657843;45,98103268;0,0;0,0;0,0;23,33264522;3,22657843;123,18064514;0,0;0,0;0,0;23,33264522;3,22657843;45,98103268;0,0
422;EY;beam_y;60x80;0,0;0,0;-35,17301363;-94,67381746;0,235662;-0,0;-0,0;0,0;35,17301363;-218,36600382;-0,235662;-0,0;0,0;-0,0;-35,17301363;0,235662;94,67381746;-0,0;0,0;0,0;35,17301363;-0,235662;218,36600382;-0,0;0,0;0,0;35,17301363;0,235662;94,67381746;0,0;0,0;0,0;35,17301363;0,235662;218,36600382;0,0
423;EY;beam_y;60x80;0,0;0,0;-39,64829931;-183,18137231;1,58925224;0,0;0,0;0,0;39,64829931;-104,26879767;-1,58925224;0,0;0,0;0,0;-39,64829931;1,58925224;183,18137231;0,0;0,0;0,0;39,64829931;-1,58925224;104,26879767;0,0;0,0;0,0;39,64829931;1,58925224;183,18137231;0,0;0,0;0,0;39,64829931;1,58925224;104,26879767;0,0
424;EY;beam_y;60x80;0,0;0,0;-35,48445098;-123,96851577;1,63112577;-0,0;-0,0;0,0;35,48445098;-191,84309794;-1,63112577;-0,0;0,0;-0,0;-35,48445098;1,63112577;123,96851577;-0,0;0,0;0,0;35,48445098;-1,63112577;191,84309794;-0,0;0,0;0,0;35,48445098;1,63112577;123,96851577;0,0;0,0;0,0;35,48445098;1,63112577;191,84309794;0,0
425;EY;beam_y;60x80;0,0;0,0;-46,2116098;-150,35555665;20,32596501;0,0;0,0;0,0;46,2116098;-46,73695915;-20,32596501;0,0;0,0;0,0;-46,2116098;20,32596501;150,35555665;0,0;0,0;0,0;46,2116098;-20,32596501;46,73695915;0,0;0,0;0,0;46,2116098;20,32596501;150,35555665;0,0;0,0;0,0;46,2116098;20,32596501;46,73695915;0,0
426;EY;beam_y;60x80;0,0;0,0;-19,01678783;-119,48249411;-0,96662527;0,0;0,0;0,0;19,01678783;31,33968254;0,96662527;0,0;0,0;0,0;-19,01678783;-0,96662527;119,48249411;0,0;0,0;0,0;19,01678783;0,96662527;-31,33968254;0,0;0,0;0,0;19,01678783;0,96662527;119,48249411;0,0;0,0;0,0;19,01678783;0,96662527;31,33968254;0,0
427;EY;beam_y;60x80;0,0;0,0;-53,37827709;-186,0597739;-5,04295499;0,0;0,0;0,0;53,37827709;-41,59857787;5,04295499;0,0;0,0;0,0;-53,37827709;-5,04295499;186,0597739;0,0;0,0;0,0;53,37827709;5,04295499;41,59857787;0,0;0,0;0,0;53,37827709;5,04295499;186,0597739;0,0;0,0;0,0;53,37827709;5,04295499;41,59857787;0,0
428;EY;beam_y;60x80;0,0;0,0;-118,59444339;-470,87599495;44,84717791;0,0;0,0;0,0;118,59444339;-78,80925015;-44,84717791;0,0;0,0;0,0;-118,59444339;44,84717791;470,87599495;0,0;0,0;0,0;118,59444339;-44,84717791;78,80925015;0,0;0,0;0,0;118,59444339;44,84717791;470,87599495;0,0;0,0;0,0;118,59444339;44,84717791;78,80925015;0,0
429;EY;beam_y;60x80;0,0;0,0;-14,68263008;-77,72497137;-4,60754245;0,0;0,0;0,0;14,68263008;-28,7240967;4,60754245;0,0;0,0;0,0;-14,68263008;-4,60754245;77,72497137;0,0;0,0;0,0;14,68263008;4,60754245;28,7240967;0,0;0,0;0,0;14,68263008;4,60754245;77,72497137;0,0;0,0;0,0;14,68263008;4,60754245;28,7240967;0,0
430;EY;beam_y;60x80;0,0;0,0;-22,1946296;-62,67613548;-1,40264229;-0,0;-0,0;0,0;22,1946296;-134,85606801;1,40264229;-0,0;0,0;-0,0;-22,1946296;-1,40264229;62,67613548;-0,0;0,0;0,0;22,1946296;1,40264229;134,85606801;-0,0;0,0;0,0;22,1946296;1,40264229;62,67613548;0,0;0,0;0,0;22,1946296;1,40264229;134,85606801;0,0
431;EY;beam_y;60x80;0,0;0,0;-24,84486063;-115,28344556;0,25250602;0,0;0,0;0,0;24,84486063;-64,84179399;-0,25250602;0,0;0,0;0,0;-24,84486063;0,25250602;115,28344556;0,0;0,0;0,0;24,84486063;-0,25250602;64,84179399;0,0;0,0;0,0;24,84486063;0,25250602;115,28344556;0,0;0,0;0,0;24,84486063;0,25250602;64,84179399;0,0
432;EY;beam_y;60x80;0,0;0,0;-23,2813523;-83,48083253;0,61123824;-0,0;-0,0;0,0;23,2813523;-123,72320291;-0,61123824;-0,0;0,0;-0,0;-23,2813523;0,61123824;83,48083253;-0,0;0,0;0,0;23,2813523;-0,61123824;123,72320291;-0,0;0,0;0,0;23,2813523;0,61123824;83,48083253;0,0;0,0;0,0;23,2813523;0,61123824;123,72320291;0,0
433;EY;beam_y;60x80;0,0;0,0;-30,02618816;-98,75921489;16,1375308;0,0;0,0;0,0;30,02618816;-29,3024776;-16,1375308;0,0;0,0;0,0;-30,02618816;16,1375308;98,75921489;0,0;0,0;0,0;30,02618816;-16,1375308;29,3024776;0,0;0,0;0,0;30,02618816;16,1375308;98,75921489;0,0;0,0;0,0;30,02618816;16,1375308;29,3024776;0,0
434;EY;beam_y;60x80;0,0;0,0;-13,10962175;-82,90271044;2,32390781;0,0;0,0;0,0;13,10962175;22,13961365;-2,32390781;0,0;0,0;0,0;-13,10962175;2,32390781;82,90271044;0,0;0,0;0,0;13,10962175;-2,32390781;-22,13961365;0,0;0,0;0,0;13,10962175;2,32390781;82,90271044;0,0;0,0;0,0;13,10962175;2,32390781;22,13961365;0,0
435;EY;beam_y;60x80;0,0;0,0;-36,76798226;-132,61679981;-2,60293743;0,0;0,0;0,0;36,76798226;-24,19864451;2,60293743;0,0;0,0;0,0;-36,76798226;-2,60293743;132,61679981;0,0;0,0;0,0;36,76798226;2,60293743;24,19864451;0,0;0,0;0,0;36,76798226;2,60293743;132,61679981;0,0;0,0;0,0;36,76798226;2,60293743;24,19864451;0,0
436;EY;beam_y;60x80;0,0;0,0;-83,93796928;-330,4866233;36,59128582;0,0;0,0;0,0;83,93796928;-58,56586432;-36,59128582;0,0;0,0;0,0;-83,93796928;36,59128582;330,4866233;0,0;0,0;0,0;83,93796928;-36,59128582;58,56586432;0,0;0,0;0,0;83,93796928;36,59128582;330,4866233;0,0;0,0;0,0;83,93796928;36,59128582;58,56586432;0,0
437;EY;beam_y;60x80;0,0;0,0;-6,30868606;-37,42918807;-5,57181529;0,0;0,0;0,0;6,30868606;-8,30878584;5,57181529;0,0;0,0;0,0;-6,30868606;-5,57181529;37,42918807;0,0;0,0;0,0;6,30868606;5,57181529;8,30878584;0,0;0,0;0,0;6,30868606;5,57181529;37,42918807;0,0;0,0;0,0;6,30868606;5,57181529;8,30878584;0,0
438;EY;beam_y;60x80;0,0;0,0;-11,82768763;-32,1153684;-2,15590191;-0,0;-0,0;0,0;11,82768763;-73,15105153;2,15590191;-0,0;0,0;-0,0;-11,82768763;-2,15590191;32,1153684;-0,0;0,0;0,0;11,82768763;2,15590191;73,15105153;-0,0;0,0;0,0;11,82768763;2,15590191;32,1153684;0,0;0,0;0,0;11,82768763;2,15590191;73,15105153;0,0
439;EY;beam_y;60x80;0,0;0,0;-10,27189797;-52,5506164;-0,30598929;0,0;0,0;0,0;10,27189797;-21,92064392;0,30598929;0,0;0,0;0,0;-10,27189797;-0,30598929;52,5506164;0,0;0,0;0,0;10,27189797;0,30598929;21,92064392;0,0;0,0;0,0;10,27189797;0,30598929;52,5506164;0,0;0,0;0,0;10,27189797;0,30598929;21,92064392;0,0
440;EY;beam_y;60x80;0,0;0,0;-11,41949082;-40,62621723;-0,01062115;-0,0;-0,0;0,0;11,41949082;-61,00725106;0,01062115;-0,0;0,0;-0,0;-11,41949082;-0,01062115;40,62621723;-0,0;0,0;0,0;11,41949082;0,01062115;61,00725106;-0,0;0,0;0,0;11,41949082;0,01062115;40,62621723;0,0;0,0;0,0;11,41949082;0,01062115;61,00725106;0,0
441;EY;beam_y;60x80;0,0;0,0;-12,80214315;-48,57137321;7,62807876;0,0;0,0;0,0;12,80214315;-6,02976731;-7,62807876;0,0;0,0;0,0;-12,80214315;7,62807876;48,57137321;0,0;0,0;0,0;12,80214315;-7,62807876;6,02976731;0,0;0,0;0,0;12,80214315;7,62807876;48,57137321;0,0;0,0;0,0;12,80214315;7,62807876;6,02976731;0,0
442;EY;beam_y;60x80;0,0;0,0;-7,05158646;-40,63059107;4,92620197;0,0;0,0;0,0;7,05158646;7,94648784;-4,92620197;0,0;0,0;0,0;-7,05158646;4,92620197;40,63059107;0,0;0,0;0,0;7,05158646;-4,92620197;-7,94648784;0,0;0,0;0,0;7,05158646;4,92620197;40,63059107;0,0;0,0;0,0;7,05158646;4,92620197;7,94648784;0,0
443;EY;beam_y;60x80;0,0;0,0;-13,48212201;-67,82269261;-0,66015593;0,0;0,0;0,0;13,48212201;10,32144221;0,66015593;0,0;0,0;0,0;-13,48212201;-0,66015593;67,82269261;0,0;0,0;0,0;13,48212201;0,66015593;-10,32144221;0,0;0,0;0,0;13,48212201;0,66015593;67,82269261;0,0;0,0;0,0;13,48212201;0,66015593;10,32144221;0,0
444;EY;beam_y;60x80;0,0;0,0;-46,14840289;-168,83362097;29,5951036;0,0;0,0;0,0;46,14840289;-45,0642264;-29,5951036;0,0;0,0;0,0;-46,14840289;29,5951036;168,83362097;0,0;0,0;0,0;46,14840289;-29,5951036;45,0642264;0,0;0,0;0,0;46,14840289;29,5951036;168,83362097;0,0;0,0;0,0;46,14840289;29,5951036;45,0642264;0,0
445;EY;wall;30x725;-78,161468;-396,20139692;-99,48469918;731,89792776;-286,14628972;-108,22753401;78,161468;396,20139692;99,48469918;678,57904529;7,89146364;108,22753401;-99,48469918;396,20139692;-78,161468;-108,22753401;286,14628972;731,89792776;99,48469918;-396,20139692;78,161468;108,22753401;-7,89146364;678,57904529;99,48469918;396,20139692;78,161468;108,22753401;286,14628972;731,89792776;99,48469918;396,20139692;78,161468;108,22753401;7,89146364;678,57904529
446;EY;wall;30x1000;-29,3214441;-2,79063437;-5,65226888;932,66531142;-224,81949832;-306,4054638;29,3214441;2,79063437;5,65226888;-922,73065305;63,91246851;334,31180753;25,72755239;2,79063437;-15,15876893;-981,41030333;224,81949832;24,13934333;-25,72755239;-2,79063437;15,15876893;981,41030333;-63,91246851;5,48263258;25,72755239;2,79063437;15,15876893;981,41030333;224,81949832;24,13934333;25,72755239;2,79063437;15,15876893;981,41030333;63,91246851;5,48263258
447;EY;wall;30x725;-89,35530131;-372,66886392;64,39705392;735,00437018;-579,43164402;-36,05973744;89,35530131;372,66886392;-64,39705392;591,69678536;261,32677134;36,05973744;64,39705392;372,66886392;-89,35530131;-36,05973744;579,43164402;735,00437018;-64,39705392;-372,66886392;89,35530131;36,05973744;-261,32677134;591,69678536;64,39705392;372,66886392;89,35530131;36,05973744;579,43164402;735,00437018;64,39705392;372,66886392;89,35530131;36,05973744;261,32677134;591,69678536
448;EY;wall;30x725;-69,86290865;-492,00967788;33,91769438;824,43945954;-246,76945684;4,5103781;69,86290865;492,00967788;-33,91769438;927,11499372;-1,94249794;-4,5103781;33,91769438;492,00967788;-69,86290865;4,5103781;246,76945684;824,43945954;-33,91769438;-492,00967788;69,86290865;-4,5103781;1,94249794;927,11499372;33,91769438;492,00967788;69,86290865;4,5103781;246,76945684;824,43945954;33,91769438;492,00967788;69,86290865;4,5103781;1,94249794;927,11499372
449;EY;wall;30x890;53,357088;-450,97488318;68,63185581;852,46337332;190,00252299;-101,07020604;-53,357088;450,97488318;-68,63185581;753,00721078;-0,05128969;101,07020604;68,63185581;450,97488318;53,357088;-101,07020604;-190,00252299;852,46337332;-68,63185581;-450,97488318;-53,357088;101,07020604;0,05128969;753,00721078;68,63185581;450,97488318;53,357088;101,07020604;190,00252299;852,46337332;68,63185581;450,97488318;53,357088;101,07020604;0,05128969;753,00721078
450;EY;wall;30x615;30,81340687;-392,64559674;-288,25051004;709,70397478;83,7277813;12,78061042;-30,81340687;392,64559674;288,25051004;688,11434961;25,96794716;-12,78061042;-288,25051004;392,64559674;30,81340687;12,78061042;-83,7277813;709,70397478;288,25051004;-392,64559674;-30,81340687;-12,78061042;-25,96794716;688,11434961;288,25051004;392,64559674;30,81340687;12,78061042;83,7277813;709,70397478;288,25051004;392,64559674;30,81340687;12,78061042;25,96794716;688,11434961
451;EY;wall;30x1000;59,53736758;-2,1973784;-8,95785048;928,14110053;180,57858189;-307,22599101;-59,53736758;2,1973784;8,95785048;-920,31843343;-58,20405807;329,19977501;-59,0934053;2,1973784;11,52868916;-977,42331316;-180,57858189;21,84900308;59,0934053;-2,1973784;-11,52868916;977,42331316;58,20405807;1,47568993;59,0934053;2,1973784;11,52868916;977,42331316;180,57858189;21,84900308;59,0934053;2,1973784;11,52868916;977,42331316;58,20405807;1,47568993
452;EY;wall;30x725;-54,55599444;-428,34926086;90,76905037;743,0837407;-202,04351349;-67,22048797;54,55599444;428,34926086;-90,76905037;781,83962798;7,8241733;67,22048797;90,76905037;428,34926086;-54,55599444;-67,22048797;202,04351349;743,0837407;-90,76905037;-428,34926086;54,55599444;67,22048797;-7,8241733;781,83962798;90,76905037;428,34926086;54,55599444;67,22048797;202,04351349;743,0837407;90,76905037;428,34926086;54,55599444;67,22048797;7,8241733;781,83962798
453;EY;wall;30x890;16,49634802;-488,32212336;-74,75001659;865,64343197;64,82864458;-62,04086922;-16,49634802;488,32212336;74,75001659;872,78332721;-6,10164564;62,04086922;-74,75001659;488,32212336;16,49634802;-62,04086922;-64,82864458;865,64343197;74,75001659;-488,32212336;-16,49634802;62,04086922;6,10164564;872,78332721;74,75001659;488,32212336;16,49634802;62,04086922;64,82864458;865,64343197;74,75001659;488,32212336;16,49634802;62,04086922;6,10164564;872,78332721
454;EY;wall;25x158;16,447738;-19,50430518;0,0;59,14355983;-24,44371488;-17,43486624;-16,447738;19,50430518;0,0;10,2917666;82,99766216;17,43486624;0,0;19,50430518;16,447738;-17,43486624;24,44371488;59,14355983;0,0;-19,50430518;-16,447738;17,43486624;-82,99766216;10,2917666;0,0;19,50430518;16,447738;17,43486624;24,44371488;59,14355983;0,0;19,50430518;16,447738;17,43486624;82,99766216;10,2917666
455;EY;wall;25x365;-153,33482348;-45,9209859;-0,0;163,47870979;-545,8719716;3,53363608;153,33482348;45,9209859;0,0;-0,0;0,0;164,07796244;109,7689633;45,9209859;-107,06233133;-114,56346822;545,8719716;116,67470543;-109,7689633;-45,9209859;107,06233133;114,56346822;0,0;117,45973568;109,7689633;45,9209859;107,06233133;114,56346822;545,8719716;116,67470543;109,7689633;45,9209859;107,06233133;114,56346822;0,0;117,45973568
456;EY;wall;25x158;16,447738;-19,56526725;0,0;58,4142049;-24,44371488;-17,43486624;-16,447738;19,56526725;0,0;11,23814652;82,99766216;17,43486624;0,0;19,56526725;16,447738;-17,43486624;24,44371488;58,4142049;0,0;-19,56526725;-16,447738;17,43486624;-82,99766216;11,23814652;0,0;19,56526725;16,447738;17,43486624;24,44371488;58,4142049;0,0;19,56526725;16,447738;17,43486624;82,99766216;11,23814652
457;EY;wall;25x365;-369,52344629;-60,71878694;-0,0;216,1588815;-1315,50346878;3,78027569;369,52344629;60,71878694;0,0;0,0;0,0;217,84329663;264,53355273;60,71878694;-258,01080759;-152,10381224;1315,50346878;153,63392476;-264,53355273;-60,71878694;258,01080759;152,10381224;-0,0;155,94913333;264,53355273;60,71878694;258,01080759;152,10381224;1315,50346878;153,63392476;264,53355273;60,71878694;258,01080759;152,10381224;0,0;155,94913333
458;EY;wall;25x158;-68,74483834;7,61413531;0,0;-10,2917666;-82,99766216;-35,17876027;68,74483834;-7,61413531;0,0;-16,81455511;-161,73396233;35,17876027;0,0;-7,61413531;-68,74483834;-35,17876027;82,99766216;-10,2917666;0,0;7,61413531;68,74483834;35,17876027;161,73396233;-16,81455511;0,0;7,61413531;68,74483834;35,17876027;82,99766216;10,2917666;0,0;7,61413531;68,74483834;35,17876027;161,73396233;16,81455511
459;EY;wall;25x158;-68,74483834;8,46063397;0,0;-11,23814652;-82,99766216;-35,17876027;68,74483834;-8,46063397;0,0;-18,88171043;-161,73396233;35,17876027;0,0;-8,46063397;-68,74483834;-35,17876027;82,99766216;-11,23814652;0,0;8,46063397;68,74483834;35,17876027;161,73396233;-18,88171043;0,0;8,46063397;68,74483834;35,17876027;82,99766216;11,23814652;0,0;8,46063397;68,74483834;35,17876027;161,73396233;18,88171043
460;EY;wall;25x365;204,60741337;-80,08003938;0,0;285,08494021;728,40239161;9,47922289;-204,60741337;80,08003938;-0,0;-0,0;-0,0;282,81292087;-146,47386118;80,08003938;142,86217693;-197,46728075;-728,40239161;205,83962649;146,47386118;-80,08003938;-142,86217693;197,46728075;0,0;202,4594311;146,47386118;80,08003938;142,86217693;197,46728075;728,40239161;205,83962649;146,47386118;80,08003938;142,86217693;197,46728075;0,0;202,4594311
461;EY;wall;25x158;59,58307713;-7,92168512;0,0;16,81455511;161,73396233;14,68393393;-59,58307713;7,92168512;0,0;11,38664391;50,38179225;-14,68393393;0,0;7,92168512;59,58307713;14,68393393;-161,73396233;16,81455511;0,0;-7,92168512;-59,58307713;-14,68393393;-50,38179225;11,38664391;0,0;7,92168512;59,58307713;14,68393393;161,73396233;16,81455511;0,0;7,92168512;59,58307713;14,68393393;50,38179225;11,38664391
462;EY;wall;25x158;59,58307713;-8,62701688;0,0;18,88171043;161,73396233;14,68393393;-59,58307713;8,62701688;0,0;11,83046966;50,38179225;-14,68393393;0,0;8,62701688;59,58307713;14,68393393;-161,73396233;18,88171043;0,0;-8,62701688;-59,58307713;-14,68393393;-50,38179225;11,83046966;0,0;8,62701688;59,58307713;14,68393393;161,73396233;18,88171043;0,0;8,62701688;59,58307713;14,68393393;50,38179225;11,83046966
463;EY;wall;25x365;127,58970904;-60,2801978;-0,0;214,59750415;454,21936417;7,34327298;-127,58970904;60,2801978;0,0;0,0;-0,0;212,67944898;-91,33861291;60,2801978;89,08642794;-148,49828053;-454,21936417;155,09440069;91,33861291;-60,2801978;-89,08642794;148,49828053;0,0;152,25245054;91,33861291;60,2801978;89,08642794;148,49828053;454,21936417;155,09440069;91,33861291;60,2801978;89,08642794;148,49828053;0,0;152,25245054
464;EY;wall;25x158;-3,86283025;-1,81255557;0,0;-11,38664391;-50,38179225;13,87783777;3,86283025;1,81255557;0,0;17,83934173;36,63011657;-13,87783777;0,0;1,81255557;-3,86283025;13,87783777;50,38179225;-11,38664391;0,0;-1,81255557;3,86283025;-13,87783777;-36,63011657;17,83934173;0,0;1,81255557;3,86283025;13,87783777;50,38179225;11,38664391;0,0;1,81255557;3,86283025;13,87783777;36,63011657;17,83934173
465;EY;wall;25x158;-3,86283025;-1,80110198;0,0;-11,83046966;-50,38179225;13,87783777;3,86283025;1,80110198;0,0;18,24239272;36,63011657;-13,87783777;0,0;1,80110198;-3,86283025;13,87783777;50,38179225;-11,83046966;0,0;-1,80110198;3,86283025;-13,87783777;-36,63011657;18,24239272;0,0;1,80110198;3,86283025;13,87783777;50,38179225;11,83046966;0,0;1,80110198;3,86283025;13,87783777;36,63011657;18,24239272
466;EY;wall;25x365;-16,55837597;-33,54178732;-0,0;119,40876287;-58,94781845;3,68150316;16,55837597;33,54178732;0,0;0,0;0,0;118,74602058;11,85377022;33,54178732;-11,56148547;-82,9115364;58,94781845;86,00978577;-11,85377022;-33,54178732;11,56148547;82,9115364;-0,0;85,00761457;11,85377022;33,54178732;11,56148547;82,9115364;58,94781845;86,00978577;11,85377022;33,54178732;11,56148547;82,9115364;0,0;85,00761457
467;EY;wall;25x158;-10,28935859;5,01105105;0,0;-17,83934173;-36,63011657;25,43327242;10,28935859;-5,01105105;0,0;0,0;0,0;-25,43327242;0,0;-5,01105105;-10,28935859;25,43327242;36,63011657;-17,83934173;0,0;5,01105105;10,28935859;-25,43327242;-0,0;0,0;0,0;5,01105105;10,28935859;25,43327242;36,63011657;17,83934173;0,0;5,01105105;10,28935859;25,43327242;0,0;0,0
468;EY;wall;25x158;-10,28935859;5,12426762;0,0;-18,24239272;-36,63011657;25,43327242;10,28935859;-5,12426762;0,0;0,0;0,0;-25,43327242;0,0;-5,12426762;-10,28935859;25,43327242;36,63011657;-18,24239272;0,0;5,12426762;10,28935859;-25,43327242;-0,0;0,0;0,0;5,12426762;10,28935859;25,43327242;36,63011657;18,24239272;0,0;5,12426762;10,28935859;25,43327242;0,0;0,0
469;EY;wall;30x225;37,41571413;-48,05664982;0,0;145,43668551;154,29954772;-60,41936539;-37,41571413;48,05664982;0,0;25,64498785;-21,0996054;60,41936539;0,0;48,05664982;37,41571413;-60,41936539;-154,29954772;145,43668551;0,0;-48,05664982;-37,41571413;60,41936539;21,0996054;25,64498785;0,0;48,05664982;37,41571413;60,41936539;154,29954772;145,43668551;0,0;48,05664982;37,41571413;60,41936539;21,0996054;25,64498785
470;EY;wall;30x310;166,57851231;-98,87934569;-0,0;352,01047067;593,01950381;-48,51959189;-166,57851231;98,87934569;0,0;-0,0;-0,0;355,04556355;-109,39261293;98,87934569;125,62506517;-267,75735622;-593,01950381;233,60548035;109,39261293;-98,87934569;-125,62506517;267,75735622;0,0;233,15949559;109,39261293;98,87934569;125,62506517;267,75735622;593,01950381;233,60548035;109,39261293;98,87934569;125,62506517;267,75735622;0,0;233,15949559
471;EY;wall;30x225;37,41571413;-48,18108144;0,0;143,95969995;154,29954772;-60,41936539;-37,41571413;48,18108144;0,0;27,56494997;-21,0996054;60,41936539;0,0;48,18108144;37,41571413;-60,41936539;-154,29954772;143,95969995;0,0;-48,18108144;-37,41571413;60,41936539;21,0996054;27,56494997;0,0;48,18108144;37,41571413;60,41936539;154,29954772;143,95969995;0,0;48,18108144;37,41571413;60,41936539;21,0996054;27,56494997
472;EY;wall;30x310;256,73794167;-130,87393619;0,0;465,91121282;913,98707235;-66,18510773;-256,73794167;130,87393619;-0,0;-0,0;-0,0;471,89430991;-168,60058292;130,87393619;193,61873394;-355,8787542;-913,98707235;307,90264538;168,60058292;-130,87393619;-193,61873394;355,8787542;0,0;309,89442079;168,60058292;130,87393619;193,61873394;355,8787542;913,98707235;307,90264538;168,60058292;130,87393619;193,61873394;355,8787542;0,0;309,89442079
473;EY;wall;30x310;-40,68957082;-171,9443438;-0,0;612,12186392;-144,85487212;-77,06206055;40,68957082;171,9443438;0,0;-0,0;0,0;610,08952631;26,72096424;171,9443438;-30,68601055;-460,09857719;144,85487212;411,02437486;-26,72096424;-171,9443438;30,68601055;460,09857719;-0,0;400,64763744;26,72096424;171,9443438;30,68601055;460,09857719;144,85487212;411,02437486;26,72096424;171,9443438;30,68601055;460,09857719;0,0;400,64763744
474;EY;wall;30x310;-125,28408731;-129,40042475;-0,0;460,66551211;-446,01135083;-57,5354752;125,28408731;129,40042475;0,0;-0,0;0,0;458,67679193;82,27443912;129,40042475;-94,48290428;-345,91077253;446,01135083;309,62684381;-82,27443912;-129,40042475;94,48290428;345,91077253;-0,0;301,21443675;82,27443912;129,40042475;94,48290428;345,91077253;446,01135083;309,62684381;82,27443912;129,40042475;94,48290428;345,91077253;0,0;301,21443675
475;EY;wall;30x310;-68,90760526;-72,06195305;-0,0;256,54055285;-245,31107472;-32,93523671;68,90760526;72,06195305;0,0;-0,0;-0,0;256,32729115;45,25183282;72,06195305;-51,96662091;-193,30904214;245,31107472;171,84120372;-45,25183282;-72,06195305;51,96662091;193,30904214;0,0;168,33090749;45,25183282;72,06195305;51,96662091;193,30904214;245,31107472;171,84120372;45,25183282;72,06195305;51,96662091;193,30904214;0,0;168,33090749
476;EY;wall;30x225;37,5945073;19,06438022;0,0;-25,64498785;21,0996054;-121,90964594;-37,5945073;-19,06438022;0,0;-42,22420575;112,73684058;121,90964594;0,0;-19,06438022;37,5945073;-121,90964594;-21,0996054;-25,64498785;0,0;19,06438022;-37,5945073;121,90964594;-112,73684058;-42,22420575;0,0;19,06438022;37,5945073;121,90964594;21,0996054;25,64498785;0,0;19,06438022;37,5945073;121,90964594;112,73684058;42,22420575
477;EY;wall;30x225;37,5945073;20,78249088;0,0;-27,56494997;21,0996054;-121,90964594;-37,5945073;-20,78249088;0,0;-46,42071755;112,73684058;121,90964594;0,0;-20,78249088;37,5945073;-121,90964594;-21,0996054;-27,56494997;0,0;20,78249088;-37,5945073;121,90964594;-112,73684058;-46,42071755;0,0;20,78249088;37,5945073;121,90964594;21,0996054;27,56494997;0,0;20,78249088;37,5945073;121,90964594;112,73684058;46,42071755
478;EY;wall;30x225;-20,2967428;-20,17460932;0,0;42,22420575;-112,73684058;50,88619306;20,2967428;20,17460932;0,0;29,59740343;40,48043621;-50,88619306;0,0;20,17460932;-20,2967428;50,88619306;112,73684058;42,22420575;0,0;-20,17460932;20,2967428;-50,88619306;-40,48043621;29,59740343;0,0;20,17460932;20,2967428;50,88619306;112,73684058;42,22420575;0,0;20,17460932;20,2967428;50,88619306;40,48043621;29,59740343
479;EY;wall;30x225;-20,2967428;-21,61377613;0,0;46,42071755;-112,73684058;50,88619306;20,2967428;21,61377613;0,0;30,52432546;40,48043621;-50,88619306;0,0;21,61377613;-20,2967428;50,88619306;112,73684058;46,42071755;0,0;-21,61377613;20,2967428;-50,88619306;-40,48043621;30,52432546;0,0;21,61377613;20,2967428;50,88619306;112,73684058;46,42071755;0,0;21,61377613;20,2967428;50,88619306;40,48043621;30,52432546
480;EY;wall;30x225;-24,34654269;-2,48939734;0,0;-29,59740343;-40,48043621;48,09272062;24,34654269;2,48939734;0,0;38,45965797;-46,19325575;-48,09272062;0,0;2,48939734;-24,34654269;48,09272062;40,48043621;-29,59740343;0,0;-2,48939734;24,34654269;-48,09272062;46,19325575;38,45965797;0,0;2,48939734;24,34654269;48,09272062;40,48043621;29,59740343;0,0;2,48939734;24,34654269;48,09272062;46,19325575;38,45965797
481;EY;wall;30x225;-24,34654269;-2,42963516;0,0;-30,52432546;-40,48043621;48,09272062;24,34654269;2,42963516;0,0;39,17382662;-46,19325575;-48,09272062;0,0;2,42963516;-24,34654269;48,09272062;40,48043621;-30,52432546;0,0;-2,42963516;24,34654269;-48,09272062;46,19325575;39,17382662;0,0;2,42963516;24,34654269;48,09272062;40,48043621;30,52432546;0,0;2,42963516;24,34654269;48,09272062;46,19325575;39,17382662
482;EY;wall;30x225;12,97563364;10,80327471;0,0;-38,45965797;46,19325575;30,51992691;-12,97563364;-10,80327471;0,0;0,0;-0,0;-30,51992691;0,0;-10,80327471;12,97563364;30,51992691;-46,19325575;-38,45965797;0,0;10,80327471;-12,97563364;-30,51992691;0,0;0,0;0,0;10,80327471;12,97563364;30,51992691;46,19325575;38,45965797;0,0;10,80327471;12,97563364;30,51992691;0,0;0,0
483;EY;wall;30x225;12,97563364;11,00388388;0,0;-39,17382662;46,19325575;30,51992691;-12,97563364;-11,00388388;0,0;0,0;-0,0;-30,51992691;0,0;-11,00388388;12,97563364;30,51992691;-46,19325575;-39,17382662;0,0;11,00388388;-12,97563364;-30,51992691;0,0;0,0;0,0;11,00388388;12,97563364;30,51992691;46,19325575;39,17382662;0,0;11,00388388;12,97563364;30,51992691;0,0;0,0
588;EY;beam_x;30x80;0,0;-0,0;-94,32190342;8,2407152;-164,53180919;0,0;0,0;0,0;94,32190342;-8,2407152;-189,17532862;0,0;0,0;0,0;-94,32190342;-8,2407152;164,53180919;0,0;0,0;-0,0;94,32190342;8,2407152;189,17532862;0,0;0,0;0,0;94,32190342;8,2407152;164,53180919;0,0;0,0;0,0;94,32190342;8,2407152;189,17532862;0,0
589;EY;beam_x;30x80;0,0;0,0;40,89477256;16,88109634;115,92401389;-0,0;0,0;-0,0;-40,89477256;-16,88109634;37,43138321;-0,0;0,0;-0,0;40,89477256;-16,88109634;-115,92401389;-0,0;0,0;0,0;-40,89477256;16,88109634;-37,43138321;-0,0;0,0;0,0;40,89477256;16,88109634;115,92401389;0,0;0,0;0,0;40,89477256;16,88109634;37,43138321;0,0
590;EY;beam_x;30x80;0,0;-0,0;82,56494343;-6,11855435;150,1953346;0,0;-0,0;0,0;-82,56494343;6,11855435;159,42320326;0,0;0,0;0,0;82,56494343;6,11855435;-150,1953346;0,0;0,0;-0,0;-82,56494343;-6,11855435;-159,42320326;0,0;0,0;0,0;82,56494343;6,11855435;150,1953346;0,0;0,0;0,0;82,56494343;6,11855435;159,42320326;0,0
591;EY;beam_x;30x80;-0,0;0,0;-28,56766806;17,94080859;-88,61182308;-0,0;0,0;-0,0;28,56766806;-17,94080859;-18,51693215;-0,0;0,0;-0,0;-28,56766806;-17,94080859;88,61182308;-0,0;0,0;0,0;28,56766806;17,94080859;18,51693215;-0,0;0,0;0,0;28,56766806;17,94080859;88,61182308;0,0;0,0;0,0;28,56766806;17,94080859;18,51693215;0,0
592;EY;beam_x;30x80;0,0;0,0;-98,48106093;4,49986866;-176,00765955;0,0;0,0;0,0;98,48106093;-4,49986866;-193,29631894;0,0;0,0;0,0;-98,48106093;-4,49986866;176,00765955;0,0;0,0;0,0;98,48106093;4,49986866;193,29631894;0,0;0,0;0,0;98,48106093;4,49986866;176,00765955;0,0;0,0;0,0;98,48106093;4,49986866;193,29631894;0,0
593;EY;beam_x;30x80;0,0;-0,0;41,32178898;22,7145743;113,51402381;0,0;-0,0;0,0;-41,32178898;-22,7145743;41,44268488;0,0;0,0;0,0;41,32178898;-22,7145743;-113,51402381;0,0;0,0;-0,0;-41,32178898;22,7145743;-41,44268488;0,0;0,0;0,0;41,32178898;22,7145743;113,51402381;0,0;0,0;0,0;41,32178898;22,7145743;41,44268488;0,0
594;EY;beam_x;30x80;0,0;0,0;85,71874641;-9,16425773;159,95264429;0,0;0,0;0,0;-85,71874641;9,16425773;161,49265475;0,0;0,0;0,0;85,71874641;9,16425773;-159,95264429;0,0;0,0;0,0;-85,71874641;-9,16425773;-161,49265475;0,0;0,0;0,0;85,71874641;9,16425773;159,95264429;0,0;0,0;0,0;85,71874641;9,16425773;161,49265475;0,0
595;EY;beam_x;30x80;0,0;-0,0;-28,18139842;21,86525582;-86,31369376;0,0;0,0;0,0;28,18139842;-21,86525582;-19,36655031;0,0;0,0;0,0;-28,18139842;-21,86525582;86,31369376;0,0;0,0;-0,0;28,18139842;21,86525582;19,36655031;0,0;0,0;0,0;28,18139842;21,86525582;86,31369376;0,0;0,0;0,0;28,18139842;21,86525582;19,36655031;0,0
596;EY;beam_x;30x80;-0,0;0,0;-83,76893139;5,20222428;-155,50676083;-0,0;0,0;-0,0;83,76893139;-5,20222428;-158,62673188;-0,0;0,0;-0,0;-83,76893139;-5,20222428;155,50676083;-0,0;0,0;0,0;83,76893139;5,20222428;158,62673188;-0,0;0,0;0,0;83,76893139;5,20222428;155,50676083;0,0;0,0;0,0;83,76893139;5,20222428;158,62673188;0,0
597;EY;beam_x;30x80;0,0;0,0;32,73553878;21,44868151;90,27760696;-0,0;0,0;-0,0;-32,73553878;-21,44868151;32,48066346;-0,0;0,0;-0,0;32,73553878;-21,44868151;-90,27760696;-0,0;0,0;0,0;-32,73553878;21,44868151;-32,48066346;-0,0;0,0;0,0;32,73553878;21,44868151;90,27760696;0,0;0,0;0,0;32,73553878;21,44868151;32,48066346;0,0
598;EY;beam_x;30x80;0,0;0,0;72,04231355;-7,62081377;139,57746996;-0,0;0,0;-0,0;-72,04231355;7,62081377;130,58120585;-0,0;0,0;-0,0;72,04231355;7,62081377;-139,57746996;-0,0;0,0;0,0;-72,04231355;-7,62081377;-130,58120585;-0,0;0,0;0,0;72,04231355;7,62081377;139,57746996;0,0;0,0;0,0;72,04231355;7,62081377;130,58120585;0,0
599;EY;beam_x;30x80;-0,0;0,0;-21,98436398;20,08045827;-68,42447606;-0,0;0,0;-0,0;21,98436398;-20,08045827;-14,01688885;-0,0;0,0;-0,0;-21,98436398;-20,08045827;68,42447606;-0,0;0,0;0,0;21,98436398;20,08045827;14,01688885;-0,0;0,0;0,0;21,98436398;20,08045827;68,42447606;0,0;0,0;0,0;21,98436398;20,08045827;14,01688885;0,0
600;EY;beam_x;30x80;-0,0;0,0;-58,5029925;6,13066764;-107,88384509;-0,0;0,0;-0,0;58,5029925;-6,13066764;-111,5023768;-0,0;0,0;-0,0;-58,5029925;-6,13066764;107,88384509;-0,0;0,0;0,0;58,5029925;6,13066764;111,5023768;-0,0;0,0;0,0;58,5029925;6,13066764;107,88384509;0,0;0,0;0,0;58,5029925;6,13066764;111,5023768;0,0
601;EY;beam_x;30x80;0,0;0,0;22,26212916;16,5630595;62,69589003;-0,0;0,0;-0,0;-22,26212916;-16,5630595;20,78709431;-0,0;0,0;-0,0;22,26212916;-16,5630595;-62,69589003;-0,0;0,0;0,0;-22,26212916;16,5630595;-20,78709431;-0,0;0,0;0,0;22,26212916;16,5630595;62,69589003;0,0;0,0;0,0;22,26212916;16,5630595;20,78709431;0,0
602;EY;beam_x;30x80;0,0;0,0;52,07170404;-3,66651285;101,78436911;-0,0;0,0;-0,0;-52,07170404;3,66651285;93,48452106;-0,0;0,0;-0,0;52,07170404;3,66651285;-101,78436911;-0,0;0,0;0,0;-52,07170404;-3,66651285;-93,48452106;-0,0;0,0;0,0;52,07170404;3,66651285;101,78436911;0,0;0,0;0,0;52,07170404;3,66651285;93,48452106;0,0
603;EY;beam_x;30x80;-0,0;0,0;-14,23672422;15,66501157;-45,56328555;-0,0;0,0;-0,0;14,23672422;-15,66501157;-7,82443026;-0,0;0,0;-0,0;-14,23672422;-15,66501157;45,56328555;-0,0;0,0;0,0;14,23672422;15,66501157;7,82443026;-0,0;0,0;0,0;14,23672422;15,66501157;45,56328555;0,0;0,0;0,0;14,23672422;15,66501157;7,82443026;0,0
604;EY;beam_x;30x80;-0,0;0,0;-37,10981463;10,0966756;-70,14622032;-0,0;0,0;-0,0;37,10981463;-10,0966756;-69,01558455;-0,0;0,0;-0,0;-37,10981463;-10,0966756;70,14622032;-0,0;0,0;0,0;37,10981463;10,0966756;69,01558455;-0,0;0,0;0,0;37,10981463;10,0966756;70,14622032;0,0;0,0;0,0;37,10981463;10,0966756;69,01558455;0,0
605;EY;beam_x;30x80;0,0;0,0;10,7030316;10,66439407;34,28602747;-0,0;0,0;-0,0;-10,7030316;-10,66439407;5,85034103;-0,0;0,0;-0,0;10,7030316;-10,66439407;-34,28602747;-0,0;0,0;0,0;-10,7030316;10,66439407;-5,85034103;-0,0;0,0;0,0;10,7030316;10,66439407;34,28602747;0,0;0,0;0,0;10,7030316;10,66439407;5,85034103;0,0
606;EY;beam_x;30x80;0,0;0,0;34,6541803;3,82149332;69,40844957;-0,0;0,0;-0,0;-34,6541803;-3,82149332;60,54472654;-0,0;0,0;-0,0;34,6541803;-3,82149332;-69,40844957;-0,0;0,0;0,0;-34,6541803;3,82149332;-60,54472654;-0,0;0,0;0,0;34,6541803;3,82149332;69,40844957;0,0;0,0;0,0;34,6541803;3,82149332;60,54472654;0,0
607;EY;beam_x;30x80;-0,0;0,0;-6,06173854;9,67572941;-24,16470813;-0,0;0,0;-0,0;6,06173854;-9,67572941;1,43318862;-0,0;0,0;-0,0;-6,06173854;-9,67572941;24,16470813;-0,0;0,0;0,0;6,06173854;9,67572941;-1,43318862;-0,0;0,0;0,0;6,06173854;9,67572941;24,16470813;0,0;0,0;0,0;6,06173854;9,67572941;1,43318862;0,0
703;EY;steel_column;300x300x20;0,76709401;-30,2120799;-20,42543874;51,77666696;1,13660409;0,04710096;-0,76709401;30,2120799;20,42543874;55,77833749;1,5942506;-0,04710096;-20,42543874;30,2120799;0,76709401;0,04710096;-1,13660409;51,77666696;20,42543874;-30,2120799;-0,76709401;-0,04710096;-1,5942506;55,77833749;20,42543874;30,2120799;0,76709401;0,04710096;1,13660409;51,77666696;20,42543874;30,2120799;0,76709401;0,04710096;1,5942506;55,77833749
704;EY;steel_column;300x300x20;1,16023332;-19,44449623;4,42511706;32,17586334;2,15640899;0,04710096;-1,16023332;19,44449623;-4,42511706;37,04654324;1,97402164;-0,04710096;4,42511706;19,44449623;1,16023332;0,04710096;-2,15640899;32,17586334;-4,42511706;-19,44449623;-1,16023332;-0,04710096;-1,97402164;37,04654324;4,42511706;19,44449623;1,16023332;0,04710096;2,15640899;32,17586334;4,42511706;19,44449623;1,16023332;0,04710096;1,97402164;37,04654324
705;EY;steel_column;300x300x20;-0,04937447;-44,63488472;1,81521922;78,83575407;-0,05490797;0,04710096;0,04937447;44,63488472;-1,81521922;80,06443553;-0,12086513;-0,04710096;1,81521922;44,63488472;-0,04937447;0,04710096;0,05490797;78,83575407;-1,81521922;-44,63488472;0,04937447;-0,04710096;0,12086513;80,06443553;1,81521922;44,63488472;0,04937447;0,04710096;0,05490797;78,83575407;1,81521922;44,63488472;0,04937447;0,04710096;0,12086513;80,06443553
706;EY;steel_column;300x300x20;-0,13169484;-31,83128249;-3,19064465;56,31830214;-0,24255008;0,04710096;0,13169484;31,83128249;3,19064465;57,00106354;-0,22628355;-0,04710096;-3,19064465;31,83128249;-0,13169484;0,04710096;0,24255008;56,31830214;3,19064465;-31,83128249;0,13169484;-0,04710096;0,22628355;57,00106354;3,19064465;31,83128249;0,13169484;0,04710096;0,24255008;56,31830214;3,19064465;31,83128249;0,13169484;0,04710096;0,22628355;57,00106354
707;EY;steel_column;300x300x20;-0,70425145;-30,15252562;18,39123219;51,21422758;-1,04316212;0,04710096;0,70425145;30,15252562;-18,39123219;56,12876365;-1,46397305;-0,04710096;18,39123219;30,15252562;-0,70425145;0,04710096;1,04316212;51,21422758;-18,39123219;-30,15252562;0,70425145;-0,04710096;1,46397305;56,12876365;18,39123219;30,15252562;0,70425145;0,04710096;1,04316212;51,21422758;18,39123219;30,15252562;0,70425145;0,04710096;1,46397305;56,12876365
708;EY;steel_column;300x300x20;-0,95684303;-18,6870893;-4,4016856;30,36193773;-1,77226786;0,04710096;0,95684303;18,6870893;4,4016856;36,16410018;-1,63409331;-0,04710096;-4,4016856;18,6870893;-0,95684303;0,04710096;1,77226786;30,36193773;4,4016856;-18,6870893;0,95684303;-0,04710096;1,63409331;36,16410018;4,4016856;18,6870893;0,95684303;0,04710096;1,77226786;30,36193773;4,4016856;18,6870893;0,95684303;0,04710096;1,63409331;36,16410018
709;EY;steel_beam;300x300x50;55,82424055;-8,79828925;-77,7523987;3,73410581;-0,24425616;9,88072371;-55,82424055;8,79828925;77,7523987;27,58780394;0,70993581;12,55491389;-95,7171355;8,79828925;0,10634256;5,85820954;0,24425616;8,78940431;95,7171355;-8,79828925;-0,10634256;-5,85820954;-0,70993581;29,73876544;95,7171355;8,79828925;0,10634256;5,85820954;0,24425616;8,78940431;95,7171355;8,79828925;0,10634256;5,85820954;0,70993581;29,73876544
710;EY;steel_beam;300x300x50;40,38805707;-25,93191603;57,75229038;47,46059969;0,86290916;-31,84096959;-40,38805707;25,93191603;-57,75229038;44,85702136;1,42546259;-31,69222468;70,47156735;25,93191603;0,52952136;0,67674644;-0,86290916;57,1480348;-70,47156735;-25,93191603;-0,52952136;-0,67674644;-1,42546259;54,91895378;70,47156735;25,93191603;0,52952136;0,67674644;0,86290916;57,1480348;70,47156735;25,93191603;0,52952136;0,67674644;1,42546259;54,91895378
711;EY;steel_beam;300x300x50;-11,15882278;-18,56627169;15,25406819;21,95301085;-0,51388116;22,4334986;11,15882278;18,56627169;-15,25406819;44,14291635;-0,31365407;24,9104942;18,89894733;18,56627169;-0,18897587;5,45393732;0,51388116;30,91037225;-18,89894733;-18,56627169;0,18897587;-5,45393732;0,31365407;50,3923045;18,89894733;18,56627169;0,18897587;5,45393732;0,51388116;30,91037225;18,89894733;18,56627169;0,18897587;5,45393732;0,31365407;50,3923045
712;EY;steel_beam;300x300x50;-5,19929073;-39,1154574;-7,50888422;74,21923464;-0,00047038;-48,37400906;5,19929073;39,1154574;7,50888422;65,03179371;-0,11223829;-47,45886158;-9,13319693;39,1154574;-0,0260804;2,22734294;0,00047038;88,56397962;9,13319693;-39,1154574;0,0260804;-2,22734294;0,11223829;80,47680833;9,13319693;39,1154574;0,0260804;2,22734294;0,00047038;88,56397962;9,13319693;39,1154574;0,0260804;2,22734294;0,11223829;80,47680833
713;EY;steel_beam;300x300x50;-48,89856628;-7,96797516;67,83115972;1,54650344;-0,28958602;8,73796551;48,89856628;7,96797516;-67,83115972;26,81948813;-0,81985265;11,58037115;83,61860933;7,96797516;-0,25335131;6,2030711;0,28958602;6,34551992;-83,61860933;-7,96797516;0,25335131;-6,2030711;0,81985265;28,5466609;83,61860933;7,96797516;0,25335131;6,2030711;0,28958602;6,34551992;83,61860933;7,96797516;0,25335131;6,2030711;0,81985265;28,5466609
714;EY;steel_beam;300x300x50;-34,90636737;-25,51955255;-49,92442918;46,36982997;-0,75507654;-31,29429492;34,90636737;25,51955255;49,92442918;44,4797771;-1,1967398;-31,22860882;-60,91550813;25,51955255;-0,45164359;0,5087007;0,75507654;55,93956783;60,91550813;-25,51955255;0,45164359;-0,5087007;1,1967398;54,34535678;60,91550813;25,51955255;0,45164359;0,5087007;0,75507654;55,93956783;60,91550813;25,51955255;0,45164359;0,5087007;1,1967398;54,34535678
715;EY;steel_beam;300x300x50;-0,27799463;-242,83256154;190,01228368;59,83993624;-0,38980827;-0,12738281;0,27799463;242,83256154;-190,01228368;21,79337407;-0,59985262;-1,01795507;307,97329485;14,99234981;-0,27799463;0,21166717;0,35124618;59,83993624;-307,97329485;-14,99234981;0,27799463;-0,21166717;1,16243396;21,79337407;307,97329485;14,99234981;0,27799463;0,21166717;0,35124618;59,83993624;307,97329485;14,99234981;0,27799463;0,21166717;1,16243396;21,79337407
716;EY;steel_beam;300x300x50;2,30195874;-136,18229901;-110,44381891;0,46611322;3,69665393;-4,25783676;-2,30195874;136,18229901;110,44381891;29,31433734;4,49831918;-5,22623324;-175,25279515;5,46932289;2,30195874;0,01328106;-5,63863882;0,46611322;175,25279515;-5,46932289;-2,30195874;-0,01328106;-6,89552123;29,31433734;175,25279515;5,46932289;2,30195874;0,01328106;5,63863882;0,46611322;175,25279515;5,46932289;2,30195874;0,01328106;6,89552123;29,31433734
717;EY;steel_beam;300x300x50;-0,04196165;-41,36473878;-26,98550081;12,25968954;-0,2546868;0,17545132;0,04196165;41,36473878;26,98550081;23,81851719;0,10530331;-0,00256931;-48,94237264;6,62593608;-0,04196165;-0,07799873;0,29927366;12,25968954;48,94237264;-6,62593608;0,04196165;0,07799873;-0,07079256;23,81851719;48,94237264;6,62593608;0,04196165;0,07799873;0,29927366;12,25968954;48,94237264;6,62593608;0,04196165;0,07799873;0,07079256;23,81851719
718;EY;steel_beam;300x300x50;-0,05739776;-40,59052631;-26,82255476;11,34255388;-0,03131368;0,17425194;0,05739776;40,59052631;26,82255476;22,65079415;-0,17302234;0,06222682;-48,25002279;6,24304176;-0,05739776;0,09023412;0,15232232;11,34255388;48,25002279;-6,24304176;0,05739776;-0,09023412;0,16020834;22,65079415;48,25002279;6,24304176;0,05739776;0,09023412;0,15232232;11,34255388;48,25002279;6,24304176;0,05739776;0,09023412;0,16020834;22,65079415
719;EY;steel_column;300x300x20;0,01606591;2,91948613;33,31136565;-3,27037851;0,09962073;0,04710096;-0,01606591;-2,91948613;-33,31136565;-7,12299213;-0,0424261;-0,04710096;33,31136565;-2,91948613;0,01606591;0,04710096;-0,09962073;-3,27037851;-33,31136565;2,91948613;-0,01606591;-0,04710096;0,0424261;-7,12299213;33,31136565;2,91948613;0,01606591;0,04710096;0,09962073;3,27037851;33,31136565;2,91948613;0,01606591;0,04710096;0,0424261;7,12299213
720;EY;steel_column;300x300x20;0,05513895;-2,8317135;-35,12270933;-7,10189179;0,01088366;-0,04710096;-0,05513895;2,8317135;35,12270933;-2,97900829;-0,20717831;0,04710096;35,12270933;-2,8317135;0,05513895;0,04710096;0,01088366;-7,10189179;-35,12270933;2,8317135;-0,05513895;-0,04710096;-0,20717831;-2,97900829;35,12270933;2,8317135;0,05513895;0,04710096;0,01088366;7,10189179;35,12270933;2,8317135;0,05513895;0,04710096;0,20717831;2,97900829
721;EY;steel_column;300x300x20;-5,40945616;-10,41253212;-53,40760141;-17,52392219;10,04673339;-0,31106323;5,40945616;10,41253212;53,40760141;-19,54469216;9,21093053;0,31106323;53,40760141;-10,41253212;-5,40945616;0,31106323;10,04673339;-17,52392219;-53,40760141;10,41253212;5,40945616;-0,31106323;9,21093053;-19,54469216;53,40760141;10,41253212;5,40945616;0,31106323;10,04673339;17,52392219;53,40760141;10,41253212;5,40945616;0,31106323;9,21093053;19,54469216
722;EY;steel_column;300x300x20;-1,40564308;-10,0218657;99,84119808;-15,21493327;1,7681644;-0,31106323;1,40564308;10,0218657;-99,84119808;-20,46290862;3,23592495;0,31106323;-99,84119808;-10,0218657;-1,40564308;0,31106323;1,7681644;-15,21493327;99,84119808;10,0218657;1,40564308;-0,31106323;3,23592495;-20,46290862;99,84119808;10,0218657;1,40564308;0,31106323;1,7681644;15,21493327;99,84119808;10,0218657;1,40564308;0,31106323;3,23592495;20,46290862
300000;EY;beam_y;80x80;-993,00323853;-158,44286408;-2517,48040538;1158,09621202;-53,58713948;406,60942522;993,00323853;158,44286408;2517,48040538;-1535,71827283;53,58713948;-257,65893944;-158,44286408;993,00323853;-2517,48040538;-53,58713948;-1158,09621202;406,60942522;158,44286408;-993,00323853;2517,48040538;53,58713948;1535,71827283;-257,65893944;158,44286408;993,00323853;2517,48040538;53,58713948;1158,09621202;406,60942522;158,44286408;993,00323853;2517,48040538;53,58713948;1535,71827283;257,65893944
300001;EY;beam_y;80x80;-1456,8347787;71,12459471;-2628,49648075;1452,15416226;-133,59848194;289,87089613;1456,8347787;-71,12459471;2628,49648075;-2418,12661894;133,59848194;245,51588504;71,12459471;1456,8347787;-2628,49648075;-133,59848194;-1452,15416226;289,87089613;-71,12459471;-1456,8347787;2628,49648075;133,59848194;2418,12661894;245,51588504;71,12459471;1456,8347787;2628,49648075;133,59848194;1452,15416226;289,87089613;71,12459471;1456,8347787;2628,49648075;133,59848194;2418,12661894;245,51588504
300002;EY;beam_y;80x80;4,74405557;-6,70642426;-129,43531808;-627,61776662;-69,70721061;-11,33612217;-4,74405557;6,70642426;129,43531808;123,14361441;69,70721061;-7,1538344;-6,70642426;-4,74405557;-129,43531808;-69,70721061;627,61776662;-11,33612217;6,70642426;4,74405557;129,43531808;69,70721061;-123,14361441;-7,1538344;6,70642426;4,74405557;129,43531808;69,70721061;627,61776662;11,33612217;6,70642426;4,74405557;129,43531808;69,70721061;123,14361441;7,1538344
300003;EY;beam_y;80x80;0,0;0,0;-35,11341466;-131,38432961;94,82459858;0,0;0,0;0,0;35,11341466;-136,17989014;-94,82459858;0,0;0,0;0,0;-35,11341466;94,82459858;131,38432961;0,0;0,0;0,0;35,11341466;-94,82459858;136,17989014;0,0;0,0;0,0;35,11341466;94,82459858;131,38432961;0,0;0,0;0,0;35,11341466;94,82459858;136,17989014;0,0
300004;EY;beam_y;80x80;2,19412223;7,19802605;-117,67835809;142,29844449;-55,37073603;-3,27974695;-2,19412223;-7,19802605;117,67835809;-601,24404106;55,37073603;-5,27732974;7,19802605;-2,19412223;-117,67835809;-55,37073603;-142,29844449;-3,27974695;-7,19802605;2,19412223;117,67835809;55,37073603;601,24404106;-5,27732974;7,19802605;2,19412223;117,67835809;55,37073603;142,29844449;3,27974695;7,19802605;2,19412223;117,67835809;55,37073603;601,24404106;5,27732974
300005;EY;beam_y;80x80;-626,66168654;-76,91041529;-2655,33404423;-2424,26432542;-110,3840871;103,69374012;626,66168654;76,91041529;2655,33404423;1455,06739927;110,3840871;125,03777547;-76,91041529;626,66168654;-2655,33404423;-110,3840871;2424,26432542;103,69374012;76,91041529;-626,66168654;2655,33404423;110,3840871;-1455,06739927;125,03777547;76,91041529;626,66168654;2655,33404423;110,3840871;2424,26432542;103,69374012;76,91041529;626,66168654;2655,33404423;110,3840871;1455,06739927;125,03777547
300006;EY;beam_y;80x80;-1055,73842871;158,07526232;-2518,90232915;-1548,40494076;1,58443256;-259,53153132;1055,73842871;-158,07526232;2518,90232915;1170,56959139;-1,58443256;417,89229563;158,07526232;1055,73842871;-2518,90232915;1,58443256;1548,40494076;-259,53153132;-158,07526232;-1055,73842871;2518,90232915;-1,58443256;-1170,56959139;417,89229563;158,07526232;1055,73842871;2518,90232915;1,58443256;1548,40494076;259,53153132;158,07526232;1055,73842871;2518,90232915;1,58443256;1170,56959139;417,89229563
300007;EY;beam_y;80x80;-391,31899325;-25,09131148;-1966,9315151;-1241,97664852;-75,02403107;238,6620201;391,31899325;25,09131148;1966,9315151;-616,77363325;75,02403107;131,13442852;-25,09131148;391,31899325;-1966,9315151;-75,02403107;1241,97664852;238,6620201;25,09131148;-391,31899325;1966,9315151;75,02403107;616,77363325;131,13442852;25,09131148;391,31899325;1966,9315151;75,02403107;1241,97664852;238,6620201;25,09131148;391,31899325;1966,9315151;75,02403107;616,77363325;131,13442852
300008;EY;beam_y;80x80;-107,88665563;-170,31151836;-1869,71011689;1061,10541953;315,10164749;63,29131738;107,88665563;170,31151836;1869,71011689;-1341,56193706;-315,10164749;-47,10831904;-170,31151836;107,88665563;-1869,71011689;315,10164749;-1061,10541953;63,29131738;170,31151836;-107,88665563;1869,71011689;-315,10164749;1341,56193706;-47,10831904;170,31151836;107,88665563;1869,71011689;315,10164749;1061,10541953;63,29131738;170,31151836;107,88665563;1869,71011689;315,10164749;1341,56193706;47,10831904
300009;EY;beam_y;80x80;2500,45242555;245,94176311;-2088,45536163;1329,07030148;64,60755921;-404,5700964;-2500,45242555;-245,94176311;2088,45536163;-2096,57764688;-64,60755921;-514,34616999;245,94176311;-2500,45242555;-2088,45536163;64,60755921;-1329,07030148;-404,5700964;-245,94176311;2500,45242555;2088,45536163;-64,60755921;2096,57764688;-514,34616999;245,94176311;2500,45242555;2088,45536163;64,60755921;1329,07030148;404,5700964;245,94176311;2500,45242555;2088,45536163;64,60755921;2096,57764688;514,34616999
300010;EY;beam_y;80x80;6,62240629;-23,190147;-137,58282615;-677,37758946;-85,6316653;-18,08087378;-6,62240629;23,190147;137,58282615;141,14852454;85,6316653;-7,72995472;-23,190147;-6,62240629;-137,58282615;-85,6316653;677,37758946;-18,08087378;23,190147;6,62240629;137,58282615;85,6316653;-141,14852454;-7,72995472;23,190147;6,62240629;137,58282615;85,6316653;677,37758946;18,08087378;23,190147;6,62240629;137,58282615;85,6316653;141,14852454;7,72995472
300011;EY;beam_y;80x80;-0,0;0,0;-39,10176522;-145,6483932;90,37599425;0,0;0,0;0,0;39,10176522;-152,30705779;-90,37599425;0,0;0,0;0,0;-39,10176522;90,37599425;145,6483932;0,0;0,0;-0,0;39,10176522;-90,37599425;152,30705779;0,0;0,0;0,0;39,10176522;90,37599425;145,6483932;0,0;0,0;0,0;39,10176522;90,37599425;152,30705779;0,0
300012;EY;beam_y;80x80;9,39293836;23,21154577;-124,82051163;161,47131551;-69,57665004;-12,01557587;-9,39293836;-23,21154577;124,82051163;-648,27131088;69,57665004;-24,61688373;23,21154577;-9,39293836;-124,82051163;-69,57665004;-161,47131551;-12,01557587;-23,21154577;9,39293836;124,82051163;69,57665004;648,27131088;-24,61688373;23,21154577;9,39293836;124,82051163;69,57665004;161,47131551;12,01557587;23,21154577;9,39293836;124,82051163;69,57665004;648,27131088;24,61688373
300013;EY;beam_y;80x80;1473,0842629;-248,01377672;-2077,40680858;-2088,57063845;29,49021541;-336,15993369;-1473,0842629;248,01377672;2077,40680858;1330,31715332;-29,49021541;-201,51582227;-248,01377672;-1473,0842629;-2077,40680858;29,49021541;2088,57063845;-336,15993369;248,01377672;1473,0842629;2077,40680858;-29,49021541;-1330,31715332;-201,51582227;248,01377672;1473,0842629;2077,40680858;29,49021541;2088,57063845;336,15993369;248,01377672;1473,0842629;2077,40680858;29,49021541;1330,31715332;201,51582227
300014;EY;beam_y;80x80;-89,53937548;167,34355372;-1878,87857873;-1357,66890825;246,62287486;-38,92761176;89,53937548;-167,34355372;1878,87857873;1075,83712144;-246,62287486;52,35851808;167,34355372;89,53937548;-1878,87857873;246,62287486;1357,66890825;-38,92761176;-167,34355372;-89,53937548;1878,87857873;-246,62287486;-1075,83712144;52,35851808;167,34355372;89,53937548;1878,87857873;246,62287486;1357,66890825;38,92761176;167,34355372;89,53937548;1878,87857873;246,62287486;1075,83712144;52,35851808
300015;EY;beam_y;80x80;-52,94298904;-26,56246885;-2045,28263665;-1488,56029656;-97,92555466;32,26049326;52,94298904;26,56246885;2045,28263665;-444,23179507;97,92555466;17,77063138;-26,56246885;52,94298904;-2045,28263665;-97,92555466;1488,56029656;32,26049326;26,56246885;-52,94298904;2045,28263665;97,92555466;444,23179507;17,77063138;26,56246885;52,94298904;2045,28263665;97,92555466;1488,56029656;32,26049326;26,56246885;52,94298904;2045,28263665;97,92555466;444,23179507;17,77063138
300016;EY;beam_y;80x80;79,15574737;-138,98732884;-963,87446095;820,10023298;57,79500015;72,48362422;-79,15574737;138,98732884;963,87446095;-964,68140212;-57,79500015;-84,35698632;-138,98732884;-79,15574737;-963,87446095;57,79500015;-820,10023298;72,48362422;138,98732884;79,15574737;963,87446095;-57,79500015;964,68140212;-84,35698632;138,98732884;79,15574737;963,87446095;57,79500015;820,10023298;72,48362422;138,98732884;79,15574737;963,87446095;57,79500015;964,68140212;84,35698632
300017;EY;beam_y;80x80;-1263,4749561;247,17132051;-994,9427261;981,37454052;40,27613203;270,43060095;1263,4749561;-247,17132051;994,9427261;-1347,01599237;-40,27613203;193,89644541;247,17132051;1263,4749561;-994,9427261;40,27613203;-981,37454052;270,43060095;-247,17132051;-1263,4749561;994,9427261;-40,27613203;1347,01599237;193,89644541;247,17132051;1263,4749561;994,9427261;40,27613203;981,37454052;270,43060095;247,17132051;1263,4749561;994,9427261;40,27613203;1347,01599237;193,89644541
300018;EY;beam_y;80x80;7,13767958;-23,30608346;-116,33677773;-569,43737297;-90,07928159;-17,51780223;-7,13767958;23,30608346;116,33677773;116,01478175;90,07928159;-10,30130392;-23,30608346;-7,13767958;-116,33677773;-90,07928159;569,43737297;-17,51780223;23,30608346;7,13767958;116,33677773;90,07928159;-116,01478175;-10,30130392;23,30608346;7,13767958;116,33677773;90,07928159;569,43737297;17,51780223;23,30608346;7,13767958;116,33677773;90,07928159;116,01478175;10,30130392
300019;EY;beam_y;80x80;0,0;0,0;-32,56784634;-121,21700603;65,42747924;0,0;0,0;0,0;32,56784634;-126,94998311;-65,42747924;0,0;0,0;0,0;-32,56784634;65,42747924;121,21700603;0,0;0,0;0,0;32,56784634;-65,42747924;126,94998311;0,0;0,0;0,0;32,56784634;65,42747924;121,21700603;0,0;0,0;0,0;32,56784634;65,42747924;126,94998311;0,0
300020;EY;beam_y;80x80;5,11444802;22,84835507;-104,61015989;134,57079689;-74,14999072;-7,21456469;-5,11444802;-22,84835507;104,61015989;-542,55042047;74,14999072;-12,73178259;22,84835507;-5,11444802;-104,61015989;-74,14999072;-134,57079689;-7,21456469;-22,84835507;5,11444802;104,61015989;74,14999072;542,55042047;-12,73178259;22,84835507;5,11444802;104,61015989;74,14999072;134,57079689;7,21456469;22,84835507;5,11444802;104,61015989;74,14999072;542,55042047;12,73178259
300021;EY;beam_y;80x80;-577,29117326;-244,13310894;-1034,75974548;-1342,767012;34,43342996;75,8800914;577,29117326;244,13310894;1034,75974548;965,0797049;-34,43342996;134,83118684;-244,13310894;577,29117326;-1034,75974548;34,43342996;1342,767012;75,8800914;244,13310894;-577,29117326;1034,75974548;-34,43342996;-965,0797049;134,83118684;244,13310894;577,29117326;1034,75974548;34,43342996;1342,767012;75,8800914;244,13310894;577,29117326;1034,75974548;34,43342996;965,0797049;134,83118684
300022;EY;beam_y;80x80;29,69590897;134,41622201;-971,86472473;-955,25956591;92,49094695;-65,69320932;-29,69590897;-134,41622201;971,86472473;809,4798572;-92,49094695;61,23882297;134,41622201;-29,69590897;-971,86472473;92,49094695;955,25956591;-65,69320932;-134,41622201;29,69590897;971,86472473;-92,49094695;-809,4798572;61,23882297;134,41622201;29,69590897;971,86472473;92,49094695;955,25956591;65,69320932;134,41622201;29,69590897;971,86472473;92,49094695;809,4798572;61,23882297
300023;EY;beam_y;80x80;-74,23313466;-21,33590826;-1218,55995675;-1125,13731959;32,70665106;45,14912694;74,23313466;21,33590826;1218,55995675;-26,40183954;-32,70665106;25,00118531;-21,33590826;74,23313466;-1218,55995675;32,70665106;1125,13731959;45,14912694;21,33590826;-74,23313466;1218,55995675;-32,70665106;26,40183954;25,00118531;21,33590826;74,23313466;1218,55995675;32,70665106;1125,13731959;45,14912694;21,33590826;74,23313466;1218,55995675;32,70665106;26,40183954;25,00118531
300024;EY;beam_y;80x80;65,44273249;-87,6666611;-206,44879004;468,44916827;-78,77867202;49,39624324;-65,44273249;87,6666611;206,44879004;-499,41648678;78,77867202;-59,21265311;-87,6666611;-65,44273249;-206,44879004;-78,77867202;-468,44916827;49,39624324;87,6666611;65,44273249;206,44879004;78,77867202;499,41648678;-59,21265311;87,6666611;65,44273249;206,44879004;78,77867202;468,44916827;49,39624324;87,6666611;65,44273249;206,44879004;78,77867202;499,41648678;59,21265311
300025;EY;beam_y;80x80;-154,99146306;234,63605365;-192,1099087;540,6568298;-51,09184153;14,90907372;154,99146306;-234,63605365;192,1099087;-611,25722124;51,09184153;42,05028895;234,63605365;154,99146306;-192,1099087;-51,09184153;-540,6568298;14,90907372;-234,63605365;-154,99146306;192,1099087;51,09184153;611,25722124;42,05028895;234,63605365;154,99146306;192,1099087;51,09184153;540,6568298;14,90907372;234,63605365;154,99146306;192,1099087;51,09184153;611,25722124;42,05028895
300026;EY;beam_y;80x80;-2,02566828;-22,12411795;-83,37579394;-412,68340257;-57,26948449;5,2271101;2,02566828;22,12411795;83,37579394;87,7262457;57,26948449;2,66793201;-22,12411795;2,02566828;-83,37579394;-57,26948449;412,68340257;5,2271101;22,12411795;-2,02566828;83,37579394;57,26948449;-87,7262457;2,66793201;22,12411795;2,02566828;83,37579394;57,26948449;412,68340257;5,2271101;22,12411795;2,02566828;83,37579394;57,26948449;87,7262457;2,66793201
300027;EY;beam_y;80x80;0,0;0,0;-24,87280143;-93,85691334;50,61436059;0,0;0,0;0,0;24,87280143;-95,67383359;-50,61436059;0,0;0,0;0,0;-24,87280143;50,61436059;93,85691334;0,0;0,0;0,0;24,87280143;-50,61436059;95,67383359;0,0;0,0;0,0;24,87280143;50,61436059;93,85691334;0,0;0,0;0,0;24,87280143;50,61436059;95,67383359;0,0
300028;EY;beam_y;80x80;-2,07223349;21,98170908;-76,94450548;99,34034644;-51,17000852;2,67408482;2,07223349;-21,98170908;76,94450548;-399,4239178;51,17000852;5,40762579;21,98170908;2,07223349;-76,94450548;-51,17000852;-99,34034644;2,67408482;-21,98170908;-2,07223349;76,94450548;51,17000852;399,4239178;5,40762579;21,98170908;2,07223349;76,94450548;51,17000852;99,34034644;2,67408482;21,98170908;2,07223349;76,94450548;51,17000852;399,4239178;5,40762579
300029;EY;beam_y;80x80;-277,2576606;-234,8730559;-186,0526579;-600,04522011;-29,05948553;65,2033721;277,2576606;234,8730559;186,0526579;532,13599998;29,05948553;35,99567402;-234,8730559;277,2576606;-186,0526579;-29,05948553;600,04522011;65,2033721;234,8730559;-277,2576606;186,0526579;29,05948553;-532,13599998;35,99567402;234,8730559;277,2576606;186,0526579;29,05948553;600,04522011;65,2033721;234,8730559;277,2576606;186,0526579;29,05948553;532,13599998;35,99567402
300030;EY;beam_y;80x80;47,87462658;84,91555029;-185,46767465;-494,22630733;-37,98523914;-49,25094539;-47,87462658;-84,91555029;185,46767465;466,40615613;37,98523914;42,0697514;84,91555029;-47,87462658;-185,46767465;-37,98523914;494,22630733;-49,25094539;-84,91555029;47,87462658;185,46767465;37,98523914;-466,40615613;42,0697514;84,91555029;47,87462658;185,46767465;37,98523914;494,22630733;49,25094539;84,91555029;47,87462658;185,46767465;37,98523914;466,40615613;42,0697514
300031;EY;beam_y;80x80;-53,51272504;-13,47865878;-296,231799;-661,84809666;45,59392137;32,53243693;53,51272504;13,47865878;296,231799;381,9090466;-45,59392137;18,03708823;-13,47865878;53,51272504;-296,231799;45,59392137;661,84809666;32,53243693;13,47865878;-53,51272504;296,231799;-45,59392137;-381,9090466;18,03708823;13,47865878;53,51272504;296,231799;45,59392137;661,84809666;32,53243693;13,47865878;53,51272504;296,231799;45,59392137;381,9090466;18,03708823
300032;EY;beam_y;80x80;23,78817828;-38,64272883;397,17024695;242,19192216;-51,15763939;34,07372456;-23,78817828;38,64272883;-397,17024695;-182,61638512;51,15763939;-37,6419513;-38,64272883;-23,78817828;397,17024695;-51,15763939;-242,19192216;34,07372456;38,64272883;23,78817828;-397,17024695;51,15763939;182,61638512;-37,6419513;38,64272883;23,78817828;397,17024695;51,15763939;242,19192216;34,07372456;38,64272883;23,78817828;397,17024695;51,15763939;182,61638512;37,6419513
300033;EY;beam_y;80x80;180,12803883;141,96017482;415,85214452;250,16609989;9,93745364;-57,29677934;-180,12803883;-141,96017482;-415,85214452;-97,34043678;-9,93745364;-8,90027493;141,96017482;-180,12803883;415,85214452;9,93745364;-250,16609989;-57,29677934;-141,96017482;180,12803883;-415,85214452;-9,93745364;97,34043678;-8,90027493;141,96017482;180,12803883;415,85214452;9,93745364;250,16609989;57,29677934;141,96017482;180,12803883;415,85214452;9,93745364;97,34043678;8,90027493
300034;EY;beam_y;80x80;-3,99473966;-13,38559698;-57,81357891;-294,28982135;-35,16941047;10,06643145;3,99473966;13,38559698;57,81357891;68,96139753;35,16941047;5,50306638;-13,38559698;3,99473966;-57,81357891;-35,16941047;294,28982135;10,06643145;13,38559698;-3,99473966;57,81357891;35,16941047;-68,96139753;5,50306638;13,38559698;3,99473966;57,81357891;35,16941047;294,28982135;10,06643145;13,38559698;3,99473966;57,81357891;35,16941047;68,96139753;5,50306638
300035;EY;beam_y;80x80;0,0;0,0;-20,70376428;-79,05807313;34,97680985;0,0;0,0;0,0;20,70376428;-78,70461069;-34,97680985;0,0;0,0;0,0;-20,70376428;34,97680985;79,05807313;0,0;0,0;0,0;20,70376428;-34,97680985;78,70461069;0,0;0,0;0,0;20,70376428;34,97680985;79,05807313;0,0;0,0;0,0;20,70376428;34,97680985;78,70461069;0,0
300036;EY;beam_y;80x80;-3,91342384;12,68163088;-55,35794458;74,88311738;-34,43163972;5,3727085;3,91342384;-12,68163088;55,35794458;-290,77910123;34,43163972;9,88964448;12,68163088;3,91342384;-55,35794458;-34,43163972;-74,88311738;5,3727085;-12,68163088;-3,91342384;55,35794458;34,43163972;290,77910123;9,88964448;12,68163088;3,91342384;55,35794458;34,43163972;74,88311738;5,3727085;12,68163088;3,91342384;55,35794458;34,43163972;290,77910123;9,88964448
300037;EY;beam_y;80x80;138,66796635;-135,50235739;425,16626529;-88,38302123;10,15248171;-1,17532803;-138,66796635;135,50235739;-425,16626529;243,56870806;-10,15248171;-49,43847969;-135,50235739;-138,66796635;425,16626529;10,15248171;88,38302123;-1,17532803;135,50235739;138,66796635;-425,16626529;-10,15248171;-243,56870806;-49,43847969;135,50235739;138,66796635;425,16626529;10,15248171;88,38302123;1,17532803;135,50235739;138,66796635;425,16626529;10,15248171;243,56870806;49,43847969
300038;EY;beam_y;80x80;21,14417211;36,90131584;413,34920765;-175,58138615;-38,55941483;-32,81377654;-21,14417211;-36,90131584;-413,34920765;237,5837673;38,55941483;29,64215072;36,90131584;-21,14417211;413,34920765;-38,55941483;175,58138615;-32,81377654;-36,90131584;21,14417211;-413,34920765;38,55941483;-237,5837673;29,64215072;36,90131584;21,14417211;413,34920765;38,55941483;175,58138615;32,81377654;36,90131584;21,14417211;413,34920765;38,55941483;237,5837673;29,64215072
300039;EY;beam_y;80x80;-36,55196644;-5,85735172;377,91263624;-309,74821975;15,70026838;22,22762377;36,55196644;5,85735172;-377,91263624;666,875661;-15,70026838;12,31398452;-5,85735172;36,55196644;377,91263624;15,70026838;309,74821975;22,22762377;5,85735172;-36,55196644;-377,91263624;-15,70026838;-666,875661;12,31398452;5,85735172;36,55196644;377,91263624;15,70026838;309,74821975;22,22762377;5,85735172;36,55196644;377,91263624;15,70026838;666,875661;12,31398452
300040;EY;beam_x;60x80;0,0;-0,0;6,24770455;-10,93114958;-69,97452353;-0,0;0,0;0,0;-6,24770455;10,93114958;46,54563145;-0,0;0,0;-0,0;6,24770455;-10,93114958;-69,97452353;-0,0;0,0;0,0;-6,24770455;10,93114958;46,54563145;-0,0;0,0;0,0;6,24770455;10,93114958;69,97452353;0,0;0,0;0,0;6,24770455;10,93114958;46,54563145;0,0
300041;EY;beam_x;60x80;-21,2768358;10,92626769;62,04412377;182,86252398;-34,3123839;-22,24109557;21,2768358;-10,92626769;-62,04412377;-182,86252398;-83,57145126;43,00100419;-21,2768358;10,92626769;62,04412377;182,86252398;-34,3123839;-22,24109557;21,2768358;-10,92626769;-62,04412377;-182,86252398;-83,57145126;43,00100419;21,2768358;10,92626769;62,04412377;182,86252398;34,3123839;22,24109557;21,2768358;10,92626769;62,04412377;182,86252398;83,57145126;43,00100419
300042;EY;beam_x;60x80;21,85188541;208,415156;-111,01607536;-83,56411057;125,36839696;226,28671918;-21,85188541;-208,415156;111,01607536;83,56411057;80,01134246;159,28131943;21,85188541;208,415156;-111,01607536;-83,56411057;125,36839696;226,28671918;-21,85188541;-208,415156;111,01607536;83,56411057;80,01134246;159,28131943;21,85188541;208,415156;111,01607536;83,56411057;125,36839696;226,28671918;21,85188541;208,415156;111,01607536;83,56411057;80,01134246;159,28131943
300043;EY;beam_x;60x80;0,0;0,0;24,43915354;-18,94349555;-82,63635266;0,0;0,0;-0,0;-24,43915354;18,94349555;-9,01047311;0,0;0,0;0,0;24,43915354;-18,94349555;-82,63635266;0,0;0,0;-0,0;-24,43915354;18,94349555;-9,01047311;0,0;0,0;0,0;24,43915354;18,94349555;82,63635266;0,0;0,0;0,0;24,43915354;18,94349555;9,01047311;0,0
300044;EY;beam_x;60x80;84,90234652;-21,5171316;89,22119336;200,66005492;20,61723905;-37,67213491;-84,90234652;21,5171316;-89,22119336;-200,66005492;-190,13750643;-3,21041512;84,90234652;-21,5171316;89,22119336;200,66005492;20,61723905;-37,67213491;-84,90234652;21,5171316;-89,22119336;-200,66005492;-190,13750643;-3,21041512;84,90234652;21,5171316;89,22119336;200,66005492;20,61723905;37,67213491;84,90234652;21,5171316;89,22119336;200,66005492;190,13750643;3,21041512
300045;EY;beam_x;60x80;-87,19700453;139,64902632;-218,74524474;-12,49163558;154,1846145;146,87190816;87,19700453;-139,64902632;218,74524474;12,49163558;250,49408827;111,47879053;-87,19700453;139,64902632;-218,74524474;-12,49163558;154,1846145;146,87190816;87,19700453;-139,64902632;218,74524474;12,49163558;250,49408827;111,47879053;87,19700453;139,64902632;218,74524474;12,49163558;154,1846145;146,87190816;87,19700453;139,64902632;218,74524474;12,49163558;250,49408827;111,47879053
300046;EY;beam_x;60x80;0,0;-0,0;26,18493541;-18,74250568;-79,15050668;-0,0;0,0;0,0;-26,18493541;18,74250568;-19,04300111;-0,0;0,0;-0,0;26,18493541;-18,74250568;-79,15050668;-0,0;0,0;0,0;-26,18493541;18,74250568;-19,04300111;-0,0;0,0;0,0;26,18493541;18,74250568;79,15050668;0,0;0,0;0,0;26,18493541;18,74250568;19,04300111;0,0
300047;EY;beam_x;60x80;64,0580783;-17,71543579;79,5632125;167,31726822;24,0859561;-26,41960879;-64,0580783;17,71543579;-79,5632125;-167,31726822;-175,25605985;-7,23971922;64,0580783;-17,71543579;79,5632125;167,31726822;24,0859561;-26,41960879;-64,0580783;17,71543579;-79,5632125;-167,31726822;-175,25605985;-7,23971922;64,0580783;17,71543579;79,5632125;167,31726822;24,0859561;26,41960879;64,0580783;17,71543579;79,5632125;167,31726822;175,25605985;7,23971922
300048;EY;beam_x;60x80;-65,78937771;83,94058612;-31,06826515;16,6931384;39,95742241;87,49417464;65,78937771;-83,94058612;31,06826515;-16,6931384;17,51886812;67,79590968;-65,78937771;83,94058612;-31,06826515;16,6931384;39,95742241;87,49417464;65,78937771;-83,94058612;31,06826515;-16,6931384;17,51886812;67,79590968;65,78937771;83,94058612;31,06826515;16,6931384;39,95742241;87,49417464;65,78937771;83,94058612;31,06826515;16,6931384;17,51886812;67,79590968
300049;EY;beam_x;60x80;0,0;-0,0;17,31831738;-10,0838169;-53,88625696;-0,0;0,0;0,0;-17,31831738;10,0838169;-11,05743322;-0,0;0,0;-0,0;17,31831738;-10,0838169;-53,88625696;-0,0;0,0;0,0;-17,31831738;10,0838169;-11,05743322;-0,0;0,0;0,0;17,31831738;10,0838169;53,88625696;0,0;0,0;0,0;17,31831738;10,0838169;11,05743322;0,0
300050;EY;beam_x;60x80;32,67663014;-16,67142662;54,08629964;122,53298291;13,66037066;-17,33044052;-32,67663014;16,67142662;-54,08629964;-122,53298291;-116,42433997;-14,34527005;32,67663014;-16,67142662;54,08629964;122,53298291;13,66037066;-17,33044052;-32,67663014;16,67142662;-54,08629964;-122,53298291;-116,42433997;-14,34527005;32,67663014;16,67142662;54,08629964;122,53298291;13,66037066;17,33044052;32,67663014;16,67142662;54,08629964;122,53298291;116,42433997;14,34527005
300051;EY;beam_x;60x80;-33,5597823;28,13769511;14,33888133;41,24034302;1,15990003;27,56029335;33,5597823;-28,13769511;-14,33888133;-41,24034302;-27,6868305;24,4944426;-33,5597823;28,13769511;14,33888133;41,24034302;1,15990003;27,56029335;33,5597823;-28,13769511;-14,33888133;-41,24034302;-27,6868305;24,4944426;33,5597823;28,13769511;14,33888133;41,24034302;1,15990003;27,56029335;33,5597823;28,13769511;14,33888133;41,24034302;27,6868305;24,4944426
300052;EY;beam_x;60x80;0,0;-0,0;-6,62529302;-2,01691454;56,63271215;-0,0;0,0;0,0;6,62529302;2,01691454;-31,78786331;-0,0;0,0;-0,0;-6,62529302;-2,01691454;56,63271215;-0,0;0,0;0,0;6,62529302;2,01691454;-31,78786331;-0,0;0,0;0,0;6,62529302;2,01691454;56,63271215;0,0;0,0;0,0;6,62529302;2,01691454;31,78786331;0,0
300053;EY;beam_x;60x80;18,05421731;16,80468696;-29,97234285;159,28411505;10,09951155;-17,93974725;-18,05421731;-16,80468696;29,97234285;-159,28411505;46,84793987;49,86865247;18,05421731;16,80468696;-29,97234285;159,28411505;10,09951155;-17,93974725;-18,05421731;-16,80468696;29,97234285;-159,28411505;46,84793987;49,86865247;18,05421731;16,80468696;29,97234285;159,28411505;10,09951155;17,93974725;18,05421731;16,80468696;29,97234285;159,28411505;46,84793987;49,86865247
300054;EY;beam_x;60x80;-18,54216913;210,71070953;136,43171508;-93,33754149;-140,43015323;229,7279359;18,54216913;-210,71070953;-136,43171508;93,33754149;-111,96851966;160,08687673;-18,54216913;210,71070953;136,43171508;-93,33754149;-140,43015323;229,7279359;18,54216913;-210,71070953;-136,43171508;93,33754149;-111,96851966;160,08687673;18,54216913;210,71070953;136,43171508;93,33754149;140,43015323;229,7279359;18,54216913;210,71070953;136,43171508;93,33754149;111,96851966;160,08687673
300055;EY;beam_x;60x80;0,0;0,0;-19,90582903;-5,91982881;66,1273849;0,0;0,0;-0,0;19,90582903;5,91982881;8,51947395;0,0;0,0;0,0;-19,90582903;-5,91982881;66,1273849;0,0;0,0;-0,0;19,90582903;5,91982881;8,51947395;0,0;0,0;0,0;19,90582903;5,91982881;66,1273849;0,0;0,0;0,0;19,90582903;5,91982881;8,51947395;0,0
300056;EY;beam_x;60x80;-51,27166153;-9,86479843;-48,16700217;174,46408163;-32,01277363;-29,39591465;51,27166153;9,86479843;48,16700217;-174,46408163;123,53007775;10,65279763;-51,27166153;-9,86479843;-48,16700217;174,46408163;-32,01277363;-29,39591465;51,27166153;9,86479843;48,16700217;-174,46408163;123,53007775;10,65279763;51,27166153;9,86479843;48,16700217;174,46408163;32,01277363;29,39591465;51,27166153;9,86479843;48,16700217;174,46408163;123,53007775;10,65279763
300057;EY;beam_x;60x80;52,65738211;145,88733184;198,52822985;-27,35175493;-150,14456576;155,51133691;-52,65738211;-145,88733184;-198,52822985;27,35175493;-217,13265946;114,38022699;52,65738211;145,88733184;198,52822985;-27,35175493;-150,14456576;155,51133691;-52,65738211;-145,88733184;-198,52822985;27,35175493;-217,13265946;114,38022699;52,65738211;145,88733184;198,52822985;27,35175493;150,14456576;155,51133691;52,65738211;145,88733184;198,52822985;27,35175493;217,13265946;114,38022699
300058;EY;beam_x;60x80;0,0;-0,0;-23,30133775;-7,84253543;64,89641269;-0,0;0,0;0,0;23,30133775;7,84253543;22,48360386;-0,0;0,0;-0,0;-23,30133775;-7,84253543;64,89641269;-0,0;0,0;0,0;23,30133775;7,84253543;22,48360386;-0,0;0,0;0,0;23,30133775;7,84253543;64,89641269;0,0;0,0;0,0;23,30133775;7,84253543;22,48360386;0,0
300059;EY;beam_x;60x80;-50,01776013;-11,33218027;-47,86910361;148,04696408;-39,79315573;-21,84198514;50,01776013;11,33218027;47,86910361;-148,04696408;130,74445258;0,31084263;-50,01776013;-11,33218027;-47,86910361;148,04696408;-39,79315573;-21,84198514;50,01776013;11,33218027;47,86910361;-148,04696408;130,74445258;0,31084263;50,01776013;11,33218027;47,86910361;148,04696408;39,79315573;21,84198514;50,01776013;11,33218027;47,86910361;148,04696408;130,74445258;0,31084263
300060;EY;beam_x;60x80;51,36959149;87,0620288;62,89502075;9,82013899;-58,29827139;91,90815306;-51,36959149;-87,0620288;-62,89502075;-9,82013899;-58,05751699;69,15660021;51,36959149;87,0620288;62,89502075;9,82013899;-58,29827139;91,90815306;-51,36959149;-87,0620288;-62,89502075;-9,82013899;-58,05751699;69,15660021;51,36959149;87,0620288;62,89502075;9,82013899;58,29827139;91,90815306;51,36959149;87,0620288;62,89502075;9,82013899;58,05751699;69,15660021
300061;EY;beam_x;60x80;0,0;-0,0;-17,22204714;-1,77372137;46,54175848;-0,0;0,0;0,0;17,22204714;1,77372137;18,04091831;-0,0;0,0;-0,0;-17,22204714;-1,77372137;46,54175848;-0,0;0,0;0,0;17,22204714;1,77372137;18,04091831;-0,0;0,0;0,0;17,22204714;1,77372137;46,54175848;0,0;0,0;0,0;17,22204714;1,77372137;18,04091831;0,0
300062;EY;beam_x;60x80;-28,46342835;-13,52135776;-34,85158817;112,65061099;-29,370868;-15,00614809;28,46342835;13,52135776;34,85158817;-112,65061099;95,58888552;-10,68443165;-28,46342835;-13,52135776;-34,85158817;112,65061099;-29,370868;-15,00614809;28,46342835;13,52135776;34,85158817;-112,65061099;95,58888552;-10,68443165;28,46342835;13,52135776;34,85158817;112,65061099;29,370868;15,00614809;28,46342835;13,52135776;34,85158817;112,65061099;95,58888552;10,68443165
300063;EY;beam_x;60x80;29,2327102;29,2373098;0,58498325;37,90969265;-10,00797261;29,26377136;-29,2327102;-29,2373098;-0,58498325;-37,90969265;8,9257536;24,82525177;29,2327102;29,2373098;0,58498325;37,90969265;-10,00797261;29,26377136;-29,2327102;-29,2373098;-0,58498325;-37,90969265;8,9257536;24,82525177;29,2327102;29,2373098;0,58498325;37,90969265;10,00797261;29,26377136;29,2327102;29,2373098;0,58498325;37,90969265;8,9257536;24,82525177
300064;EY;beam_y;60x80;-5,90216284;-574,32161696;-275,48877941;-406,84532264;-3,291012;7,96705151;5,90216284;574,32161696;275,48877941;-591,80150271;3,291012;13,4282888;-574,32161696;5,90216284;-275,48877941;-3,291012;406,84532264;7,96705151;574,32161696;-5,90216284;275,48877941;3,291012;591,80150271;13,4282888;574,32161696;5,90216284;275,48877941;3,291012;406,84532264;7,96705151;574,32161696;5,90216284;275,48877941;3,291012;591,80150271;13,4282888
300065;EY;beam_y;60x80;-5,05605976;59,67040698;-408,32523889;-698,1058005;-1,68965311;6,33048413;5,05605976;-59,67040698;408,32523889;-782,07319047;1,68965311;11,99773249;59,67040698;5,05605976;-408,32523889;-1,68965311;698,1058005;6,33048413;-59,67040698;-5,05605976;408,32523889;1,68965311;782,07319047;11,99773249;59,67040698;5,05605976;408,32523889;1,68965311;698,1058005;6,33048413;59,67040698;5,05605976;408,32523889;1,68965311;782,07319047;11,99773249
300066;EY;beam_y;60x80;-20,59537013;-246,00483894;-347,10353491;-457,84749372;0,65129556;28,66772417;20,59537013;246,00483894;347,10353491;-800,40282033;-0,65129556;45,99049257;-246,00483894;20,59537013;-347,10353491;0,65129556;457,84749372;28,66772417;246,00483894;-20,59537013;347,10353491;-0,65129556;800,40282033;45,99049257;246,00483894;20,59537013;347,10353491;0,65129556;457,84749372;28,66772417;246,00483894;20,59537013;347,10353491;0,65129556;800,40282033;45,99049257
300067;EY;beam_y;60x80;50,91508732;153,52892893;-153,11636197;-317,56308575;6,60729169;-81,66822082;-50,91508732;-153,52892893;153,11636197;-363,80472503;-6,60729169;-144,90391775;153,52892893;-50,91508732;-153,11636197;6,60729169;317,56308575;-81,66822082;-153,52892893;50,91508732;153,11636197;-6,60729169;363,80472503;-144,90391775;153,52892893;50,91508732;153,11636197;6,60729169;317,56308575;81,66822082;153,52892893;50,91508732;153,11636197;6,60729169;363,80472503;144,90391775
300068;EY;beam_y;60x80;29,35053456;-256,98433719;-405,95573386;-427,94436601;19,11992256;-48,56280276;-29,35053456;256,98433719;405,95573386;-820,36951561;-19,11992256;-41,690091;-256,98433719;-29,35053456;-405,95573386;19,11992256;427,94436601;-48,56280276;256,98433719;29,35053456;405,95573386;-19,11992256;820,36951561;-41,690091;256,98433719;29,35053456;405,95573386;19,11992256;427,94436601;48,56280276;256,98433719;29,35053456;405,95573386;19,11992256;820,36951561;41,690091
300069;EY;beam_y;60x80;-17,8015093;-214,17463043;-340,45271793;-346,56472973;-1,0848768;26,53985749;17,8015093;214,17463043;340,45271793;-887,57637277;1,0848768;37,99061372;-214,17463043;17,8015093;-340,45271793;-1,0848768;346,56472973;26,53985749;214,17463043;-17,8015093;340,45271793;1,0848768;887,57637277;37,99061372;214,17463043;17,8015093;340,45271793;1,0848768;346,56472973;26,53985749;214,17463043;17,8015093;340,45271793;1,0848768;887,57637277;37,99061372
300070;EY;beam_y;60x80;14,58942621;-244,16106168;-339,55653359;-483,26715536;3,52535133;-37,1645687;-14,58942621;244,16106168;339,55653359;-1027,75941913;-3,52535133;-27,75837793;-244,16106168;-14,58942621;-339,55653359;3,52535133;483,26715536;-37,1645687;244,16106168;14,58942621;339,55653359;-3,52535133;1027,75941913;-27,75837793;244,16106168;14,58942621;339,55653359;3,52535133;483,26715536;37,1645687;244,16106168;14,58942621;339,55653359;3,52535133;1027,75941913;27,75837793
300071;EY;beam_x;60x80;0,0;0,0;29,79456417;131,51253919;46,72420128;-0,0;0,0;-0,0;-29,79456417;-131,51253919;27,46426351;-0,0;0,0;-0,0;29,79456417;-131,51253919;-46,72420128;-0,0;0,0;0,0;-29,79456417;131,51253919;-27,46426351;-0,0;0,0;0,0;29,79456417;131,51253919;46,72420128;0,0;0,0;0,0;29,79456417;131,51253919;27,46426351;0,0
300072;EY;beam_x;60x80;0,0;-0,0;39,9389846;171,76577053;0,88854008;0,0;-0,0;0,0;-39,9389846;-171,76577053;99,35831127;0,0;0,0;0,0;39,9389846;-171,76577053;-0,88854008;0,0;0,0;-0,0;-39,9389846;171,76577053;-99,35831127;0,0;0,0;0,0;39,9389846;171,76577053;0,88854008;0,0;0,0;0,0;39,9389846;171,76577053;99,35831127;0,0
300073;EY;beam_x;60x80;0,0;0,0;17,15719148;60,29646679;-27,37073562;-0,0;0,0;-0,0;-17,15719148;-60,29646679;70,09214241;-0,0;0,0;-0,0;17,15719148;-60,29646679;27,37073562;-0,0;0,0;0,0;-17,15719148;60,29646679;-70,09214241;-0,0;0,0;0,0;17,15719148;60,29646679;27,37073562;0,0;0,0;0,0;17,15719148;60,29646679;70,09214241;0,0
300074;EY;beam_x;60x80;0,0;-0,0;-84,96961619;325,49187235;-91,34414498;0,0;0,0;0,0;84,96961619;-325,49187235;-121,92959166;0,0;0,0;0,0;-84,96961619;-325,49187235;91,34414498;0,0;0,0;-0,0;84,96961619;325,49187235;121,92959166;0,0;0,0;0,0;84,96961619;325,49187235;91,34414498;0,0;0,0;0,0;84,96961619;325,49187235;121,92959166;0,0
300075;EY;beam_x;60x80;0,0;-0,0;-30,13187424;165,82361857;-60,02149458;0,0;0,0;0,0;30,13187424;-165,82361857;-90,63787663;0,0;0,0;0,0;-30,13187424;-165,82361857;60,02149458;0,0;0,0;-0,0;30,13187424;165,82361857;90,63787663;0,0;0,0;0,0;30,13187424;165,82361857;60,02149458;0,0;0,0;0,0;30,13187424;165,82361857;90,63787663;0,0
300076;EY;beam_x;60x80;0,0;-0,0;38,20949766;140,52239463;82,28284905;0,0;-0,0;0,0;-38,20949766;-140,52239463;108,76463923;0,0;0,0;0,0;38,20949766;-140,52239463;-82,28284905;0,0;0,0;-0,0;-38,20949766;140,52239463;-108,76463923;0,0;0,0;0,0;38,20949766;140,52239463;82,28284905;0,0;0,0;0,0;38,20949766;140,52239463;108,76463923;0,0
300077;EY;beam_x;60x80;0,0;-0,0;-2,5277527;169,46285436;-7,86019863;0,0;0,0;0,0;2,5277527;-169,46285436;-4,77856488;0,0;0,0;0,0;-2,5277527;-169,46285436;7,86019863;0,0;0,0;-0,0;2,5277527;169,46285436;4,77856488;0,0;0,0;0,0;2,5277527;169,46285436;7,86019863;0,0;0,0;0,0;2,5277527;169,46285436;4,77856488;0,0
300078;EY;beam_x;60x80;0,0;-0,0;-32,3461724;140,50671099;-67,37847719;0,0;0,0;0,0;32,3461724;-140,50671099;-94,35238482;0,0;0,0;0,0;-32,3461724;-140,50671099;67,37847719;0,0;0,0;-0,0;32,3461724;140,50671099;94,35238482;0,0;0,0;0,0;32,3461724;140,50671099;67,37847719;0,0;0,0;0,0;32,3461724;140,50671099;94,35238482;0,0
300079;EY;beam_x;60x80;0,0;0,0;32,16886608;123,89438558;77,12056839;-0,0;0,0;-0,0;-32,16886608;-123,89438558;83,72376201;-0,0;0,0;-0,0;32,16886608;-123,89438558;-77,12056839;-0,0;0,0;0,0;-32,16886608;123,89438558;-83,72376201;-0,0;0,0;0,0;32,16886608;123,89438558;77,12056839;0,0;0,0;0,0;32,16886608;123,89438558;83,72376201;0,0
300080;EY;beam_x;60x80;-0,0;0,0;-4,2389116;154,99448705;-11,70163073;-0,0;0,0;-0,0;4,2389116;-154,99448705;-9,49292726;-0,0;0,0;-0,0;-4,2389116;-154,99448705;11,70163073;-0,0;0,0;0,0;4,2389116;154,99448705;9,49292726;-0,0;0,0;0,0;4,2389116;154,99448705;11,70163073;0,0;0,0;0,0;4,2389116;154,99448705;9,49292726;0,0
300081;EY;beam_x;60x80;-0,0;0,0;-28,51121727;123,49974174;-65,97209609;-0,0;0,0;-0,0;28,51121727;-123,49974174;-76,58399027;-0,0;0,0;-0,0;-28,51121727;-123,49974174;65,97209609;-0,0;0,0;0,0;28,51121727;123,49974174;76,58399027;-0,0;0,0;0,0;28,51121727;123,49974174;65,97209609;0,0;0,0;0,0;28,51121727;123,49974174;76,58399027;0,0
300082;EY;beam_x;60x80;0,0;-0,0;-8,60520123;84,41693606;85,28517201;0,0;0,0;0,0;8,60520123;-84,41693606;-106,71212307;0,0;0,0;0,0;-8,60520123;-84,41693606;-85,28517201;0,0;0,0;-0,0;8,60520123;84,41693606;106,71212307;0,0;0,0;0,0;8,60520123;84,41693606;85,28517201;0,0;0,0;0,0;8,60520123;84,41693606;106,71212307;0,0
300083;EY;beam_x;60x80;0,0;0,0;149,9261988;77,28923819;165,41885764;-0,0;0,0;-0,0;-149,9261988;-77,28923819;210,89590135;-0,0;0,0;-0,0;149,9261988;-77,28923819;-165,41885764;-0,0;0,0;0,0;-149,9261988;77,28923819;-210,89590135;-0,0;0,0;0,0;149,9261988;77,28923819;165,41885764;0,0;0,0;0,0;149,9261988;77,28923819;210,89590135;0,0
300084;EY;beam_x;60x80;0,0;-0,0;11,42470163;40,54836818;-6,52951669;0,0;-0,0;0,0;-11,42470163;-40,54836818;34,97702374;0,0;0,0;0,0;11,42470163;-40,54836818;6,52951669;0,0;0,0;-0,0;-11,42470163;40,54836818;-34,97702374;0,0;0,0;0,0;11,42470163;40,54836818;6,52951669;0,0;0,0;0,0;11,42470163;40,54836818;34,97702374;0,0
300085;EY;beam_x;60x80;-0,0;0,0;-62,28135504;225,59949228;-65,71389742;-0,0;0,0;-0,0;62,28135504;-225,59949228;-90,61230373;-0,0;0,0;-0,0;-62,28135504;-225,59949228;65,71389742;-0,0;0,0;0,0;62,28135504;225,59949228;90,61230373;-0,0;0,0;0,0;62,28135504;225,59949228;65,71389742;0,0;0,0;0,0;62,28135504;225,59949228;90,61230373;0,0
300086;EY;beam_x;60x80;0,0;-0,0;-17,88948975;103,05345239;-50,90881895;0,0;0,0;0,0;17,88948975;-103,05345239;-38,53862977;0,0;0,0;0,0;-17,88948975;-103,05345239;50,90881895;0,0;0,0;-0,0;17,88948975;103,05345239;38,53862977;0,0;0,0;0,0;17,88948975;103,05345239;50,90881895;0,0;0,0;0,0;17,88948975;103,05345239;38,53862977;0,0
300087;EY;beam_x;60x80;0,0;0,0;21,84600196;101,60186931;66,90792527;-0,0;0,0;-0,0;-21,84600196;-101,60186931;42,32208452;-0,0;0,0;-0,0;21,84600196;-101,60186931;-66,90792527;-0,0;0,0;0,0;-21,84600196;101,60186931;-42,32208452;-0,0;0,0;0,0;21,84600196;101,60186931;66,90792527;0,0;0,0;0,0;21,84600196;101,60186931;42,32208452;0,0
300088;EY;beam_x;60x80;-0,0;0,0;-5,73031585;139,01149581;-11,64649273;-0,0;0,0;-0,0;5,73031585;-139,01149581;-17,00508653;-0,0;0,0;-0,0;-5,73031585;-139,01149581;11,64649273;-0,0;0,0;0,0;5,73031585;139,01149581;17,00508653;-0,0;0,0;0,0;5,73031585;139,01149581;11,64649273;0,0;0,0;0,0;5,73031585;139,01149581;17,00508653;0,0
300089;EY;beam_x;60x80;-0,0;0,0;-16,05750932;113,8618476;-47,83965805;-0,0;0,0;-0,0;16,05750932;-113,8618476;-32,44788854;-0,0;0,0;-0,0;-16,05750932;-113,8618476;47,83965805;-0,0;0,0;0,0;16,05750932;113,8618476;32,44788854;-0,0;0,0;0,0;16,05750932;113,8618476;47,83965805;0,0;0,0;0,0;16,05750932;113,8618476;32,44788854;0,0
300090;EY;beam_x;60x80;0,0;-0,0;19,73931848;125,76792658;63,1624326;0,0;-0,0;0,0;-19,73931848;-125,76792658;35,53415978;0,0;0,0;0,0;19,73931848;-125,76792658;-63,1624326;0,0;0,0;-0,0;-19,73931848;125,76792658;-35,53415978;0,0;0,0;0,0;19,73931848;125,76792658;63,1624326;0,0;0,0;0,0;19,73931848;125,76792658;35,53415978;0,0
300091;EY;beam_x;60x80;0,0;-0,0;-4,36393154;149,9536608;-9,08565818;0,0;0,0;0,0;4,36393154;-149,9536608;-12,73399951;0,0;0,0;0,0;-4,36393154;-149,9536608;9,08565818;0,0;0,0;-0,0;4,36393154;149,9536608;12,73399951;0,0;0,0;0,0;4,36393154;149,9536608;9,08565818;0,0;0,0;0,0;4,36393154;149,9536608;12,73399951;0,0
300092;EY;beam_x;60x80;0,0;-0,0;-17,28689802;128,78805559;-53,88890924;0,0;0,0;0,0;17,28689802;-128,78805559;-32,54558086;0,0;0,0;0,0;-17,28689802;-128,78805559;53,88890924;0,0;0,0;-0,0;17,28689802;128,78805559;32,54558086;0,0;0,0;0,0;17,28689802;128,78805559;53,88890924;0,0;0,0;0,0;17,28689802;128,78805559;32,54558086;0,0
300093;EY;beam_x;60x80;0,0;-0,0;-3,27057492;-23,81290241;18,17764512;0,0;0,0;0,0;3,27057492;23,81290241;-27,3352549;0,0;0,0;0,0;-3,27057492;23,81290241;-18,17764512;0,0;0,0;-0,0;3,27057492;-23,81290241;27,3352549;0,0;0,0;0,0;3,27057492;23,81290241;18,17764512;0,0;0,0;0,0;3,27057492;23,81290241;27,3352549;0,0
300094;EY;beam_x;60x80;0,0;0,0;15,09632;69,91090765;32,60511252;-0,0;0,0;-0,0;-15,09632;-69,91090765;42,8764875;-0,0;0,0;-0,0;15,09632;-69,91090765;-32,60511252;-0,0;0,0;0,0;-15,09632;69,91090765;-42,8764875;-0,0;0,0;0,0;15,09632;69,91090765;32,60511252;0,0;0,0;0,0;15,09632;69,91090765;42,8764875;0,0
300095;EY;beam_x;60x80;0,0;-0,0;-9,11208786;-37,16347895;-21,94364981;0,0;0,0;0,0;9,11208786;37,16347895;-3,5701962;0,0;0,0;0,0;-9,11208786;37,16347895;21,94364981;0,0;0,0;-0,0;9,11208786;-37,16347895;3,5701962;0,0;0,0;0,0;9,11208786;37,16347895;21,94364981;0,0;0,0;0,0;9,11208786;37,16347895;3,5701962;0,0
300096;EY;beam_x;60x80;-0,0;0,0;-1,68188058;90,57140141;-2,36312263;-0,0;0,0;-0,0;1,68188058;-90,57140141;-6,04628027;-0,0;0,0;-0,0;-1,68188058;-90,57140141;2,36312263;-0,0;0,0;0,0;1,68188058;90,57140141;6,04628027;-0,0;0,0;0,0;1,68188058;90,57140141;2,36312263;0,0;0,0;0,0;1,68188058;90,57140141;6,04628027;0,0
300097;EY;beam_x;60x80;-0,0;0,0;-12,38275775;71,24661561;-32,73377964;-0,0;0,0;-0,0;12,38275775;-71,24661561;-29,1800091;-0,0;0,0;-0,0;-12,38275775;-71,24661561;32,73377964;-0,0;0,0;0,0;12,38275775;71,24661561;29,1800091;-0,0;0,0;0,0;12,38275775;71,24661561;32,73377964;0,0;0,0;0,0;12,38275775;71,24661561;29,1800091;0,0
300098;EY;beam_x;60x80;0,0;-0,0;14,5317811;67,37171279;37,21453814;0,0;-0,0;0,0;-14,5317811;-67,37171279;35,44436733;0,0;0,0;0,0;14,5317811;-67,37171279;-37,21453814;0,0;0,0;-0,0;-14,5317811;67,37171279;-35,44436733;0,0;0,0;0,0;14,5317811;67,37171279;37,21453814;0,0;0,0;0,0;14,5317811;67,37171279;35,44436733;0,0
300099;EY;beam_x;60x80;0,0;-0,0;-1,04496274;87,66903745;-2,55423727;0,0;0,0;0,0;1,04496274;-87,66903745;-2,67057642;0,0;0,0;0,0;-1,04496274;-87,66903745;2,55423727;0,0;0,0;-0,0;1,04496274;87,66903745;2,67057642;0,0;0,0;0,0;1,04496274;87,66903745;2,55423727;0,0;0,0;0,0;1,04496274;87,66903745;2,67057642;0,0
300100;EY;beam_x;60x80;0,0;-0,0;-11,64333041;74,44783508;-33,40174177;0,0;0,0;0,0;11,64333041;-74,44783508;-24,81491027;0,0;0,0;0,0;-11,64333041;-74,44783508;33,40174177;0,0;0,0;-0,0;11,64333041;74,44783508;24,81491027;0,0;0,0;0,0;11,64333041;74,44783508;33,40174177;0,0;0,0;0,0;11,64333041;74,44783508;24,81491027;0,0
300101;EY;beam_x;60x80;0,0;-0,0;13,34356883;76,21177631;38,74778234;0,0;-0,0;0,0;-13,34356883;-76,21177631;27,9700618;0,0;0,0;0,0;13,34356883;-76,21177631;-38,74778234;0,0;0,0;-0,0;-13,34356883;76,21177631;-27,9700618;0,0;0,0;0,0;13,34356883;76,21177631;38,74778234;0,0;0,0;0,0;13,34356883;76,21177631;27,9700618;0,0
300102;EY;beam_x;60x80;0,0;-0,0;-1,21855116;93,38090859;-3,55231235;0,0;0,0;0,0;1,21855116;-93,38090859;-2,54044344;0,0;0,0;0,0;-1,21855116;-93,38090859;3,55231235;0,0;0,0;-0,0;1,21855116;93,38090859;2,54044344;0,0;0,0;0,0;1,21855116;93,38090859;3,55231235;0,0;0,0;0,0;1,21855116;93,38090859;2,54044344;0,0
300103;EY;beam_x;60x80;0,0;-0,0;-11,25793318;78,00523252;-35,1210852;0,0;0,0;0,0;11,25793318;-78,00523252;-21,16858069;0,0;0,0;0,0;-11,25793318;-78,00523252;35,1210852;0,0;0,0;-0,0;11,25793318;78,00523252;21,16858069;0,0;0,0;0,0;11,25793318;78,00523252;35,1210852;0,0;0,0;0,0;11,25793318;78,00523252;21,16858069;0,0
300104;EY;beam_x;60x80;0,0;0,0;1,9977714;-55,38717225;6,81972705;-0,0;0,0;-0,0;-1,9977714;55,38717225;-1,92518712;-0,0;0,0;-0,0;1,9977714;55,38717225;-6,81972705;-0,0;0,0;0,0;-1,9977714;-55,38717225;1,92518712;-0,0;0,0;0,0;1,9977714;55,38717225;6,81972705;0,0;0,0;0,0;1,9977714;55,38717225;1,92518712;0,0
300105;EY;beam_x;60x80;-0,0;0,0;-0,42029079;-59,50133658;-1,22575457;-0,0;0,0;-0,0;0,42029079;59,50133658;0,19604213;-0,0;0,0;-0,0;-0,42029079;59,50133658;1,22575457;-0,0;0,0;0,0;0,42029079;-59,50133658;-0,19604213;-0,0;0,0;0,0;0,42029079;59,50133658;1,22575457;0,0;0,0;0,0;0,42029079;59,50133658;0,19604213;0,0
300106;EY;beam_x;60x80;-0,0;0,0;-1,47749095;-58,86679382;-5,20310157;-0,0;0,0;-0,0;1,47749095;58,86679382;1,58324874;-0,0;0,0;-0,0;-1,47749095;58,86679382;5,20310157;-0,0;0,0;0,0;1,47749095;-58,86679382;-1,58324874;-0,0;0,0;0,0;1,47749095;58,86679382;5,20310157;0,0;0,0;0,0;1,47749095;58,86679382;1,58324874;0,0
300107;EY;beam_x;60x80;0,0;-0,0;7,58058899;40,62282608;17,40994671;0,0;-0,0;0,0;-7,58058899;-40,62282608;20,49299822;0,0;0,0;0,0;7,58058899;-40,62282608;-17,40994671;0,0;0,0;-0,0;-7,58058899;40,62282608;-20,49299822;0,0;0,0;0,0;7,58058899;40,62282608;17,40994671;0,0;0,0;0,0;7,58058899;40,62282608;20,49299822;0,0
300108;EY;beam_x;60x80;0,0;-0,0;-0,05238947;30,20413226;-0,71205096;0,0;0,0;0,0;0,05238947;-30,20413226;0,45010363;0,0;0,0;0,0;-0,05238947;-30,20413226;0,71205096;0,0;0,0;-0,0;0,05238947;30,20413226;-0,45010363;0,0;0,0;0,0;0,05238947;30,20413226;0,71205096;0,0;0,0;0,0;0,05238947;30,20413226;0,45010363;0,0
300109;EY;beam_x;60x80;0,0;-0,0;-6,56612145;30,54678823;-16,18868026;0,0;0,0;0,0;6,56612145;-30,54678823;-16,641927;0,0;0,0;0,0;-6,56612145;-30,54678823;16,18868026;0,0;0,0;-0,0;6,56612145;30,54678823;16,641927;0,0;0,0;0,0;6,56612145;30,54678823;16,18868026;0,0;0,0;0,0;6,56612145;30,54678823;16,641927;0,0
300110;EY;beam_x;60x80;0,0;-0,0;7,81836699;38,56375414;17,96401607;0,0;-0,0;0,0;-7,81836699;-38,56375414;21,12781886;0,0;0,0;0,0;7,81836699;-38,56375414;-17,96401607;0,0;0,0;-0,0;-7,81836699;38,56375414;-21,12781886;0,0;0,0;0,0;7,81836699;38,56375414;17,96401607;0,0;0,0;0,0;7,81836699;38,56375414;21,12781886;0,0
300111;EY;beam_x;60x80;0,0;-0,0;-1,50498226;32,82346028;-4,59996198;0,0;0,0;0,0;1,50498226;-32,82346028;-2,92494934;0,0;0,0;0,0;-1,50498226;-32,82346028;4,59996198;0,0;0,0;-0,0;1,50498226;32,82346028;2,92494934;0,0;0,0;0,0;1,50498226;32,82346028;4,59996198;0,0;0,0;0,0;1,50498226;32,82346028;2,92494934;0,0
300112;EY;beam_x;60x80;0,0;-0,0;-4,99682724;31,97957749;-13,63603956;0,0;0,0;0,0;4,99682724;-31,97957749;-11,34809663;0,0;0,0;0,0;-4,99682724;-31,97957749;13,63603956;0,0;0,0;-0,0;4,99682724;31,97957749;11,34809663;0,0;0,0;0,0;4,99682724;31,97957749;13,63603956;0,0;0,0;0,0;4,99682724;31,97957749;11,34809663;0,0
300113;EY;beam_x;60x80;0,0;-0,0;6,36397109;25,82872604;17,28644711;0,0;-0,0;0,0;-6,36397109;-25,82872604;14,53340835;0,0;0,0;0,0;6,36397109;-25,82872604;-17,28644711;0,0;0,0;-0,0;-6,36397109;25,82872604;-14,53340835;0,0;0,0;0,0;6,36397109;25,82872604;17,28644711;0,0;0,0;0,0;6,36397109;25,82872604;14,53340835;0,0
300114;EY;beam_x;60x80;0,0;-0,0;-0,42605704;36,64364522;-1,91427189;0,0;0,0;0,0;0,42605704;-36,64364522;-0,2160133;0,0;0,0;0,0;-0,42605704;-36,64364522;1,91427189;0,0;0,0;-0,0;0,42605704;36,64364522;0,2160133;0,0;0,0;0,0;0,42605704;36,64364522;1,91427189;0,0;0,0;0,0;0,42605704;36,64364522;0,2160133;0,0
300115;EY;beam_x;60x80;0,0;-0,0;-4,79683365;34,03672266;-15,0479791;0,0;0,0;0,0;4,79683365;-34,03672266;-8,93618913;0,0;0,0;0,0;-4,79683365;-34,03672266;15,0479791;0,0;0,0;-0,0;4,79683365;34,03672266;8,93618913;0,0;0,0;0,0;4,79683365;34,03672266;15,0479791;0,0;0,0;0,0;4,79683365;34,03672266;8,93618913;0,0
300116;EY;beam_x;60x80;0,0;-0,0;-2,98758844;-48,24486198;-4,34539735;0,0;0,0;0,0;2,98758844;48,24486198;-2,97419433;0,0;0,0;0,0;-2,98758844;48,24486198;4,34539735;0,0;0,0;-0,0;2,98758844;-48,24486198;2,97419433;0,0;0,0;0,0;2,98758844;48,24486198;4,34539735;0,0;0,0;0,0;2,98758844;48,24486198;2,97419433;0,0
300117;EY;beam_x;60x80;0,0;-0,0;0,6953778;-63,98820469;0,79073671;0,0;-0,0;0,0;-0,6953778;63,98820469;0,9129389;0,0;0,0;0,0;0,6953778;63,98820469;-0,79073671;0,0;0,0;-0,0;-0,6953778;-63,98820469;-0,9129389;0,0;0,0;0,0;0,6953778;63,98820469;0,79073671;0,0;0,0;0,0;0,6953778;63,98820469;0,9129389;0,0
300118;EY;beam_x;60x80;0,0;-0,0;2,51119796;-51,57147206;4,100592;0,0;-0,0;0,0;-2,51119796;51,57147206;2,051843;0,0;0,0;0,0;2,51119796;51,57147206;-4,100592;0,0;0,0;-0,0;-2,51119796;-51,57147206;-2,051843;0,0;0,0;0,0;2,51119796;51,57147206;4,100592;0,0;0,0;0,0;2,51119796;51,57147206;2,051843;0,0
300119;EY;beam_x;60x80;0,0;0,0;13,25988629;118,24530994;-44,87850775;0,0;0,0;-0,0;-13,25988629;-118,24530994;-21,42092372;0,0;0,0;0,0;13,25988629;118,24530994;-44,87850775;0,0;0,0;-0,0;-13,25988629;-118,24530994;-21,42092372;0,0;0,0;0,0;13,25988629;118,24530994;44,87850775;0,0;0,0;0,0;13,25988629;118,24530994;21,42092372;0,0
300120;EY;beam_x;60x80;0,0;-0,0;15,16760672;103,2216486;-49,95167253;-0,0;0,0;0,0;-15,16760672;-103,2216486;-25,88636105;-0,0;0,0;-0,0;15,16760672;103,2216486;-49,95167253;-0,0;0,0;0,0;-15,16760672;-103,2216486;-25,88636105;-0,0;0,0;0,0;15,16760672;103,2216486;49,95167253;0,0;0,0;0,0;15,16760672;103,2216486;25,88636105;0,0
300121;EY;beam_x;60x80;0,0;0,0;6,5676864;131,46234579;-17,9823704;0,0;0,0;-0,0;-6,5676864;-131,46234579;-14,85606161;0,0;0,0;0,0;6,5676864;131,46234579;-17,9823704;0,0;0,0;-0,0;-6,5676864;-131,46234579;-14,85606161;0,0;0,0;0,0;6,5676864;131,46234579;17,9823704;0,0;0,0;0,0;6,5676864;131,46234579;14,85606161;0,0
300122;EY;beam_x;60x80;0,0;-0,0;-4,38246604;125,89391594;9,25525105;-0,0;0,0;0,0;4,38246604;-125,89391594;12,65707914;-0,0;0,0;-0,0;-4,38246604;125,89391594;9,25525105;-0,0;0,0;0,0;4,38246604;-125,89391594;12,65707914;-0,0;0,0;0,0;4,38246604;125,89391594;9,25525105;0,0;0,0;0,0;4,38246604;125,89391594;12,65707914;0,0
300123;EY;beam_x;60x80;0,0;-0,0;2,98556078;145,49647528;-13,53613824;-0,0;0,0;0,0;-2,98556078;-145,49647528;2,3402853;-0,0;0,0;-0,0;2,98556078;145,49647528;-13,53613824;-0,0;0,0;0,0;-2,98556078;-145,49647528;2,3402853;-0,0;0,0;0,0;2,98556078;145,49647528;13,53613824;0,0;0,0;0,0;2,98556078;145,49647528;2,3402853;0,0
300124;EY;beam_x;60x80;0,0;0,0;-9,11722353;82,40309853;39,04342025;0,0;0,0;-0,0;9,11722353;-82,40309853;6,54269741;0,0;0,0;0,0;-9,11722353;82,40309853;39,04342025;0,0;0,0;-0,0;9,11722353;-82,40309853;6,54269741;0,0;0,0;0,0;9,11722353;82,40309853;39,04342025;0,0;0,0;0,0;9,11722353;82,40309853;6,54269741;0,0
300125;EY;beam_x;60x80;-0,0;0,0;-23,70066186;96,52886098;-46,25045997;-0,0;0,0;-0,0;23,70066186;-96,52886098;-72,25284932;-0,0;0,0;-0,0;-23,70066186;-96,52886098;46,25045997;-0,0;0,0;0,0;23,70066186;96,52886098;72,25284932;-0,0;0,0;0,0;23,70066186;96,52886098;46,25045997;0,0;0,0;0,0;23,70066186;96,52886098;72,25284932;0,0
300126;EY;beam_x;60x80;0,0;0,0;16,1986521;131,94532193;-43,98340203;0,0;0,0;-0,0;-16,1986521;-131,94532193;-37,00985847;0,0;0,0;0,0;16,1986521;131,94532193;-43,98340203;0,0;0,0;-0,0;-16,1986521;-131,94532193;-37,00985847;0,0;0,0;0,0;16,1986521;131,94532193;43,98340203;0,0;0,0;0,0;16,1986521;131,94532193;37,00985847;0,0
300127;EY;beam_x;60x80;0,0;0,0;7,83079238;151,40744213;-18,50110528;0,0;0,0;-0,0;-7,83079238;-151,40744213;-20,65285665;0,0;0,0;0,0;7,83079238;151,40744213;-18,50110528;0,0;0,0;-0,0;-7,83079238;-151,40744213;-20,65285665;0,0;0,0;0,0;7,83079238;151,40744213;18,50110528;0,0;0,0;0,0;7,83079238;151,40744213;20,65285665;0,0
300128;EY;beam_x;60x80;0,0;0,0;-14,49514714;89,66864483;45,35730374;0,0;0,0;-0,0;14,49514714;-89,66864483;27,11843195;0,0;0,0;0,0;-14,49514714;89,66864483;45,35730374;0,0;0,0;-0,0;14,49514714;-89,66864483;27,11843195;0,0;0,0;0,0;14,49514714;89,66864483;45,35730374;0,0;0,0;0,0;14,49514714;89,66864483;27,11843195;0,0
300129;EY;beam_x;60x80;0,0;0,0;20,45061343;104,77062159;-57,13951176;0,0;0,0;-0,0;-20,45061343;-104,77062159;-45,11355539;0,0;0,0;0,0;20,45061343;104,77062159;-57,13951176;0,0;0,0;-0,0;-20,45061343;-104,77062159;-45,11355539;0,0;0,0;0,0;20,45061343;104,77062159;57,13951176;0,0;0,0;0,0;20,45061343;104,77062159;45,11355539;0,0
300130;EY;beam_x;60x80;0,0;0,0;-3,18757663;133,40965936;8,49067997;0,0;0,0;-0,0;3,18757663;-133,40965936;7,44720321;0,0;0,0;0,0;-3,18757663;133,40965936;8,49067997;0,0;0,0;-0,0;3,18757663;-133,40965936;7,44720321;0,0;0,0;0,0;3,18757663;133,40965936;8,49067997;0,0;0,0;0,0;3,18757663;133,40965936;7,44720321;0,0
300131;EY;beam_x;60x80;-0,0;0,0;-22,463098;108,33058487;-51,0909183;-0,0;0,0;-0,0;22,463098;-108,33058487;-61,2245717;-0,0;0,0;-0,0;-22,463098;-108,33058487;51,0909183;-0,0;0,0;0,0;22,463098;108,33058487;61,2245717;-0,0;0,0;0,0;22,463098;108,33058487;51,0909183;0,0;0,0;0,0;22,463098;108,33058487;61,2245717;0,0
300132;EY;beam_x;60x80;0,0;0,0;4,68073682;146,83334329;-12,74073174;0,0;0,0;-0,0;-4,68073682;-146,83334329;-4,81203134;0,0;0,0;0,0;4,68073682;146,83334329;-12,74073174;0,0;0,0;-0,0;-4,68073682;-146,83334329;-4,81203134;0,0;0,0;0,0;4,68073682;146,83334329;12,74073174;0,0;0,0;0,0;4,68073682;146,83334329;4,81203134;0,0
300133;EY;beam_x;60x80;0,0;-0,0;16,31205471;123,18064514;-33,2804922;-0,0;0,0;0,0;-16,31205471;-123,18064514;-48,27978136;-0,0;0,0;-0,0;16,31205471;123,18064514;-33,2804922;-0,0;0,0;0,0;-16,31205471;-123,18064514;-48,27978136;-0,0;0,0;0,0;16,31205471;123,18064514;33,2804922;0,0;0,0;0,0;16,31205471;123,18064514;48,27978136;0,0
300134;EY;beam_x;60x80;0,0;-0,0;8,87141551;140,65485014;-18,90079552;-0,0;0,0;0,0;-8,87141551;-140,65485014;-25,45628204;-0,0;0,0;-0,0;8,87141551;140,65485014;-18,90079552;-0,0;0,0;0,0;-8,87141551;-140,65485014;-25,45628204;-0,0;0,0;0,0;8,87141551;140,65485014;18,90079552;0,0;0,0;0,0;8,87141551;140,65485014;25,45628204;0,0
300135;EY;beam_x;60x80;0,0;-0,0;-19,79814465;76,70777332;46,81636047;-0,0;0,0;0,0;19,79814465;-76,70777332;52,17436276;-0,0;0,0;-0,0;-19,79814465;76,70777332;46,81636047;-0,0;0,0;0,0;19,79814465;-76,70777332;52,17436276;-0,0;0,0;0,0;19,79814465;76,70777332;46,81636047;0,0;0,0;0,0;19,79814465;76,70777332;52,17436276;0,0
300136;EY;beam_x;60x80;0,0;0,0;24,4941777;85,77381784;-51,56693769;0,0;0,0;-0,0;-24,4941777;-85,77381784;-70,90395083;0,0;0,0;0,0;24,4941777;85,77381784;-51,56693769;0,0;0,0;-0,0;-24,4941777;-85,77381784;-70,90395083;0,0;0,0;0,0;24,4941777;85,77381784;51,56693769;0,0;0,0;0,0;24,4941777;85,77381784;70,90395083;0,0
300137;EY;beam_x;60x80;0,0;0,0;-1,20638069;112,06398048;6,19569476;0,0;0,0;-0,0;1,20638069;-112,06398048;-0,16379131;0,0;0,0;0,0;-1,20638069;112,06398048;6,19569476;0,0;0,0;-0,0;1,20638069;-112,06398048;-0,16379131;0,0;0,0;0,0;1,20638069;112,06398048;6,19569476;0,0;0,0;0,0;1,20638069;112,06398048;0,16379131;0,0
300138;EY;beam_x;60x80;-0,0;0,0;-14,82757521;103,89103058;-44,25797151;-0,0;0,0;-0,0;14,82757521;-103,89103058;-29,87990453;-0,0;0,0;-0,0;-14,82757521;-103,89103058;44,25797151;-0,0;0,0;0,0;14,82757521;103,89103058;29,87990453;-0,0;0,0;0,0;14,82757521;103,89103058;44,25797151;0,0;0,0;0,0;14,82757521;103,89103058;29,87990453;0,0
300139;EY;beam_x;60x80;0,0;-0,0;6,4502761;114,89179229;-12,13462348;-0,0;0,0;0,0;-6,4502761;-114,89179229;-12,05391189;-0,0;0,0;-0,0;6,4502761;114,89179229;-12,13462348;-0,0;0,0;0,0;-6,4502761;-114,89179229;-12,05391189;-0,0;0,0;0,0;6,4502761;114,89179229;12,13462348;0,0;0,0;0,0;6,4502761;114,89179229;12,05391189;0,0
300140;EY;beam_x;60x80;0,0;0,0;9,11631488;77,72497137;-24,33729658;0,0;0,0;-0,0;-9,11631488;-77,72497137;-21,24427781;0,0;0,0;0,0;9,11631488;77,72497137;-24,33729658;0,0;0,0;-0,0;-9,11631488;-77,72497137;-21,24427781;0,0;0,0;0,0;9,11631488;77,72497137;24,33729658;0,0;0,0;0,0;9,11631488;77,72497137;21,24427781;0,0
300141;EY;beam_x;60x80;0,0;0,0;5,58854798;91,40023217;-13,20684818;0,0;0,0;-0,0;-5,58854798;-91,40023217;-14,73589175;0,0;0,0;0,0;5,58854798;91,40023217;-13,20684818;0,0;0,0;-0,0;-5,58854798;-91,40023217;-14,73589175;0,0;0,0;0,0;5,58854798;91,40023217;13,20684818;0,0;0,0;0,0;5,58854798;91,40023217;14,73589175;0,0
300142;EY;beam_x;60x80;0,0;0,0;-10,96425534;52,19767234;28,0385079;0,0;0,0;-0,0;10,96425534;-52,19767234;26,78276881;0,0;0,0;0,0;-10,96425534;52,19767234;28,0385079;0,0;0,0;-0,0;10,96425534;-52,19767234;26,78276881;0,0;0,0;0,0;10,96425534;52,19767234;28,0385079;0,0;0,0;0,0;10,96425534;52,19767234;26,78276881;0,0
300143;EY;beam_x;60x80;0,0;0,0;13,22970223;55,05140433;-32,16203414;0,0;0,0;-0,0;-13,22970223;-55,05140433;-33,98647702;0,0;0,0;0,0;13,22970223;55,05140433;-32,16203414;0,0;0,0;-0,0;-13,22970223;-55,05140433;-33,98647702;0,0;0,0;0,0;13,22970223;55,05140433;32,16203414;0,0;0,0;0,0;13,22970223;55,05140433;33,98647702;0,0
300144;EY;beam_x;60x80;0,0;0,0;-1,07261658;73,32897871;2,46186297;0,0;0,0;-0,0;1,07261658;-73,32897871;2,90121995;0,0;0,0;0,0;-1,07261658;73,32897871;2,46186297;0,0;0,0;-0,0;1,07261658;-73,32897871;2,90121995;0,0;0,0;0,0;1,07261658;73,32897871;2,46186297;0,0;0,0;0,0;1,07261658;73,32897871;2,90121995;0,0
300145;EY;beam_x;60x80;-0,0;0,0;-9,8784553;65,35249551;-29,87299031;-0,0;0,0;-0,0;9,8784553;-65,35249551;-19,51928622;-0,0;0,0;-0,0;-9,8784553;-65,35249551;29,87299031;-0,0;0,0;0,0;9,8784553;65,35249551;19,51928622;-0,0;0,0;0,0;9,8784553;65,35249551;29,87299031;0,0;0,0;0,0;9,8784553;65,35249551;19,51928622;0,0
300146;EY;beam_x;60x80;0,0;-0,0;3,41395545;75,92608454;-9,38777197;-0,0;0,0;0,0;-3,41395545;-75,92608454;-3,41456097;-0,0;0,0;-0,0;3,41395545;75,92608454;-9,38777197;-0,0;0,0;0,0;-3,41395545;-75,92608454;-3,41456097;-0,0;0,0;0,0;3,41395545;75,92608454;9,38777197;0,0;0,0;0,0;3,41395545;75,92608454;3,41456097;0,0
300147;EY;beam_x;60x80;0,0;0,0;2,84697363;37,42918807;-12,42908931;0,0;0,0;-0,0;-2,84697363;-37,42918807;-1,80577886;0,0;0,0;0,0;2,84697363;37,42918807;-12,42908931;0,0;0,0;-0,0;-2,84697363;-37,42918807;-1,80577886;0,0;0,0;0,0;2,84697363;37,42918807;12,42908931;0,0;0,0;0,0;2,84697363;37,42918807;1,80577886;0,0
300148;EY;beam_x;60x80;0,0;0,0;4,15424276;40,42415425;-10,5126592;0,0;0,0;-0,0;-4,15424276;-40,42415425;-10,25855462;0,0;0,0;0,0;4,15424276;40,42415425;-10,5126592;0,0;0,0;-0,0;-4,15424276;-40,42415425;-10,25855462;0,0;0,0;0,0;4,15424276;40,42415425;10,5126592;0,0;0,0;0,0;4,15424276;40,42415425;10,25855462;0,0
300149;EY;beam_x;60x80;0,0;0,0;-4,67726366;22,62926693;15,06331513;0,0;0,0;-0,0;4,67726366;-22,62926693;8,32300317;0,0;0,0;0,0;-4,67726366;22,62926693;15,06331513;0,0;0,0;-0,0;4,67726366;-22,62926693;8,32300317;0,0;0,0;0,0;4,67726366;22,62926693;15,06331513;0,0;0,0;0,0;4,67726366;22,62926693;8,32300317;0,0
300150;EY;beam_x;60x80;0,0;0,0;4,67974515;25,83640686;-13,61688044;0,0;0,0;-0,0;-4,67974515;-25,83640686;-9,7818453;0,0;0,0;0,0;4,67974515;25,83640686;-13,61688044;0,0;0,0;-0,0;-4,67974515;-25,83640686;-9,7818453;0,0;0,0;0,0;4,67974515;25,83640686;13,61688044;0,0;0,0;0,0;4,67974515;25,83640686;9,7818453;0,0
300151;EY;beam_x;60x80;0,0;0,0;0,08034438;31,69946947;-0,74880324;0,0;0,0;-0,0;-0,08034438;-31,69946947;0,34708132;0,0;0,0;0,0;0,08034438;31,69946947;-0,74880324;0,0;0,0;-0,0;-0,08034438;-31,69946947;0,34708132;0,0;0,0;0,0;0,08034438;31,69946947;0,74880324;0,0;0,0;0,0;0,08034438;31,69946947;0,34708132;0,0
300152;EY;beam_x;60x80;0,0;-0,0;-5,22727929;32,17044774;-15,45740654;0,0;0,0;0,0;5,22727929;-32,17044774;-10,67898989;0,0;0,0;0,0;-5,22727929;-32,17044774;15,45740654;0,0;0,0;-0,0;5,22727929;32,17044774;10,67898989;0,0;0,0;0,0;5,22727929;32,17044774;15,45740654;0,0;0,0;0,0;5,22727929;32,17044774;10,67898989;0,0
300153;EY;beam_x;60x80;0,0;-0,0;5,19977556;-0,27297783;-29,12133716;-0,0;0,0;0,0;-5,19977556;0,27297783;9,62217881;-0,0;0,0;-0,0;5,19977556;-0,27297783;-29,12133716;-0,0;0,0;0,0;-5,19977556;0,27297783;9,62217881;-0,0;0,0;0,0;5,19977556;0,27297783;29,12133716;0,0;0,0;0,0;5,19977556;0,27297783;9,62217881;0,0
300154;EY;beam_x;60x80;0,0;-0,0;18,68189757;67,54971477;-8,96202288;-0,0;0,0;0,0;-18,68189757;-67,54971477;-61,09509303;-0,0;0,0;-0,0;18,68189757;67,54971477;-8,96202288;-0,0;0,0;0,0;-18,68189757;-67,54971477;-61,09509303;-0,0;0,0;0,0;18,68189757;67,54971477;8,96202288;0,0;0,0;0,0;18,68189757;67,54971477;61,09509303;0,0
300155;EY;beam_x;60x80;0,0;-0,0;2,00204324;28,9761463;-7,47397512;-0,0;0,0;0,0;-2,00204324;-28,9761463;-0,03368702;-0,0;0,0;-0,0;2,00204324;28,9761463;-7,47397512;-0,0;0,0;0,0;-2,00204324;-28,9761463;-0,03368702;-0,0;0,0;0,0;2,00204324;28,9761463;7,47397512;0,0;0,0;0,0;2,00204324;28,9761463;0,03368702;0,0
300156;EY;beam_x;60x80;0,0;-0,0;-6,38457359;5,60778711;26,32913541;-0,0;0,0;0,0;6,38457359;-5,60778711;-2,38698444;-0,0;0,0;-0,0;-6,38457359;5,60778711;26,32913541;-0,0;0,0;0,0;6,38457359;-5,60778711;-2,38698444;-0,0;0,0;0,0;6,38457359;5,60778711;26,32913541;0,0;0,0;0,0;6,38457359;5,60778711;2,38698444;0,0
300157;EY;beam_x;60x80;0,0;-0,0;-11,81705764;67,98732191;-4,39793037;-0,0;0,0;0,0;11,81705764;-67,98732191;48,71189653;-0,0;0,0;-0,0;-11,81705764;67,98732191;-4,39793037;-0,0;0,0;0,0;11,81705764;-67,98732191;48,71189653;-0,0;0,0;0,0;11,81705764;67,98732191;4,39793037;0,0;0,0;0,0;11,81705764;67,98732191;48,71189653;0,0
300158;EY;beam_y;60x80;0,0;0,0;-23,34704983;61,72586206;-21,68835176;0,0;0,0;0,0;23,34704983;-161,30102959;21,68835176;0,0;0,0;0,0;-23,34704983;-21,68835176;-61,72586206;0,0;0,0;0,0;23,34704983;21,68835176;161,30102959;0,0;0,0;0,0;23,34704983;21,68835176;61,72586206;0,0;0,0;0,0;23,34704983;21,68835176;161,30102959;0,0
300159;EY;beam_y;60x80;0,0;0,0;-191,01309519;35,53767324;61,01806718;0,0;0,0;0,0;191,01309519;-605,71176238;-61,01806718;0,0;0,0;0,0;-191,01309519;61,01806718;-35,53767324;0,0;0,0;0,0;191,01309519;-61,01806718;605,71176238;0,0;0,0;0,0;191,01309519;61,01806718;35,53767324;0,0;0,0;0,0;191,01309519;61,01806718;605,71176238;0,0
300160;EY;beam_y;60x80;0,0;0,0;-48,52074819;-20,58736687;1,98103921;0,0;0,0;0,0;48,52074819;-186,35362416;-1,98103921;0,0;0,0;0,0;-48,52074819;1,98103921;20,58736687;0,0;0,0;0,0;48,52074819;-1,98103921;186,35362416;0,0;0,0;0,0;48,52074819;1,98103921;20,58736687;0,0;0,0;0,0;48,52074819;1,98103921;186,35362416;0,0
300161;EY;beam_y;60x80;0,0;0,0;-15,31128439;81,234807;-31,16358566;0,0;0,0;0,0;15,31128439;-126,9389909;31,16358566;0,0;0,0;0,0;-15,31128439;-31,16358566;-81,234807;0,0;0,0;0,0;15,31128439;31,16358566;126,9389909;0,0;0,0;0,0;15,31128439;31,16358566;81,234807;0,0;0,0;0,0;15,31128439;31,16358566;126,9389909;0,0
300162;EY;beam_y;60x80;0,0;0,0;-28,26117314;59,85000698;-23,49329968;-0,0;-0,0;0,0;28,26117314;-180,38391044;23,49329968;-0,0;0,0;-0,0;-28,26117314;-23,49329968;-59,85000698;-0,0;0,0;0,0;28,26117314;23,49329968;180,38391044;-0,0;0,0;0,0;28,26117314;23,49329968;59,85000698;0,0;0,0;0,0;28,26117314;23,49329968;180,38391044;0,0
300163;EY;beam_y;60x80;0,0;0,0;-204,58488973;38,47714372;68,17552918;-0,0;-0,0;0,0;204,58488973;-649,16303957;-68,17552918;-0,0;0,0;-0,0;-204,58488973;68,17552918;-38,47714372;-0,0;0,0;0,0;204,58488973;-68,17552918;649,16303957;-0,0;0,0;0,0;204,58488973;68,17552918;38,47714372;0,0;0,0;0,0;204,58488973;68,17552918;649,16303957;0,0
300164;EY;beam_y;60x80;0,0;0,0;-49,87125686;-18,19987327;11,38558265;-0,0;-0,0;0,0;49,87125686;-194,50103725;-11,38558265;-0,0;0,0;-0,0;-49,87125686;11,38558265;18,19987327;-0,0;0,0;0,0;49,87125686;-11,38558265;194,50103725;-0,0;0,0;0,0;49,87125686;11,38558265;18,19987327;0,0;0,0;0,0;49,87125686;11,38558265;194,50103725;0,0
300165;EY;beam_y;60x80;0,0;0,0;-16,49789456;86,9510284;-20,8084762;-0,0;-0,0;0,0;16,49789456;-136,19724367;20,8084762;-0,0;0,0;-0,0;-16,49789456;-20,8084762;-86,9510284;-0,0;0,0;0,0;16,49789456;20,8084762;136,19724367;-0,0;0,0;0,0;16,49789456;20,8084762;86,9510284;0,0;0,0;0,0;16,49789456;20,8084762;136,19724367;0,0
300166;EY;beam_y;60x80;0,0;0,0;-24,56776586;51,10797811;-17,30955187;-0,0;-0,0;0,0;24,56776586;-155,88949951;17,30955187;-0,0;0,0;-0,0;-24,56776586;-17,30955187;-51,10797811;-0,0;0,0;0,0;24,56776586;17,30955187;155,88949951;-0,0;0,0;0,0;24,56776586;17,30955187;51,10797811;0,0;0,0;0,0;24,56776586;17,30955187;155,88949951;0,0
300167;EY;beam_y;60x80;0,0;0,0;-169,88274726;25,35212065;63,30616993;0,0;0,0;0,0;169,88274726;-532,4521212;-63,30616993;0,0;0,0;0,0;-169,88274726;63,30616993;-25,35212065;0,0;0,0;0,0;169,88274726;-63,30616993;532,4521212;0,0;0,0;0,0;169,88274726;63,30616993;25,35212065;0,0;0,0;0,0;169,88274726;63,30616993;532,4521212;0,0
300168;EY;beam_y;60x80;0,0;0,0;-41,0011518;-11,25922426;13,05026358;-0,0;-0,0;0,0;41,0011518;-163,61068817;-13,05026358;-0,0;0,0;-0,0;-41,0011518;13,05026358;11,25922426;-0,0;0,0;0,0;41,0011518;-13,05026358;163,61068817;-0,0;0,0;0,0;41,0011518;13,05026358;11,25922426;0,0;0,0;0,0;41,0011518;13,05026358;163,61068817;0,0
300169;EY;beam_y;60x80;0,0;0,0;-13,47607102;68,18564065;-12,15469844;0,0;0,0;0,0;13,47607102;-108,41171265;12,15469844;0,0;0,0;0,0;-13,47607102;-12,15469844;-68,18564065;0,0;0,0;0,0;13,47607102;12,15469844;108,41171265;0,0;0,0;0,0;13,47607102;12,15469844;68,18564065;0,0;0,0;0,0;13,47607102;12,15469844;108,41171265;0,0
300170;EY;beam_y;60x80;0,0;0,0;-17,62954102;39,2343399;-11,32994969;-0,0;-0,0;0,0;17,62954102;-114,42433236;11,32994969;-0,0;0,0;-0,0;-17,62954102;-11,32994969;-39,2343399;-0,0;0,0;0,0;17,62954102;11,32994969;114,42433236;-0,0;0,0;0,0;17,62954102;11,32994969;39,2343399;0,0;0,0;0,0;17,62954102;11,32994969;114,42433236;0,0
300171;EY;beam_y;60x80;0,0;0,0;-117,53310392;13,76625266;46,20354934;0,0;0,0;0,0;117,53310392;-364,60256785;-46,20354934;0,0;0,0;0,0;-117,53310392;46,20354934;-13,76625266;0,0;0,0;0,0;117,53310392;-46,20354934;364,60256785;0,0;0,0;0,0;117,53310392;46,20354934;13,76625266;0,0;0,0;0,0;117,53310392;46,20354934;364,60256785;0,0
300172;EY;beam_y;60x80;0,0;0,0;-27,34634596;-6,47460208;10,14833807;-0,0;-0,0;0,0;27,34634596;-110,15756345;-10,14833807;-0,0;0,0;-0,0;-27,34634596;10,14833807;6,47460208;-0,0;0,0;0,0;27,34634596;-10,14833807;110,15756345;-0,0;0,0;0,0;27,34634596;10,14833807;6,47460208;0,0;0,0;0,0;27,34634596;10,14833807;110,15756345;0,0
300173;EY;beam_y;60x80;0,0;0,0;-7,764059;45,8655371;-4,64956351;0,0;0,0;0,0;7,764059;-69,04125321;4,64956351;0,0;0,0;0,0;-7,764059;-4,64956351;-45,8655371;0,0;0,0;0,0;7,764059;4,64956351;69,04125321;0,0;0,0;0,0;7,764059;4,64956351;45,8655371;0,0;0,0;0,0;7,764059;4,64956351;69,04125321;0,0
300174;EY;beam_y;60x80;0,0;0,0;-5,43248405;39,20999031;-6,78491481;-0,0;-0,0;0,0;5,43248405;-62,3795348;6,78491481;-0,0;0,0;-0,0;-5,43248405;-6,78491481;-39,20999031;-0,0;0,0;0,0;5,43248405;6,78491481;62,3795348;-0,0;0,0;0,0;5,43248405;6,78491481;39,20999031;0,0;0,0;0,0;5,43248405;6,78491481;62,3795348;0,0
300175;EY;beam_y;60x80;0,0;0,0;-61,29496825;-10,88916068;34,06940115;0,0;0,0;0,0;61,29496825;-172,07631954;-34,06940115;0,0;0,0;0,0;-61,29496825;34,06940115;10,88916068;0,0;0,0;0,0;61,29496825;-34,06940115;172,07631954;0,0;0,0;0,0;61,29496825;34,06940115;10,88916068;0,0;0,0;0,0;61,29496825;34,06940115;172,07631954;0,0
300176;EY;beam_y;60x80;0,0;0,0;-13,11332499;1,72924157;3,49301335;-0,0;-0,0;0,0;13,11332499;-57,65757266;-3,49301335;-0,0;0,0;-0,0;-13,11332499;3,49301335;-1,72924157;-0,0;0,0;0,0;13,11332499;-3,49301335;57,65757266;-0,0;0,0;0,0;13,11332499;3,49301335;1,72924157;0,0;0,0;0,0;13,11332499;3,49301335;57,65757266;0,0
300177;EY;beam_y;60x80;0,0;0,0;-2,09911155;16,69416139;1,77773773;0,0;0,0;0,0;2,09911155;-22,96000935;-1,77773773;0,0;0,0;0,0;-2,09911155;1,77773773;-16,69416139;0,0;0,0;0,0;2,09911155;-1,77773773;22,96000935;0,0;0,0;0,0;2,09911155;1,77773773;16,69416139;0,0;0,0;0,0;2,09911155;1,77773773;22,96000935;0,0
