elementTag;caso;tipo;seccion;global_i_Fx_kN;global_i_Fy_kN;global_i_Fz_kN;global_i_Mx_kNm;global_i_My_kNm;global_i_Mz_kNm;global_j_Fx_kN;global_j_Fy_kN;global_j_Fz_kN;global_j_Mx_kNm;global_j_My_kNm;global_j_Mz_kNm;local_i_N_kN;local_i_Vy_kN;local_i_Vz_kN;local_i_T_kNm;local_i_My_kNm;local_i_Mz_kNm;local_j_N_kN;local_j_Vy_kN;local_j_Vz_kN;local_j_T_kNm;local_j_My_kNm;local_j_Mz_kNm;unity_abs_i_N_kN;unity_abs_i_Vy_kN;unity_abs_i_Vz_kN;unity_abs_i_T_kNm;unity_abs_i_My_kNm;unity_abs_i_Mz_kNm;unity_abs_j_N_kN;unity_abs_j_Vy_kN;unity_abs_j_Vz_kN;unity_abs_j_T_kNm;unity_abs_j_My_kNm;unity_abs_j_Mz_kNm
1;EX;column;70x70;-26,00220965;0,13671137;102,11664661;-0,86799028;-86,70348711;0,02758983;26,00220965;-0,13671137;-102,11664661;0,3812978;-5,86437926;-0,02758983;102,11664661;-0,13671137;-26,00220965;0,02758983;86,70348711;-0,86799028;-102,11664661;0,13671137;26,00220965;-0,02758983;5,86437926;0,3812978;102,11664661;0,13671137;26,00220965;0,02758983;86,70348711;0,86799028;102,11664661;0,13671137;26,00220965;0,02758983;5,86437926;0,3812978
2;EX;column;70x70;-27,28882689;5,77557722;-215,11640469;-7,21819075;-55,97714573;7,08755034;27,28882689;-5,77557722;215,11640469;-13,34286415;-41,171078;-7,08755034;-215,11640469;-5,77557722;-27,28882689;7,08755034;55,97714573;-7,21819075;215,11640469;5,77557722;27,28882689;-7,08755034;41,171078;-13,34286415;215,11640469;5,77557722;27,28882689;7,08755034;55,97714573;7,21819075;215,11640469;5,77557722;27,28882689;7,08755034;41,171078;13,34286415
3;EX;column;70x70;-34,86398008;1,24504639;105,90341268;-2,18321451;-97,3275069;0,02758983;34,86398008;-1,24504639;-105,90341268;-2,24915066;-26,78826218;-0,02758983;105,90341268;-1,24504639;-34,86398008;0,02758983;97,3275069;-2,18321451;-105,90341268;1,24504639;34,86398008;-0,02758983;26,78826218;-2,24915066;105,90341268;1,24504639;34,86398008;0,02758983;97,3275069;2,18321451;105,90341268;1,24504639;34,86398008;0,02758983;26,78826218;2,24915066
4;EX;column;70x70;-35,48815266;0,7732103;-24,27981383;-1,47426479;-98,06819169;0,02758983;35,48815266;-0,7732103;24,27981383;-1,27836386;-28,26963176;-0,02758983;-24,27981383;-0,7732103;-35,48815266;0,02758983;98,06819169;-1,47426479;24,27981383;0,7732103;35,48815266;-0,02758983;28,26963176;-1,27836386;24,27981383;0,7732103;35,48815266;0,02758983;98,06819169;1,47426479;24,27981383;0,7732103;35,48815266;0,02758983;28,26963176;1,27836386
5;EX;column;70x70;-30,01000871;2,07716771;110,75654906;-3,17066514;-91,70010429;0,02758983;30,01000871;-2,07716771;-110,75654906;-4,22405192;-15,13552672;-0,02758983;110,75654906;-2,07716771;-30,01000871;0,02758983;91,70010429;-3,17066514;-110,75654906;2,07716771;30,01000871;-0,02758983;15,13552672;-4,22405192;110,75654906;2,07716771;30,01000871;0,02758983;91,70010429;3,17066514;110,75654906;2,07716771;30,01000871;0,02758983;15,13552672;4,22405192
6;EX;column;70x70;-27,93668206;-5,02301253;-252,30920637;5,34035263;-57,40118298;-9,89276304;27,93668206;5,02301253;252,30920637;12,54157198;-42,05340515;9,89276304;-252,30920637;5,02301253;-27,93668206;-9,89276304;57,40118298;5,34035263;252,30920637;-5,02301253;27,93668206;9,89276304;42,05340515;12,54157198;252,30920637;5,02301253;27,93668206;9,89276304;57,40118298;5,34035263;252,30920637;5,02301253;27,93668206;9,89276304;42,05340515;12,54157198
7;EX;beam_x;60x80;490,31158248;1,03305098;12,36159931;1,74655899;76,84669828;-3,42597085;-490,31158248;-1,03305098;-12,36159931;-1,74655899;46,76929481;-6,90453891;-490,31158248;-1,03305098;12,36159931;-1,74655899;-76,84669828;-3,42597085;490,31158248;1,03305098;-12,36159931;1,74655899;-46,76929481;-6,90453891;490,31158248;1,03305098;12,36159931;1,74655899;76,84669828;3,42597085;490,31158248;1,03305098;12,36159931;1,74655899;46,76929481;6,90453891
8;EX;beam_x;60x80;0,0;-0,0;18,88619273;-0,0620174;94,59965097;0,0;-0,0;0,0;-18,88619273;0,0620174;94,2622763;0,0;0,0;0,0;18,88619273;0,0620174;-94,59965097;0,0;0,0;-0,0;-18,88619273;-0,0620174;-94,2622763;0,0;0,0;0,0;18,88619273;0,0620174;94,59965097;0,0;0,0;0,0;18,88619273;0,0620174;94,2622763;0,0
9;EX;beam_x;60x80;484,00954623;-1,46290143;11,74922629;-1,955144;72,68795799;4,87054002;-484,00954623;1,46290143;-11,74922629;1,955144;44,80430487;9,75847424;-484,00954623;1,46290143;11,74922629;1,955144;-72,68795799;4,87054002;484,00954623;-1,46290143;-11,74922629;-1,955144;-44,80430487;9,75847424;484,00954623;1,46290143;11,74922629;1,955144;72,68795799;4,87054002;484,00954623;1,46290143;11,74922629;1,955144;44,80430487;9,75847424
10;EX;beam_y;60x80;57,56124775;-0,41254425;-4,09571629;-6,64984287;46,08409497;-104,34741415;-57,56124775;0,41254425;4,09571629;-8,19712869;-46,08409497;-104,31210892;-0,41254425;-57,56124775;-4,09571629;46,08409497;6,64984287;-104,34741415;0,41254425;57,56124775;4,09571629;-46,08409497;8,19712869;-104,31210892;0,41254425;57,56124775;4,09571629;46,08409497;6,64984287;104,34741415;0,41254425;57,56124775;4,09571629;46,08409497;8,19712869;104,31210892
11;EX;beam_y;60x80;34,52421712;3,33137962;2,48955092;1,38916109;9,04800676;-67,31037072;-34,52421712;-3,33137962;-2,48955092;7,635461;-9,04800676;-57,83991635;3,33137962;-34,52421712;2,48955092;9,04800676;-1,38916109;-67,31037072;-3,33137962;34,52421712;-2,48955092;-9,04800676;-7,635461;-57,83991635;3,33137962;34,52421712;2,48955092;9,04800676;1,38916109;67,31037072;3,33137962;34,52421712;2,48955092;9,04800676;7,635461;57,83991635
12;EX;beam_y;60x80;15,32751581;-0,51520558;-1,69550103;-4,52449482;27,85975073;-44,48951223;-15,32751581;0,51520558;1,69550103;-5,35179867;-27,85975073;-44,79326733;-0,51520558;-15,32751581;-1,69550103;27,85975073;4,52449482;-44,48951223;0,51520558;15,32751581;1,69550103;-27,85975073;5,35179867;-44,79326733;0,51520558;15,32751581;1,69550103;27,85975073;4,52449482;44,48951223;0,51520558;15,32751581;1,69550103;27,85975073;5,35179867;44,79326733
13;EX;beam_y;60x80;34,61683275;1,07638387;1,54305926;2,94184626;36,97411074;-77,05829393;-34,61683275;-1,07638387;-1,54305926;3,92476742;-36,97411074;-76,98661179;1,07638387;-34,61683275;1,54305926;36,97411074;-2,94184626;-77,05829393;-1,07638387;34,61683275;-1,54305926;-36,97411074;-3,92476742;-76,98661179;1,07638387;34,61683275;1,54305926;36,97411074;2,94184626;77,05829393;1,07638387;34,61683275;1,54305926;36,97411074;3,92476742;76,98661179
14;EX;column;70x70;-58,40276444;-2,85242719;93,8507636;4,52198608;-117,06641399;0,11713585;58,40276444;2,85242719;-93,8507636;5,63265473;-90,84742741;-0,11713585;93,8507636;2,85242719;-58,40276444;0,11713585;117,06641399;4,52198608;-93,8507636;-2,85242719;58,40276444;-0,11713585;90,84742741;5,63265473;93,8507636;2,85242719;58,40276444;0,11713585;117,06641399;4,52198608;93,8507636;2,85242719;58,40276444;0,11713585;90,84742741;5,63265473
15;EX;column;70x70;-158,8818331;4,05172276;39,85782555;-10,60435979;-334,58774276;-6,94282466;158,8818331;-4,05172276;-39,85782555;-3,81977323;-231,03158307;6,94282466;39,85782555;-4,05172276;-158,8818331;-6,94282466;334,58774276;-10,60435979;-39,85782555;4,05172276;158,8818331;6,94282466;231,03158307;-3,81977323;39,85782555;4,05172276;158,8818331;6,94282466;334,58774276;10,60435979;39,85782555;4,05172276;158,8818331;6,94282466;231,03158307;3,81977323
16;EX;column;70x70;-64,47047681;2,50821983;94,25361208;-3,15453928;-135,02537749;0,11713585;64,47047681;-2,50821983;-94,25361208;-5,77472332;-94,48951997;-0,11713585;94,25361208;-2,50821983;-64,47047681;0,11713585;135,02537749;-3,15453928;-94,25361208;2,50821983;64,47047681;-0,11713585;94,48951997;-5,77472332;94,25361208;2,50821983;64,47047681;0,11713585;135,02537749;3,15453928;94,25361208;2,50821983;64,47047681;0,11713585;94,48951997;5,77472332
17;EX;column;70x70;-74,73485993;-0,45415863;-9,04908793;1,25540992;-147,94646358;0,11713585;74,73485993;0,45415863;9,04908793;0,36139481;-118,10963777;-0,11713585;-9,04908793;0,45415863;-74,73485993;0,11713585;147,94646358;1,25540992;9,04908793;-0,45415863;74,73485993;-0,11713585;118,10963777;0,36139481;9,04908793;0,45415863;74,73485993;0,11713585;147,94646358;1,25540992;9,04908793;0,45415863;74,73485993;0,11713585;118,10963777;0,36139481
18;EX;column;70x70;-52,17155592;0,97284397;104,50128175;-2,32001056;-114,96847833;0,11713585;52,17155592;-0,97284397;-104,50128175;-1,14331398;-70,76226074;-0,11713585;104,50128175;-0,97284397;-52,17155592;0,11713585;114,96847833;-2,32001056;-104,50128175;0,97284397;52,17155592;-0,11713585;70,76226074;-1,14331398;104,50128175;0,97284397;52,17155592;0,11713585;114,96847833;2,32001056;104,50128175;0,97284397;52,17155592;0,11713585;70,76226074;1,14331398
19;EX;column;70x70;-156,92814678;-6,14669682;4,39559924;15,07944066;-332,33500622;10,03748872;156,92814678;6,14669682;-4,39559924;6,80280004;-226,3291963;-10,03748872;4,39559924;6,14669682;-156,92814678;10,03748872;332,33500622;15,07944066;-4,39559924;-6,14669682;156,92814678;-10,03748872;226,3291963;6,80280004;4,39559924;6,14669682;156,92814678;10,03748872;332,33500622;15,07944066;4,39559924;6,14669682;156,92814678;10,03748872;226,3291963;6,80280004
20;EX;beam_x;60x80;0,0;0,0;29,97448504;0,40266367;147,29796425;0,0;0,0;0,0;-29,97448504;-0,40266367;152,44688618;0,0;0,0;0,0;29,97448504;-0,40266367;-147,29796425;0,0;0,0;0,0;-29,97448504;0,40266367;-152,44688618;0,0;0,0;0,0;29,97448504;0,40266367;147,29796425;0,0;0,0;0,0;29,97448504;0,40266367;152,44688618;0,0
21;EX;beam_x;60x80;0,0;0,0;28,27185176;-0,47086898;143,96459827;0,0;0,0;0,0;-28,27185176;0,47086898;138,75391937;0,0;0,0;0,0;28,27185176;0,47086898;-143,96459827;0,0;0,0;0,0;-28,27185176;-0,47086898;-138,75391937;0,0;0,0;0,0;28,27185176;0,47086898;143,96459827;0,0;0,0;0,0;28,27185176;0,47086898;138,75391937;0,0
22;EX;beam_x;60x80;0,0;0,0;32,0518327;0,28392534;160,12643536;0,0;0,0;0,0;-32,0518327;-0,28392534;160,39189169;0,0;0,0;0,0;32,0518327;-0,28392534;-160,12643536;0,0;0,0;0,0;-32,0518327;0,28392534;-160,39189169;0,0;0,0;0,0;32,0518327;0,28392534;160,12643536;0,0;0,0;0,0;32,0518327;0,28392534;160,39189169;0,0
23;EX;beam_y;60x80;191,11362285;-0,05952617;-7,43815853;-12,03058296;61,01060543;-346,489628;-191,11362285;0,05952617;7,43815853;-14,93274173;-61,01060543;-346,29725483;-0,05952617;-191,11362285;-7,43815853;61,01060543;12,03058296;-346,489628;0,05952617;191,11362285;7,43815853;-61,01060543;14,93274173;-346,29725483;0,05952617;191,11362285;7,43815853;61,01060543;12,03058296;346,489628;0,05952617;191,11362285;7,43815853;61,01060543;14,93274173;346,29725483
24;EX;beam_y;60x80;0,0;0,0;0,82132396;3,40389809;6,11799229;-0,0;-0,0;0,0;-0,82132396;2,55070063;-6,11799229;-0,0;0,0;-0,0;0,82132396;6,11799229;-3,40389809;-0,0;0,0;0,0;-0,82132396;-6,11799229;-2,55070063;-0,0;0,0;0,0;0,82132396;6,11799229;3,40389809;0,0;0,0;0,0;0,82132396;6,11799229;2,55070063;0,0
25;EX;beam_y;60x80;-0,0;0,0;-0,39430803;-2,47358526;-2,58030615;0,0;0,0;0,0;0,39430803;-1,03575621;2,58030615;0,0;0,0;0,0;-0,39430803;-2,58030615;2,47358526;0,0;0,0;-0,0;0,39430803;2,58030615;1,03575621;0,0;0,0;0,0;0,39430803;2,58030615;2,47358526;0,0;0,0;0,0;0,39430803;2,58030615;1,03575621;0,0
26;EX;beam_y;60x80;-0,0;0,0;-0,98532294;-4,2881367;-5,77984584;0,0;0,0;0,0;0,98532294;-4,48123747;5,77984584;0,0;0,0;0,0;-0,98532294;-5,77984584;4,2881367;0,0;0,0;-0,0;0,98532294;5,77984584;4,48123747;0,0;0,0;0,0;0,98532294;5,77984584;4,2881367;0,0;0,0;0,0;0,98532294;5,77984584;4,48123747;0,0
27;EX;column;70x70;-60,26548735;-2,35910297;71,31443709;5,99526456;-117,46114227;-0,04035886;60,26548735;2,35910297;-71,31443709;2,403142;-97,08399271;0,04035886;71,31443709;2,35910297;-60,26548735;-0,04035886;117,46114227;5,99526456;-71,31443709;-2,35910297;60,26548735;0,04035886;97,08399271;2,403142;71,31443709;2,35910297;60,26548735;0,04035886;117,46114227;5,99526456;71,31443709;2,35910297;60,26548735;0,04035886;97,08399271;2,403142
28;EX;column;70x70;-78,54628294;-1,65703291;33,41757523;3,24408327;-127,85022004;-0,04035886;78,54628294;1,65703291;-33,41757523;2,65495388;-151,77454722;0,04035886;33,41757523;1,65703291;-78,54628294;-0,04035886;127,85022004;3,24408327;-33,41757523;-1,65703291;78,54628294;0,04035886;151,77454722;2,65495388;33,41757523;1,65703291;78,54628294;0,04035886;127,85022004;3,24408327;33,41757523;1,65703291;78,54628294;0,04035886;151,77454722;2,65495388
29;EX;column;70x70;-57,94300526;0,94687705;73,7759398;-2,97390864;-110,5300618;-0,04035886;57,94300526;-0,94687705;-73,7759398;-0,39697367;-95,74703694;0,04035886;73,7759398;-0,94687705;-57,94300526;-0,04035886;110,5300618;-2,97390864;-73,7759398;0,94687705;57,94300526;0,04035886;95,74703694;-0,39697367;73,7759398;0,94687705;57,94300526;0,04035886;110,5300618;2,97390864;73,7759398;0,94687705;57,94300526;0,04035886;95,74703694;0,39697367
30;EX;column;70x70;-88,66282116;-0,22554787;-9,74079265;0,18736035;-158,42395983;-0,04035886;88,66282116;0,22554787;9,74079265;0,61559005;-157,21568349;0,04035886;-9,74079265;0,22554787;-88,66282116;-0,04035886;158,42395983;0,18736035;9,74079265;-0,22554787;88,66282116;0,04035886;157,21568349;0,61559005;9,74079265;0,22554787;88,66282116;0,04035886;158,42395983;0,18736035;9,74079265;0,22554787;88,66282116;0,04035886;157,21568349;0,61559005
31;EX;column;70x70;-50,61503745;-0,78876073;72,05514102;1,89514484;-91,94448077;-0,04035886;50,61503745;0,78876073;-72,05514102;0,91284334;-88,24505254;0,04035886;72,05514102;0,78876073;-50,61503745;-0,04035886;91,94448077;1,89514484;-72,05514102;-0,78876073;50,61503745;0,04035886;88,24505254;0,91284334;72,05514102;0,78876073;50,61503745;0,04035886;91,94448077;1,89514484;72,05514102;0,78876073;50,61503745;0,04035886;88,24505254;0,91284334
32;EX;column;70x70;-72,53288451;-0,14803262;-1,1995556;-0,2819315;-117,37086667;-0,04035886;72,53288451;0,14803262;1,1995556;0,80892763;-140,84620217;0,04035886;-1,1995556;0,14803262;-72,53288451;-0,04035886;117,37086667;-0,2819315;1,1995556;-0,14803262;72,53288451;0,04035886;140,84620217;0,80892763;1,1995556;0,14803262;72,53288451;0,04035886;117,37086667;0,2819315;1,1995556;0,14803262;72,53288451;0,04035886;140,84620217;0,80892763
33;EX;beam_x;60x80;0,0;0,0;29,40519155;-0,30861001;154,54094132;0,0;0,0;0,0;-29,40519155;0,30861001;139,51097421;0,0;0,0;0,0;29,40519155;0,30861001;-154,54094132;0,0;0,0;0,0;-29,40519155;-0,30861001;-139,51097421;0,0;0,0;0,0;29,40519155;0,30861001;154,54094132;0,0;0,0;0,0;29,40519155;0,30861001;139,51097421;0,0
34;EX;beam_x;60x80;0,0;0,0;30,27061495;0,03806241;157,04999676;0,0;0,0;0,0;-30,27061495;-0,03806241;145,65615277;0,0;0,0;0,0;30,27061495;-0,03806241;-157,04999676;0,0;0,0;0,0;-30,27061495;0,03806241;-145,65615277;0,0;0,0;0,0;30,27061495;0,03806241;157,04999676;0,0;0,0;0,0;30,27061495;0,03806241;145,65615277;0,0
35;EX;beam_x;60x80;0,0;0,0;29,18601573;-0,20711294;151,98626996;0,0;0,0;0,0;-29,18601573;0,20711294;139,87388738;0,0;0,0;0,0;29,18601573;0,20711294;-151,98626996;0,0;0,0;0,0;-29,18601573;-0,20711294;-139,87388738;0,0;0,0;0,0;29,18601573;0,20711294;151,98626996;0,0;0,0;0,0;29,18601573;0,20711294;139,87388738;0,0
36;EX;beam_y;60x80;0,0;0,0;-0,30975755;-1,47563436;0,51523845;-0,0;-0,0;0,0;0,30975755;-0,7701079;-0,51523845;-0,0;0,0;-0,0;-0,30975755;0,51523845;1,47563436;-0,0;0,0;0,0;0,30975755;-0,51523845;0,7701079;-0,0;0,0;0,0;0,30975755;0,51523845;1,47563436;0,0;0,0;0,0;0,30975755;0,51523845;0,7701079;0,0
37;EX;beam_y;60x80;0,0;0,0;0,52672442;2,01639055;-2,09273951;-0,0;-0,0;0,0;-0,52672442;1,80236151;2,09273951;-0,0;0,0;-0,0;0,52672442;-2,09273951;-2,01639055;-0,0;0,0;0,0;-0,52672442;2,09273951;-1,80236151;-0,0;0,0;0,0;0,52672442;2,09273951;2,01639055;0,0;0,0;0,0;0,52672442;2,09273951;1,80236151;0,0
38;EX;beam_y;60x80;0,0;0,0;-0,12466198;-0,36287528;0,36936159;-0,0;-0,0;0,0;0,12466198;-0,74661631;-0,36936159;-0,0;0,0;-0,0;-0,12466198;0,36936159;0,36287528;-0,0;0,0;0,0;0,12466198;-0,36936159;0,74661631;-0,0;0,0;0,0;0,12466198;0,36936159;0,36287528;0,0;0,0;0,0;0,12466198;0,36936159;0,74661631;0,0
39;EX;beam_y;60x80;0,0;0,0;-0,6962201;-3,17119154;0,78918189;-0,0;-0,0;0,0;0,6962201;-3,02516735;-0,78918189;-0,0;0,0;-0,0;-0,6962201;0,78918189;3,17119154;-0,0;0,0;0,0;0,6962201;-0,78918189;3,02516735;-0,0;0,0;0,0;0,6962201;0,78918189;3,17119154;0,0;0,0;0,0;0,6962201;0,78918189;3,02516735;0,0
40;EX;column;70x70;-38,03102425;0,09344654;42,21900309;-0,61889763;-57,97218707;0,02214538;38,03102425;-0,09344654;-42,21900309;0,28622796;-77,41825926;-0,02214538;42,21900309;-0,09344654;-38,03102425;0,02214538;57,97218707;-0,61889763;-42,21900309;0,09344654;38,03102425;-0,02214538;77,41825926;0,28622796;42,21900309;0,09344654;38,03102425;0,02214538;57,97218707;0,61889763;42,21900309;0,09344654;38,03102425;0,02214538;77,41825926;0,28622796
41;EX;column;70x70;-82,25318629;-0,58631422;0,27040929;1,61032858;-143,44649644;0,02214538;82,25318629;0,58631422;-0,27040929;0,47695006;-149,37484676;-0,02214538;0,27040929;0,58631422;-82,25318629;0,02214538;143,44649644;1,61032858;-0,27040929;-0,58631422;82,25318629;-0,02214538;149,37484676;0,47695006;0,27040929;0,58631422;82,25318629;0,02214538;143,44649644;1,61032858;0,27040929;0,58631422;82,25318629;0,02214538;149,37484676;0,47695006
42;EX;column;70x70;-39,31280737;-0,73897885;43,32022927;1,49189445;-61,15708296;0,02214538;39,31280737;0,73897885;-43,32022927;1,13887026;-78,79651128;-0,02214538;43,32022927;0,73897885;-39,31280737;0,02214538;61,15708296;1,49189445;-43,32022927;-0,73897885;39,31280737;-0,02214538;78,79651128;1,13887026;43,32022927;0,73897885;39,31280737;0,02214538;61,15708296;1,49189445;43,32022927;0,73897885;39,31280737;0,02214538;78,79651128;1,13887026
43;EX;column;70x70;-74,84478076;-0,6840902;-5,5466898;1,38568783;-128,3361564;0,02214538;74,84478076;0,6840902;5,5466898;1,04967327;-138,11126309;-0,02214538;-5,5466898;0,6840902;-74,84478076;0,02214538;128,3361564;1,38568783;5,5466898;-0,6840902;74,84478076;-0,02214538;138,11126309;1,04967327;5,5466898;0,6840902;74,84478076;0,02214538;128,3361564;1,38568783;5,5466898;0,6840902;74,84478076;0,02214538;138,11126309;1,04967327
44;EX;column;70x70;-39,91988682;-0,14807825;42,7444633;0,04088591;-63,37185582;0,02214538;39,91988682;0,14807825;-42,7444633;0,48627265;-78,74294125;-0,02214538;42,7444633;0,14807825;-39,91988682;0,02214538;63,37185582;0,04088591;-42,7444633;-0,14807825;39,91988682;-0,02214538;78,74294125;0,48627265;42,7444633;0,14807825;39,91988682;0,02214538;63,37185582;0,04088591;42,7444633;0,14807825;39,91988682;0,02214538;78,74294125;0,48627265
45;EX;column;70x70;-77,09722906;-1,06185865;0,15810387;2,1192954;-134,08093974;0,02214538;77,09722906;1,06185865;-0,15810387;1,66092141;-140,38519573;-0,02214538;0,15810387;1,06185865;-77,09722906;0,02214538;134,08093974;2,1192954;-0,15810387;-1,06185865;77,09722906;-0,02214538;140,38519573;1,66092141;0,15810387;1,06185865;77,09722906;0,02214538;134,08093974;2,1192954;0,15810387;1,06185865;77,09722906;0,02214538;140,38519573;1,66092141
46;EX;beam_x;60x80;0,0;0,0;25,84422607;0,1742197;133,65751891;-0,0;0,0;-0,0;-25,84422607;-0,1742197;124,7847418;-0,0;0,0;-0,0;25,84422607;-0,1742197;-133,65751891;-0,0;0,0;0,0;-25,84422607;0,1742197;-124,7847418;-0,0;0,0;0,0;25,84422607;0,1742197;133,65751891;0,0;0,0;0,0;25,84422607;0,1742197;124,7847418;0,0
47;EX;beam_x;60x80;0,0;0,0;26,41543306;0,03403359;135,98302654;-0,0;0,0;-0,0;-26,41543306;-0,03403359;128,17130409;-0,0;0,0;-0,0;26,41543306;-0,03403359;-135,98302654;-0,0;0,0;0,0;-26,41543306;0,03403359;-128,17130409;-0,0;0,0;0,0;26,41543306;0,03403359;135,98302654;0,0;0,0;0,0;26,41543306;0,03403359;128,17130409;0,0
48;EX;beam_x;60x80;0,0;0,0;26,12909539;0,00694723;134,63674221;-0,0;0,0;-0,0;-26,12909539;-0,00694723;126,6542117;-0,0;0,0;-0,0;26,12909539;-0,00694723;-134,63674221;-0,0;0,0;0,0;-26,12909539;0,00694723;-126,6542117;-0,0;0,0;0,0;26,12909539;0,00694723;134,63674221;0,0;0,0;0,0;26,12909539;0,00694723;126,6542117;0,0
49;EX;beam_y;60x80;0,0;0,0;-0,15977773;-0,53673343;-0,07498565;-0,0;-0,0;0,0;0,15977773;-0,62165512;0,07498565;-0,0;0,0;-0,0;-0,15977773;-0,07498565;0,53673343;-0,0;0,0;0,0;0,15977773;0,07498565;0,62165512;-0,0;0,0;0,0;0,15977773;0,07498565;0,53673343;0,0;0,0;0,0;0,15977773;0,07498565;0,62165512;0,0
50;EX;beam_y;60x80;0,0;0,0;0,11065573;0,25766466;-0,83601795;-0,0;-0,0;0,0;-0,11065573;0,5445894;0,83601795;-0,0;0,0;-0,0;0,11065573;-0,83601795;-0,25766466;-0,0;0,0;0,0;-0,11065573;0,83601795;-0,5445894;-0,0;0,0;0,0;0,11065573;0,83601795;0,25766466;0,0;0,0;0,0;0,11065573;0,83601795;0,5445894;0,0
51;EX;beam_y;60x80;-0,0;0,0;-0,11055114;-0,50439014;-0,23431049;0,0;0,0;0,0;0,11055114;-0,47951503;0,23431049;0,0;0,0;0,0;-0,11055114;-0,23431049;0,50439014;0,0;0,0;-0,0;0,11055114;0,23431049;0,47951503;0,0;0,0;0,0;0,11055114;0,23431049;0,50439014;0,0;0,0;0,0;0,11055114;0,23431049;0,47951503;0,0
52;EX;beam_y;60x80;-0,0;0,0;-0,81520083;-3,66934482;-0,13451253;0,0;0,0;0,0;0,81520083;-3,58594257;0,13451253;0,0;0,0;0,0;-0,81520083;-0,13451253;3,66934482;0,0;0,0;-0,0;0,81520083;0,13451253;3,58594257;0,0;0,0;0,0;0,81520083;0,13451253;3,66934482;0,0;0,0;0,0;0,81520083;0,13451253;3,58594257;0,0
53;EX;column;70x70;-40,53977755;-0,05228397;16,53455475;0,07628577;-56,164274;0,12634367;40,53977755;0,05228397;-16,53455475;0,10984515;-88,15733407;-0,12634367;16,53455475;0,05228397;-40,53977755;0,12634367;56,164274;0,07628577;-16,53455475;-0,05228397;40,53977755;-0,12634367;88,15733407;0,10984515;16,53455475;0,05228397;40,53977755;0,12634367;56,164274;0,07628577;16,53455475;0,05228397;40,53977755;0,12634367;88,15733407;0,10984515
54;EX;column;70x70;-76,20505844;0,05565098;-1,16031403;-0,10485548;-117,96669587;0,12634367;76,20505844;-0,05565098;1,16031403;-0,09326202;-153,32331218;-0,12634367;-1,16031403;-0,05565098;-76,20505844;0,12634367;117,96669587;-0,10485548;1,16031403;0,05565098;76,20505844;-0,12634367;153,32331218;-0,09326202;1,16031403;0,05565098;76,20505844;0,12634367;117,96669587;0,10485548;1,16031403;0,05565098;76,20505844;0,12634367;153,32331218;0,09326202
55;EX;column;70x70;-41,0434015;-0,06241722;16,85556962;-0,0468586;-57,02719042;0,12634367;41,0434015;0,06241722;-16,85556962;0,26906389;-89,08731891;-0,12634367;16,85556962;0,06241722;-41,0434015;0,12634367;57,02719042;-0,0468586;-16,85556962;-0,06241722;41,0434015;-0,12634367;89,08731891;0,26906389;16,85556962;0,06241722;41,0434015;0,12634367;57,02719042;0,0468586;16,85556962;0,06241722;41,0434015;0,12634367;89,08731891;0,26906389
56;EX;column;70x70;-74,8726151;-1,05722921;-3,05534755;1,67245808;-114,32133395;0,12634367;74,8726151;1,05722921;3,05534755;2,0912779;-152,2251758;-0,12634367;-3,05534755;1,05722921;-74,8726151;0,12634367;114,32133395;1,67245808;3,05534755;-1,05722921;74,8726151;-0,12634367;152,2251758;2,0912779;3,05534755;1,05722921;74,8726151;0,12634367;114,32133395;1,67245808;3,05534755;1,05722921;74,8726151;0,12634367;152,2251758;2,0912779
57;EX;column;70x70;-40,51582174;-0,04939697;16,50481677;-0,01370485;-56,12811145;0,12634367;40,51582174;0,04939697;-16,50481677;0,18955806;-88,10821394;-0,12634367;16,50481677;0,04939697;-40,51582174;0,12634367;56,12811145;-0,01370485;-16,50481677;-0,04939697;40,51582174;-0,12634367;88,10821394;0,18955806;16,50481677;0,04939697;40,51582174;0,12634367;56,12811145;0,01370485;16,50481677;0,04939697;40,51582174;0,12634367;88,10821394;0,18955806
58;EX;column;70x70;-75,40945163;-1,44122751;-0,41293297;2,29109897;-115,0603606;0,12634367;75,40945163;1,44122751;0,41293297;2,83967098;-153,39728722;-0,12634367;-0,41293297;1,44122751;-75,40945163;0,12634367;115,0603606;2,29109897;0,41293297;-1,44122751;75,40945163;-0,12634367;153,39728722;2,83967098;0,41293297;1,44122751;75,40945163;0,12634367;115,0603606;2,29109897;0,41293297;1,44122751;75,40945163;0,12634367;153,39728722;2,83967098
59;EX;beam_x;60x80;0,0;0,0;16,60159734;0,17942243;88,21040871;-0,0;0,0;-0,0;-16,60159734;-0,17942243;77,80556465;-0,0;0,0;-0,0;16,60159734;-0,17942243;-88,21040871;-0,0;0,0;0,0;-16,60159734;0,17942243;-77,80556465;-0,0;0,0;0,0;16,60159734;0,17942243;88,21040871;0,0;0,0;0,0;16,60159734;0,17942243;77,80556465;0,0
60;EX;beam_x;60x80;0,0;0,0;16,81062273;0,00966185;89,28985201;-0,0;0,0;-0,0;-16,81062273;-0,00966185;78,81637532;-0,0;0,0;-0,0;16,81062273;-0,00966185;-89,28985201;-0,0;0,0;0,0;-16,81062273;0,00966185;-78,81637532;-0,0;0,0;0,0;16,81062273;0,00966185;89,28985201;0,0;0,0;0,0;16,81062273;0,00966185;78,81637532;0,0
61;EX;beam_x;60x80;0,0;0,0;16,48272107;-0,07484093;87,8526062;-0,0;0,0;-0,0;-16,48272107;0,07484093;76,97460453;-0,0;0,0;-0,0;16,48272107;0,07484093;-87,8526062;-0,0;0,0;0,0;-16,48272107;-0,07484093;-76,97460453;-0,0;0,0;0,0;16,48272107;0,07484093;87,8526062;0,0;0,0;0,0;16,48272107;0,07484093;76,97460453;0,0
62;EX;beam_y;60x80;0,0;0,0;-0,06704259;-0,28926758;-0,05307463;-0,0;-0,0;0,0;0,06704259;-0,19679117;0,05307463;-0,0;0,0;-0,0;-0,06704259;-0,05307463;0,28926758;-0,0;0,0;0,0;0,06704259;0,05307463;0,19679117;-0,0;0,0;0,0;0,06704259;0,05307463;0,28926758;0,0;0,0;0,0;0,06704259;0,05307463;0,19679117;0,0
63;EX;beam_y;60x80;0,0;0,0;0,2114517;0,49512753;-0,00384846;-0,0;-0,0;0,0;-0,2114517;1,03789727;0,00384846;-0,0;0,0;-0,0;0,2114517;-0,00384846;-0,49512753;-0,0;0,0;0,0;-0,2114517;0,00384846;-1,03789727;-0,0;0,0;0,0;0,2114517;0,00384846;0,49512753;0,0;0,0;0,0;0,2114517;0,00384846;1,03789727;0,0
64;EX;beam_y;60x80;0,0;0,0;-0,0220957;-0,08193457;-0,25560774;-0,0;-0,0;0,0;0,0220957;-0,11471714;0,25560774;-0,0;0,0;-0,0;-0,0220957;-0,25560774;0,08193457;-0,0;0,0;0,0;0,0220957;0,25560774;0,11471714;-0,0;0,0;0,0;0,0220957;0,25560774;0,08193457;0,0;0,0;0,0;0,0220957;0,25560774;0,11471714;0,0
65;EX;beam_y;60x80;0,0;0,0;-0,63994798;-2,92267236;-0,01925607;-0,0;-0,0;0,0;0,63994798;-2,77286466;0,01925607;-0,0;0,0;-0,0;-0,63994798;-0,01925607;2,92267236;-0,0;0,0;0,0;0,63994798;0,01925607;2,77286466;-0,0;0,0;0,0;0,63994798;0,01925607;2,92267236;0,0;0,0;0,0;0,63994798;0,01925607;2,77286466;0,0
66;EX;column;70x70;-201,11062428;-0,24844695;-16,19353897;1,04046977;-423,09971385;0,14472568;201,11062428;0,24844695;16,19353897;-0,15599862;-292,85410858;-0,14472568;-16,19353897;0,24844695;-201,11062428;0,14472568;423,09971385;1,04046977;16,19353897;-0,24844695;201,11062428;-0,14472568;292,85410858;-0,15599862;16,19353897;0,24844695;201,11062428;0,14472568;423,09971385;1,04046977;16,19353897;0,24844695;201,11062428;0,14472568;292,85410858;0,15599862
67;EX;column;70x70;-193,80891342;-2,10853948;-26,36097624;4,02957345;-414,43501697;0,14472568;193,80891342;2,10853948;26,36097624;3,47682711;-275,52471481;-0,14472568;-26,36097624;2,10853948;-193,80891342;0,14472568;414,43501697;4,02957345;26,36097624;-2,10853948;193,80891342;-0,14472568;275,52471481;3,47682711;26,36097624;2,10853948;193,80891342;0,14472568;414,43501697;4,02957345;26,36097624;2,10853948;193,80891342;0,14472568;275,52471481;3,47682711
68;EX;column;70x70;-225,02318722;-5,48440048;229,91635818;8,81738905;-451,47595521;0,14472568;225,02318722;5,48440048;-229,91635818;10,70707665;-349,6065913;-0,14472568;229,91635818;5,48440048;-225,02318722;0,14472568;451,47595521;8,81738905;-229,91635818;-5,48440048;225,02318722;-0,14472568;349,6065913;10,70707665;229,91635818;5,48440048;225,02318722;0,14472568;451,47595521;8,81738905;229,91635818;5,48440048;225,02318722;0,14472568;349,6065913;10,70707665
69;EX;column;70x70;-188,78760016;-3,64370337;-344,182126;7,02399209;-408,4763919;0,14472568;188,78760016;3,64370337;344,182126;5,94759191;-263,60746468;-0,14472568;-344,182126;3,64370337;-188,78760016;0,14472568;408,4763919;7,02399209;344,182126;-3,64370337;188,78760016;-0,14472568;263,60746468;5,94759191;344,182126;3,64370337;188,78760016;0,14472568;408,4763919;7,02399209;344,182126;3,64370337;188,78760016;0,14472568;263,60746468;5,94759191
70;EX;column;70x70;-195,80484513;-0,66610925;3,77076916;1,53609569;-417,37032316;0,14472568;195,80484513;0,66610925;-3,77076916;0,83525323;-279,6949255;-0,14472568;3,77076916;0,66610925;-195,80484513;0,14472568;417,37032316;1,53609569;-3,77076916;-0,66610925;195,80484513;-0,14472568;279,6949255;0,83525323;3,77076916;0,66610925;195,80484513;0,14472568;417,37032316;1,53609569;3,77076916;0,66610925;195,80484513;0,14472568;279,6949255;0,83525323
71;EX;column;70x70;-194,73348569;-2,06042286;-5,81745003;3,97247506;-416,09897662;0,14472568;194,73348569;2,06042286;5,81745003;3,36263031;-277,15223243;-0,14472568;-5,81745003;2,06042286;-194,73348569;0,14472568;416,09897662;3,97247506;5,81745003;-2,06042286;194,73348569;-0,14472568;277,15223243;3,36263031;5,81745003;2,06042286;194,73348569;0,14472568;416,09897662;3,97247506;5,81745003;2,06042286;194,73348569;0,14472568;277,15223243;3,36263031
72;EX;column;70x70;-231,6710412;-2,85986786;226,78366318;5,70294368;-459,9315425;0,14472568;231,6710412;2,85986786;-226,78366318;4,4781859;-364,81736418;-0,14472568;226,78366318;2,85986786;-231,6710412;0,14472568;459,9315425;5,70294368;-226,78366318;-2,85986786;231,6710412;-0,14472568;364,81736418;4,4781859;226,78366318;2,85986786;231,6710412;0,14472568;459,9315425;5,70294368;226,78366318;2,85986786;231,6710412;0,14472568;364,81736418;4,4781859
73;EX;column;70x70;-188,81393042;-3,71200228;-338,01505313;7,10504013;-409,0744377;0,14472568;188,81393042;3,71200228;338,01505313;6,10968799;-263,10315459;-0,14472568;-338,01505313;3,71200228;-188,81393042;0,14472568;409,0744377;7,10504013;338,01505313;-3,71200228;188,81393042;-0,14472568;263,10315459;6,10968799;338,01505313;3,71200228;188,81393042;0,14472568;409,0744377;7,10504013;338,01505313;3,71200228;188,81393042;0,14472568;263,10315459;6,10968799
74;EX;column;70x70;-197,3705011;-1,04130692;1,46659019;1,98133026;-419,92403147;0,14472568;197,3705011;1,04130692;-1,46659019;1,72572238;-282,71495246;-0,14472568;1,46659019;1,04130692;-197,3705011;0,14472568;419,92403147;1,98133026;-1,46659019;-1,04130692;197,3705011;-0,14472568;282,71495246;1,72572238;1,46659019;1,04130692;197,3705011;0,14472568;419,92403147;1,98133026;1,46659019;1,04130692;197,3705011;0,14472568;282,71495246;1,72572238
75;EX;column;70x70;-196,26131552;-1,7700651;-2,93095403;3,62791719;-418,60779791;0,14472568;196,26131552;1,7700651;2,93095403;2,67351457;-280,08248533;-0,14472568;-2,93095403;1,7700651;-196,26131552;0,14472568;418,60779791;3,62791719;2,93095403;-1,7700651;196,26131552;-0,14472568;280,08248533;2,67351457;2,93095403;1,7700651;196,26131552;0,14472568;418,60779791;3,62791719;2,93095403;1,7700651;196,26131552;0,14472568;280,08248533;2,67351457
76;EX;column;70x70;-225,43640037;-1,29466457;240,54017971;3,8455691;-453,2288986;0,14472568;225,43640037;1,29466457;-240,54017971;0,76343675;-349,32468672;-0,14472568;240,54017971;1,29466457;-225,43640037;0,14472568;453,2288986;3,8455691;-240,54017971;-1,29466457;225,43640037;-0,14472568;349,32468672;0,76343675;240,54017971;1,29466457;225,43640037;0,14472568;453,2288986;3,8455691;240,54017971;1,29466457;225,43640037;0,14472568;349,32468672;0,76343675
77;EX;column;70x70;-190,7490863;-3,21701415;-339,68747246;6,51765422;-412,06661924;0,14472568;190,7490863;3,21701415;339,68747246;4,93491616;-267,000128;-0,14472568;-339,68747246;3,21701415;-190,7490863;0,14472568;412,06661924;6,51765422;339,68747246;-3,21701415;190,7490863;-0,14472568;267,000128;4,93491616;339,68747246;3,21701415;190,7490863;0,14472568;412,06661924;6,51765422;339,68747246;3,21701415;190,7490863;0,14472568;267,000128;4,93491616
78;EX;column;70x70;-66,29820789;0,05147429;14,87696067;-0,8577414;-101,43245981;-0,04035886;66,29820789;-0,05147429;-14,87696067;0,67449294;-134,58916028;0,04035886;14,87696067;-0,05147429;-66,29820789;-0,04035886;101,43245981;-0,8577414;-14,87696067;0,05147429;66,29820789;0,04035886;134,58916028;0,67449294;14,87696067;0,05147429;66,29820789;0,04035886;101,43245981;0,8577414;14,87696067;0,05147429;66,29820789;0,04035886;134,58916028;0,67449294
79;EX;column;70x70;-60,66602623;1,07583177;-22,78259096;-1,64760484;-86,08424069;-0,04035886;60,66602623;-1,07583177;22,78259096;-2,18235626;-129,8868127;0,04035886;-22,78259096;-1,07583177;-60,66602623;-0,04035886;86,08424069;-1,64760484;22,78259096;1,07583177;60,66602623;0,04035886;129,8868127;-2,18235626;22,78259096;1,07583177;60,66602623;0,04035886;86,08424069;1,64760484;22,78259096;1,07583177;60,66602623;0,04035886;129,8868127;2,18235626
80;EX;column;70x70;-97,21260394;-0,99765339;148,51930035;3,03735025;-166,49378448;-0,04035886;97,21260394;0,99765339;-148,51930035;0,51429584;-179,58308554;0,04035886;148,51930035;0,99765339;-97,21260394;-0,04035886;166,49378448;3,03735025;-148,51930035;-0,99765339;97,21260394;0,04035886;179,58308554;0,51429584;148,51930035;0,99765339;97,21260394;0,04035886;166,49378448;3,03735025;148,51930035;0,99765339;97,21260394;0,04035886;179,58308554;0,51429584
81;EX;column;70x70;-49,73343848;1,24210712;-219,06605128;-2,69559398;-67,15227816;-0,04035886;49,73343848;-1,24210712;219,06605128;-1,72630738;-109,89876284;0,04035886;-219,06605128;-1,24210712;-49,73343848;-0,04035886;67,15227816;-2,69559398;219,06605128;1,24210712;49,73343848;0,04035886;109,89876284;-1,72630738;219,06605128;1,24210712;49,73343848;0,04035886;67,15227816;2,69559398;219,06605128;1,24210712;49,73343848;0,04035886;109,89876284;1,72630738
82;EX;column;70x70;-60,33284257;0,14798037;-0,72600586;-0,47663603;-86,76570666;-0,04035886;60,33284257;-0,14798037;0,72600586;-0,05017409;-128,01921289;0,04035886;-0,72600586;-0,14798037;-60,33284257;-0,04035886;86,76570666;-0,47663603;0,72600586;0,14798037;60,33284257;0,04035886;128,01921289;-0,05017409;0,72600586;0,14798037;60,33284257;0,04035886;86,76570666;0,47663603;0,72600586;0,14798037;60,33284257;0,04035886;128,01921289;0,05017409
83;EX;column;70x70;-59,55894097;0,48333714;-0,52769989;-1,00160961;-84,57599689;-0,04035886;59,55894097;-0,48333714;0,52769989;-0,71907062;-127,45383295;0,04035886;-0,52769989;-0,48333714;-59,55894097;-0,04035886;84,57599689;-1,00160961;0,52769989;0,48333714;59,55894097;0,04035886;127,45383295;-0,71907062;0,52769989;0,48333714;59,55894097;0,04035886;84,57599689;1,00160961;0,52769989;0,48333714;59,55894097;0,04035886;127,45383295;0,71907062
84;EX;column;70x70;-101,91154672;1,1944397;152,30022526;-2,67837893;-178,66698825;-0,04035886;101,91154672;-1,1944397;-152,30022526;-1,57382639;-184,13811805;0,04035886;152,30022526;-1,1944397;-101,91154672;-0,04035886;178,66698825;-2,67837893;-152,30022526;1,1944397;101,91154672;0,04035886;184,13811805;-1,57382639;152,30022526;1,1944397;101,91154672;0,04035886;178,66698825;2,67837893;152,30022526;1,1944397;101,91154672;0,04035886;184,13811805;1,57382639
85;EX;column;70x70;-48,88696685;1,20452101;-216,37760283;-2,56994375;-64,88738202;-0,04035886;48,88696685;-1,20452101;216,37760283;-1,71815104;-109,15021997;0,04035886;-216,37760283;-1,20452101;-48,88696685;-0,04035886;64,88738202;-2,56994375;216,37760283;1,20452101;48,88696685;0,04035886;109,15021997;-1,71815104;216,37760283;1,20452101;48,88696685;0,04035886;64,88738202;2,56994375;216,37760283;1,20452101;48,88696685;0,04035886;109,15021997;1,71815104
86;EX;column;70x70;-60,74328151;-0,09467279;-0,70153547;0,25654696;-87,52504653;-0,04035886;60,74328151;0,09467279;0,70153547;0,08048818;-128,72103565;0,04035886;-0,70153547;0,09467279;-60,74328151;-0,04035886;87,52504653;0,25654696;0,70153547;-0,09467279;60,74328151;0,04035886;128,72103565;0,08048818;0,70153547;0,09467279;60,74328151;0,04035886;87,52504653;0,25654696;0,70153547;0,09467279;60,74328151;0,04035886;128,72103565;0,08048818
87;EX;column;70x70;-59,4718311;0,67709674;0,75687846;-1,57609554;-84,70002514;-0,04035886;59,4718311;-0,67709674;-0,75687846;-0,83436886;-127,01969356;0,04035886;0,75687846;-0,67709674;-59,4718311;-0,04035886;84,70002514;-1,57609554;-0,75687846;0,67709674;59,4718311;0,04035886;127,01969356;-0,83436886;0,75687846;0,67709674;59,4718311;0,04035886;84,70002514;1,57609554;0,75687846;0,67709674;59,4718311;0,04035886;127,01969356;0,83436886
88;EX;column;70x70;-95,21982282;2,43949517;152,1021994;-6,01321933;-161,74207601;-0,04035886;95,21982282;-2,43949517;-152,1021994;-2,67138348;-177,24049321;0,04035886;152,1021994;-2,43949517;-95,21982282;-0,04035886;161,74207601;-6,01321933;-152,1021994;2,43949517;95,21982282;0,04035886;177,24049321;-2,67138348;152,1021994;2,43949517;95,21982282;0,04035886;161,74207601;6,01321933;152,1021994;2,43949517;95,21982282;0,04035886;177,24049321;2,67138348
89;EX;column;70x70;-49,07310568;1,48669427;-214,41314788;-3,49217527;-65,81902564;-0,04035886;49,07310568;-1,48669427;214,41314788;-1,80045634;-108,88123056;0,04035886;-214,41314788;-1,48669427;-49,07310568;-0,04035886;65,81902564;-3,49217527;214,41314788;1,48669427;49,07310568;0,04035886;108,88123056;-1,80045634;214,41314788;1,48669427;49,07310568;0,04035886;65,81902564;3,49217527;214,41314788;1,48669427;49,07310568;0,04035886;108,88123056;1,80045634
90;EX;column;70x70;-81,18596796;-1,1251198;15,53873511;2,63432057;-139,52905947;0,02214538;81,18596796;1,1251198;-15,53873511;1,37110593;-149,49298648;-0,02214538;15,53873511;1,1251198;-81,18596796;0,02214538;139,52905947;2,63432057;-15,53873511;-1,1251198;81,18596796;-0,02214538;149,49298648;1,37110593;15,53873511;1,1251198;81,18596796;0,02214538;139,52905947;2,63432057;15,53873511;1,1251198;81,18596796;0,02214538;149,49298648;1,37110593
91;EX;column;70x70;-81,62199412;0,8186473;-20,59046483;-0,97591963;-142,02765183;0,02214538;81,62199412;-0,8186473;20,59046483;-1,93846477;-148,54664724;-0,02214538;-20,59046483;-0,8186473;-81,62199412;0,02214538;142,02765183;-0,97591963;20,59046483;0,8186473;81,62199412;-0,02214538;148,54664724;-1,93846477;20,59046483;0,8186473;81,62199412;0,02214538;142,02765183;0,97591963;20,59046483;0,8186473;81,62199412;0,02214538;148,54664724;1,93846477
92;EX;column;70x70;-93,04017011;-0,04974663;87,28348303;0,62833265;-161,90488797;0,02214538;93,04017011;0,04974663;-87,28348303;-0,45123464;-169,31811761;-0,02214538;87,28348303;0,04974663;-93,04017011;0,02214538;161,90488797;0,62833265;-87,28348303;-0,04974663;93,04017011;-0,02214538;169,31811761;-0,45123464;87,28348303;0,04974663;93,04017011;0,02214538;161,90488797;0,62833265;87,28348303;0,04974663;93,04017011;0,02214538;169,31811761;0,45123464
93;EX;column;70x70;-64,87644854;-0,30204112;-131,52165008;1,51378892;-115,14155868;0,02214538;64,87644854;0,30204112;131,52165008;-0,43852253;-115,81859812;-0,02214538;-131,52165008;0,30204112;-64,87644854;0,02214538;115,14155868;1,51378892;131,52165008;-0,30204112;64,87644854;-0,02214538;115,81859812;-0,43852253;131,52165008;0,30204112;64,87644854;0,02214538;115,14155868;1,51378892;131,52165008;0,30204112;64,87644854;0,02214538;115,81859812;0,43852253
94;EX;column;70x70;-78,16093032;-0,64417508;0,07110406;1,45345302;-136,6930912;0,02214538;78,16093032;0,64417508;-0,07110406;0,83981027;-141,55982074;-0,02214538;0,07110406;0,64417508;-78,16093032;0,02214538;136,6930912;1,45345302;-0,07110406;-0,64417508;78,16093032;-0,02214538;141,55982074;0,83981027;0,07110406;0,64417508;78,16093032;0,02214538;136,6930912;1,45345302;0,07110406;0,64417508;78,16093032;0,02214538;141,55982074;0,83981027
95;EX;column;70x70;-78,11991738;-0,55957579;-0,44248418;1,4197638;-136,99740581;0,02214538;78,11991738;0,55957579;0,44248418;0,57232602;-141,10950005;-0,02214538;-0,44248418;0,55957579;-78,11991738;0,02214538;136,99740581;1,4197638;0,44248418;-0,55957579;78,11991738;-0,02214538;141,10950005;0,57232602;0,44248418;0,55957579;78,11991738;0,02214538;136,99740581;1,4197638;0,44248418;0,55957579;78,11991738;0,02214538;141,10950005;0,57232602
96;EX;column;70x70;-92,51290329;-0,70839724;90,35431859;1,92309295;-160,50294204;0,02214538;92,51290329;0,70839724;-90,35431859;0,59880124;-168,84299367;-0,02214538;90,35431859;0,70839724;-92,51290329;0,02214538;160,50294204;1,92309295;-90,35431859;-0,70839724;92,51290329;-0,02214538;168,84299367;0,59880124;90,35431859;0,70839724;92,51290329;0,02214538;160,50294204;1,92309295;90,35431859;0,70839724;92,51290329;0,02214538;168,84299367;0,59880124
97;EX;column;70x70;-65,12657301;-0,63793647;-128,46281133;1,87593889;-115,93910012;0,02214538;65,12657301;0,63793647;128,46281133;0,39511495;-115,91149978;-0,02214538;-128,46281133;0,63793647;-65,12657301;0,02214538;115,93910012;1,87593889;128,46281133;-0,63793647;65,12657301;-0,02214538;115,91149978;0,39511495;128,46281133;0,63793647;65,12657301;0,02214538;115,93910012;1,87593889;128,46281133;0,63793647;65,12657301;0,02214538;115,91149978;0,39511495
98;EX;column;70x70;-78,26962499;-0,37907517;-0,03657923;0,98158164;-137,33734526;0,02214538;78,26962499;0,37907517;0,03657923;0,36792596;-141,30251969;-0,02214538;-0,03657923;0,37907517;-78,26962499;0,02214538;137,33734526;0,98158164;0,03657923;-0,37907517;78,26962499;-0,02214538;141,30251969;0,36792596;0,03657923;0,37907517;78,26962499;0,02214538;137,33734526;0,98158164;0,03657923;0,37907517;78,26962499;0,02214538;141,30251969;0,36792596
99;EX;column;70x70;-77,85506696;-0,3924775;0,80216898;1,33610364;-136,65284882;0,02214538;77,85506696;0,3924775;-0,80216898;0,06111627;-140,51118958;-0,02214538;0,80216898;0,3924775;-77,85506696;0,02214538;136,65284882;1,33610364;-0,80216898;-0,3924775;77,85506696;-0,02214538;140,51118958;0,06111627;0,80216898;0,3924775;77,85506696;0,02214538;136,65284882;1,33610364;0,80216898;0,3924775;77,85506696;0,02214538;140,51118958;0,06111627
100;EX;column;70x70;-93,38569035;-0,56615435;91,08523657;2,13420679;-162,88237138;0,02214538;93,38569035;0,56615435;-91,08523657;-0,1186973;-169,57068627;-0,02214538;91,08523657;0,56615435;-93,38569035;0,02214538;162,88237138;2,13420679;-91,08523657;-0,56615435;93,38569035;-0,02214538;169,57068627;-0,1186973;91,08523657;0,56615435;93,38569035;0,02214538;162,88237138;2,13420679;91,08523657;0,56615435;93,38569035;0,02214538;169,57068627;0,1186973
101;EX;column;70x70;-64,76487593;-0,3861248;-127,24657572;1,82966267;-115,32051329;0,02214538;64,76487593;0,3861248;127,24657572;-0,45505839;-115,24244503;-0,02214538;-127,24657572;0,3861248;-64,76487593;0,02214538;115,32051329;1,82966267;127,24657572;-0,3861248;64,76487593;-0,02214538;115,24244503;-0,45505839;127,24657572;0,3861248;64,76487593;0,02214538;115,32051329;1,82966267;127,24657572;0,3861248;64,76487593;0,02214538;115,24244503;0,45505839
102;EX;column;70x70;-75,8678808;-1,67998937;18,08650555;2,77241322;-118,95115053;0,12634367;75,8678808;1,67998937;-18,08650555;3,20834895;-151,13850511;-0,12634367;18,08650555;1,67998937;-75,8678808;0,12634367;118,95115053;2,77241322;-18,08650555;-1,67998937;75,8678808;-0,12634367;151,13850511;3,20834895;18,08650555;1,67998937;75,8678808;0,12634367;118,95115053;2,77241322;18,08650555;1,67998937;75,8678808;0,12634367;151,13850511;3,20834895
103;EX;column;70x70;-75,1827921;-0,10877745;-18,9915511;0,46781023;-116,67442167;0,12634367;75,1827921;0,10877745;18,9915511;-0,08056252;-150,97631822;-0,12634367;-18,9915511;0,10877745;-75,1827921;0,12634367;116,67442167;0,46781023;18,9915511;-0,10877745;75,1827921;-0,12634367;150,97631822;-0,08056252;18,9915511;0,10877745;75,1827921;0,12634367;116,67442167;0,46781023;18,9915511;0,10877745;75,1827921;0,12634367;150,97631822;0,08056252
104;EX;column;70x70;-89,0282353;-2,01440094;33,4229214;3,748755;-140,32624913;0,12634367;89,0282353;2,01440094;-33,4229214;3,42251235;-176,61426852;-0,12634367;33,4229214;2,01440094;-89,0282353;0,12634367;140,32624913;3,748755;-33,4229214;-2,01440094;89,0282353;-0,12634367;176,61426852;3,42251235;33,4229214;2,01440094;89,0282353;0,12634367;140,32624913;3,748755;33,4229214;2,01440094;89,0282353;0,12634367;176,61426852;3,42251235
105;EX;column;70x70;-37,07179842;-2,12339122;-80,84412819;3,87284723;-58,59270747;0,12634367;37,07179842;2,12339122;80,84412819;3,68642552;-73,38289489;-0,12634367;-80,84412819;2,12339122;-37,07179842;0,12634367;58,59270747;3,87284723;80,84412819;-2,12339122;37,07179842;-0,12634367;73,38289489;3,68642552;80,84412819;2,12339122;37,07179842;0,12634367;58,59270747;3,87284723;80,84412819;2,12339122;37,07179842;0,12634367;73,38289489;3,68642552
106;EX;column;70x70;-73,25745729;-1,68116355;0,22176584;2,81323199;-111,91807351;0,12634367;73,25745729;1,68116355;-0,22176584;3,17171025;-148,87847444;-0,12634367;0,22176584;1,68116355;-73,25745729;0,12634367;111,91807351;2,81323199;-0,22176584;-1,68116355;73,25745729;-0,12634367;148,87847444;3,17171025;0,22176584;1,68116355;73,25745729;0,12634367;111,91807351;2,81323199;0,22176584;1,68116355;73,25745729;0,12634367;148,87847444;3,17171025
107;EX;column;70x70;-73,3645875;-2,11698426;-0,12083426;3,7261817;-111,64354938;0,12634367;73,3645875;2,11698426;0,12083426;3,81028227;-149,53438214;-0,12634367;-0,12083426;2,11698426;-73,3645875;0,12634367;111,64354938;3,7261817;0,12083426;-2,11698426;73,3645875;-0,12634367;149,53438214;3,81028227;0,12083426;2,11698426;73,3645875;0,12634367;111,64354938;3,7261817;0,12083426;2,11698426;73,3645875;0,12634367;149,53438214;3,81028227
108;EX;column;70x70;-89,54994783;-2,8961631;35,30224874;5,06354991;-141,50399396;0,12634367;89,54994783;2,8961631;-35,30224874;5,24679071;-177,29382031;-0,12634367;35,30224874;2,8961631;-89,54994783;0,12634367;141,50399396;5,06354991;-35,30224874;-2,8961631;89,54994783;-0,12634367;177,29382031;5,24679071;35,30224874;2,8961631;89,54994783;0,12634367;141,50399396;5,06354991;35,30224874;2,8961631;89,54994783;0,12634367;177,29382031;5,24679071
109;EX;column;70x70;-37,46377463;-3,18338244;-80,40886864;5,56574514;-59,26201981;0,12634367;37,46377463;3,18338244;80,40886864;5,76709635;-74,10901786;-0,12634367;-80,40886864;3,18338244;-37,46377463;0,12634367;59,26201981;5,56574514;80,40886864;-3,18338244;37,46377463;-0,12634367;74,10901786;5,76709635;80,40886864;3,18338244;37,46377463;0,12634367;59,26201981;5,56574514;80,40886864;3,18338244;37,46377463;0,12634367;74,10901786;5,76709635
110;EX;column;70x70;-74,08369986;-1,17412284;-0,07140654;2,0542446;-113,01321596;0,12634367;74,08369986;1,17412284;0,07140654;2,12563271;-150,72475553;-0,12634367;-0,07140654;1,17412284;-74,08369986;0,12634367;113,01321596;2,0542446;0,07140654;-1,17412284;74,08369986;-0,12634367;150,72475553;2,12563271;0,07140654;1,17412284;74,08369986;0,12634367;113,01321596;2,0542446;0,07140654;1,17412284;74,08369986;0,12634367;150,72475553;2,12563271
111;EX;column;70x70;-73,86242482;-1,51598507;0,56247862;2,70007621;-112,45124832;0,12634367;73,86242482;1,51598507;-0,56247862;2,69683064;-150,49898403;-0,12634367;0,56247862;1,51598507;-73,86242482;0,12634367;112,45124832;2,70007621;-0,56247862;-1,51598507;73,86242482;-0,12634367;150,49898403;2,69683064;0,56247862;1,51598507;73,86242482;0,12634367;112,45124832;2,70007621;0,56247862;1,51598507;73,86242482;0,12634367;150,49898403;2,69683064
112;EX;column;70x70;-89,95877154;-1,73273372;35,68840089;3,1342434;-142,18207004;0,12634367;89,95877154;1,73273372;-35,68840089;3,03428862;-178,07115664;-0,12634367;35,68840089;1,73273372;-89,95877154;0,12634367;142,18207004;3,1342434;-35,68840089;-1,73273372;89,95877154;-0,12634367;178,07115664;3,03428862;35,68840089;1,73273372;89,95877154;0,12634367;142,18207004;3,1342434;35,68840089;1,73273372;89,95877154;0,12634367;178,07115664;3,03428862
113;EX;column;70x70;-37,80217584;-1,94242938;-80,27229756;3,54179069;-59,92470168;0,12634367;37,80217584;1,94242938;80,27229756;3,37325791;-74,65104431;-0,12634367;-80,27229756;1,94242938;-37,80217584;0,12634367;59,92470168;3,54179069;80,27229756;-1,94242938;37,80217584;-0,12634367;74,65104431;3,37325791;80,27229756;1,94242938;37,80217584;0,12634367;59,92470168;3,54179069;80,27229756;1,94242938;37,80217584;0,12634367;74,65104431;3,37325791
114;EX;beam_x;60x80;0,0;-0,0;36,53265057;-0,69404189;181,31480884;0,0;-0,0;0,0;-36,53265057;0,69404189;1,34844403;0,0;0,0;0,0;36,53265057;0,69404189;-181,31480884;0,0;0,0;-0,0;-36,53265057;-0,69404189;-1,34844403;0,0;0,0;0,0;36,53265057;0,69404189;181,31480884;0,0;0,0;0,0;36,53265057;0,69404189;1,34844403;0,0
115;EX;beam_x;60x80;0,0;0,0;33,42859852;-0,79859415;175,62833452;-0,0;0,0;-0,0;-33,42859852;0,79859415;-8,48534195;-0,0;0,0;-0,0;33,42859852;0,79859415;-175,62833452;-0,0;0,0;0,0;-33,42859852;-0,79859415;8,48534195;-0,0;0,0;0,0;33,42859852;0,79859415;175,62833452;0,0;0,0;0,0;33,42859852;0,79859415;8,48534195;0,0
116;EX;beam_x;60x80;0,0;0,0;124,61359934;1,40506491;291,94811811;-0,0;0,0;-0,0;-124,61359934;-1,40506491;331,11987857;-0,0;0,0;-0,0;124,61359934;-1,40506491;-291,94811811;-0,0;0,0;0,0;-124,61359934;1,40506491;-331,11987857;-0,0;0,0;0,0;124,61359934;1,40506491;291,94811811;0,0;0,0;0,0;124,61359934;1,40506491;331,11987857;0,0
117;EX;beam_x;60x80;0,0;-0,0;37,99358583;-0,49416694;189,0746208;0,0;-0,0;0,0;-37,99358583;0,49416694;0,89330833;0,0;0,0;0,0;37,99358583;0,49416694;-189,0746208;0,0;0,0;-0,0;-37,99358583;-0,49416694;-0,89330833;0,0;0,0;0,0;37,99358583;0,49416694;189,0746208;0,0;0,0;0,0;37,99358583;0,49416694;0,89330833;0,0
118;EX;beam_x;60x80;0,0;0,0;32,50860732;-0,16055871;172,63551658;-0,0;0,0;-0,0;-32,50860732;0,16055871;-10,09247997;-0,0;0,0;-0,0;32,50860732;0,16055871;-172,63551658;-0,0;0,0;0,0;-32,50860732;-0,16055871;10,09247997;-0,0;0,0;0,0;32,50860732;0,16055871;172,63551658;0,0;0,0;0,0;32,50860732;0,16055871;10,09247997;0,0
119;EX;beam_x;60x80;0,0;0,0;121,68987838;-0,1086717;281,05978249;-0,0;0,0;-0,0;-121,68987838;0,1086717;327,38960942;-0,0;0,0;-0,0;121,68987838;0,1086717;-281,05978249;-0,0;0,0;0,0;-121,68987838;-0,1086717;-327,38960942;-0,0;0,0;0,0;121,68987838;0,1086717;281,05978249;0,0;0,0;0,0;121,68987838;0,1086717;327,38960942;0,0
120;EX;beam_x;60x80;0,0;-0,0;37,67711888;0,03786054;188,06469573;0,0;-0,0;0,0;-37,67711888;-0,03786054;0,32089866;0,0;0,0;0,0;37,67711888;-0,03786054;-188,06469573;0,0;0,0;-0,0;-37,67711888;0,03786054;-0,32089866;0,0;0,0;0,0;37,67711888;0,03786054;188,06469573;0,0;0,0;0,0;37,67711888;0,03786054;0,32089866;0,0
121;EX;beam_x;60x80;0,0;0,0;33,71018153;0,44409162;176,27641678;-0,0;0,0;-0,0;-33,71018153;-0,44409162;-7,72550913;-0,0;0,0;-0,0;33,71018153;-0,44409162;-176,27641678;-0,0;0,0;0,0;-33,71018153;0,44409162;7,72550913;-0,0;0,0;0,0;33,71018153;0,44409162;176,27641678;0,0;0,0;0,0;33,71018153;0,44409162;7,72550913;0,0
122;EX;beam_x;60x80;0,0;0,0;125,72437189;-0,7102778;295,56191436;-0,0;0,0;-0,0;-125,72437189;0,7102778;333,0599451;-0,0;0,0;-0,0;125,72437189;0,7102778;-295,56191436;-0,0;0,0;0,0;-125,72437189;-0,7102778;-333,0599451;-0,0;0,0;0,0;125,72437189;0,7102778;295,56191436;0,0;0,0;0,0;125,72437189;0,7102778;333,0599451;0,0
123;EX;beam_y;60x80;0,0;0,0;-0,37631795;-1,51984412;-2,42728664;-0,0;-0,0;0,0;0,37631795;-1,20846101;2,42728664;-0,0;0,0;-0,0;-0,37631795;-2,42728664;1,51984412;-0,0;0,0;0,0;0,37631795;2,42728664;1,20846101;-0,0;0,0;0,0;0,37631795;2,42728664;1,51984412;0,0;0,0;0,0;0,37631795;2,42728664;1,20846101;0,0
124;EX;beam_y;60x80;-0,0;0,0;-0,17229447;-0,88064296;0,12410097;0,0;0,0;0,0;0,17229447;-0,65277781;-0,12410097;0,0;0,0;0,0;-0,17229447;0,12410097;0,88064296;0,0;0,0;-0,0;0,17229447;-0,12410097;0,65277781;0,0;0,0;0,0;0,17229447;0,12410097;0,88064296;0,0;0,0;0,0;0,17229447;0,12410097;0,65277781;0,0
125;EX;beam_y;60x80;0,0;0,0;-0,18192002;-0,64152368;-0,01190549;-0,0;-0,0;0,0;0,18192002;-0,67739646;0,01190549;-0,0;0,0;-0,0;-0,18192002;-0,01190549;0,64152368;-0,0;0,0;0,0;0,18192002;0,01190549;0,67739646;-0,0;0,0;0,0;0,18192002;0,01190549;0,64152368;0,0;0,0;0,0;0,18192002;0,01190549;0,67739646;0,0
126;EX;beam_y;60x80;-0,0;0,0;-0,26071353;-1,07200511;0,11215522;0,0;0,0;0,0;0,26071353;-1,24834527;-0,11215522;0,0;0,0;0,0;-0,26071353;0,11215522;1,07200511;0,0;0,0;-0,0;0,26071353;-0,11215522;1,24834527;0,0;0,0;0,0;0,26071353;0,11215522;1,07200511;0,0;0,0;0,0;0,26071353;0,11215522;1,24834527;0,0
127;EX;beam_y;60x80;145,90466836;1,30964834;-9,54484778;-15,50790261;64,78796993;-264,53110428;-145,90466836;-1,30964834;9,54484778;-19,09217058;-64,78796993;-264,37331853;1,30964834;-145,90466836;-9,54484778;64,78796993;15,50790261;-264,53110428;-1,30964834;145,90466836;9,54484778;-64,78796993;19,09217058;-264,37331853;1,30964834;145,90466836;9,54484778;64,78796993;15,50790261;264,53110428;1,30964834;145,90466836;9,54484778;64,78796993;19,09217058;264,37331853
128;EX;beam_y;60x80;79,89745768;1,75630373;-6,92019175;-15,73249259;50,15367633;-177,83647697;-79,89745768;-1,75630373;6,92019175;-15,0623607;-50,15367633;-177,70720972;1,75630373;-79,89745768;-6,92019175;50,15367633;15,73249259;-177,83647697;-1,75630373;79,89745768;6,92019175;-50,15367633;15,0623607;-177,70720972;1,75630373;79,89745768;6,92019175;50,15367633;15,73249259;177,83647697;1,75630373;79,89745768;6,92019175;50,15367633;15,0623607;177,70720972
129;EX;beam_y;60x80;0,0;0,0;-0,50247539;-1,84693301;-0,36013573;-0,0;-0,0;0,0;0,50247539;-1,79601358;0,36013573;-0,0;0,0;-0,0;-0,50247539;-0,36013573;1,84693301;-0,0;0,0;0,0;0,50247539;0,36013573;1,79601358;-0,0;0,0;0,0;0,50247539;0,36013573;1,84693301;0,0;0,0;0,0;0,50247539;0,36013573;1,79601358;0,0
130;EX;beam_y;60x80;-0,0;0,0;-0,45004731;-1,85240236;0,24079146;0,0;0,0;0,0;0,45004731;-2,1530187;-0,24079146;0,0;0,0;0,0;-0,45004731;0,24079146;1,85240236;0,0;0,0;-0,0;0,45004731;-0,24079146;2,1530187;0,0;0,0;0,0;0,45004731;0,24079146;1,85240236;0,0;0,0;0,0;0,45004731;0,24079146;2,1530187;0,0
131;EX;beam_x;60x80;0,0;-0,0;26,37870647;0,38981689;131,627679;0,0;-0,0;0,0;-26,37870647;-0,38981689;0,26585333;0,0;0,0;0,0;26,37870647;-0,38981689;-131,627679;0,0;0,0;-0,0;-26,37870647;0,38981689;-0,26585333;0,0;0,0;0,0;26,37870647;0,38981689;131,627679;0,0;0,0;0,0;26,37870647;0,38981689;0,26585333;0,0
132;EX;beam_x;60x80;0,0;-0,0;26,06680037;-0,25086451;131,8107477;0,0;-0,0;0,0;-26,06680037;0,25086451;-1,47674584;0,0;0,0;0,0;26,06680037;0,25086451;-131,8107477;0,0;0,0;-0,0;-26,06680037;-0,25086451;1,47674584;0,0;0,0;0,0;26,06680037;0,25086451;131,8107477;0,0;0,0;0,0;26,06680037;0,25086451;1,47674584;0,0
133;EX;beam_x;60x80;0,0;0,0;87,53109867;-0,24929132;212,75042332;-0,0;0,0;-0,0;-87,53109867;0,24929132;224,90507005;-0,0;0,0;-0,0;87,53109867;0,24929132;-212,75042332;-0,0;0,0;0,0;-87,53109867;-0,24929132;-224,90507005;-0,0;0,0;0,0;87,53109867;0,24929132;212,75042332;0,0;0,0;0,0;87,53109867;0,24929132;224,90507005;0,0
134;EX;beam_x;60x80;0,0;-0,0;26,27375395;0,01946053;131,43924702;0,0;-0,0;0,0;-26,27375395;-0,01946053;-0,07047728;0,0;0,0;0,0;26,27375395;-0,01946053;-131,43924702;0,0;0,0;-0,0;-26,27375395;0,01946053;0,07047728;0,0;0,0;0,0;26,27375395;0,01946053;131,43924702;0,0;0,0;0,0;26,27375395;0,01946053;0,07047728;0,0
135;EX;beam_x;60x80;0,0;-0,0;26,24386211;-0,12412923;132,66384578;0,0;-0,0;0,0;-26,24386211;0,12412923;-1,44453523;0,0;0,0;0,0;26,24386211;0,12412923;-132,66384578;0,0;0,0;-0,0;-26,24386211;-0,12412923;1,44453523;0,0;0,0;0,0;26,24386211;0,12412923;132,66384578;0,0;0,0;0,0;26,24386211;0,12412923;1,44453523;0,0
136;EX;beam_x;60x80;0,0;0,0;87,92305337;0,01106311;214,31196333;-0,0;0,0;-0,0;-87,92305337;-0,01106311;225,3033035;-0,0;0,0;-0,0;87,92305337;-0,01106311;-214,31196333;-0,0;0,0;0,0;-87,92305337;0,01106311;-225,3033035;-0,0;0,0;0,0;87,92305337;0,01106311;214,31196333;0,0;0,0;0,0;87,92305337;0,01106311;225,3033035;0,0
137;EX;beam_x;60x80;0,0;-0,0;26,28342396;-0,12571883;131,31114322;0,0;-0,0;0,0;-26,28342396;0,12571883;0,10597658;0,0;0,0;0,0;26,28342396;0,12571883;-131,31114322;0,0;0,0;-0,0;-26,28342396;-0,12571883;-0,10597658;0,0;0,0;0,0;26,28342396;0,12571883;131,31114322;0,0;0,0;0,0;26,28342396;0,12571883;0,10597658;0,0
138;EX;beam_x;60x80;0,0;-0,0;26,11641556;-0,15331803;132,34172762;0,0;-0,0;0,0;-26,11641556;0,15331803;-1,75964981;0,0;0,0;0,0;26,11641556;0,15331803;-132,34172762;0,0;0,0;-0,0;-26,11641556;-0,15331803;1,75964981;0,0;0,0;0,0;26,11641556;0,15331803;132,34172762;0,0;0,0;0,0;26,11641556;0,15331803;1,75964981;0,0
139;EX;beam_x;60x80;0,0;0,0;87,17161283;0,07139879;211,73505222;-0,0;0,0;-0,0;-87,17161283;-0,07139879;224,12301191;-0,0;0,0;-0,0;87,17161283;-0,07139879;-211,73505222;-0,0;0,0;0,0;-87,17161283;0,07139879;-224,12301191;-0,0;0,0;0,0;87,17161283;0,07139879;211,73505222;0,0;0,0;0,0;87,17161283;0,07139879;224,12301191;0,0
140;EX;beam_y;60x80;0,0;0,0;0,04150196;0,34211064;0,21791088;-0,0;-0,0;0,0;-0,04150196;-0,04122143;-0,21791088;-0,0;0,0;-0,0;0,04150196;0,21791088;-0,34211064;-0,0;0,0;0,0;-0,04150196;-0,21791088;0,04122143;-0,0;0,0;0,0;0,04150196;0,21791088;0,34211064;0,0;0,0;0,0;0,04150196;0,21791088;0,04122143;0,0
141;EX;beam_y;60x80;0,0;0,0;-0,12901935;-0,53388761;0,10879399;-0,0;-0,0;0,0;0,12901935;-0,61438458;-0,10879399;-0,0;0,0;-0,0;-0,12901935;0,10879399;0,53388761;-0,0;0,0;0,0;0,12901935;-0,10879399;0,61438458;-0,0;0,0;0,0;0,12901935;0,10879399;0,53388761;0,0;0,0;0,0;0,12901935;0,10879399;0,61438458;0,0
142;EX;beam_y;60x80;0,0;0,0;-0,11714519;-0,66345131;-0,31401341;-0,0;-0,0;0,0;0,11714519;-0,18585128;0,31401341;-0,0;0,0;-0,0;-0,11714519;-0,31401341;0,66345131;-0,0;0,0;0,0;0,11714519;0,31401341;0,18585128;-0,0;0,0;0,0;0,11714519;0,31401341;0,66345131;0,0;0,0;0,0;0,11714519;0,31401341;0,18585128;0,0
143;EX;beam_y;60x80;0,0;0,0;-0,07994809;-0,385102;-0,03638944;-0,0;-0,0;0,0;0,07994809;-0,32643598;0,03638944;-0,0;0,0;-0,0;-0,07994809;-0,03638944;0,385102;-0,0;0,0;0,0;0,07994809;0,03638944;0,32643598;-0,0;0,0;0,0;0,07994809;0,03638944;0,385102;0,0;0,0;0,0;0,07994809;0,03638944;0,32643598;0,0
144;EX;beam_y;60x80;0,0;0,0;-0,19211004;-0,85759896;-0,28193434;-0,0;-0,0;0,0;0,19211004;-0,53519886;0,28193434;-0,0;0,0;-0,0;-0,19211004;-0,28193434;0,85759896;-0,0;0,0;0,0;0,19211004;0,28193434;0,53519886;-0,0;0,0;0,0;0,19211004;0,28193434;0,85759896;0,0;0,0;0,0;0,19211004;0,28193434;0,53519886;0,0
145;EX;beam_y;60x80;0,0;0,0;0,06699079;0,20089287;0,32926927;-0,0;-0,0;0,0;-0,06699079;0,39532513;-0,32926927;-0,0;0,0;-0,0;0,06699079;0,32926927;-0,20089287;-0,0;0,0;0,0;-0,06699079;-0,32926927;-0,39532513;-0,0;0,0;0,0;0,06699079;0,32926927;0,20089287;0,0;0,0;0,0;0,06699079;0,32926927;0,39532513;0,0
146;EX;beam_y;60x80;0,0;0,0;-0,01330252;-0,03677286;0,13525146;-0,0;-0,0;0,0;0,01330252;-0,05967042;-0,13525146;-0,0;0,0;-0,0;-0,01330252;0,13525146;0,03677286;-0,0;0,0;0,0;0,01330252;-0,13525146;0,05967042;-0,0;0,0;0,0;0,01330252;0,13525146;0,03677286;0,0;0,0;0,0;0,01330252;0,13525146;0,05967042;0,0
147;EX;beam_y;60x80;0,0;0,0;-0,00504066;-0,08705432;-0,07873194;-0,0;-0,0;0,0;0,00504066;0,04219246;0,07873194;-0,0;0,0;-0,0;-0,00504066;-0,07873194;0,08705432;-0,0;0,0;0,0;0,00504066;0,07873194;-0,04219246;-0,0;0,0;0,0;0,00504066;0,07873194;0,08705432;0,0;0,0;0,0;0,00504066;0,07873194;0,04219246;0,0
148;EX;beam_x;60x80;0,0;0,0;23,62825317;-0,09314667;118,39582677;-0,0;0,0;-0,0;-23,62825317;0,09314667;-0,2545609;-0,0;0,0;-0,0;23,62825317;0,09314667;-118,39582677;-0,0;0,0;0,0;-23,62825317;-0,09314667;0,2545609;-0,0;0,0;0,0;23,62825317;0,09314667;118,39582677;0,0;0,0;0,0;23,62825317;0,09314667;0,2545609;0,0
149;EX;beam_x;60x80;0,0;0,0;24,28535165;-0,64044042;123,40983796;-0,0;0,0;-0,0;-24,28535165;0,64044042;-1,98307972;-0,0;0,0;-0,0;24,28535165;0,64044042;-123,40983796;-0,0;0,0;0,0;-24,28535165;-0,64044042;1,98307972;-0,0;0,0;0,0;24,28535165;0,64044042;123,40983796;0,0;0,0;0,0;24,28535165;0,64044042;1,98307972;0,0
150;EX;beam_x;60x80;0,0;-0,0;79,20223963;0,16413616;188,860007;0,0;-0,0;0,0;-79,20223963;-0,16413616;207,15119113;0,0;0,0;0,0;79,20223963;-0,16413616;-188,860007;0,0;0,0;-0,0;-79,20223963;0,16413616;-207,15119113;0,0;0,0;0,0;79,20223963;0,16413616;188,860007;0,0;0,0;0,0;79,20223963;0,16413616;207,15119113;0,0
151;EX;beam_x;60x80;0,0;0,0;25,1694958;-0,33733869;125,38339578;-0,0;0,0;-0,0;-25,1694958;0,33733869;0,46408322;-0,0;0,0;-0,0;25,1694958;0,33733869;-125,38339578;-0,0;0,0;0,0;-25,1694958;-0,33733869;-0,46408322;-0,0;0,0;0,0;25,1694958;0,33733869;125,38339578;0,0;0,0;0,0;25,1694958;0,33733869;0,46408322;0,0
152;EX;beam_x;60x80;0,0;0,0;24,79276049;-0,51019541;126,25916854;-0,0;0,0;-0,0;-24,79276049;0,51019541;-2,29536611;-0,0;0,0;-0,0;24,79276049;0,51019541;-126,25916854;-0,0;0,0;0,0;-24,79276049;-0,51019541;2,29536611;-0,0;0,0;0,0;24,79276049;0,51019541;126,25916854;0,0;0,0;0,0;24,79276049;0,51019541;2,29536611;0,0
153;EX;beam_x;60x80;0,0;-0,0;79,47253794;0,08521397;189,37429118;0,0;-0,0;0,0;-79,47253794;-0,08521397;207,98839849;0,0;0,0;0,0;79,47253794;-0,08521397;-189,37429118;0,0;0,0;-0,0;-79,47253794;0,08521397;-207,98839849;0,0;0,0;0,0;79,47253794;0,08521397;189,37429118;0,0;0,0;0,0;79,47253794;0,08521397;207,98839849;0,0
154;EX;beam_x;60x80;0,0;0,0;25,27227829;-0,2196061;126,07789187;-0,0;0,0;-0,0;-25,27227829;0,2196061;0,28349957;-0,0;0,0;-0,0;25,27227829;0,2196061;-126,07789187;-0,0;0,0;0,0;-25,27227829;-0,2196061;-0,28349957;-0,0;0,0;0,0;25,27227829;0,2196061;126,07789187;0,0;0,0;0,0;25,27227829;0,2196061;0,28349957;0,0
155;EX;beam_x;60x80;0,0;0,0;24,94736618;-0,28439371;126,95038279;-0,0;0,0;-0,0;-24,94736618;0,28439371;-2,21355189;-0,0;0,0;-0,0;24,94736618;0,28439371;-126,95038279;-0,0;0,0;0,0;-24,94736618;-0,28439371;2,21355189;-0,0;0,0;0,0;24,94736618;0,28439371;126,95038279;0,0;0,0;0,0;24,94736618;0,28439371;2,21355189;0,0
156;EX;beam_x;60x80;0,0;-0,0;79,66016791;0,0864708;189,87441864;0,0;-0,0;0,0;-79,66016791;-0,0864708;208,42642094;0,0;0,0;0,0;79,66016791;-0,0864708;-189,87441864;0,0;0,0;-0,0;-79,66016791;0,0864708;-208,42642094;0,0;0,0;0,0;79,66016791;0,0864708;189,87441864;0,0;0,0;0,0;79,66016791;0,0864708;208,42642094;0,0
157;EX;beam_y;60x80;0,0;0,0;-0,53701682;-1,95907071;-1,44732532;-0,0;-0,0;0,0;0,53701682;-1,9343012;1,44732532;-0,0;0,0;-0,0;-0,53701682;-1,44732532;1,95907071;-0,0;0,0;0,0;0,53701682;1,44732532;1,9343012;-0,0;0,0;0,0;0,53701682;1,44732532;1,95907071;0,0;0,0;0,0;0,53701682;1,44732532;1,9343012;0,0
158;EX;beam_y;60x80;-0,0;0,0;-0,34108445;-1,47757403;-0,13113607;0,0;0,0;0,0;0,34108445;-1,55807761;0,13113607;0,0;0,0;0,0;-0,34108445;-0,13113607;1,47757403;0,0;0,0;-0,0;0,34108445;0,13113607;1,55807761;0,0;0,0;0,0;0,34108445;0,13113607;1,47757403;0,0;0,0;0,0;0,34108445;0,13113607;1,55807761;0,0
159;EX;beam_y;60x80;0,0;0,0;-0,4696847;-1,97756588;-1,10033943;-0,0;-0,0;0,0;0,4696847;-1,42764822;1,10033943;-0,0;0,0;-0,0;-0,4696847;-1,10033943;1,97756588;-0,0;0,0;0,0;0,4696847;1,10033943;1,42764822;-0,0;0,0;0,0;0,4696847;1,10033943;1,97756588;0,0;0,0;0,0;0,4696847;1,10033943;1,42764822;0,0
160;EX;beam_y;60x80;-0,0;0,0;-0,4421522;-1,88750321;-0,10392063;0,0;0,0;0,0;0,4421522;-2,04765141;0,10392063;0,0;0,0;0,0;-0,4421522;-0,10392063;1,88750321;0,0;0,0;-0,0;0,4421522;0,10392063;2,04765141;0,0;0,0;0,0;0,4421522;0,10392063;1,88750321;0,0;0,0;0,0;0,4421522;0,10392063;2,04765141;0,0
161;EX;beam_y;60x80;0,0;0,0;-0,79905749;-2,98090787;0,02085509;-0,0;-0,0;0,0;0,79905749;-2,81225891;-0,02085509;-0,0;0,0;-0,0;-0,79905749;0,02085509;2,98090787;-0,0;0,0;0,0;0,79905749;-0,02085509;2,81225891;-0,0;0,0;0,0;0,79905749;0,02085509;2,98090787;0,0;0,0;0,0;0,79905749;0,02085509;2,81225891;0,0
162;EX;beam_y;60x80;-0,0;0,0;-0,54780575;-2,29732597;-0,11030596;0,0;0,0;0,0;0,54780575;-2,57814523;0,11030596;0,0;0,0;0,0;-0,54780575;-0,11030596;2,29732597;0,0;0,0;-0,0;0,54780575;0,11030596;2,57814523;0,0;0,0;0,0;0,54780575;0,11030596;2,29732597;0,0;0,0;0,0;0,54780575;0,11030596;2,57814523;0,0
163;EX;beam_y;60x80;0,0;0,0;-0,88790186;-3,35530441;-0,09495184;-0,0;-0,0;0,0;0,88790186;-3,08198411;0,09495184;-0,0;0,0;-0,0;-0,88790186;-0,09495184;3,35530441;-0,0;0,0;0,0;0,88790186;0,09495184;3,08198411;-0,0;0,0;0,0;0,88790186;0,09495184;3,35530441;0,0;0,0;0,0;0,88790186;0,09495184;3,08198411;0,0
164;EX;beam_y;60x80;-0,0;0,0;-0,65079327;-2,75494151;-0,09216293;0,0;0,0;0,0;0,65079327;-3,03711863;0,09216293;0,0;0,0;0,0;-0,65079327;-0,09216293;2,75494151;0,0;0,0;-0,0;0,65079327;0,09216293;3,03711863;0,0;0,0;0,0;0,65079327;0,09216293;2,75494151;0,0;0,0;0,0;0,65079327;0,09216293;3,03711863;0,0
165;EX;beam_x;60x80;0,0;0,0;14,54955939;0,19487973;73,20232008;-0,0;0,0;-0,0;-14,54955939;-0,19487973;-0,45452311;-0,0;0,0;-0,0;14,54955939;-0,19487973;-73,20232008;-0,0;0,0;0,0;-14,54955939;0,19487973;0,45452311;-0,0;0,0;0,0;14,54955939;0,19487973;73,20232008;0,0;0,0;0,0;14,54955939;0,19487973;0,45452311;0,0
166;EX;beam_x;60x80;0,0;-0,0;14,85732097;-0,54951427;76,43550956;0,0;-0,0;0,0;-14,85732097;0,54951427;-2,14890472;0,0;0,0;0,0;14,85732097;0,54951427;-76,43550956;0,0;0,0;-0,0;-14,85732097;-0,54951427;2,14890472;0,0;0,0;0,0;14,85732097;0,54951427;76,43550956;0,0;0,0;0,0;14,85732097;0,54951427;2,14890472;0,0
167;EX;beam_x;60x80;0,0;0,0;49,24322881;0,09790161;104,1704279;-0,0;0,0;-0,0;-49,24322881;-0,09790161;142,04571614;-0,0;0,0;-0,0;49,24322881;-0,09790161;-104,1704279;-0,0;0,0;0,0;-49,24322881;0,09790161;-142,04571614;-0,0;0,0;0,0;49,24322881;0,09790161;104,1704279;0,0;0,0;0,0;49,24322881;0,09790161;142,04571614;0,0
168;EX;beam_x;60x80;0,0;0,0;14,87045642;-0,14513231;74,32293367;-0,0;0,0;-0,0;-14,87045642;0,14513231;0,02934845;-0,0;0,0;-0,0;14,87045642;0,14513231;-74,32293367;-0,0;0,0;0,0;-14,87045642;-0,14513231;-0,02934845;-0,0;0,0;0,0;14,87045642;0,14513231;74,32293367;0,0;0,0;0,0;14,87045642;0,14513231;0,02934845;0,0
169;EX;beam_x;60x80;0,0;-0,0;14,69403708;-0,34004528;75,59103445;0,0;-0,0;0,0;-14,69403708;0,34004528;-2,12084903;0,0;0,0;0,0;14,69403708;0,34004528;-75,59103445;0,0;0,0;-0,0;-14,69403708;-0,34004528;2,12084903;0,0;0,0;0,0;14,69403708;0,34004528;75,59103445;0,0;0,0;0,0;14,69403708;0,34004528;2,12084903;0,0
170;EX;beam_x;60x80;0,0;0,0;49,72899742;0,07663489;105,47618658;-0,0;0,0;-0,0;-49,72899742;-0,07663489;143,16880051;-0,0;0,0;-0,0;49,72899742;-0,07663489;-105,47618658;-0,0;0,0;0,0;-49,72899742;0,07663489;-143,16880051;-0,0;0,0;0,0;49,72899742;0,07663489;105,47618658;0,0;0,0;0,0;49,72899742;0,07663489;143,16880051;0,0
171;EX;beam_x;60x80;0,0;0,0;14,90186222;-0,16690993;74,36115947;-0,0;0,0;-0,0;-14,90186222;0,16690993;0,14815164;-0,0;0,0;-0,0;14,90186222;0,16690993;-74,36115947;-0,0;0,0;0,0;-14,90186222;-0,16690993;-0,14815164;-0,0;0,0;0,0;14,90186222;0,16690993;74,36115947;0,0;0,0;0,0;14,90186222;0,16690993;0,14815164;0,0
172;EX;beam_x;60x80;0,0;-0,0;14,93116257;-0,28671966;76,36027088;0,0;-0,0;0,0;-14,93116257;0,28671966;-1,70445803;0,0;0,0;0,0;14,93116257;0,28671966;-76,36027088;0,0;0,0;-0,0;-14,93116257;-0,28671966;1,70445803;0,0;0,0;0,0;14,93116257;0,28671966;76,36027088;0,0;0,0;0,0;14,93116257;0,28671966;1,70445803;0,0
173;EX;beam_x;60x80;0,0;0,0;49,92386542;0,11895688;105,89423966;-0,0;0,0;-0,0;-49,92386542;-0,11895688;143,72508744;-0,0;0,0;-0,0;49,92386542;-0,11895688;-105,89423966;-0,0;0,0;0,0;-49,92386542;0,11895688;-143,72508744;-0,0;0,0;0,0;49,92386542;0,11895688;105,89423966;0,0;0,0;0,0;49,92386542;0,11895688;143,72508744;0,0
174;EX;beam_y;60x80;0,0;0,0;-0,43512289;-1,56537341;0,11201187;-0,0;-0,0;0,0;0,43512289;-1,58926752;-0,11201187;-0,0;0,0;-0,0;-0,43512289;0,11201187;1,56537341;-0,0;0,0;0,0;0,43512289;-0,11201187;1,58926752;-0,0;0,0;0,0;0,43512289;0,11201187;1,56537341;0,0;0,0;0,0;0,43512289;0,11201187;1,58926752;0,0
175;EX;beam_y;60x80;0,0;0,0;-0,26785535;-1,07824005;0,06876379;-0,0;-0,0;0,0;0,26785535;-1,30567257;-0,06876379;-0,0;0,0;-0,0;-0,26785535;0,06876379;1,07824005;-0,0;0,0;0,0;0,26785535;-0,06876379;1,30567257;-0,0;0,0;0,0;0,26785535;0,06876379;1,07824005;0,0;0,0;0,0;0,26785535;0,06876379;1,30567257;0,0
176;EX;beam_y;60x80;0,0;0,0;-0,47985964;-2,21312962;0,07215321;-0,0;-0,0;0,0;0,47985964;-1,26585278;-0,07215321;-0,0;0,0;-0,0;-0,47985964;0,07215321;2,21312962;-0,0;0,0;0,0;0,47985964;-0,07215321;1,26585278;-0,0;0,0;0,0;0,47985964;0,07215321;2,21312962;0,0;0,0;0,0;0,47985964;0,07215321;1,26585278;0,0
177;EX;beam_y;60x80;0,0;0,0;-0,42604038;-1,79345428;-0,06216418;-0,0;-0,0;0,0;0,42604038;-1,99830508;0,06216418;-0,0;0,0;-0,0;-0,42604038;-0,06216418;1,79345428;-0,0;0,0;0,0;0,42604038;0,06216418;1,99830508;-0,0;0,0;0,0;0,42604038;0,06216418;1,79345428;0,0;0,0;0,0;0,42604038;0,06216418;1,99830508;0,0
178;EX;beam_y;60x80;0,0;0,0;-0,82522691;-3,23581666;-0,14190279;-0,0;-0,0;0,0;0,82522691;-2,74707842;0,14190279;-0,0;0,0;-0,0;-0,82522691;-0,14190279;3,23581666;-0,0;0,0;0,0;0,82522691;0,14190279;2,74707842;-0,0;0,0;0,0;0,82522691;0,14190279;3,23581666;0,0;0,0;0,0;0,82522691;0,14190279;2,74707842;0,0
179;EX;beam_y;60x80;0,0;0,0;-0,53221534;-2,15548076;-0,08388992;-0,0;-0,0;0,0;0,53221534;-2,58123577;0,08388992;-0,0;0,0;-0,0;-0,53221534;-0,08388992;2,15548076;-0,0;0,0;0,0;0,53221534;0,08388992;2,58123577;-0,0;0,0;0,0;0,53221534;0,08388992;2,15548076;0,0;0,0;0,0;0,53221534;0,08388992;2,58123577;0,0
180;EX;beam_y;60x80;0,0;0,0;-0,8814714;-3,45380554;-0,07639201;-0,0;-0,0;0,0;0,8814714;-2,9368621;0,07639201;-0,0;0,0;-0,0;-0,8814714;-0,07639201;3,45380554;-0,0;0,0;0,0;0,8814714;0,07639201;2,9368621;-0,0;0,0;0,0;0,8814714;0,07639201;3,45380554;0,0;0,0;0,0;0,8814714;0,07639201;2,9368621;0,0
181;EX;beam_y;60x80;0,0;0,0;-0,64469931;-2,6331725;-0,12427285;-0,0;-0,0;0,0;0,64469931;-3,10465135;0,12427285;-0,0;0,0;-0,0;-0,64469931;-0,12427285;2,6331725;-0,0;0,0;0,0;0,64469931;0,12427285;3,10465135;-0,0;0,0;0,0;0,64469931;0,12427285;2,6331725;0,0;0,0;0,0;0,64469931;0,12427285;3,10465135;0,0
182;EX;beam_x;60x80;0,0;0,0;33,51656006;2,8472861;165,25520649;0,0;0,0;0,0;-33,51656006;-2,8472861;2,32759379;0,0;0,0;0,0;33,51656006;-2,8472861;-165,25520649;0,0;0,0;0,0;-33,51656006;2,8472861;-2,32759379;0,0;0,0;0,0;33,51656006;2,8472861;165,25520649;0,0;0,0;0,0;33,51656006;2,8472861;2,32759379;0,0
183;EX;beam_x;60x80;0,0;0,0;30,77020338;0,71781193;149,67751635;0,0;0,0;0,0;-30,77020338;-0,71781193;4,17350056;0,0;0,0;0,0;30,77020338;-0,71781193;-149,67751635;0,0;0,0;0,0;-30,77020338;0,71781193;-4,17350056;0,0;0,0;0,0;30,77020338;0,71781193;149,67751635;0,0;0,0;0,0;30,77020338;0,71781193;4,17350056;0,0
184;EX;beam_x;60x80;0,0;0,0;36,66166461;-1,75570572;177,52832544;0,0;0,0;0,0;-36,66166461;1,75570572;5,7799976;0,0;0,0;0,0;36,66166461;1,75570572;-177,52832544;0,0;0,0;0,0;-36,66166461;-1,75570572;-5,7799976;0,0;0,0;0,0;36,66166461;1,75570572;177,52832544;0,0;0,0;0,0;36,66166461;1,75570572;5,7799976;0,0
185;EX;beam_x;60x80;0,0;0,0;27,655122;-0,32649404;135,06125104;-0,0;0,0;-0,0;-27,655122;0,32649404;3,21435895;-0,0;0,0;-0,0;27,655122;0,32649404;-135,06125104;-0,0;0,0;0,0;-27,655122;-0,32649404;-3,21435895;-0,0;0,0;0,0;27,655122;0,32649404;135,06125104;0,0;0,0;0,0;27,655122;0,32649404;3,21435895;0,0
186;EX;beam_x;60x80;0,0;0,0;27,29945663;-0,59438544;137,01376572;-0,0;0,0;-0,0;-27,29945663;0,59438544;-0,51648258;-0,0;0,0;-0,0;27,29945663;0,59438544;-137,01376572;-0,0;0,0;0,0;-27,29945663;-0,59438544;0,51648258;-0,0;0,0;0,0;27,29945663;0,59438544;137,01376572;0,0;0,0;0,0;27,29945663;0,59438544;0,51648258;0,0
187;EX;beam_x;60x80;0,0;0,0;27,13213616;-0,1101686;135,84243642;-0,0;0,0;-0,0;-27,13213616;0,1101686;-0,18175563;-0,0;0,0;-0,0;27,13213616;0,1101686;-135,84243642;-0,0;0,0;0,0;-27,13213616;-0,1101686;0,18175563;-0,0;0,0;0,0;27,13213616;0,1101686;135,84243642;0,0;0,0;0,0;27,13213616;0,1101686;0,18175563;0,0
188;EX;beam_x;60x80;0,0;-0,0;25,62046878;1,5486722;114,34460352;0,0;-0,0;0,0;-25,62046878;-1,5486722;-57,97957219;0,0;0,0;0,0;25,62046878;-1,5486722;-114,34460352;0,0;0,0;-0,0;-25,62046878;1,5486722;57,97957219;0,0;0,0;0,0;25,62046878;1,5486722;114,34460352;0,0;0,0;0,0;25,62046878;1,5486722;57,97957219;0,0
189;EX;beam_x;60x80;0,0;-0,0;24,84994738;0,43665767;123,55978755;0,0;-0,0;0,0;-24,84994738;-0,43665767;-68,88990332;0,0;0,0;0,0;24,84994738;-0,43665767;-123,55978755;0,0;0,0;-0,0;-24,84994738;0,43665767;68,88990332;0,0;0,0;0,0;24,84994738;0,43665767;123,55978755;0,0;0,0;0,0;24,84994738;0,43665767;68,88990332;0,0
190;EX;beam_x;60x80;0,0;-0,0;25,8849314;-0,35913058;128,6568321;0,0;-0,0;0,0;-25,8849314;0,35913058;0,76782493;0,0;0,0;0,0;25,8849314;0,35913058;-128,6568321;0,0;0,0;-0,0;-25,8849314;-0,35913058;-0,76782493;0,0;0,0;0,0;25,8849314;0,35913058;128,6568321;0,0;0,0;0,0;25,8849314;0,35913058;0,76782493;0,0
191;EX;beam_x;60x80;0,0;-0,0;15,22983161;-0,22244308;75,52159599;0,0;-0,0;0,0;-15,22983161;0,22244308;0,62756206;0,0;0,0;0,0;15,22983161;0,22244308;-75,52159599;0,0;0,0;-0,0;-15,22983161;-0,22244308;-0,62756206;0,0;0,0;0,0;15,22983161;0,22244308;75,52159599;0,0;0,0;0,0;15,22983161;0,22244308;0,62756206;0,0
192;EX;beam_x;60x80;0,0;-0,0;14,60667486;-0,19684096;73,42420808;0,0;-0,0;0,0;-14,60667486;0,19684096;-0,3908338;0,0;0,0;0,0;14,60667486;0,19684096;-73,42420808;0,0;0,0;-0,0;-14,60667486;-0,19684096;0,3908338;0,0;0,0;0,0;14,60667486;0,19684096;73,42420808;0,0;0,0;0,0;14,60667486;0,19684096;0,3908338;0,0
193;EX;beam_x;60x80;0,0;-0,0;15,42984012;-0,14164725;76,40342663;0,0;-0,0;0,0;-15,42984012;0,14164725;0,74577398;0,0;0,0;0,0;15,42984012;0,14164725;-76,40342663;0,0;0,0;-0,0;-15,42984012;-0,14164725;-0,74577398;0,0;0,0;0,0;15,42984012;0,14164725;76,40342663;0,0;0,0;0,0;15,42984012;0,14164725;0,74577398;0,0
194;EX;beam_x;60x80;0,0;-0,0;-11,35432382;-0,41608823;-28,66971126;0,0;0,0;0,0;11,35432382;0,41608823;-0,28381447;0,0;0,0;0,0;-11,35432382;0,41608823;28,66971126;0,0;0,0;-0,0;11,35432382;-0,41608823;0,28381447;0,0;0,0;0,0;11,35432382;0,41608823;28,66971126;0,0;0,0;0,0;11,35432382;0,41608823;0,28381447;0,0
195;EX;beam_x;60x80;0,0;-0,0;-11,36086954;-0,7265764;-28,78229387;0,0;0,0;0,0;11,36086954;0,7265764;-0,18792345;0,0;0,0;0,0;-11,36086954;0,7265764;28,78229387;0,0;0,0;-0,0;11,36086954;-0,7265764;0,18792345;0,0;0,0;0,0;11,36086954;0,7265764;28,78229387;0,0;0,0;0,0;11,36086954;0,7265764;0,18792345;0,0
196;EX;beam_x;60x80;0,0;-0,0;-11,54241804;-0,42691438;-29,23067775;0,0;0,0;0,0;11,54241804;0,42691438;-0,20248825;0,0;0,0;0,0;-11,54241804;0,42691438;29,23067775;0,0;0,0;-0,0;11,54241804;-0,42691438;0,20248825;0,0;0,0;0,0;11,54241804;0,42691438;29,23067775;0,0;0,0;0,0;11,54241804;0,42691438;0,20248825;0,0
197;EX;beam_x;60x80;0,0;0,0;-30,71942799;-0,13471838;-68,58642924;0,0;0,0;0,0;30,71942799;0,13471838;-9,74811213;0,0;0,0;0,0;-30,71942799;0,13471838;68,58642924;0,0;0,0;0,0;30,71942799;-0,13471838;9,74811213;0,0;0,0;0,0;30,71942799;0,13471838;68,58642924;0,0;0,0;0,0;30,71942799;0,13471838;9,74811213;0,0
198;EX;beam_x;60x80;0,0;0,0;-30,91664331;-0,12042686;-69,01190181;0,0;0,0;0,0;30,91664331;0,12042686;-9,82553864;0,0;0,0;0,0;-30,91664331;0,12042686;69,01190181;0,0;0,0;0,0;30,91664331;-0,12042686;9,82553864;0,0;0,0;0,0;30,91664331;0,12042686;69,01190181;0,0;0,0;0,0;30,91664331;0,12042686;9,82553864;0,0
199;EX;beam_x;60x80;0,0;0,0;-30,99313145;-0,14964969;-69,19831598;0,0;0,0;0,0;30,99313145;0,14964969;-9,83416922;0,0;0,0;0,0;-30,99313145;0,14964969;69,19831598;0,0;0,0;0,0;30,99313145;-0,14964969;9,83416922;0,0;0,0;0,0;30,99313145;0,14964969;69,19831598;0,0;0,0;0,0;30,99313145;0,14964969;9,83416922;0,0
200;EX;beam_y;60x80;0,0;0,0;-0,47603163;-2,02436773;-0,13796476;-0,0;-0,0;0,0;0,47603163;-1,42686158;0,13796476;-0,0;0,0;-0,0;-0,47603163;-0,13796476;2,02436773;-0,0;0,0;0,0;0,47603163;0,13796476;1,42686158;-0,0;0,0;0,0;0,47603163;0,13796476;2,02436773;0,0;0,0;0,0;0,47603163;0,13796476;1,42686158;0,0
201;EX;beam_y;60x80;-0,0;0,0;-0,38546067;-1,44952837;-0,14571349;0,0;0,0;0,0;0,38546067;-1,9810716;0,14571349;0,0;0,0;0,0;-0,38546067;-0,14571349;1,44952837;0,0;0,0;-0,0;0,38546067;0,14571349;1,9810716;0,0;0,0;0,0;0,38546067;0,14571349;1,44952837;0,0;0,0;0,0;0,38546067;0,14571349;1,9810716;0,0
202;EX;beam_y;60x80;0,0;0,0;-0,40569181;-1,79482784;-0,11002133;-0,0;-0,0;0,0;0,40569181;-1,14643781;0,11002133;-0,0;0,0;-0,0;-0,40569181;-0,11002133;1,79482784;-0,0;0,0;0,0;0,40569181;0,11002133;1,14643781;-0,0;0,0;0,0;0,40569181;0,11002133;1,79482784;0,0;0,0;0,0;0,40569181;0,11002133;1,14643781;0,0
203;EX;beam_y;60x80;0,0;0,0;-0,33743033;-1,22018711;-0,12912689;-0,0;-0,0;0,0;0,33743033;-1,78294281;0,12912689;-0,0;0,0;-0,0;-0,33743033;-0,12912689;1,22018711;-0,0;0,0;0,0;0,33743033;0,12912689;1,78294281;-0,0;0,0;0,0;0,33743033;0,12912689;1,22018711;0,0;0,0;0,0;0,33743033;0,12912689;1,78294281;0,0
204;EX;beam_y;60x80;0,0;0,0;1,2498927;3,54534163;-0,13047005;-0,0;-0,0;0,0;-1,2498927;5,51638046;0,13047005;-0,0;0,0;-0,0;1,2498927;-0,13047005;-3,54534163;-0,0;0,0;0,0;-1,2498927;0,13047005;-5,51638046;-0,0;0,0;0,0;1,2498927;0,13047005;3,54534163;0,0;0,0;0,0;1,2498927;0,13047005;5,51638046;0,0
205;EX;beam_y;60x80;-0,0;0,0;-0,98037692;-5,60229675;1,88703184;0,0;0,0;0,0;0,98037692;-3,1230578;-1,88703184;0,0;0,0;0,0;-0,98037692;1,88703184;5,60229675;0,0;0,0;-0,0;0,98037692;-1,88703184;3,1230578;0,0;0,0;0,0;0,98037692;1,88703184;5,60229675;0,0;0,0;0,0;0,98037692;1,88703184;3,1230578;0,0
206;EX;beam_y;60x80;0,0;0,0;-0,24309522;-0,44018335;-0,50883898;-0,0;-0,0;0,0;0,24309522;-1,32225697;0,50883898;-0,0;0,0;-0,0;-0,24309522;-0,50883898;0,44018335;-0,0;0,0;0,0;0,24309522;0,50883898;1,32225697;-0,0;0,0;0,0;0,24309522;0,50883898;0,44018335;0,0;0,0;0,0;0,24309522;0,50883898;1,32225697;0,0
207;EX;beam_y;60x80;-0,0;0,0;0,06630404;0,70984922;0,48431436;0,0;0,0;0,0;-0,06630404;-0,11974323;-0,48431436;0,0;0,0;0,0;0,06630404;0,48431436;-0,70984922;0,0;0,0;-0,0;-0,06630404;-0,48431436;0,11974323;0,0;0,0;0,0;0,06630404;0,48431436;0,70984922;0,0;0,0;0,0;0,06630404;0,48431436;0,11974323;0,0
208;EX;beam_y;60x80;0,0;0,0;-0,03637094;-0,28660271;-0,01962619;-0,0;-0,0;0,0;0,03637094;0,02291339;0,01962619;-0,0;0,0;-0,0;-0,03637094;-0,01962619;0,28660271;-0,0;0,0;0,0;0,03637094;0,01962619;-0,02291339;-0,0;0,0;0,0;0,03637094;0,01962619;0,28660271;0,0;0,0;0,0;0,03637094;0,01962619;0,02291339;0,0
209;EX;beam_y;60x80;0,0;0,0;-0,02875636;-0,1730663;-0,03843542;-0,0;-0,0;0,0;0,02875636;-0,08286527;0,03843542;-0,0;0,0;-0,0;-0,02875636;-0,03843542;0,1730663;-0,0;0,0;0,0;0,02875636;0,03843542;0,08286527;-0,0;0,0;0,0;0,02875636;0,03843542;0,1730663;0,0;0,0;0,0;0,02875636;0,03843542;0,08286527;0,0
210;EX;beam_y;60x80;0,0;0,0;-0,25726886;-1,12118908;0,03348183;-0,0;-0,0;0,0;0,25726886;-0,74401016;-0,03348183;-0,0;0,0;-0,0;-0,25726886;0,03348183;1,12118908;-0,0;0,0;0,0;0,25726886;-0,03348183;0,74401016;-0,0;0,0;0,0;0,25726886;0,03348183;1,12118908;0,0;0,0;0,0;0,25726886;0,03348183;0,74401016;0,0
211;EX;beam_y;60x80;-0,0;0,0;-0,13622819;-0,40416549;0,07410635;0,0;0,0;0,0;0,13622819;-0,8082654;-0,07410635;0,0;0,0;0,0;-0,13622819;0,07410635;0,40416549;0,0;0,0;-0,0;0,13622819;-0,07410635;0,8082654;0,0;0,0;0,0;0,13622819;0,07410635;0,40416549;0,0;0,0;0,0;0,13622819;0,07410635;0,8082654;0,0
212;EX;beam_y;60x80;0,0;0,0;-0,13775953;-0,83411157;-0,24075438;-0,0;-0,0;0,0;0,13775953;-0,16464506;0,24075438;-0,0;0,0;-0,0;-0,13775953;-0,24075438;0,83411157;-0,0;0,0;0,0;0,13775953;0,24075438;0,16464506;-0,0;0,0;0,0;0,13775953;0,24075438;0,83411157;0,0;0,0;0,0;0,13775953;0,24075438;0,16464506;0,0
213;EX;beam_y;60x80;0,0;0,0;-0,1634827;-0,59626664;0,04091426;-0,0;-0,0;0,0;0,1634827;-0,85872939;-0,04091426;-0,0;0,0;-0,0;-0,1634827;0,04091426;0,59626664;-0,0;0,0;0,0;0,1634827;-0,04091426;0,85872939;-0,0;0,0;0,0;0,1634827;0,04091426;0,59626664;0,0;0,0;0,0;0,1634827;0,04091426;0,85872939;0,0
214;EX;beam_y;60x80;0,0;0,0;-0,2924132;-1,08314634;0,51876356;-0,0;-0,0;0,0;0,2924132;-1,03684937;-0,51876356;-0,0;0,0;-0,0;-0,2924132;0,51876356;1,08314634;-0,0;0,0;0,0;0,2924132;-0,51876356;1,03684937;-0,0;0,0;0,0;0,2924132;0,51876356;1,08314634;0,0;0,0;0,0;0,2924132;0,51876356;1,03684937;0,0
215;EX;beam_y;60x80;-0,0;0,0;-0,01839133;0,09162201;-0,00371252;0,0;0,0;0,0;0,01839133;-0,25530484;0,00371252;0,0;0,0;0,0;-0,01839133;-0,00371252;-0,09162201;0,0;0,0;-0,0;0,01839133;0,00371252;0,25530484;0,0;0,0;0,0;0,01839133;0,00371252;0,09162201;0,0;0,0;0,0;0,01839133;0,00371252;0,25530484;0,0
216;EX;beam_y;60x80;0,0;0,0;0,05075118;0,13004465;0,27095039;-0,0;-0,0;0,0;-0,05075118;0,2379014;-0,27095039;-0,0;0,0;-0,0;0,05075118;0,27095039;-0,13004465;-0,0;0,0;0,0;-0,05075118;-0,27095039;-0,2379014;-0,0;0,0;0,0;0,05075118;0,27095039;0,13004465;0,0;0,0;0,0;0,05075118;0,27095039;0,2379014;0,0
217;EX;beam_y;60x80;0,0;0,0;-0,04176979;-0,22405155;0,01982209;-0,0;-0,0;0,0;0,04176979;-0,1476996;-0,01982209;-0,0;0,0;-0,0;-0,04176979;0,01982209;0,22405155;-0,0;0,0;0,0;0,04176979;-0,01982209;0,1476996;-0,0;0,0;0,0;0,04176979;0,01982209;0,22405155;0,0;0,0;0,0;0,04176979;0,01982209;0,1476996;0,0
218;EX;beam_y;60x80;0,0;0,0;-0,15000317;-0,71807727;0,80084084;-0,0;-0,0;0,0;0,15000317;-0,36944568;-0,80084084;-0,0;0,0;-0,0;-0,15000317;0,80084084;0,71807727;-0,0;0,0;0,0;0,15000317;-0,80084084;0,36944568;-0,0;0,0;0,0;0,15000317;0,80084084;0,71807727;0,0;0,0;0,0;0,15000317;0,80084084;0,36944568;0,0
219;EX;beam_y;60x80;-0,0;0,0;-0,12245026;-0,4410539;0,1245052;0,0;0,0;0,0;0,12245026;-0,64875346;-0,1245052;0,0;0,0;0,0;-0,12245026;0,1245052;0,4410539;0,0;0,0;-0,0;0,12245026;-0,1245052;0,64875346;0,0;0,0;0,0;0,12245026;0,1245052;0,4410539;0,0;0,0;0,0;0,12245026;0,1245052;0,64875346;0,0
220;EX;beam_y;60x80;0,0;0,0;-0,10890371;-0,60830106;0,34036074;-0,0;-0,0;0,0;0,10890371;-0,18125082;-0,34036074;-0,0;0,0;-0,0;-0,10890371;0,34036074;0,60830106;-0,0;0,0;0,0;0,10890371;-0,34036074;0,18125082;-0,0;0,0;0,0;0,10890371;0,34036074;0,60830106;0,0;0,0;0,0;0,10890371;0,34036074;0,18125082;0,0
221;EX;beam_y;60x80;0,0;0,0;-0,10713789;-0,37481141;0,04522433;-0,0;-0,0;0,0;0,10713789;-0,57871582;-0,04522433;-0,0;0,0;-0,0;-0,10713789;0,04522433;0,37481141;-0,0;0,0;0,0;0,10713789;-0,04522433;0,57871582;-0,0;0,0;0,0;0,10713789;0,04522433;0,37481141;0,0;0,0;0,0;0,10713789;0,04522433;0,57871582;0,0
222;EX;beam_y;60x80;0,0;0,0;-0,26300137;-1,02401227;-0,05457039;-0,0;-0,0;0,0;0,26300137;-0,88274768;0,05457039;-0,0;0,0;-0,0;-0,26300137;-0,05457039;1,02401227;-0,0;0,0;0,0;0,26300137;0,05457039;0,88274768;-0,0;0,0;0,0;0,26300137;0,05457039;1,02401227;0,0;0,0;0,0;0,26300137;0,05457039;0,88274768;0,0
223;EX;beam_y;60x80;0,0;0,0;-0,05473662;-0,05502087;0,3492104;-0,0;-0,0;0,0;0,05473662;-0,43213501;-0,3492104;-0,0;0,0;-0,0;-0,05473662;0,3492104;0,05502087;-0,0;0,0;0,0;0,05473662;-0,3492104;0,43213501;-0,0;0,0;0,0;0,05473662;0,3492104;0,05502087;0,0;0,0;0,0;0,05473662;0,3492104;0,43213501;0,0
224;EX;beam_y;60x80;0,0;0,0;0,38693665;0,91851353;-0,36989751;-0,0;-0,0;0,0;-0,38693665;1,88677719;0,36989751;-0,0;0,0;-0,0;0,38693665;-0,36989751;-0,91851353;-0,0;0,0;0,0;-0,38693665;0,36989751;-1,88677719;-0,0;0,0;0,0;0,38693665;0,36989751;0,91851353;0,0;0,0;0,0;0,38693665;0,36989751;1,88677719;0,0
225;EX;beam_y;60x80;-0,0;0,0;-0,30639597;-1,72330673;0,55379436;0,0;0,0;0,0;0,30639597;-1,00361744;-0,55379436;0,0;0,0;0,0;-0,30639597;0,55379436;1,72330673;0,0;0,0;-0,0;0,30639597;-0,55379436;1,00361744;0,0;0,0;0,0;0,30639597;0,55379436;1,72330673;0,0;0,0;0,0;0,30639597;0,55379436;1,00361744;0,0
226;EX;beam_y;60x80;0,0;0,0;0,02056726;-0,17985104;-0,39079733;-0,0;-0,0;0,0;-0,02056726;0,32896364;0,39079733;-0,0;0,0;-0,0;0,02056726;-0,39079733;0,17985104;-0,0;0,0;0,0;-0,02056726;0,39079733;-0,32896364;-0,0;0,0;0,0;0,02056726;0,39079733;0,17985104;0,0;0,0;0,0;0,02056726;0,39079733;0,32896364;0,0
227;EX;beam_y;60x80;0,0;0,0;-0,188716;-0,88487497;0,51903472;-0,0;-0,0;0,0;0,188716;-0,79469747;-0,51903472;-0,0;0,0;-0,0;-0,188716;0,51903472;0,88487497;-0,0;0,0;0,0;0,188716;-0,51903472;0,79469747;-0,0;0,0;0,0;0,188716;0,51903472;0,88487497;0,0;0,0;0,0;0,188716;0,51903472;0,79469747;0,0
228;EX;beam_y;40x60;0,0;0,0;-0,17780442;-0,71250962;-0,03742902;-0,0;-0,0;0,0;0,17780442;-0,57657244;0,03742902;-0,0;0,0;-0,0;-0,17780442;-0,03742902;0,71250962;-0,0;0,0;0,0;0,17780442;0,03742902;0,57657244;-0,0;0,0;0,0;0,17780442;0,03742902;0,71250962;0,0;0,0;0,0;0,17780442;0,03742902;0,57657244;0,0
229;EX;beam_y;40x60;-0,0;0,0;-0,13698744;-0,5466941;-0,04409918;0,0;0,0;0,0;0,13698744;-0,67249415;0,04409918;0,0;0,0;0,0;-0,13698744;-0,04409918;0,5466941;0,0;0,0;-0,0;0,13698744;0,04409918;0,67249415;0,0;0,0;0,0;0,13698744;0,04409918;0,5466941;0,0;0,0;0,0;0,13698744;0,04409918;0,67249415;0,0
230;EX;beam_y;40x60;0,0;0,0;-0,24728052;-0,96772768;-0,03938862;-0,0;-0,0;0,0;0,24728052;-0,82505609;0,03938862;-0,0;0,0;-0,0;-0,24728052;-0,03938862;0,96772768;-0,0;0,0;0,0;0,24728052;0,03938862;0,82505609;-0,0;0,0;0,0;0,24728052;0,03938862;0,96772768;0,0;0,0;0,0;0,24728052;0,03938862;0,82505609;0,0
231;EX;beam_y;40x60;0,0;0,0;-0,18208659;-0,74624792;-0,04240142;-0,0;-0,0;0,0;0,18208659;-0,87432277;0,04240142;-0,0;0,0;-0,0;-0,18208659;-0,04240142;0,74624792;-0,0;0,0;0,0;0,18208659;0,04240142;0,87432277;-0,0;0,0;0,0;0,18208659;0,04240142;0,74624792;0,0;0,0;0,0;0,18208659;0,04240142;0,87432277;0,0
232;EX;beam_y;60x80;0,0;0,0;0,70036129;2,0492374;-1,88334948;-0,0;-0,0;0,0;-0,70036129;3,02838193;1,88334948;-0,0;0,0;-0,0;0,70036129;-1,88334948;-2,0492374;-0,0;0,0;0,0;-0,70036129;1,88334948;-3,02838193;-0,0;0,0;0,0;0,70036129;1,88334948;2,0492374;0,0;0,0;0,0;0,70036129;1,88334948;3,02838193;0,0
233;EX;beam_y;60x80;-0,0;0,0;2,07685134;-5,27283056;35,06171815;-0,0;0,0;0,0;-2,07685134;-3,28379695;-35,06171815;-0,0;0,0;-0,0;2,07685134;-35,06171815;-5,27283056;-0,0;0,0;0,0;-2,07685134;35,06171815;-3,28379695;-0,0;0,0;0,0;2,07685134;35,06171815;5,27283056;0,0;0,0;0,0;2,07685134;35,06171815;3,28379695;0,0
234;EX;beam_x;60x80;0,0;0,0;18,2796058;1,79951013;87,81806537;0,0;0,0;0,0;-18,2796058;-1,79951013;49,09618207;0,0;0,0;0,0;18,2796058;-1,79951013;-87,81806537;0,0;0,0;0,0;-18,2796058;1,79951013;-49,09618207;0,0;0,0;0,0;18,2796058;1,79951013;87,81806537;0,0;0,0;0,0;18,2796058;1,79951013;49,09618207;0,0
235;EX;beam_y;60x80;0,0;0,0;0,81704033;2,44889075;4,52049468;-0,0;-0,0;0,0;-0,81704033;0,91731542;-4,52049468;-0,0;0,0;-0,0;0,81704033;4,52049468;-2,44889075;-0,0;0,0;0,0;-0,81704033;-4,52049468;-0,91731542;-0,0;0,0;0,0;0,81704033;4,52049468;2,44889075;0,0;0,0;0,0;0,81704033;4,52049468;0,91731542;0,0
236;EX;beam_y;60x80;0,0;0,0;-0,19084931;-0,87941018;1,48205184;-0,0;-0,0;0,0;0,19084931;-0,50424732;-1,48205184;-0,0;0,0;-0,0;-0,19084931;1,48205184;0,87941018;-0,0;0,0;0,0;0,19084931;-1,48205184;0,50424732;-0,0;0,0;0,0;0,19084931;1,48205184;0,87941018;0,0;0,0;0,0;0,19084931;1,48205184;0,50424732;0,0
237;EX;beam_y;60x80;0,0;0,0;2,119713;-6,21231877;34,4731154;0,0;-0,0;-0,0;-2,119713;-2,52089878;-34,4731154;0,0;0,0;0,0;2,119713;-34,4731154;-6,21231877;0,0;0,0;-0,0;-2,119713;34,4731154;-2,52089878;0,0;0,0;0,0;2,119713;34,4731154;6,21231877;0,0;0,0;0,0;2,119713;34,4731154;2,52089878;0,0
238;EX;beam_x;60x80;0,0;0,0;18,16775662;1,21148988;73,6379699;0,0;0,0;0,0;-18,16775662;-1,21148988;62,43852715;0,0;0,0;0,0;18,16775662;-1,21148988;-73,6379699;0,0;0,0;0,0;-18,16775662;1,21148988;-62,43852715;0,0;0,0;0,0;18,16775662;1,21148988;73,6379699;0,0;0,0;0,0;18,16775662;1,21148988;62,43852715;0,0
239;EX;beam_y;60x80;-0,0;0,0;0,78683622;1,37321392;14,31092826;0,0;0,0;0,0;-0,78683622;1,86855132;-14,31092826;0,0;0,0;0,0;0,78683622;14,31092826;-1,37321392;0,0;0,0;-0,0;-0,78683622;-14,31092826;-1,86855132;0,0;0,0;0,0;0,78683622;14,31092826;1,37321392;0,0;0,0;0,0;0,78683622;14,31092826;1,86855132;0,0
240;EX;beam_x;30x45;0,0;-0,0;1,81382603;0,12964808;9,89711021;0,0;-0,0;0,0;-1,81382603;-0,12964808;-0,82798006;0,0;0,0;0,0;1,81382603;-0,12964808;-9,89711021;0,0;0,0;-0,0;-1,81382603;0,12964808;0,82798006;0,0;0,0;0,0;1,81382603;0,12964808;9,89711021;0,0;0,0;0,0;1,81382603;0,12964808;0,82798006;0,0
241;EX;beam_x;30x45;0,0;0,0;1,82090644;0,12244101;-0,73250369;-0,0;0,0;-0,0;-1,82090644;-0,12244101;9,83703588;-0,0;0,0;-0,0;1,82090644;-0,12244101;0,73250369;-0,0;0,0;0,0;-1,82090644;0,12244101;-9,83703588;-0,0;0,0;0,0;1,82090644;0,12244101;0,73250369;0,0;0,0;0,0;1,82090644;0,12244101;9,83703588;0,0
242;EX;beam_y;60x80;0,0;0,0;1,81382603;-4,33236395;9,89711021;0,0;-0,0;-0,0;-1,81382603;-0,12964808;-9,89711021;0,0;0,0;0,0;1,81382603;-9,89711021;-4,33236395;0,0;0,0;-0,0;-1,81382603;9,89711021;-0,12964808;0,0;0,0;0,0;1,81382603;9,89711021;4,33236395;0,0;0,0;0,0;1,81382603;9,89711021;0,12964808;0,0
243;EX;beam_y;60x80;0,0;0,0;0,00708041;-0,02462488;-1,56048375;0,0;-0,0;-0,0;-0,00708041;0,00720707;1,56048375;0,0;0,0;0,0;0,00708041;1,56048375;-0,02462488;0,0;0,0;-0,0;-0,00708041;-1,56048375;0,00720707;0,0;0,0;0,0;0,00708041;1,56048375;0,02462488;0,0;0,0;0,0;0,00708041;1,56048375;0,00720707;0,0
244;EX;beam_y;60x80;0,0;0,0;-1,82090644;4,35698883;9,83703588;0,0;-0,0;0,0;1,82090644;0,12244101;-9,83703588;0,0;0,0;0,0;-1,82090644;-9,83703588;4,35698883;0,0;0,0;-0,0;1,82090644;9,83703588;0,12244101;0,0;0,0;0,0;1,82090644;9,83703588;4,35698883;0,0;0,0;0,0;1,82090644;9,83703588;0,12244101;0,0
245;EX;beam_y;60x80;0,0;0,0;-0,02719006;-0,5664868;2,33964955;-0,0;-0,0;0,0;0,02719006;0,36935888;-2,33964955;-0,0;0,0;-0,0;-0,02719006;2,33964955;0,5664868;-0,0;0,0;0,0;0,02719006;-2,33964955;-0,36935888;-0,0;0,0;0,0;0,02719006;2,33964955;0,5664868;0,0;0,0;0,0;0,02719006;2,33964955;0,36935888;0,0
246;EX;beam_y;60x80;0,0;0,0;1,54382487;-2,00421173;29,04821527;0,0;-0,0;-0,0;-1,54382487;-1,79359745;-29,04821527;0,0;0,0;0,0;1,54382487;-29,04821527;-2,00421173;0,0;0,0;-0,0;-1,54382487;29,04821527;-1,79359745;0,0;0,0;0,0;1,54382487;29,04821527;2,00421173;0,0;0,0;0,0;1,54382487;29,04821527;1,79359745;0,0
247;EX;beam_x;60x80;0,0;-0,0;1,54382487;1,79359745;29,04821527;0,0;-0,0;0,0;-1,54382487;-1,79359745;-25,65180055;0,0;0,0;0,0;1,54382487;-1,79359745;-29,04821527;0,0;0,0;-0,0;-1,54382487;1,79359745;25,65180055;0,0;0,0;0,0;1,54382487;1,79359745;29,04821527;0,0;0,0;0,0;1,54382487;1,79359745;25,65180055;0,0
248;EX;beam_y;60x80;-0,0;0,0;1,54382487;1,79359745;25,65180055;0,0;0,0;0,0;-1,54382487;2,00421173;-25,65180055;0,0;0,0;0,0;1,54382487;25,65180055;-1,79359745;0,0;0,0;-0,0;-1,54382487;-25,65180055;-2,00421173;0,0;0,0;0,0;1,54382487;25,65180055;1,79359745;0,0;0,0;0,0;1,54382487;25,65180055;2,00421173;0,0
249;EX;beam_y;60x80;-0,0;0,0;1,16554027;-2,89886803;22,99836654;-0,0;0,0;0,0;-1,16554027;-1,90315787;-22,99836654;-0,0;0,0;-0,0;1,16554027;-22,99836654;-2,89886803;-0,0;0,0;0,0;-1,16554027;22,99836654;-1,90315787;-0,0;0,0;0,0;1,16554027;22,99836654;2,89886803;0,0;0,0;0,0;1,16554027;22,99836654;1,90315787;0,0
250;EX;beam_x;60x80;0,0;-0,0;12,26744638;1,05456012;61,1922959;0,0;-0,0;0,0;-12,26744638;-1,05456012;61,4821679;0,0;0,0;0,0;12,26744638;-1,05456012;-61,1922959;0,0;0,0;-0,0;-12,26744638;1,05456012;-61,4821679;0,0;0,0;0,0;12,26744638;1,05456012;61,1922959;0,0;0,0;0,0;12,26744638;1,05456012;61,4821679;0,0
251;EX;beam_y;60x80;0,0;0,0;1,63632434;2,02806484;-23,47400873;-0,0;-0,0;0,0;-1,63632434;4,71359144;23,47400873;-0,0;0,0;-0,0;1,63632434;-23,47400873;-2,02806484;-0,0;0,0;0,0;-1,63632434;23,47400873;-4,71359144;-0,0;0,0;0,0;1,63632434;23,47400873;2,02806484;0,0;0,0;0,0;1,63632434;23,47400873;4,71359144;0,0
252;EX;beam_y;60x80;0,0;0,0;0,89114829;-2,07446629;12,83967139;0,0;-0,0;-0,0;-0,89114829;-1,59706467;-12,83967139;0,0;0,0;0,0;0,89114829;-12,83967139;-2,07446629;0,0;0,0;-0,0;-0,89114829;12,83967139;-1,59706467;0,0;0,0;0,0;0,89114829;12,83967139;2,07446629;0,0;0,0;0,0;0,89114829;12,83967139;1,59706467;0,0
253;EX;beam_x;60x80;0,0;0,0;8,07942729;1,01215612;40,47792967;-0,0;0,0;-0,0;-8,07942729;-1,01215612;40,3163432;-0,0;0,0;-0,0;8,07942729;-1,01215612;-40,47792967;-0,0;0,0;0,0;-8,07942729;1,01215612;-40,3163432;-0,0;0,0;0,0;8,07942729;1,01215612;40,47792967;0,0;0,0;0,0;8,07942729;1,01215612;40,3163432;0,0
254;EX;beam_y;60x80;-0,0;0,0;1,29819048;1,71542403;-12,6694853;0,0;0,0;0,0;-1,29819048;3,63312074;12,6694853;0,0;0,0;0,0;1,29819048;-12,6694853;-1,71542403;0,0;0,0;-0,0;-1,29819048;12,6694853;-3,63312074;0,0;0,0;0,0;1,29819048;12,6694853;1,71542403;0,0;0,0;0,0;1,29819048;12,6694853;3,63312074;0,0
255;EX;column;70x70;-31,11550087;0,7318186;-87,73778806;-1,73514474;-92,77125935;0,02758983;31,11550087;-0,7318186;87,73778806;-0,87012948;-17,99992373;-0,02758983;-87,73778806;-0,7318186;-31,11550087;0,02758983;92,77125935;-1,73514474;87,73778806;0,7318186;31,11550087;-0,02758983;17,99992373;-0,87012948;87,73778806;0,7318186;31,11550087;0,02758983;92,77125935;1,73514474;87,73778806;0,7318186;31,11550087;0,02758983;17,99992373;0,87012948
256;EX;column;70x70;-60,4645255;0,70226247;-74,28677824;-0,76389533;-125,58080935;0,11713585;60,4645255;-0,70226247;74,28677824;-1,73615907;-89,67290142;-0,11713585;-74,28677824;-0,70226247;-60,4645255;0,11713585;125,58080935;-0,76389533;74,28677824;0,70226247;60,4645255;-0,11713585;89,67290142;-1,73615907;74,28677824;0,70226247;60,4645255;0,11713585;125,58080935;0,76389533;74,28677824;0,70226247;60,4645255;0,11713585;89,67290142;1,73615907
257;EX;column;70x70;-69,77729734;-1,06862637;-53,04522427;2,23214955;-125,12734101;-0,04035886;69,77729734;1,06862637;53,04522427;1,57216034;-123,27983754;0,04035886;-53,04522427;1,06862637;-69,77729734;-0,04035886;125,12734101;2,23214955;53,04522427;-1,06862637;69,77729734;0,04035886;123,27983754;1,57216034;53,04522427;1,06862637;69,77729734;0,04035886;125,12734101;2,23214955;53,04522427;1,06862637;69,77729734;0,04035886;123,27983754;1,57216034
258;EX;column;70x70;-57,57099103;-0,33268254;-30,95358155;0,22250633;-96,06811129;0,02214538;57,57099103;0,33268254;30,95358155;0,96184351;-108,88461679;-0,02214538;-30,95358155;0,33268254;-57,57099103;0,02214538;96,06811129;0,22250633;30,95358155;-0,33268254;57,57099103;-0,02214538;108,88461679;0,96184351;30,95358155;0,33268254;57,57099103;0,02214538;96,06811129;0,22250633;30,95358155;0,33268254;57,57099103;0,02214538;108,88461679;0,96184351
259;EX;column;70x70;-58,49735497;0,47525758;-11,74880142;-0,98768623;-85,75286282;0,12634367;58,49735497;-0,47525758;11,74880142;-0,70423077;-122,49772087;-0,12634367;-11,74880142;-0,47525758;-58,49735497;0,12634367;85,75286282;-0,98768623;11,74880142;0,47525758;58,49735497;-0,12634367;122,49772087;-0,70423077;11,74880142;0,47525758;58,49735497;0,12634367;85,75286282;0,98768623;11,74880142;0,47525758;58,49735497;0,12634367;122,49772087;0,70423077
260;EX;column;70x70;-32,22026939;1,47559673;-74,07833466;-2,61776145;-94,19030355;0,02758983;32,22026939;-1,47559673;74,07833466;-2,63536292;-20,51385547;-0,02758983;-74,07833466;-1,47559673;-32,22026939;0,02758983;94,19030355;-2,61776145;74,07833466;1,47559673;32,22026939;-0,02758983;20,51385547;-2,63536292;74,07833466;1,47559673;32,22026939;0,02758983;94,19030355;2,61776145;74,07833466;1,47559673;32,22026939;0,02758983;20,51385547;2,63536292
261;EX;column;70x70;-63,49293012;2,20961177;-61,88232522;-3,43523321;-130,72815206;0,11713585;63,49293012;-2,20961177;61,88232522;-4,43098469;-95,30667916;-0,11713585;-61,88232522;-2,20961177;-63,49293012;0,11713585;130,72815206;-3,43523321;61,88232522;2,20961177;63,49293012;-0,11713585;95,30667916;-4,43098469;61,88232522;2,20961177;63,49293012;0,11713585;130,72815206;3,43523321;61,88232522;2,20961177;63,49293012;0,11713585;95,30667916;4,43098469
262;EX;column;70x70;-72,30629082;0,37422584;-43,8465958;-0,38613954;-129,55167527;-0,04035886;72,30629082;-0,37422584;43,8465958;-0,94610447;-127,85872007;0,04035886;-43,8465958;-0,37422584;-72,30629082;-0,04035886;129,55167527;-0,38613954;43,8465958;0,37422584;72,30629082;0,04035886;127,85872007;-0,94610447;43,8465958;0,37422584;72,30629082;0,04035886;129,55167527;0,38613954;43,8465958;0,37422584;72,30629082;0,04035886;127,85872007;0,94610447
263;EX;column;70x70;-60,11555115;1,15029898;-25,66105957;-2,34337858;-100,9102565;0,02214538;60,11555115;-1,15029898;25,66105957;-1,75168577;-113,10110558;-0,02214538;-25,66105957;-1,15029898;-60,11555115;0,02214538;100,9102565;-2,34337858;25,66105957;1,15029898;60,11555115;-0,02214538;113,10110558;-1,75168577;25,66105957;1,15029898;60,11555115;0,02214538;100,9102565;2,34337858;25,66105957;1,15029898;60,11555115;0,02214538;113,10110558;1,75168577
264;EX;column;70x70;-61,34898304;2,39141665;-9,50180751;-4,21525287;-90,74181887;0,12634367;61,34898304;-2,39141665;9,50180751;-4,29819039;-127,66056077;-0,12634367;-9,50180751;-2,39141665;-61,34898304;0,12634367;90,74181887;-4,21525287;9,50180751;2,39141665;61,34898304;-0,12634367;127,66056077;-4,29819039;9,50180751;2,39141665;61,34898304;0,12634367;90,74181887;4,21525287;9,50180751;2,39141665;61,34898304;0,12634367;127,66056077;4,29819039
265;EX;column;70x70;-37,2084466;1,36821549;9,9283044;-2,49033571;-100,24225059;0,02758983;37,2084466;-1,36821549;-9,9283044;-2,38051144;-32,21981931;-0,02758983;9,9283044;-1,36821549;-37,2084466;0,02758983;100,24225059;-2,49033571;-9,9283044;1,36821549;37,2084466;-0,02758983;32,21981931;-2,38051144;9,9283044;1,36821549;37,2084466;0,02758983;100,24225059;2,49033571;9,9283044;1,36821549;37,2084466;0,02758983;32,21981931;2,38051144
266;EX;column;70x70;-76,39162923;2,344103;7,65438866;-3,46740373;-152,25177828;0,11713585;76,39162923;-2,344103;-7,65438866;-4,87760295;-119,70242176;-0,11713585;7,65438866;-2,344103;-76,39162923;0,11713585;152,25177828;-3,46740373;-7,65438866;2,344103;76,39162923;-0,11713585;119,70242176;-4,87760295;7,65438866;2,344103;76,39162923;0,11713585;152,25177828;3,46740373;7,65438866;2,344103;76,39162923;0,11713585;119,70242176;4,87760295
267;EX;column;70x70;-86,49024927;1,04051991;4,77554235;-1,46383049;-154,71540615;-0,04035886;86,49024927;-1,04051991;-4,77554235;-2,24042038;-153,18988124;0,04035886;4,77554235;-1,04051991;-86,49024927;-0,04035886;154,71540615;-1,46383049;-4,77554235;1,04051991;86,49024927;0,04035886;153,18988124;-2,24042038;4,77554235;1,04051991;86,49024927;0,04035886;154,71540615;1,46383049;4,77554235;1,04051991;86,49024927;0,04035886;153,18988124;2,24042038
268;EX;column;70x70;-73,39047978;1,66496707;2,26789609;-3,45776501;-125,46320346;0,02214538;73,39047978;-1,66496707;-2,26789609;-2,46951777;-135,80690454;-0,02214538;2,26789609;-1,66496707;-73,39047978;0,02214538;125,46320346;-3,45776501;-2,26789609;1,66496707;73,39047978;-0,02214538;135,80690454;-2,46951777;2,26789609;1,66496707;73,39047978;0,02214538;125,46320346;3,45776501;2,26789609;1,66496707;73,39047978;0,02214538;135,80690454;2,46951777
269;EX;column;70x70;-74,52158915;2,68220332;1,0610524;-4,66741224;-113,82714842;0,12634367;74,52158915;-2,68220332;-1,0610524;-4,88123158;-151,46970896;-0,12634367;1,0610524;-2,68220332;-74,52158915;0,12634367;113,82714842;-4,66741224;-1,0610524;2,68220332;74,52158915;-0,12634367;151,46970896;-4,88123158;1,0610524;2,68220332;74,52158915;0,12634367;113,82714842;4,66741224;1,0610524;2,68220332;74,52158915;0,12634367;151,46970896;4,88123158
270;EX;column;70x70;-45,85357497;2,06776755;-84,92473;-3,46950836;-110,26044062;0,02758983;45,85357497;-2,06776755;84,92473;-3,89174411;-52,97828627;-0,02758983;-84,92473;-2,06776755;-45,85357497;0,02758983;110,26044062;-3,46950836;84,92473;2,06776755;45,85357497;-0,02758983;52,97828627;-3,89174411;84,92473;2,06776755;45,85357497;0,02758983;110,26044062;3,46950836;84,92473;2,06776755;45,85357497;0,02758983;52,97828627;3,89174411
271;EX;column;70x70;-92,70153133;3,93802824;-64,92050097;-6,52367805;-181,32457088;0,11713585;92,70153133;-3,93802824;64,92050097;-7,4957025;-148,69288067;-0,11713585;-64,92050097;-3,93802824;-92,70153133;0,11713585;181,32457088;-6,52367805;64,92050097;3,93802824;92,70153133;-0,11713585;148,69288067;-7,4957025;64,92050097;3,93802824;92,70153133;0,11713585;181,32457088;6,52367805;64,92050097;3,93802824;92,70153133;0,11713585;148,69288067;7,4957025
272;EX;column;70x70;-103,5846744;0,69480208;-41,49561678;-0,92944933;-186,01082743;-0,04035886;103,5846744;-0,69480208;41,49561678;-1,54404608;-182,75061342;0,04035886;-41,49561678;-0,69480208;-103,5846744;-0,04035886;186,01082743;-0,92944933;41,49561678;0,69480208;103,5846744;0,04035886;182,75061342;-1,54404608;41,49561678;0,69480208;103,5846744;0,04035886;186,01082743;0,92944933;41,49561678;0,69480208;103,5846744;0,04035886;182,75061342;1,54404608
273;EX;column;70x70;-87,62855956;1,43126974;-20,25579294;-3,23196346;-151,08911439;0,02214538;87,62855956;-1,43126974;20,25579294;-1,86335681;-160,86855766;-0,02214538;-20,25579294;-1,43126974;-87,62855956;0,02214538;151,08911439;-3,23196346;20,25579294;1,43126974;87,62855956;-0,02214538;160,86855766;-1,86335681;20,25579294;1,43126974;87,62855956;0,02214538;151,08911439;3,23196346;20,25579294;1,43126974;87,62855956;0,02214538;160,86855766;1,86335681
274;EX;column;70x70;-82,13519601;2,03865313;-3,83870116;-4,13776145;-130,11872706;0,12634367;82,13519601;-2,03865313;3,83870116;-3,11984368;-162,28257073;-0,12634367;-3,83870116;-2,03865313;-82,13519601;0,12634367;130,11872706;-4,13776145;3,83870116;2,03865313;82,13519601;-0,12634367;162,28257073;-3,11984368;3,83870116;2,03865313;82,13519601;0,12634367;130,11872706;4,13776145;3,83870116;2,03865313;82,13519601;0,12634367;162,28257073;3,11984368
275;EX;column;70x70;-41,64473852;1,05698317;-75,8268985;-2,27004423;-105,37400692;0,02758983;41,64473852;-1,05698317;75,8268985;-1,49281585;-42,88126222;-0,02758983;-75,8268985;-1,05698317;-41,64473852;0,02758983;105,37400692;-2,27004423;75,8268985;1,05698317;41,64473852;-0,02758983;42,88126222;-1,49281585;75,8268985;1,05698317;41,64473852;0,02758983;105,37400692;2,27004423;75,8268985;1,05698317;41,64473852;0,02758983;42,88126222;1,49281585
276;EX;column;70x70;-85,82219361;1,7779253;-63,63746066;-2,76089175;-168,40924811;0,11713585;85,82219361;-1,7779253;63,63746066;-3,5685223;-137,11776114;-0,11713585;-63,63746066;-1,7779253;-85,82219361;0,11713585;168,40924811;-2,76089175;63,63746066;1,7779253;85,82219361;-0,11713585;137,11776114;-3,5685223;63,63746066;1,7779253;85,82219361;0,11713585;168,40924811;2,76089175;63,63746066;1,7779253;85,82219361;0,11713585;137,11776114;3,5685223
277;EX;column;70x70;-97,7613085;-1,57016826;-44,80827528;3,12217351;-175,07198555;-0,04035886;97,7613085;1,57016826;44,80827528;2,46762551;-172,95827271;0,04035886;-44,80827528;1,57016826;-97,7613085;-0,04035886;175,07198555;3,12217351;44,80827528;-1,57016826;97,7613085;0,04035886;172,95827271;2,46762551;44,80827528;1,57016826;97,7613085;0,04035886;175,07198555;3,12217351;44,80827528;1,57016826;97,7613085;0,04035886;172,95827271;2,46762551
278;EX;column;70x70;-83,45870218;-0,3938863;-25,83356878;0,25779515;-143,50372739;0,02214538;83,45870218;0,3938863;25,83356878;1,14444008;-153,60925236;-0,02214538;-25,83356878;0,3938863;-83,45870218;0,02214538;143,50372739;0,25779515;25,83356878;-0,3938863;83,45870218;-0,02214538;153,60925236;1,14444008;25,83356878;0,3938863;83,45870218;0,02214538;143,50372739;0,25779515;25,83356878;0,3938863;83,45870218;0,02214538;153,60925236;1,14444008
279;EX;column;70x70;-81,52960316;1,22787692;-9,02903698;-2,33369529;-127,49709564;0,12634367;81,52960316;-1,22787692;9,02903698;-2,03754653;-162,74829162;-0,12634367;-9,02903698;-1,22787692;-81,52960316;0,12634367;127,49709564;-2,33369529;9,02903698;1,22787692;81,52960316;-0,12634367;162,74829162;-2,03754653;9,02903698;1,22787692;81,52960316;0,12634367;127,49709564;2,33369529;9,02903698;1,22787692;81,52960316;0,12634367;162,74829162;2,03754653
280;EX;column;70x70;-45,94372384;-0,43966351;-90,52020524;-0,4940235;-110,60811291;0,02758983;45,94372384;0,43966351;90,52020524;2,05922561;-52,95154396;-0,02758983;-90,52020524;0,43966351;-45,94372384;0,02758983;110,60811291;-0,4940235;90,52020524;-0,43966351;45,94372384;-0,02758983;52,95154396;2,05922561;90,52020524;0,43966351;45,94372384;0,02758983;110,60811291;0,4940235;90,52020524;0,43966351;45,94372384;0,02758983;52,95154396;2,05922561
281;EX;column;70x70;-93,74797986;-0,74405171;-68,21557293;2,00787502;-183,21384335;0,11713585;93,74797986;0,74405171;68,21557293;0,64094906;-150,52896493;-0,11713585;-68,21557293;0,74405171;-93,74797986;0,11713585;183,21384335;2,00787502;68,21557293;-0,74405171;93,74797986;-0,11713585;150,52896493;0,64094906;68,21557293;0,74405171;93,74797986;0,11713585;183,21384335;2,00787502;68,21557293;0,74405171;93,74797986;0,11713585;150,52896493;0,64094906
282;EX;column;70x70;-102,73196303;-3,18432687;-43,77914701;6,25436704;-184,21924692;-0,04035886;102,73196303;3,18432687;43,77914701;5,08183662;-181,50654149;0,04035886;-43,77914701;3,18432687;-102,73196303;-0,04035886;184,21924692;6,25436704;43,77914701;-3,18432687;102,73196303;0,04035886;181,50654149;5,08183662;43,77914701;3,18432687;102,73196303;0,04035886;184,21924692;6,25436704;43,77914701;3,18432687;102,73196303;0,04035886;181,50654149;5,08183662
283;EX;column;70x70;-87,80746499;-1,74532546;-22,51498129;2,56024585;-151,61451917;0,02214538;87,80746499;1,74532546;22,51498129;3,65311279;-160,98005621;-0,02214538;-22,51498129;1,74532546;-87,80746499;0,02214538;151,61451917;2,56024585;22,51498129;-1,74532546;87,80746499;-0,02214538;160,98005621;3,65311279;22,51498129;1,74532546;87,80746499;0,02214538;151,61451917;2,56024585;22,51498129;1,74532546;87,80746499;0,02214538;160,98005621;3,65311279
284;EX;column;70x70;-83,29915289;0,16006509;-5,14496077;-0,16159368;-132,3081866;0,12634367;83,29915289;-0,16006509;5,14496077;-0,40823804;-164,23679768;-0,12634367;-5,14496077;-0,16006509;-83,29915289;0,12634367;132,3081866;-0,16159368;5,14496077;0,16006509;83,29915289;-0,12634367;164,23679768;-0,40823804;5,14496077;0,16006509;83,29915289;0,12634367;132,3081866;0,16159368;5,14496077;0,16006509;83,29915289;0,12634367;164,23679768;0,40823804
285;EX;column;70x70;-36,11832722;3,55585571;27,49630963;-5,34715114;-98,81599884;0,02758983;36,11832722;-3,55585571;-27,49630963;-7,3116952;-29,76524605;-0,02758983;27,49630963;-3,55585571;-36,11832722;0,02758983;98,81599884;-5,34715114;-27,49630963;3,55585571;36,11832722;-0,02758983;29,76524605;-7,3116952;27,49630963;3,55585571;36,11832722;0,02758983;98,81599884;5,34715114;27,49630963;3,55585571;36,11832722;0,02758983;29,76524605;7,3116952
286;EX;column;70x70;-73,25638468;7,78824696;28,62295198;-13,10947982;-146,93981343;0,11713585;73,25638468;-7,78824696;-28,62295198;-14,61667934;-113,85291602;-0,11713585;28,62295198;-7,78824696;-73,25638468;0,11713585;146,93981343;-13,10947982;-28,62295198;7,78824696;73,25638468;-0,11713585;113,85291602;-14,61667934;28,62295198;7,78824696;73,25638468;0,11713585;146,93981343;13,10947982;28,62295198;7,78824696;73,25638468;0,11713585;113,85291602;14,61667934
287;EX;column;70x70;-84,24667202;4,03057423;20,72459181;-6,80187138;-150,68119841;-0,04035886;84,24667202;-4,03057423;-20,72459181;-7,54697287;-149,23695398;0,04035886;20,72459181;-4,03057423;-84,24667202;-0,04035886;150,68119841;-6,80187138;-20,72459181;4,03057423;84,24667202;0,04035886;149,23695398;-7,54697287;20,72459181;4,03057423;84,24667202;0,04035886;150,68119841;6,80187138;20,72459181;4,03057423;84,24667202;0,04035886;149,23695398;7,54697287
288;EX;column;70x70;-71,41310463;4,91421897;12,51783138;-9,66277171;-121,5256682;0,02214538;71,41310463;-4,91421897;-12,51783138;-7,83184782;-132,70498429;-0,02214538;12,51783138;-4,91421897;-71,41310463;0,02214538;121,5256682;-9,66277171;-12,51783138;4,91421897;71,41310463;-0,02214538;132,70498429;-7,83184782;12,51783138;4,91421897;71,41310463;0,02214538;121,5256682;9,66277171;12,51783138;4,91421897;71,41310463;0,02214538;132,70498429;7,83184782
289;EX;column;70x70;-72,00918275;5,57157429;4,13867185;-10,58770416;-109,5893711;0,12634367;72,00918275;-5,57157429;-4,13867185;-9,24710033;-146,7633195;-0,12634367;4,13867185;-5,57157429;-72,00918275;0,12634367;109,5893711;-10,58770416;-4,13867185;5,57157429;72,00918275;-0,12634367;146,7633195;-9,24710033;4,13867185;5,57157429;72,00918275;0,12634367;109,5893711;10,58770416;4,13867185;5,57157429;72,00918275;0,12634367;146,7633195;9,24710033
290;EX;column;70x70;-25,42684783;1,29436059;-134,61594844;-2,25365702;-86,26142005;0,02758983;25,42684783;-1,29436059;134,61594844;-2,35426667;-4,25815823;-0,02758983;-134,61594844;-1,29436059;-25,42684783;0,02758983;86,26142005;-2,25365702;134,61594844;1,29436059;25,42684783;-0,02758983;4,25815823;-2,35426667;134,61594844;1,29436059;25,42684783;0,02758983;86,26142005;2,25365702;134,61594844;1,29436059;25,42684783;0,02758983;4,25815823;2,35426667
291;EX;column;70x70;-47,52870141;1,70677564;-112,45705334;-2,28878618;-104,0202734;0,11713585;47,52870141;-1,70677564;112,45705334;-3,78733509;-65,18190362;-0,11713585;-112,45705334;-1,70677564;-47,52870141;0,11713585;104,0202734;-2,28878618;112,45705334;1,70677564;47,52870141;-0,11713585;65,18190362;-3,78733509;112,45705334;1,70677564;47,52870141;0,11713585;104,0202734;2,28878618;112,45705334;1,70677564;47,52870141;0,11713585;65,18190362;3,78733509
292;EX;column;70x70;-52,21879327;1,67041413;-79,95331975;-2,72810318;-93,7767679;-0,04035886;52,21879327;-1,67041413;79,95331975;-3,21857114;-92,12213614;0,04035886;-79,95331975;-1,67041413;-52,21879327;-0,04035886;93,7767679;-2,72810318;79,95331975;1,67041413;52,21879327;0,04035886;92,12213614;-3,21857114;79,95331975;1,67041413;52,21879327;0,04035886;93,7767679;2,72810318;79,95331975;1,67041413;52,21879327;0,04035886;92,12213614;3,21857114
293;EX;column;70x70;-42,18498996;1,62481269;-47,23675568;-3,30314965;-68,03373824;0,02214538;42,18498996;-1,62481269;47,23675568;-2,48118351;-82,14482603;-0,02214538;-47,23675568;-1,62481269;-42,18498996;0,02214538;68,03373824;-3,30314965;47,23675568;1,62481269;42,18498996;-0,02214538;82,14482603;-2,48118351;47,23675568;1,62481269;42,18498996;0,02214538;68,03373824;3,30314965;47,23675568;1,62481269;42,18498996;0,02214538;82,14482603;2,48118351
294;EX;column;70x70;-42,49136425;2,01812004;-18,31660107;-3,37581347;-59,18638428;0,12634367;42,49136425;-2,01812004;18,31660107;-3,80869387;-92,08287246;-0,12634367;-18,31660107;-2,01812004;-42,49136425;0,12634367;59,18638428;-3,37581347;18,31660107;2,01812004;42,49136425;-0,12634367;92,08287246;-3,80869387;18,31660107;2,01812004;42,49136425;0,12634367;59,18638428;3,37581347;18,31660107;2,01812004;42,49136425;0,12634367;92,08287246;3,80869387
295;EX;wall;60x291.5;-553,20211265;-6,40111981;341,48164795;4,34514246;-4109,11340133;-22,69744718;553,20211265;6,40111981;-341,48164795;18,44284405;2139,7138803;22,69744718;341,48164795;6,40111981;-553,20211265;-22,69744718;4109,11340133;4,34514246;-341,48164795;-6,40111981;553,20211265;22,69744718;-2139,7138803;18,44284405;341,48164795;6,40111981;553,20211265;22,69744718;4109,11340133;4,34514246;341,48164795;6,40111981;553,20211265;22,69744718;2139,7138803;18,44284405
296;EX;wall;60x291.5;-463,22856372;15,57507066;-157,60017855;-9,98037056;-2260,2933692;-13,10430541;463,22856372;-15,57507066;157,60017855;-45,46688099;611,19968237;13,10430541;-157,60017855;-15,57507066;-463,22856372;-13,10430541;2260,2933692;-9,98037056;157,60017855;15,57507066;463,22856372;13,10430541;-611,19968237;-45,46688099;157,60017855;15,57507066;463,22856372;13,10430541;2260,2933692;9,98037056;157,60017855;15,57507066;463,22856372;13,10430541;611,19968237;45,46688099
297;EX;wall;60x291.5;-368,14372589;26,79774008;-115,37513127;-49,1198077;-784,92827505;-11,14306688;368,14372589;-26,79774008;115,37513127;-46,28014697;-525,66338911;11,14306688;-115,37513127;-26,79774008;-368,14372589;-11,14306688;784,92827505;-49,1198077;115,37513127;26,79774008;368,14372589;11,14306688;525,66338911;-46,28014697;115,37513127;26,79774008;368,14372589;11,14306688;784,92827505;49,1198077;115,37513127;26,79774008;368,14372589;11,14306688;525,66338911;46,28014697
298;EX;wall;60x291.5;-235,75396137;21,86248477;-93,68673316;-43,6889933;427,77550005;-7,18914759;235,75396137;-21,86248477;93,68673316;-34,14145249;-1267,05960254;7,18914759;-93,68673316;-21,86248477;-235,75396137;-7,18914759;-427,77550005;-43,6889933;93,68673316;21,86248477;235,75396137;7,18914759;1267,05960254;-34,14145249;93,68673316;21,86248477;235,75396137;7,18914759;427,77550005;43,6889933;93,68673316;21,86248477;235,75396137;7,18914759;1267,05960254;34,14145249
299;EX;wall;60x291.5;328,90413157;33,84414164;-51,60236945;-56,71093502;1257,03613479;73,96524479;-328,90413157;-33,84414164;51,60236945;-63,77420922;-86,13742639;-73,96524479;-51,60236945;-33,84414164;328,90413157;73,96524479;-1257,03613479;-56,71093502;51,60236945;33,84414164;-328,90413157;-73,96524479;86,13742639;-63,77420922;51,60236945;33,84414164;328,90413157;73,96524479;1257,03613479;56,71093502;51,60236945;33,84414164;328,90413157;73,96524479;86,13742639;63,77420922
300;EX;wall;30x356;-1620,45841317;2,73016694;-1260,50598291;48,15627078;-3527,17141157;107,00042577;1620,45841317;-2,73016694;1260,50598291;-57,8756651;-35,77506922;-102,22263361;-1846,08864306;-2,73016694;-898,17455081;117,26987848;3527,17141157;-3,98661912;1846,08864306;2,73016694;898,17455081;-117,26987848;35,77506922;-6,84361282;1846,08864306;2,73016694;898,17455081;117,26987848;3527,17141157;3,98661912;1846,08864306;2,73016694;898,17455081;117,26987848;35,77506922;6,84361282
301;EX;wall;30x356;-4910,08850391;4,9221119;-2919,57508708;116,86178576;-9307,39699837;254,65262;4910,08850391;-4,9221119;2919,57508708;-134,38450414;-3063,26167315;-246,03892417;-4786,22102846;-4,9221119;-3118,48938944;280,08731199;9307,39699837;-7,46535374;4786,22102846;4,9221119;3118,48938944;-280,08731199;3063,26167315;-12,06005061;4786,22102846;4,9221119;3118,48938944;280,08731199;9307,39699837;7,46535374;4786,22102846;4,9221119;3118,48938944;280,08731199;3063,26167315;12,06005061
302;EX;wall;30x356;-5891,87965654;3,07883165;-3527,92330772;138,29337504;-11073,07048216;291,01301047;5891,87965654;-3,07883165;3527,92330772;-149,25401571;-3728,15530663;-285,62505508;-5765,29242474;-3,07883165;-3731,20516851;322,17289744;11073,07048216;-4,27246931;5765,29242474;3,07883165;3731,20516851;-322,17289744;3728,15530663;-7,94087204;5765,29242474;3,07883165;3731,20516851;322,17289744;11073,07048216;4,27246931;5765,29242474;3,07883165;3731,20516851;322,17289744;3728,15530663;7,94087204
303;EX;wall;30x356;-5426,75036394;2,64436264;-3269,63022897;108,20560214;-10149,64088215;229,16081827;5426,75036394;-2,64436264;3269,63022897;-117,61953316;-3447,73751278;-224,53318364;-5328,29870254;-2,64436264;-3427,73019406;253,39145536;10149,64088215;-3,98789651;5328,29870254;2,64436264;3427,73019406;-253,39145536;3447,73751278;-6,50196047;5328,29870254;2,64436264;3427,73019406;253,39145536;10149,64088215;3,98789651;5328,29870254;2,64436264;3427,73019406;253,39145536;3447,73751278;6,50196047
304;EX;wall;30x356;-4478,60849058;3,05187609;-2735,41443979;79,15002452;-8365,12073268;172,3066726;4478,60849058;-3,05187609;2735,41443979;-90,01470341;-2791,75022415;-166,96588944;-4430,60059547;-3,05187609;-2812,50858358;189,55077537;8365,12073268;-4,9819034;4430,60059547;3,05187609;2812,50858358;-189,55077537;2791,75022415;-7,12450863;4430,60059547;3,05187609;2812,50858358;189,55077537;8365,12073268;4,9819034;4430,60059547;3,05187609;2812,50858358;189,55077537;2791,75022415;7,12450863
305;EX;wall;60x292;-540,11755329;12,27572376;349,51275751;-17,55912267;-4126,98447815;25,5345264;540,11755329;-12,27572376;-349,51275751;-26,14245393;2204,16598842;-25,5345264;349,51275751;-12,27572376;-540,11755329;25,5345264;4126,98447815;-17,55912267;-349,51275751;12,27572376;540,11755329;-25,5345264;-2204,16598842;-26,14245393;349,51275751;12,27572376;540,11755329;25,5345264;4126,98447815;17,55912267;349,51275751;12,27572376;540,11755329;25,5345264;2204,16598842;26,14245393
306;EX;wall;60x292;-500,60472156;-1,26603273;-174,19954984;-12,55682054;-2321,48853213;25,79114896;500,60472156;1,26603273;174,19954984;17,06389707;539,33572339;-25,79114896;-174,19954984;1,26603273;-500,60472156;25,79114896;2321,48853213;-12,55682054;174,19954984;-1,26603273;500,60472156;-25,79114896;-539,33572339;17,06389707;174,19954984;1,26603273;500,60472156;25,79114896;2321,48853213;12,55682054;174,19954984;1,26603273;500,60472156;25,79114896;539,33572339;17,06389707
307;EX;wall;60x292;-337,31979281;-34,99991906;-129,94204564;66,41933221;-706,62270271;8,45613663;337,31979281;34,99991906;129,94204564;58,18037965;-494,23575971;-8,45613663;-129,94204564;34,99991906;-337,31979281;8,45613663;706,62270271;66,41933221;129,94204564;-34,99991906;337,31979281;-8,45613663;494,23575971;58,18037965;129,94204564;34,99991906;337,31979281;8,45613663;706,62270271;66,41933221;129,94204564;34,99991906;337,31979281;8,45613663;494,23575971;58,18037965
308;EX;wall;60x292;-232,50472348;-22,08950167;-81,03974812;39,98216163;400,40276855;10,38448986;232,50472348;22,08950167;81,03974812;38,65646432;-1228,11958415;-10,38448986;-81,03974812;22,08950167;-232,50472348;10,38448986;-400,40276855;39,98216163;81,03974812;-22,08950167;232,50472348;-10,38448986;1228,11958415;38,65646432;81,03974812;22,08950167;232,50472348;10,38448986;400,40276855;39,98216163;81,03974812;22,08950167;232,50472348;10,38448986;1228,11958415;38,65646432
309;EX;wall;60x292;319,41550765;-21,21028436;-40,89122019;33,03524973;1220,13926026;-66,39614605;-319,41550765;21,21028436;40,89122019;42,47336259;-83,02005302;66,39614605;-40,89122019;21,21028436;319,41550765;-66,39614605;-1220,13926026;33,03524973;40,89122019;-21,21028436;-319,41550765;66,39614605;83,02005302;42,47336259;40,89122019;21,21028436;319,41550765;66,39614605;1220,13926026;33,03524973;40,89122019;21,21028436;319,41550765;66,39614605;83,02005302;42,47336259
310;EX;wall;30x356;-1628,05549259;-1,58176542;-1272,24334523;-49,36277463;-3538,06359087;-104,28481538;1628,05549259;1,58176542;1272,24334523;54,99385952;-31,3881086;101,51672589;-1859,97360139;1,58176542;-899,81443563;-115,36505652;3538,06359087;1,70586385;1859,97360139;-1,58176542;899,81443563;115,36505652;31,3881086;4,56880239;1859,97360139;1,58176542;899,81443563;115,36505652;3538,06359087;1,70586385;1859,97360139;1,58176542;899,81443563;115,36505652;31,3881086;4,56880239
311;EX;wall;30x356;-4952,12289207;-2,96343248;-2944,87283934;-117,00860978;-9384,0448865;-246,15005584;4952,12289207;2,96343248;2944,87283934;127,55842941;-3091,98514042;240,964049;-4827,46764276;2,96343248;-3145,05219927;-272,5216126;9384,0448865;3,58265528;4827,46764276;-2,96343248;3145,05219927;272,5216126;3091,98514042;8,17291196;4827,46764276;2,96343248;3145,05219927;272,5216126;9384,0448865;3,58265528;4827,46764276;2,96343248;3145,05219927;272,5216126;3091,98514042;8,17291196
312;EX;wall;30x356;-5878,29752739;-4,28415237;-3519,68259837;-122,3137993;-11051,2976274;-263,96817137;5878,29752739;4,28415237;3519,68259837;137,56538173;-3715,99702297;256,47090472;-5751,90514971;4,28415237;-3722,65154999;-290,85255739;11051,2976274;6,68212941;5751,90514971;-4,28415237;3722,65154999;290,85255739;3715,99702297;10,31256899;5751,90514971;4,28415237;3722,65154999;290,85255739;11051,2976274;6,68212941;5751,90514971;4,28415237;3722,65154999;290,85255739;3715,99702297;10,31256899
313;EX;wall;30x356;-5435,09325719;-2,8627473;-3283,1615195;-97,02449781;-10160,25044892;-207,34251887;5435,09325719;2,8627473;3283,1615195;107,21587819;-3443,14888753;202,3327111;-5344,12260726;2,8627473;-3429,24799863;-228,87843944;10160,25044892;4,3969609;5344,12260726;-2,8627473;3429,24799863;228,87843944;3443,14888753;6,95920077;5344,12260726;2,8627473;3429,24799863;228,87843944;10160,25044892;4,3969609;5344,12260726;2,8627473;3429,24799863;228,87843944;3443,14888753;6,95920077
314;EX;wall;30x356;-4522,3340361;-1,41054141;-2770,50125509;-77,93675277;-8440,31139207;-162,35831981;4522,3340361;1,41054141;2770,50125509;82,9582802;-2810,82058003;159,88987234;-4481,37828562;1,41054141;-2836,27061467;-180,08756863;8440,31139207;1,68198373;4481,37828562;-1,41054141;2836,27061467;180,08756863;2810,82058003;3,91345822;4481,37828562;1,41054141;2836,27061467;180,08756863;8440,31139207;1,68198373;4481,37828562;1,41054141;2836,27061467;180,08756863;2810,82058003;3,91345822
315;EX;wall;25x795;-3361,6107384;0,10613344;-53,19085882;-0,29449187;-29600,06830532;0,0;3361,6107384;-0,10613344;53,19085882;-0,08334318;17632,7340766;0,0;-53,19085882;-0,10613344;-3361,6107384;0,0;29600,06830532;-0,29449187;53,19085882;0,10613344;3361,6107384;0,0;-17632,7340766;-0,08334318;53,19085882;0,10613344;3361,6107384;0,0;29600,06830532;0,29449187;53,19085882;0,10613344;3361,6107384;0,0;17632,7340766;0,08334318
316;EX;wall;25x795;-2955,31622256;0,03044598;-44,67553368;0,08334318;-17632,7340766;0,0;2955,31622256;-0,03044598;44,67553368;-0,19173087;7111,80832428;0,0;-44,67553368;-0,03044598;-2955,31622256;0,0;17632,7340766;0,08334318;44,67553368;0,03044598;2955,31622256;0,0;-7111,80832428;-0,19173087;44,67553368;0,03044598;2955,31622256;0,0;17632,7340766;0,08334318;44,67553368;0,03044598;2955,31622256;0,0;7111,80832428;0,19173087
317;EX;wall;25x795;-1873,71741022;-0,03997698;-31,98210202;0,19173087;-7111,80832428;0,0;1873,71741022;0,03997698;31,98210202;-0,04941281;441,37434391;0,0;-31,98210202;0,03997698;-1873,71741022;0,0;7111,80832428;0,19173087;31,98210202;-0,03997698;1873,71741022;0,0;-441,37434391;-0,04941281;31,98210202;0,03997698;1873,71741022;0,0;7111,80832428;0,19173087;31,98210202;0,03997698;1873,71741022;0,0;441,37434391;0,04941281
318;EX;wall;25x795;-441,04708543;-0,02351454;-18,990592;0,04941281;-441,37434391;0,0;441,04708543;0,02351454;18,990592;0,03429894;-1128,75328023;0,0;-18,990592;0,02351454;-441,04708543;0,0;441,37434391;0,04941281;18,990592;-0,02351454;441,04708543;0,0;1128,75328023;0,03429894;18,990592;0,02351454;441,04708543;0,0;441,37434391;0,04941281;18,990592;0,02351454;441,04708543;0,0;1128,75328023;0,03429894
319;EX;wall;25x795;317,06552815;0,00963453;-7,38612041;-0,03429894;1128,75328023;0,0;-317,06552815;-0,00963453;7,38612041;-0,0;-0,0;0,0;-7,38612041;-0,00963453;317,06552815;0,0;-1128,75328023;-0,03429894;7,38612041;0,00963453;-317,06552815;0,0;0,0;-0,0;7,38612041;0,00963453;317,06552815;0,0;1128,75328023;0,03429894;7,38612041;0,00963453;317,06552815;0,0;0,0;0,0
320;EX;wall;25x585;-1788,93831697;0,21172395;0,0;-0,52319138;-13804,80978121;5,75127941;1788,93831697;-0,21172395;0,0;-0,23054588;7436,18937281;-5,75127941;0,0;-0,21172395;-1788,93831697;5,75127941;13804,80978121;-0,52319138;0,0;0,21172395;1788,93831697;-5,75127941;-7436,18937281;-0,23054588;0,0;0,21172395;1788,93831697;5,75127941;13804,80978121;0,52319138;0,0;0,21172395;1788,93831697;5,75127941;7436,18937281;0,23054588
321;EX;wall;25x585;-1431,74954238;0,00466898;0,0;0,23054588;-7436,18937281;24,41773043;1431,74954238;-0,00466898;0,0;-0,24716746;2339,16100194;-24,41773043;0,0;-0,00466898;-1431,74954238;24,41773043;7436,18937281;0,23054588;0,0;0,00466898;1431,74954238;-24,41773043;-2339,16100194;-0,24716746;0,0;0,00466898;1431,74954238;24,41773043;7436,18937281;0,23054588;0,0;0,00466898;1431,74954238;24,41773043;2339,16100194;0,24716746
322;EX;wall;25x585;-1280,50410334;-0,09207166;0,0;0,24716746;-2339,16100194;-8,41306701;1280,50410334;0,09207166;0,0;0,08060766;-2219,43360594;8,41306701;0,0;0,09207166;-1280,50410334;-8,41306701;2339,16100194;0,24716746;0,0;-0,09207166;1280,50410334;8,41306701;2219,43360594;0,08060766;0,0;0,09207166;1280,50410334;8,41306701;2339,16100194;0,24716746;0,0;0,09207166;1280,50410334;8,41306701;2219,43360594;0,08060766
323;EX;wall;25x585;301,09506714;0,00172657;0,0;-0,08060766;2219,43360594;4,61634897;-301,09506714;-0,00172657;0,0;0,07446106;-1147,53516691;-4,61634897;0,0;-0,00172657;301,09506714;4,61634897;-2219,43360594;-0,08060766;0,0;0,00172657;-301,09506714;-4,61634897;1147,53516691;0,07446106;0,0;0,00172657;301,09506714;4,61634897;2219,43360594;0,08060766;0,0;0,00172657;301,09506714;4,61634897;1147,53516691;0,07446106
324;EX;wall;25x585;322,34133902;0,02091603;0,0;-0,07446106;1147,53516691;5,93541839;-322,34133902;-0,02091603;0,0;0,0;0,0;-5,93541839;0,0;-0,02091603;322,34133902;5,93541839;-1147,53516691;-0,07446106;0,0;0,02091603;-322,34133902;-5,93541839;-0,0;0,0;0,0;0,02091603;322,34133902;5,93541839;1147,53516691;0,07446106;0,0;0,02091603;322,34133902;5,93541839;0,0;0,0
325;EX;wall;30x2695;-204,27427124;0,16138917;0,0;-0,41442568;-1612,98490971;0,67476791;204,27427124;-0,16138917;0,0;-0,16011976;885,76850409;-0,67476791;0,0;-0,16138917;-204,27427124;0,67476791;1612,98490971;-0,41442568;0,0;0,16138917;204,27427124;-0,67476791;-885,76850409;-0,16011976;0,0;0,16138917;204,27427124;0,67476791;1612,98490971;0,41442568;0,0;0,16138917;204,27427124;0,67476791;885,76850409;0,16011976
326;EX;wall;30x2695;-184,81956456;0,01844092;0,0;0,16011976;-885,76850409;2,86480622;184,81956456;-0,01844092;0,0;-0,22576943;227,81085427;-2,86480622;0,0;-0,01844092;-184,81956456;2,86480622;885,76850409;0,16011976;0,0;0,01844092;184,81956456;-2,86480622;-227,81085427;-0,22576943;0,0;0,01844092;184,81956456;2,86480622;885,76850409;0,16011976;0,0;0,01844092;184,81956456;2,86480622;227,81085427;0,22576943
327;EX;wall;30x2695;-88,47466956;-0,07655433;0,0;0,22576943;-227,81085427;-0,98706171;88,47466956;0,07655433;0,0;0,04676399;-87,15896935;0,98706171;0,0;0,07655433;-88,47466956;-0,98706171;227,81085427;0,22576943;0,0;-0,07655433;88,47466956;0,98706171;87,15896935;0,04676399;0,0;0,07655433;88,47466956;0,98706171;227,81085427;0,22576943;0,0;0,07655433;88,47466956;0,98706171;87,15896935;0,04676399
328;EX;wall;30x2695;-194,88759127;-0,04348507;0,0;-0,04676399;87,15896935;0,54161239;194,88759127;0,04348507;0,0;0,20157085;-780,95879429;-0,54161239;0,0;0,04348507;-194,88759127;0,54161239;-87,15896935;-0,04676399;0,0;-0,04348507;194,88759127;-0,54161239;780,95879429;0,20157085;0,0;0,04348507;194,88759127;0,54161239;87,15896935;0,04676399;0,0;0,04348507;194,88759127;0,54161239;780,95879429;0,20157085
329;EX;wall;30x2695;219,37044783;0,05662102;0,0;-0,20157085;780,95879429;63,98381026;-219,37044783;-0,05662102;0,0;-0,0;-0,0;-63,98381026;0,0;-0,05662102;219,37044783;63,98381026;-780,95879429;-0,20157085;0,0;0,05662102;-219,37044783;-63,98381026;0,0;-0,0;0,0;0,05662102;219,37044783;63,98381026;780,95879429;0,20157085;0,0;0,05662102;219,37044783;63,98381026;0,0;0,0
330;EX;wall;25x282;-197,85866434;0,09292607;0,0;-0,24859833;-1542,81041987;0,64423482;197,85866434;-0,09292607;0,0;-0,08221846;838,43357481;-0,64423482;0,0;-0,09292607;-197,85866434;0,64423482;1542,81041987;-0,24859833;0,0;0,09292607;197,85866434;-0,64423482;-838,43357481;-0,08221846;0,0;0,09292607;197,85866434;0,64423482;1542,81041987;0,24859833;0,0;0,09292607;197,85866434;0,64423482;838,43357481;0,08221846
331;EX;wall;25x282;-168,54311285;0,02206418;0,0;0,08221846;-838,43357481;2,73517439;168,54311285;-0,02206418;0,0;-0,16076695;238,42009308;-2,73517439;0,0;-0,02206418;-168,54311285;2,73517439;838,43357481;0,08221846;0,0;0,02206418;168,54311285;-2,73517439;-238,42009308;-0,16076695;0,0;0,02206418;168,54311285;2,73517439;838,43357481;0,08221846;0,0;0,02206418;168,54311285;2,73517439;238,42009308;0,16076695
332;EX;wall;25x282;-109,20065005;-0,0599145;0,0;0,16076695;-238,42009308;-0,94239739;109,20065005;0,0599145;0,0;0,05252869;-150,33422109;0,94239739;0,0;0,0599145;-109,20065005;-0,94239739;238,42009308;0,16076695;0,0;-0,0599145;109,20065005;0,94239739;150,33422109;0,05252869;0,0;0,0599145;109,20065005;0,94239739;238,42009308;0,16076695;0,0;0,0599145;109,20065005;0,94239739;150,33422109;0,05252869
333;EX;wall;25x282;-98,71265287;-0,00546798;0,0;-0,05252869;150,33422109;0,51710455;98,71265287;0,00546798;0,0;0,07199468;-501,7512653;-0,51710455;0,0;0,00546798;-98,71265287;0,51710455;-150,33422109;-0,05252869;0,0;-0,00546798;98,71265287;-0,51710455;501,7512653;0,07199468;0,0;0,00546798;98,71265287;0,51710455;150,33422109;0,05252869;0,0;0,00546798;98,71265287;0,51710455;501,7512653;0,07199468
334;EX;wall;25x282;140,94136666;0,02022323;0,0;-0,07199468;501,7512653;5,93541839;-140,94136666;-0,02022323;0,0;0,0;0,0;-5,93541839;0,0;-0,02022323;140,94136666;5,93541839;-501,7512653;-0,07199468;0,0;0,02022323;-140,94136666;-5,93541839;-0,0;0,0;0,0;0,02022323;140,94136666;5,93541839;501,7512653;0,07199468;0,0;0,02022323;140,94136666;5,93541839;0,0;0,0
335;EX;beam_x;60x80;-201,56782688;0,03784373;-5,08276812;0,0;0,0;0,0;201,56782688;-0,03784373;5,08276812;-0,0;26,43039425;0,1967874;-201,56782688;0,03784373;-5,08276812;0,0;0,0;0,0;201,56782688;-0,03784373;5,08276812;-0,0;26,43039425;0,1967874;201,56782688;0,03784373;5,08276812;0,0;0,0;0,0;201,56782688;0,03784373;5,08276812;0,0;26,43039425;0,1967874
336;EX;beam_x;60x80;-532,51431563;0,03521148;-7,56563009;0,0;0,0;0,0;532,51431563;-0,03521148;7,56563009;-0,0;39,34127649;0,1830997;-532,51431563;0,03521148;-7,56563009;0,0;0,0;0,0;532,51431563;-0,03521148;7,56563009;-0,0;39,34127649;0,1830997;532,51431563;0,03521148;7,56563009;0,0;0,0;0,0;532,51431563;0,03521148;7,56563009;0,0;39,34127649;0,1830997
337;EX;beam_x;60x80;-710,3604898;-0,00823122;-7,72914283;-0,0;-0,0;0,0;710,3604898;0,00823122;7,72914283;0,0;40,1915427;-0,04280236;-710,3604898;-0,00823122;-7,72914283;-0,0;-0,0;0,0;710,3604898;0,00823122;7,72914283;0,0;40,1915427;-0,04280236;710,3604898;0,00823122;7,72914283;0,0;0,0;0,0;710,3604898;0,00823122;7,72914283;0,0;40,1915427;0,04280236
338;EX;beam_x;60x80;-371,81388065;-0,01657453;-6,86571525;0,0;-0,0;-0,0;371,81388065;0,01657453;6,86571525;-0,0;35,70171931;-0,08618758;-371,81388065;-0,01657453;-6,86571525;0,0;-0,0;-0,0;371,81388065;0,01657453;6,86571525;-0,0;35,70171931;-0,08618758;371,81388065;0,01657453;6,86571525;0,0;0,0;0,0;371,81388065;0,01657453;6,86571525;0,0;35,70171931;0,08618758
339;EX;beam_x;60x80;173,00796838;0,00481727;-4,3975267;0,0;0,0;-0,0;-173,00796838;-0,00481727;4,3975267;-0,0;22,86713886;0,02504978;173,00796838;0,00481727;-4,3975267;0,0;0,0;-0,0;-173,00796838;-0,00481727;4,3975267;-0,0;22,86713886;0,02504978;173,00796838;0,00481727;4,3975267;0,0;0,0;0,0;173,00796838;0,00481727;4,3975267;0,0;22,86713886;0,02504978
340;EX;beam_x;60x80;-204,72668896;0,03784373;-3,43255702;-0,0;0,0;0,0;204,72668896;-0,03784373;3,43255702;0,0;17,84929649;0,1967874;-204,72668896;0,03784373;-3,43255702;-0,0;0,0;0,0;204,72668896;-0,03784373;3,43255702;0,0;17,84929649;0,1967874;204,72668896;0,03784373;3,43255702;0,0;0,0;0,0;204,72668896;0,03784373;3,43255702;0,0;17,84929649;0,1967874
341;EX;beam_x;60x80;-549,08449672;0,03521148;-5,12780156;-0,0;0,0;0,0;549,08449672;-0,03521148;5,12780156;0,0;26,66456813;0,1830997;-549,08449672;0,03521148;-5,12780156;-0,0;0,0;0,0;549,08449672;-0,03521148;5,12780156;0,0;26,66456813;0,1830997;549,08449672;0,03521148;5,12780156;0,0;0,0;0,0;549,08449672;0,03521148;5,12780156;0,0;26,66456813;0,1830997
342;EX;beam_x;60x80;-722,30983499;-0,00823122;-5,26236719;-0,0;-0,0;0,0;722,30983499;0,00823122;5,26236719;0,0;27,3643094;-0,04280236;-722,30983499;-0,00823122;-5,26236719;-0,0;-0,0;0,0;722,30983499;0,00823122;5,26236719;0,0;27,3643094;-0,04280236;722,30983499;0,00823122;5,26236719;0,0;0,0;0,0;722,30983499;0,00823122;5,26236719;0,0;27,3643094;0,04280236
343;EX;beam_x;60x80;-386,29873293;-0,01657453;-4,73875635;-0,0;0,0;-0,0;386,29873293;0,01657453;4,73875635;0,0;24,641533;-0,08618758;-386,29873293;-0,01657453;-4,73875635;-0,0;0,0;-0,0;386,29873293;0,01657453;4,73875635;0,0;24,641533;-0,08618758;386,29873293;0,01657453;4,73875635;0,0;0,0;0,0;386,29873293;0,01657453;4,73875635;0,0;24,641533;0,08618758
344;EX;beam_x;60x80;144,05755978;0,00481727;-2,9885937;-0,0;0,0;-0,0;-144,05755978;-0,00481727;2,9885937;0,0;15,54068724;0,02504978;144,05755978;0,00481727;-2,9885937;-0,0;0,0;-0,0;-144,05755978;-0,00481727;2,9885937;0,0;15,54068724;0,02504978;144,05755978;0,00481727;2,9885937;0,0;0,0;0,0;144,05755978;0,00481727;2,9885937;0,0;15,54068724;0,02504978
345;EX;beam_x;60x80;0,0;-0,0;-22,1588951;4,64305286;108,27843163;-0,0;0,0;0,0;22,1588951;-4,64305286;2,51604387;-0,0;0,0;-0,0;-22,1588951;4,64305286;108,27843163;-0,0;0,0;0,0;22,1588951;-4,64305286;2,51604387;-0,0;0,0;0,0;22,1588951;4,64305286;108,27843163;0,0;0,0;0,0;22,1588951;4,64305286;2,51604387;0,0
346;EX;beam_x;60x80;0,0;0,0;-32,5037336;6,51543827;158,95867152;0,0;0,0;-0,0;32,5037336;-6,51543827;3,55999646;0,0;0,0;0,0;-32,5037336;6,51543827;158,95867152;0,0;0,0;-0,0;32,5037336;-6,51543827;3,55999646;0,0;0,0;0,0;32,5037336;6,51543827;158,95867152;0,0;0,0;0,0;32,5037336;6,51543827;3,55999646;0,0
347;EX;beam_x;60x80;0,0;-0,0;-32,71656406;6,52172079;160,15587437;-0,0;0,0;0,0;32,71656406;-6,52172079;3,42694595;-0,0;0,0;-0,0;-32,71656406;6,52172079;160,15587437;-0,0;0,0;0,0;32,71656406;-6,52172079;3,42694595;-0,0;0,0;0,0;32,71656406;6,52172079;160,15587437;0,0;0,0;0,0;32,71656406;6,52172079;3,42694595;0,0
348;EX;beam_x;60x80;0,0;-0,0;-28,92015462;5,85699698;141,33121031;-0,0;0,0;0,0;28,92015462;-5,85699698;3,26956277;-0,0;0,0;-0,0;-28,92015462;5,85699698;141,33121031;-0,0;0,0;0,0;28,92015462;-5,85699698;3,26956277;-0,0;0,0;0,0;28,92015462;5,85699698;141,33121031;0,0;0,0;0,0;28,92015462;5,85699698;3,26956277;0,0
349;EX;beam_x;60x80;0,0;-0,0;-18,31660107;3,80869387;92,08287246;-0,0;0,0;0,0;18,31660107;-3,80869387;-0,49986714;-0,0;0,0;-0,0;-18,31660107;3,80869387;92,08287246;-0,0;0,0;0,0;18,31660107;-3,80869387;-0,49986714;-0,0;0,0;0,0;18,31660107;3,80869387;92,08287246;0,0;0,0;0,0;18,31660107;3,80869387;0,49986714;0,0
350;EX;beam_y;60x80;-0,0;-0,0;-0,28187104;1,28693355;-1,50469848;-0,0;0,0;0,0;0,28187104;1,22171874;1,50469848;-0,0;0,0;-0,0;-0,28187104;1,50469848;1,28693355;-0,0;0,0;0,0;0,28187104;-1,50469848;1,22171874;-0,0;0,0;0,0;0,28187104;1,50469848;1,28693355;0,0;0,0;0,0;0,28187104;1,50469848;1,22171874;0,0
351;EX;beam_y;60x80;0,0;0,0;-0,30030352;0,81134282;-0,35769585;0,0;-0,0;0,0;0,30030352;1,36585768;0,35769585;0,0;0,0;0,0;-0,30030352;0,35769585;0,81134282;0,0;0,0;-0,0;0,30030352;-0,35769585;1,36585768;0,0;0,0;0,0;0,30030352;0,35769585;0,81134282;0,0;0,0;0,0;0,30030352;0,35769585;1,36585768;0,0
352;EX;beam_y;60x80;0,0;0,0;-0,08696504;0,31354738;-2,26905226;0,0;-0,0;0,0;0,08696504;0,46044144;2,26905226;0,0;0,0;0,0;-0,08696504;2,26905226;0,31354738;0,0;0,0;-0,0;0,08696504;-2,26905226;0,46044144;0,0;0,0;0,0;0,08696504;2,26905226;0,31354738;0,0;0,0;0,0;0,08696504;2,26905226;0,46044144;0,0
353;EX;beam_y;60x80;-0,0;0,0;0,13867212;-0,78732211;-0,51661244;-0,0;0,0;0,0;-0,13867212;-0,21805079;0,51661244;-0,0;0,0;-0,0;0,13867212;0,51661244;-0,78732211;-0,0;0,0;0,0;-0,13867212;-0,51661244;-0,21805079;-0,0;0,0;0,0;0,13867212;0,51661244;0,78732211;0,0;0,0;0,0;0,13867212;0,51661244;0,21805079;0,0
354;EX;beam_y;60x80;-0,0;-0,0;-0,0103284;-0,08291853;-2,31361033;-0,0;0,0;0,0;0,0103284;0,17484131;2,31361033;-0,0;0,0;-0,0;-0,0103284;2,31361033;-0,08291853;-0,0;0,0;0,0;0,0103284;-2,31361033;0,17484131;-0,0;0,0;0,0;0,0103284;2,31361033;0,08291853;0,0;0,0;0,0;0,0103284;2,31361033;0,17484131;0,0
355;EX;beam_y;60x80;-0,0;0,0;0,40194976;-1,71028279;-0,5671028;-0,0;0,0;0,0;-0,40194976;-1,20385295;0,5671028;-0,0;0,0;-0,0;0,40194976;0,5671028;-1,71028279;-0,0;0,0;0,0;-0,40194976;-0,5671028;-1,20385295;-0,0;0,0;0,0;0,40194976;0,5671028;1,71028279;0,0;0,0;0,0;0,40194976;0,5671028;1,20385295;0,0
356;EX;beam_y;60x80;0,0;0,0;-0,37130953;1,62492314;-1,82203048;0,0;-0,0;0,0;0,37130953;1,67973167;1,82203048;0,0;0,0;0,0;-0,37130953;1,82203048;1,62492314;0,0;0,0;-0,0;0,37130953;-1,82203048;1,67973167;0,0;0,0;0,0;0,37130953;1,82203048;1,62492314;0,0;0,0;0,0;0,37130953;1,82203048;1,67973167;0,0
357;EX;beam_y;60x80;-0,0;0,0;0,02492376;-0,38994324;-0,36270309;-0,0;0,0;0,0;-0,02492376;0,209246;0,36270309;-0,0;0,0;-0,0;0,02492376;0,36270309;-0,38994324;-0,0;0,0;0,0;-0,02492376;-0,36270309;0,209246;-0,0;0,0;0,0;0,02492376;0,36270309;0,38994324;0,0;0,0;0,0;0,02492376;0,36270309;0,209246;0,0
358;EX;beam_y;60x80;-0,0;-0,0;-0,35355686;1,51243197;-2,01465969;-0,0;0,0;0,0;0,35355686;1,63422409;2,01465969;-0,0;0,0;-0,0;-0,35355686;2,01465969;1,51243197;-0,0;0,0;0,0;0,35355686;-2,01465969;1,63422409;-0,0;0,0;0,0;0,35355686;2,01465969;1,51243197;0,0;0,0;0,0;0,35355686;2,01465969;1,63422409;0,0
359;EX;beam_y;60x80;-0,0;-0,0;-0,04036523;-0,26836611;-0,41951032;-0,0;0,0;0,0;0,04036523;0,56101405;0,41951032;-0,0;0,0;-0,0;-0,04036523;0,41951032;-0,26836611;-0,0;0,0;0,0;0,04036523;-0,41951032;0,56101405;-0,0;0,0;0,0;0,04036523;0,41951032;0,26836611;0,0;0,0;0,0;0,04036523;0,41951032;0,56101405;0,0
360;EX;beam_x;60x80;0,0;-0,0;-18,07378558;0,08227235;94,29826053;-0,0;0,0;0,0;18,07378558;-0,08227235;-3,92933262;-0,0;0,0;-0,0;-18,07378558;0,08227235;94,29826053;-0,0;0,0;0,0;18,07378558;-0,08227235;-3,92933262;-0,0;0,0;0,0;18,07378558;0,08227235;94,29826053;0,0;0,0;0,0;18,07378558;0,08227235;3,92933262;0,0
361;EX;beam_x;60x80;0,0;-0,0;-18,53763296;-0,16674277;95,3452382;-0,0;0,0;0,0;18,53763296;0,16674277;-2,6570734;-0,0;0,0;-0,0;-18,53763296;-0,16674277;95,3452382;-0,0;0,0;0,0;18,53763296;0,16674277;-2,6570734;-0,0;0,0;0,0;18,53763296;0,16674277;95,3452382;0,0;0,0;0,0;18,53763296;0,16674277;2,6570734;0,0
362;EX;beam_x;60x80;0,0;0,0;17,26663661;0,97571849;84,3392833;-0,0;0,0;-0,0;-17,26663661;-0,97571849;1,99389975;-0,0;0,0;-0,0;17,26663661;-0,97571849;-84,3392833;-0,0;0,0;0,0;-17,26663661;0,97571849;-1,99389975;-0,0;0,0;0,0;17,26663661;0,97571849;84,3392833;0,0;0,0;0,0;17,26663661;0,97571849;1,99389975;0,0
363;EX;beam_y;60x80;-0,0;-0,0;-0,52803024;2,80420653;-1,28704716;-0,0;0,0;0,0;0,52803024;1,89526264;1,28704716;-0,0;0,0;-0,0;-0,52803024;1,28704716;2,80420653;-0,0;0,0;0,0;0,52803024;-1,28704716;1,89526264;-0,0;0,0;0,0;0,52803024;1,28704716;2,80420653;0,0;0,0;0,0;0,52803024;1,28704716;1,89526264;0,0
364;EX;beam_y;60x80;0,0;0,0;-0,14557193;0,90448732;1,70228126;0,0;-0,0;0,0;0,14557193;0,15090915;-1,70228126;0,0;0,0;0,0;-0,14557193;-1,70228126;0,90448732;0,0;0,0;-0,0;0,14557193;1,70228126;0,15090915;0,0;0,0;0,0;0,14557193;1,70228126;0,90448732;0,0;0,0;0,0;0,14557193;1,70228126;0,15090915;0,0
365;EX;beam_x;60x80;0,0;-0,0;-27,46245686;-0,108211;141,86820073;-0,0;0,0;0,0;27,46245686;0,108211;-4,55591644;-0,0;0,0;-0,0;-27,46245686;-0,108211;141,86820073;-0,0;0,0;0,0;27,46245686;0,108211;-4,55591644;-0,0;0,0;0,0;27,46245686;0,108211;141,86820073;0,0;0,0;0,0;27,46245686;0,108211;4,55591644;0,0
366;EX;beam_x;60x80;0,0;-0,0;-27,6833776;-0,59398509;141,97524665;-0,0;0,0;0,0;27,6833776;0,59398509;-3,55835866;-0,0;0,0;-0,0;-27,6833776;-0,59398509;141,97524665;-0,0;0,0;0,0;27,6833776;0,59398509;-3,55835866;-0,0;0,0;0,0;27,6833776;0,59398509;141,97524665;0,0;0,0;0,0;27,6833776;0,59398509;3,55835866;0,0
367;EX;beam_x;60x80;0,0;-0,0;26,45554772;0,54888436;130,03593973;0,0;-0,0;0,0;-26,45554772;-0,54888436;2,24179888;0,0;0,0;0,0;26,45554772;-0,54888436;-130,03593973;0,0;0,0;-0,0;-26,45554772;0,54888436;-2,24179888;0,0;0,0;0,0;26,45554772;0,54888436;130,03593973;0,0;0,0;0,0;26,45554772;0,54888436;2,24179888;0,0
368;EX;beam_y;60x80;0,0;0,0;-0,1383982;0,92722392;-0,91622513;0,0;-0,0;0,0;0,1383982;0,30452002;0,91622513;0,0;0,0;0,0;-0,1383982;0,91622513;0,92722392;0,0;0,0;-0,0;0,1383982;-0,91622513;0,30452002;0,0;0,0;0,0;0,1383982;0,91622513;0,92722392;0,0;0,0;0,0;0,1383982;0,91622513;0,30452002;0,0
369;EX;beam_y;60x80;-0,0;0,0;0,30957158;-0,69376665;1,26444164;-0,0;0,0;0,0;-0,30957158;-1,55062732;-1,26444164;-0,0;0,0;-0,0;0,30957158;-1,26444164;-0,69376665;-0,0;0,0;0,0;-0,30957158;1,26444164;-1,55062732;-0,0;0,0;0,0;0,30957158;1,26444164;0,69376665;0,0;0,0;0,0;0,30957158;1,26444164;1,55062732;0,0
370;EX;beam_x;60x80;0,0;-0,0;-28,16388764;-0,23438362;144,97602935;-0,0;0,0;0,0;28,16388764;0,23438362;-4,15659114;-0,0;0,0;-0,0;-28,16388764;-0,23438362;144,97602935;-0,0;0,0;0,0;28,16388764;0,23438362;-4,15659114;-0,0;0,0;0,0;28,16388764;0,23438362;144,97602935;0,0;0,0;0,0;28,16388764;0,23438362;4,15659114;0,0
371;EX;beam_x;60x80;0,0;-0,0;-28,19106036;-0,7594747;144,47864265;-0,0;0,0;0,0;28,19106036;0,7594747;-3,52334082;-0,0;0,0;-0,0;-28,19106036;-0,7594747;144,47864265;-0,0;0,0;0,0;28,19106036;0,7594747;-3,52334082;-0,0;0,0;0,0;28,19106036;0,7594747;144,47864265;0,0;0,0;0,0;28,19106036;0,7594747;3,52334082;0,0
372;EX;beam_x;60x80;0,0;0,0;27,20512855;0,24379757;133,87927327;-0,0;0,0;-0,0;-27,20512855;-0,24379757;2,14636946;-0,0;0,0;-0,0;27,20512855;-0,24379757;-133,87927327;-0,0;0,0;0,0;-27,20512855;0,24379757;-2,14636946;-0,0;0,0;0,0;27,20512855;0,24379757;133,87927327;0,0;0,0;0,0;27,20512855;0,24379757;2,14636946;0,0
373;EX;beam_y;60x80;-0,0;0,0;0,17353729;-0,59343728;-0,75681577;-0,0;0,0;0,0;-0,17353729;-0,95104464;0,75681577;-0,0;0,0;-0,0;0,17353729;0,75681577;-0,59343728;-0,0;0,0;0,0;-0,17353729;-0,75681577;-0,95104464;-0,0;0,0;0,0;0,17353729;0,75681577;0,59343728;0,0;0,0;0,0;0,17353729;0,75681577;0,95104464;0,0
374;EX;beam_y;60x80;-0,0;0,0;0,65891356;-1,97268125;0,88988381;-0,0;0,0;0,0;-0,65891356;-2,80444205;-0,88988381;-0,0;0,0;-0,0;0,65891356;-0,88988381;-1,97268125;-0,0;0,0;0,0;-0,65891356;0,88988381;-2,80444205;-0,0;0,0;0,0;0,65891356;0,88988381;1,97268125;0,0;0,0;0,0;0,65891356;0,88988381;2,80444205;0,0
375;EX;beam_x;60x80;0,0;0,0;-24,97423675;-0,06470802;128,54070216;0,0;0,0;-0,0;24,97423675;0,06470802;-3,66951842;0,0;0,0;0,0;-24,97423675;-0,06470802;128,54070216;0,0;0,0;-0,0;24,97423675;0,06470802;-3,66951842;0,0;0,0;0,0;24,97423675;0,06470802;128,54070216;0,0;0,0;0,0;24,97423675;0,06470802;3,66951842;0,0
376;EX;beam_x;60x80;0,0;0,0;-25,12447759;-0,42982546;128,74016842;0,0;0,0;-0,0;25,12447759;0,42982546;-3,11778044;0,0;0,0;0,0;-25,12447759;-0,42982546;128,74016842;0,0;0,0;-0,0;25,12447759;0,42982546;-3,11778044;0,0;0,0;0,0;25,12447759;0,42982546;128,74016842;0,0;0,0;0,0;25,12447759;0,42982546;3,11778044;0,0
377;EX;beam_x;60x80;0,0;0,0;24,53638153;0,6102147;120,80731651;-0,0;0,0;-0,0;-24,53638153;-0,6102147;1,87459114;-0,0;0,0;-0,0;24,53638153;-0,6102147;-120,80731651;-0,0;0,0;0,0;-24,53638153;0,6102147;-1,87459114;-0,0;0,0;0,0;24,53638153;0,6102147;120,80731651;0,0;0,0;0,0;24,53638153;0,6102147;1,87459114;0,0
378;EX;beam_y;60x80;0,0;0,0;-0,17845954;1,02571946;-0,55988344;0,0;-0,0;0,0;0,17845954;0,56257041;0,55988344;0,0;0,0;0,0;-0,17845954;0,55988344;1,02571946;0,0;0,0;-0,0;0,17845954;-0,55988344;0,56257041;0,0;0,0;0,0;0,17845954;0,55988344;1,02571946;0,0;0,0;0,0;0,17845954;0,55988344;0,56257041;0,0
379;EX;beam_y;60x80;-0,0;0,0;0,10528235;-0,11716732;0,78335408;-0,0;0,0;0,0;-0,10528235;-0,64612971;-0,78335408;-0,0;0,0;-0,0;0,10528235;-0,78335408;-0,11716732;-0,0;0,0;0,0;-0,10528235;0,78335408;-0,64612971;-0,0;0,0;0,0;0,10528235;0,78335408;0,11716732;0,0;0,0;0,0;0,10528235;0,78335408;0,64612971;0,0
380;EX;beam_x;60x80;0,0;0,0;-15,48197465;0,07507661;80,15859988;0,0;0,0;-0,0;15,48197465;-0,07507661;-2,74872663;0,0;0,0;0,0;-15,48197465;0,07507661;80,15859988;0,0;0,0;-0,0;15,48197465;-0,07507661;-2,74872663;0,0;0,0;0,0;15,48197465;0,07507661;80,15859988;0,0;0,0;0,0;15,48197465;0,07507661;2,74872663;0,0
381;EX;beam_x;60x80;0,0;0,0;-15,34889182;-0,46555516;79,30757345;0,0;0,0;-0,0;15,34889182;0,46555516;-2,56311435;0,0;0,0;0,0;-15,34889182;-0,46555516;79,30757345;0,0;0,0;-0,0;15,34889182;0,46555516;-2,56311435;0,0;0,0;0,0;15,34889182;0,46555516;79,30757345;0,0;0,0;0,0;15,34889182;0,46555516;2,56311435;0,0
382;EX;beam_x;60x80;0,0;0,0;15,11973326;0,39598963;74,81517664;-0,0;0,0;-0,0;-15,11973326;-0,39598963;0,78348968;-0,0;0,0;-0,0;15,11973326;-0,39598963;-74,81517664;-0,0;0,0;0,0;-15,11973326;0,39598963;-0,78348968;-0,0;0,0;0,0;15,11973326;0,39598963;74,81517664;0,0;0,0;0,0;15,11973326;0,39598963;0,78348968;0,0
383;EX;beam_y;60x80;-0,0;-0,0;-0,19929648;0,9795467;0,32435314;-0,0;0,0;0,0;0,19929648;0,79419197;-0,32435314;-0,0;0,0;-0,0;-0,19929648;-0,32435314;0,9795467;-0,0;0,0;0,0;0,19929648;0,32435314;0,79419197;-0,0;0,0;0,0;0,19929648;0,32435314;0,9795467;0,0;0,0;0,0;0,19929648;0,32435314;0,79419197;0,0
384;EX;beam_y;60x80;-0,0;-0,0;-0,20593755;0,78427465;-0,2252729;-0,0;0,0;0,0;0,20593755;0,70877256;0,2252729;-0,0;0,0;-0,0;-0,20593755;0,2252729;0,78427465;-0,0;0,0;0,0;0,20593755;-0,2252729;0,70877256;-0,0;0,0;0,0;0,20593755;0,2252729;0,78427465;0,0;0,0;0,0;0,20593755;0,2252729;0,70877256;0,0
385;EX;beam_x;60x80;0,0;0,0;-38,06983018;10,7920241;150,05741966;0,0;0,0;-0,0;38,06983018;-10,7920241;-7,29555647;0,0;0,0;0,0;-38,06983018;10,7920241;150,05741966;0,0;0,0;-0,0;38,06983018;-10,7920241;-7,29555647;0,0;0,0;0,0;38,06983018;10,7920241;150,05741966;0,0;0,0;0,0;38,06983018;10,7920241;7,29555647;0,0
386;EX;beam_x;60x80;0,0;-0,0;-50,36022563;10,69366023;204,10224459;-0,0;0,0;0,0;50,36022563;-10,69366023;-15,25139846;-0,0;0,0;-0,0;-50,36022563;10,69366023;204,10224459;-0,0;0,0;0,0;50,36022563;-10,69366023;-15,25139846;-0,0;0,0;0,0;50,36022563;10,69366023;204,10224459;0,0;0,0;0,0;50,36022563;10,69366023;15,25139846;0,0
387;EX;beam_x;60x80;0,0;-0,0;-48,47943358;8,40300244;199,23195329;-0,0;0,0;0,0;48,47943358;-8,40300244;-17,43407738;-0,0;0,0;-0,0;-48,47943358;8,40300244;199,23195329;-0,0;0,0;0,0;48,47943358;-8,40300244;-17,43407738;-0,0;0,0;0,0;48,47943358;8,40300244;199,23195329;0,0;0,0;0,0;48,47943358;8,40300244;17,43407738;0,0
388;EX;beam_x;60x80;0,0;0,0;-41,15446923;7,00203209;170,99048706;0,0;0,0;-0,0;41,15446923;-7,00203209;-16,66122745;0,0;0,0;0,0;-41,15446923;7,00203209;170,99048706;0,0;0,0;-0,0;41,15446923;-7,00203209;-16,66122745;0,0;0,0;0,0;41,15446923;7,00203209;170,99048706;0,0;0,0;0,0;41,15446923;7,00203209;16,66122745;0,0
389;EX;beam_x;60x80;0,0;-0,0;-19,56849424;2,2781486;87,13899658;-0,0;0,0;0,0;19,56849424;-2,2781486;-13,75714319;-0,0;0,0;-0,0;-19,56849424;2,2781486;87,13899658;-0,0;0,0;0,0;19,56849424;-2,2781486;-13,75714319;-0,0;0,0;0,0;19,56849424;2,2781486;87,13899658;0,0;0,0;0,0;19,56849424;2,2781486;13,75714319;0,0
390;EX;beam_y;80x80;17,01719232;-0,37571105;630,7605243;325,86412449;-231,85255991;-6,57921879;-17,01719232;0,37571105;-630,7605243;267,05076835;231,85255991;-9,41694198;-0,37571105;-17,01719232;630,7605243;-231,85255991;-325,86412449;-6,57921879;0,37571105;17,01719232;-630,7605243;231,85255991;-267,05076835;-9,41694198;0,37571105;17,01719232;630,7605243;231,85255991;325,86412449;6,57921879;0,37571105;17,01719232;630,7605243;231,85255991;267,05076835;9,41694198
391;EX;beam_y;80x80;14,72513987;-1,47802881;207,01145423;149,54414651;-414,65322686;-5,03159889;-14,72513987;1,47802881;-207,01145423;45,04662046;414,65322686;-8,81003259;-1,47802881;-14,72513987;207,01145423;-414,65322686;-149,54414651;-5,03159889;1,47802881;14,72513987;-207,01145423;414,65322686;-45,04662046;-8,81003259;1,47802881;14,72513987;207,01145423;414,65322686;149,54414651;5,03159889;1,47802881;14,72513987;207,01145423;414,65322686;45,04662046;8,81003259
392;EX;beam_y;80x80;20,55869798;-1,36470297;176,20106493;129,86848706;-487,75252615;-7,01289963;-20,55869798;1,36470297;-176,20106493;35,76051397;487,75252615;-12,31227647;-1,36470297;-20,55869798;176,20106493;-487,75252615;-129,86848706;-7,01289963;1,36470297;20,55869798;-176,20106493;487,75252615;-35,76051397;-12,31227647;1,36470297;20,55869798;176,20106493;487,75252615;129,86848706;7,01289963;1,36470297;20,55869798;176,20106493;487,75252615;35,76051397;12,31227647
393;EX;beam_y;80x80;15,96747681;-1,09350187;129,63558832;94,94200583;-445,05215109;-5,46808148;-15,96747681;1,09350187;-129,63558832;26,91544719;445,05215109;-9,54134673;-1,09350187;-15,96747681;129,63558832;-445,05215109;-94,94200583;-5,46808148;1,09350187;15,96747681;-129,63558832;445,05215109;-26,91544719;-9,54134673;1,09350187;15,96747681;129,63558832;445,05215109;94,94200583;5,46808148;1,09350187;15,96747681;129,63558832;445,05215109;26,91544719;9,54134673
394;EX;beam_y;80x80;11,0575181;-0,95622619;75,06851028;62,83974703;-370,10986237;-3,79763955;-11,0575181;0,95622619;-75,06851028;7,72465263;370,10986237;-6,59642746;-0,95622619;-11,0575181;75,06851028;-370,10986237;-62,83974703;-3,79763955;0,95622619;11,0575181;-75,06851028;370,10986237;-7,72465263;-6,59642746;0,95622619;11,0575181;75,06851028;370,10986237;62,83974703;3,79763955;0,95622619;11,0575181;75,06851028;370,10986237;7,72465263;6,59642746
395;EX;beam_x;60x80;0,0;0,0;-39,04323867;-7,84702565;153,11315116;0,0;0,0;-0,0;39,04323867;7,84702565;-6,70100614;0,0;0,0;0,0;-39,04323867;-7,84702565;153,11315116;0,0;0,0;-0,0;39,04323867;7,84702565;-6,70100614;0,0;0,0;0,0;39,04323867;7,84702565;153,11315116;0,0;0,0;0,0;39,04323867;7,84702565;6,70100614;0,0
396;EX;beam_x;60x80;0,0;-0,0;-50,75357545;-8,37142439;205,62849726;-0,0;0,0;0,0;50,75357545;8,37142439;-15,30258934;-0,0;0,0;-0,0;-50,75357545;-8,37142439;205,62849726;-0,0;0,0;0,0;50,75357545;8,37142439;-15,30258934;-0,0;0,0;0,0;50,75357545;8,37142439;205,62849726;0,0;0,0;0,0;50,75357545;8,37142439;15,30258934;0,0
397;EX;beam_x;60x80;0,0;-0,0;-48,64283156;-7,29244276;199,99860315;-0,0;0,0;0,0;48,64283156;7,29244276;-17,58798479;-0,0;0,0;-0,0;-48,64283156;-7,29244276;199,99860315;-0,0;0,0;0,0;48,64283156;7,29244276;-17,58798479;-0,0;0,0;0,0;48,64283156;7,29244276;199,99860315;0,0;0,0;0,0;48,64283156;7,29244276;17,58798479;0,0
398;EX;beam_x;60x80;0,0;0,0;-41,72794251;-5,12745327;173,04080973;0,0;0,0;-0,0;41,72794251;5,12745327;-16,56102532;0,0;0,0;0,0;-41,72794251;-5,12745327;173,04080973;0,0;0,0;-0,0;41,72794251;5,12745327;-16,56102532;0,0;0,0;0,0;41,72794251;5,12745327;173,04080973;0,0;0,0;0,0;41,72794251;5,12745327;16,56102532;0,0
399;EX;beam_x;60x80;0,0;-0,0;-20,06539756;-0,96729829;89,0972679;-0,0;0,0;0,0;20,06539756;0,96729829;-13,85202706;-0,0;0,0;-0,0;-20,06539756;-0,96729829;89,0972679;-0,0;0,0;0,0;20,06539756;0,96729829;-13,85202706;-0,0;0,0;0,0;20,06539756;0,96729829;89,0972679;0,0;0,0;0,0;20,06539756;0,96729829;13,85202706;0,0
400;EX;beam_x;60x80;0,0;0,0;-31,43255408;1,24418171;117,24244873;0,0;0,0;-0,0;31,43255408;-1,24418171;0,62962905;0,0;0,0;0,0;-31,43255408;1,24418171;117,24244873;0,0;0,0;-0,0;31,43255408;-1,24418171;0,62962905;0,0;0,0;0,0;31,43255408;1,24418171;117,24244873;0,0;0,0;0,0;31,43255408;1,24418171;0,62962905;0,0
401;EX;beam_x;60x80;0,0;-0,0;-47,17229674;0,96394706;174,47965889;-0,0;0,0;0,0;47,17229674;-0,96394706;2,4164539;-0,0;0,0;-0,0;-47,17229674;0,96394706;174,47965889;-0,0;0,0;0,0;47,17229674;-0,96394706;2,4164539;-0,0;0,0;0,0;47,17229674;0,96394706;174,47965889;0,0;0,0;0,0;47,17229674;0,96394706;2,4164539;0,0
402;EX;beam_x;60x80;0,0;-0,0;-47,83403768;0,53695143;176,66300609;-0,0;0,0;0,0;47,83403768;-0,53695143;2,71463521;-0,0;0,0;-0,0;-47,83403768;0,53695143;176,66300609;-0,0;0,0;0,0;47,83403768;-0,53695143;2,71463521;-0,0;0,0;0,0;47,83403768;0,53695143;176,66300609;0,0;0,0;0,0;47,83403768;0,53695143;2,71463521;0,0
403;EX;beam_x;60x80;0,0;0,0;-42,39104708;0,61312735;156,41094248;0,0;0,0;-0,0;42,39104708;-0,61312735;2,55548406;0,0;0,0;0,0;-42,39104708;0,61312735;156,41094248;0,0;0,0;-0,0;42,39104708;-0,61312735;2,55548406;0,0;0,0;0,0;42,39104708;0,61312735;156,41094248;0,0;0,0;0,0;42,39104708;0,61312735;2,55548406;0,0
404;EX;beam_x;60x80;0,0;-0,0;-24,27108512;0,18450795;89,31503979;-0,0;0,0;0,0;24,27108512;-0,18450795;1,70152941;-0,0;0,0;-0,0;-24,27108512;0,18450795;89,31503979;-0,0;0,0;0,0;24,27108512;-0,18450795;1,70152941;-0,0;0,0;0,0;24,27108512;0,18450795;89,31503979;0,0;0,0;0,0;24,27108512;0,18450795;1,70152941;0,0
405;EX;beam_y;60x80;-0,0;0,0;-0,76029588;0,18589478;0,88202125;0,0;0,0;0,0;0,76029588;-5,69803992;-0,88202125;0,0;0,0;0,0;-0,76029588;0,88202125;-0,18589478;0,0;0,0;-0,0;0,76029588;-0,88202125;5,69803992;0,0;0,0;0,0;0,76029588;0,88202125;0,18589478;0,0;0,0;0,0;0,76029588;0,88202125;5,69803992;0,0
406;EX;beam_y;60x80;0,0;0,0;2,1672031;9,90231725;5,98221147;-0,0;-0,0;0,0;-2,1672031;9,38579033;-5,98221147;-0,0;0,0;-0,0;2,1672031;5,98221147;-9,90231725;-0,0;0,0;0,0;-2,1672031;-5,98221147;-9,38579033;-0,0;0,0;0,0;2,1672031;5,98221147;9,90231725;0,0;0,0;0,0;2,1672031;5,98221147;9,38579033;0,0
407;EX;beam_y;60x80;-0,0;0,0;-0,15375635;-0,44523874;0,27690523;0,0;0,0;0,0;0,15375635;-0,66949482;-0,27690523;0,0;0,0;0,0;-0,15375635;0,27690523;0,44523874;0,0;0,0;-0,0;0,15375635;-0,27690523;0,66949482;0,0;0,0;0,0;0,15375635;0,27690523;0,44523874;0,0;0,0;0,0;0,15375635;0,27690523;0,66949482;0,0
408;EX;beam_y;60x80;0,0;0,0;0,16926861;0,71252798;-0,31057781;-0,0;-0,0;0,0;-0,16926861;0,79396263;0,31057781;-0,0;0,0;-0,0;0,16926861;-0,31057781;-0,71252798;-0,0;0,0;0,0;-0,16926861;0,31057781;-0,79396263;-0,0;0,0;0,0;0,16926861;0,31057781;0,71252798;0,0;0,0;0,0;0,16926861;0,31057781;0,79396263;0,0
409;EX;beam_y;60x80;-0,0;0,0;-1,16497755;-3,28198642;-17,74742086;0,0;0,0;0,0;1,16497755;-1,68664284;17,74742086;0,0;0,0;0,0;-1,16497755;-17,74742086;3,28198642;0,0;0,0;-0,0;1,16497755;17,74742086;1,68664284;0,0;0,0;0,0;1,16497755;17,74742086;3,28198642;0,0;0,0;0,0;1,16497755;17,74742086;1,68664284;0,0
410;EX;beam_y;60x80;-0,0;0,0;-2,37297519;-13,79578929;5,85670274;0,0;0,0;0,0;2,37297519;2,79704928;-5,85670274;0,0;0,0;0,0;-2,37297519;5,85670274;13,79578929;0,0;0,0;-0,0;2,37297519;-5,85670274;-2,79704928;0,0;0,0;0,0;2,37297519;5,85670274;13,79578929;0,0;0,0;0,0;2,37297519;5,85670274;2,79704928;0,0
411;EX;beam_y;60x80;-0,0;0,0;14,13342554;33,93248446;-11,41737635;0,0;0,0;0,0;-14,13342554;26,34657549;11,41737635;0,0;0,0;0,0;14,13342554;-11,41737635;-33,93248446;0,0;0,0;-0,0;-14,13342554;11,41737635;-26,34657549;0,0;0,0;0,0;14,13342554;11,41737635;33,93248446;0,0;0,0;0,0;14,13342554;11,41737635;26,34657549;0,0
412;EX;beam_y;60x80;-0,0;0,0;-8,77872743;-42,07833871;25,87375994;0,0;0,0;0,0;8,77872743;1,38893709;-25,87375994;0,0;0,0;0,0;-8,77872743;25,87375994;42,07833871;0,0;0,0;-0,0;8,77872743;-25,87375994;-1,38893709;0,0;0,0;0,0;8,77872743;25,87375994;42,07833871;0,0;0,0;0,0;8,77872743;25,87375994;1,38893709;0,0
413;EX;beam_y;60x80;0,0;0,0;-1,20605508;-0,16972868;1,2762777;-0,0;-0,0;0,0;1,20605508;-8,57417065;-1,2762777;-0,0;0,0;-0,0;-1,20605508;1,2762777;0,16972868;-0,0;0,0;0,0;1,20605508;-1,2762777;8,57417065;-0,0;0,0;0,0;1,20605508;1,2762777;0,16972868;0,0;0,0;0,0;1,20605508;1,2762777;8,57417065;0,0
414;EX;beam_y;60x80;-0,0;0,0;3,08815437;14,31216063;8,63232244;0,0;0,0;0,0;-3,08815437;13,17241327;-8,63232244;0,0;0,0;0,0;3,08815437;8,63232244;-14,31216063;0,0;0,0;-0,0;-3,08815437;-8,63232244;-13,17241327;0,0;0,0;0,0;3,08815437;8,63232244;14,31216063;0,0;0,0;0,0;3,08815437;8,63232244;13,17241327;0,0
415;EX;beam_y;60x80;0,0;0,0;-0,21754383;-0,82609208;0,19725646;-0,0;-0,0;0,0;0,21754383;-0,75110069;-0,19725646;-0,0;0,0;-0,0;-0,21754383;0,19725646;0,82609208;-0,0;0,0;0,0;0,21754383;-0,19725646;0,75110069;-0,0;0,0;0,0;0,21754383;0,19725646;0,82609208;0,0;0,0;0,0;0,21754383;0,19725646;0,75110069;0,0
416;EX;beam_y;60x80;-0,0;0,0;-0,00577985;0,02876396;-0,19067178;0,0;0,0;0,0;0,00577985;-0,08020458;0,19067178;0,0;0,0;0,0;-0,00577985;-0,19067178;-0,02876396;0,0;0,0;-0,0;0,00577985;0,19067178;0,08020458;0,0;0,0;0,0;0,00577985;0,19067178;0,02876396;0,0;0,0;0,0;0,00577985;0,19067178;0,08020458;0,0
417;EX;beam_y;60x80;-0,0;0,0;-2,96411284;-7,39252686;-20,47415739;0,0;0,0;0,0;2,96411284;-5,24941442;20,47415739;0,0;0,0;0,0;-2,96411284;-20,47415739;7,39252686;0,0;0,0;-0,0;2,96411284;20,47415739;5,24941442;0,0;0,0;0,0;2,96411284;20,47415739;7,39252686;0,0;0,0;0,0;2,96411284;20,47415739;5,24941442;0,0
418;EX;beam_y;60x80;0,0;0,0;-2,84255755;-15,14796798;5,43181534;-0,0;-0,0;0,0;2,84255755;1,97271375;-5,43181534;-0,0;0,0;-0,0;-2,84255755;5,43181534;15,14796798;-0,0;0,0;0,0;2,84255755;-5,43181534;-1,97271375;-0,0;0,0;0,0;2,84255755;5,43181534;15,14796798;0,0;0,0;0,0;2,84255755;5,43181534;1,97271375;0,0
419;EX;beam_y;60x80;-0,0;0,0;17,00540686;41,66742145;-19,23515237;0,0;0,0;0,0;-17,00540686;30,86063882;19,23515237;0,0;0,0;0,0;17,00540686;-19,23515237;-41,66742145;0,0;0,0;-0,0;-17,00540686;19,23515237;-30,86063882;0,0;0,0;0,0;17,00540686;19,23515237;41,66742145;0,0;0,0;0,0;17,00540686;19,23515237;30,86063882;0,0
420;EX;beam_y;60x80;0,0;0,0;-11,03122322;-52,54228795;38,80303525;-0,0;-0,0;0,0;11,03122322;1,41256835;-38,80303525;-0,0;0,0;-0,0;-11,03122322;38,80303525;52,54228795;-0,0;0,0;0,0;11,03122322;-38,80303525;-1,41256835;-0,0;0,0;0,0;11,03122322;38,80303525;52,54228795;0,0;0,0;0,0;11,03122322;38,80303525;1,41256835;0,0
421;EX;beam_y;60x80;0,0;0,0;-1,25494815;-0,3564301;1,24230056;-0,0;-0,0;0,0;1,25494815;-8,74194395;-1,24230056;-0,0;0,0;-0,0;-1,25494815;1,24230056;0,3564301;-0,0;0,0;0,0;1,25494815;-1,24230056;8,74194395;-0,0;0,0;0,0;1,25494815;1,24230056;0,3564301;0,0;0,0;0,0;1,25494815;1,24230056;8,74194395;0,0
422;EX;beam_y;60x80;0,0;0,0;3,07593064;14,32634319;8,45558765;-0,0;-0,0;0,0;-3,07593064;13,04943953;-8,45558765;-0,0;0,0;-0,0;3,07593064;8,45558765;-14,32634319;-0,0;0,0;0,0;-3,07593064;-8,45558765;-13,04943953;-0,0;0,0;0,0;3,07593064;8,45558765;14,32634319;0,0;0,0;0,0;3,07593064;8,45558765;13,04943953;0,0
423;EX;beam_y;60x80;0,0;0,0;-0,26536435;-1,05693448;0,16163298;-0,0;-0,0;0,0;0,26536435;-0,86695705;-0,16163298;-0,0;0,0;-0,0;-0,26536435;0,16163298;1,05693448;-0,0;0,0;0,0;0,26536435;-0,16163298;0,86695705;-0,0;0,0;0,0;0,26536435;0,16163298;1,05693448;0,0;0,0;0,0;0,26536435;0,16163298;0,86695705;0,0
424;EX;beam_y;60x80;0,0;0,0;-0,08246979;-0,23116385;-0,03250638;-0,0;-0,0;0,0;0,08246979;-0,50281726;0,03250638;-0,0;0,0;-0,0;-0,08246979;-0,03250638;0,23116385;-0,0;0,0;0,0;0,08246979;0,03250638;0,50281726;-0,0;0,0;0,0;0,08246979;0,03250638;0,23116385;0,0;0,0;0,0;0,08246979;0,03250638;0,50281726;0,0
425;EX;beam_y;60x80;-0,0;0,0;-3,34643109;-7,88082805;-18,44996285;0,0;0,0;0,0;3,34643109;-6,39170054;18,44996285;0,0;0,0;0,0;-3,34643109;-18,44996285;7,88082805;0,0;0,0;-0,0;3,34643109;18,44996285;6,39170054;0,0;0,0;0,0;3,34643109;18,44996285;7,88082805;0,0;0,0;0,0;3,34643109;18,44996285;6,39170054;0,0
426;EX;beam_y;60x80;0,0;0,0;-2,69401033;-13,79200231;4,58647561;-0,0;-0,0;0,0;2,69401033;1,30526444;-4,58647561;-0,0;0,0;-0,0;-2,69401033;4,58647561;13,79200231;-0,0;0,0;0,0;2,69401033;-4,58647561;-1,30526444;-0,0;0,0;0,0;2,69401033;4,58647561;13,79200231;0,0;0,0;0,0;2,69401033;4,58647561;1,30526444;0,0
427;EX;beam_y;60x80;-0,0;0,0;15,72056943;40,40699925;-19,64274899;0,0;0,0;0,0;-15,72056943;26,64122936;19,64274899;0,0;0,0;0,0;15,72056943;-19,64274899;-40,40699925;0,0;0,0;-0,0;-15,72056943;19,64274899;-26,64122936;0,0;0,0;0,0;15,72056943;19,64274899;40,40699925;0,0;0,0;0,0;15,72056943;19,64274899;26,64122936;0,0
428;EX;beam_y;60x80;0,0;0,0;-11,79487213;-53,39900755;40,43553178;-0,0;-0,0;0,0;11,79487213;-1,2702248;-40,43553178;-0,0;0,0;-0,0;-11,79487213;40,43553178;53,39900755;-0,0;0,0;0,0;11,79487213;-40,43553178;1,2702248;-0,0;0,0;0,0;11,79487213;40,43553178;53,39900755;0,0;0,0;0,0;11,79487213;40,43553178;1,2702248;0,0
429;EX;beam_y;60x80;0,0;0,0;-1,07133487;-0,11869527;1,06045315;-0,0;-0,0;0,0;1,07133487;-7,64848257;-1,06045315;-0,0;0,0;-0,0;-1,07133487;1,06045315;0,11869527;-0,0;0,0;0,0;1,07133487;-1,06045315;7,64848257;-0,0;0,0;0,0;1,07133487;1,06045315;0,11869527;0,0;0,0;0,0;1,07133487;1,06045315;7,64848257;0,0
430;EX;beam_y;60x80;-0,0;0,0;2,75890103;12,75545824;7,21738756;0,0;0,0;0,0;-2,75890103;11,79876092;-7,21738756;0,0;0,0;0,0;2,75890103;7,21738756;-12,75545824;0,0;0,0;-0,0;-2,75890103;-7,21738756;-11,79876092;0,0;0,0;0,0;2,75890103;7,21738756;12,75545824;0,0;0,0;0,0;2,75890103;7,21738756;11,79876092;0,0
431;EX;beam_y;60x80;0,0;0,0;-0,13157695;-0,41949214;0,23637116;-0,0;-0,0;0,0;0,13157695;-0,53444074;-0,23637116;-0,0;0,0;-0,0;-0,13157695;0,23637116;0,41949214;-0,0;0,0;0,0;0,13157695;-0,23637116;0,53444074;-0,0;0,0;0,0;0,13157695;0,23637116;0,41949214;0,0;0,0;0,0;0,13157695;0,23637116;0,53444074;0,0
432;EX;beam_y;60x80;-0,0;0,0;0,04671884;0,23534004;0,19245269;0,0;0,0;0,0;-0,04671884;0,18045762;-0,19245269;0,0;0,0;0,0;0,04671884;0,19245269;-0,23534004;0,0;0,0;-0,0;-0,04671884;-0,19245269;-0,18045762;0,0;0,0;0,0;0,04671884;0,19245269;0,23534004;0,0;0,0;0,0;0,04671884;0,19245269;0,18045762;0,0
433;EX;beam_y;60x80;0,0;0,0;-2,89654729;-6,63847631;-15,13355023;-0,0;-0,0;0,0;2,89654729;-5,71529788;15,13355023;-0,0;0,0;-0,0;-2,89654729;-15,13355023;6,63847631;-0,0;0,0;0,0;2,89654729;15,13355023;5,71529788;-0,0;0,0;0,0;2,89654729;15,13355023;6,63847631;0,0;0,0;0,0;2,89654729;15,13355023;5,71529788;0,0
434;EX;beam_y;60x80;0,0;0,0;-2,10382543;-10,55040836;3,55828035;-0,0;-0,0;0,0;2,10382543;0,7991775;-3,55828035;-0,0;0,0;-0,0;-2,10382543;3,55828035;10,55040836;-0,0;0,0;0,0;2,10382543;-3,55828035;-0,7991775;-0,0;0,0;0,0;2,10382543;3,55828035;10,55040836;0,0;0,0;0,0;2,10382543;3,55828035;0,7991775;0,0
435;EX;beam_y;60x80;0,0;0,0;13,45704811;35,25869929;-17,52065305;-0,0;-0,0;0,0;-13,45704811;22,1356109;17,52065305;-0,0;0,0;-0,0;13,45704811;-17,52065305;-35,25869929;-0,0;0,0;0,0;-13,45704811;17,52065305;-22,1356109;-0,0;0,0;0,0;13,45704811;17,52065305;35,25869929;0,0;0,0;0,0;13,45704811;17,52065305;22,1356109;0,0
436;EX;beam_y;60x80;0,0;0,0;-9,82185441;-44,05972982;36,36214794;-0,0;-0,0;0,0;9,82185441;-1,46456536;-36,36214794;-0,0;0,0;-0,0;-9,82185441;36,36214794;44,05972982;-0,0;0,0;0,0;9,82185441;-36,36214794;1,46456536;-0,0;0,0;0,0;9,82185441;36,36214794;44,05972982;0,0;0,0;0,0;9,82185441;36,36214794;1,46456536;0,0
437;EX;beam_y;60x80;0,0;0,0;-0,70471871;0,06814011;0,58843183;-0,0;-0,0;0,0;0,70471871;-5,17735074;-0,58843183;-0,0;0,0;-0,0;-0,70471871;0,58843183;-0,06814011;-0,0;0,0;0,0;0,70471871;-0,58843183;5,17735074;-0,0;0,0;0,0;0,70471871;0,58843183;0,06814011;0,0;0,0;0,0;0,70471871;0,58843183;5,17735074;0,0
438;EX;beam_y;60x80;0,0;0,0;1,84058027;8,57523832;4,13611914;-0,0;-0,0;0,0;-1,84058027;7,80592608;-4,13611914;-0,0;0,0;-0,0;1,84058027;4,13611914;-8,57523832;-0,0;0,0;0,0;-1,84058027;-4,13611914;-7,80592608;-0,0;0,0;0,0;1,84058027;4,13611914;8,57523832;0,0;0,0;0,0;1,84058027;4,13611914;7,80592608;0,0
439;EX;beam_y;60x80;0,0;0,0;0,04188088;0,20799914;0,04775022;-0,0;-0,0;0,0;-0,04188088;0,09563725;-0,04775022;-0,0;0,0;-0,0;0,04188088;0,04775022;-0,20799914;-0,0;0,0;0,0;-0,04188088;-0,04775022;-0,09563725;-0,0;0,0;0,0;0,04188088;0,04775022;0,20799914;0,0;0,0;0,0;0,04188088;0,04775022;0,09563725;0,0
440;EX;beam_y;60x80;0,0;0,0;-0,05832173;-0,28662044;0,3502964;-0,0;-0,0;0,0;0,05832173;-0,23244297;-0,3502964;-0,0;0,0;-0,0;-0,05832173;0,3502964;0,28662044;-0,0;0,0;0,0;0,05832173;-0,3502964;0,23244297;-0,0;0,0;0,0;0,05832173;0,3502964;0,28662044;0,0;0,0;0,0;0,05832173;0,3502964;0,23244297;0,0
441;EX;beam_y;60x80;0,0;0,0;-2,39422513;-5,57043635;-5,69186937;-0,0;-0,0;0,0;2,39422513;-4,64093381;5,69186937;-0,0;0,0;-0,0;-2,39422513;-5,69186937;5,57043635;-0,0;0,0;0,0;2,39422513;5,69186937;4,64093381;-0,0;0,0;0,0;2,39422513;5,69186937;5,57043635;0,0;0,0;0,0;2,39422513;5,69186937;4,64093381;0,0
442;EX;beam_y;60x80;0,0;0,0;-0,74048835;-2,88199762;1,2363316;-0,0;-0,0;0,0;0,74048835;-0,55016589;-1,2363316;-0,0;0,0;-0,0;-0,74048835;1,2363316;2,88199762;-0,0;0,0;0,0;0,74048835;-1,2363316;0,55016589;-0,0;0,0;0,0;0,74048835;1,2363316;2,88199762;0,0;0,0;0,0;0,74048835;1,2363316;0,55016589;0,0
443;EX;beam_y;60x80;0,0;0,0;4,15962316;12,38540983;-13,38924979;-0,0;-0,0;0,0;-4,15962316;5,35538295;13,38924979;-0,0;0,0;-0,0;4,15962316;-13,38924979;-12,38540983;-0,0;0,0;0,0;-4,15962316;13,38924979;-5,35538295;-0,0;0,0;0,0;4,15962316;13,38924979;12,38540983;0,0;0,0;0,0;4,15962316;13,38924979;5,35538295;0,0
444;EX;beam_y;60x80;0,0;0,0;-6,42733062;-25,16205919;23,09979196;-0,0;-0,0;0,0;6,42733062;-4,62861825;-23,09979196;-0,0;0,0;-0,0;-6,42733062;23,09979196;25,16205919;-0,0;0,0;0,0;6,42733062;-23,09979196;4,62861825;-0,0;0,0;0,0;6,42733062;23,09979196;25,16205919;0,0;0,0;0,0;6,42733062;23,09979196;4,62861825;0,0
445;EX;wall;30x725;-97,95431817;1,39811475;-4,6019585;-2,01839525;-402,51498982;57,13424982;97,95431817;-1,39811475;4,6019585;-2,95889326;53,79761715;-57,13424982;-4,6019585;-1,39811475;-97,95431817;57,13424982;402,51498982;-2,01839525;4,6019585;1,39811475;97,95431817;-57,13424982;-53,79761715;-2,95889326;4,6019585;1,39811475;97,95431817;57,13424982;402,51498982;2,01839525;4,6019585;1,39811475;97,95431817;57,13424982;53,79761715;2,95889326
446;EX;wall;30x1000;-587,38037157;0,57447418;245,10218184;10,41557736;40,00617644;-5,88297068;587,38037157;-0,57447418;-245,10218184;-12,46070544;319,9415192;0,1382289;635,56344261;-0,57447418;33,9100408;-11,78537134;-40,00617644;-2,04905302;-635,56344261;0,57447418;-33,9100408;11,78537134;-319,9415192;-4,04886523;635,56344261;0,57447418;33,9100408;11,78537134;40,00617644;2,04905302;635,56344261;0,57447418;33,9100408;11,78537134;319,9415192;4,04886523
447;EX;wall;30x725;-497,72658819;0,94414084;24,47463739;-1,68786223;-3340,18222336;0,76909246;497,72658819;-0,94414084;-24,47463739;-1,67327917;1568,27556941;-0,76909246;24,47463739;-0,94414084;-497,72658819;0,76909246;3340,18222336;-1,68786223;-24,47463739;0,94414084;497,72658819;-0,76909246;-1568,27556941;-1,67327917;24,47463739;0,94414084;497,72658819;0,76909246;3340,18222336;1,68786223;24,47463739;0,94414084;497,72658819;0,76909246;1568,27556941;1,67327917
448;EX;wall;30x725;-382,54565646;0,11905234;14,83802999;-0,22512023;-1484,28272757;0,75163482;382,54565646;-0,11905234;-14,83802999;-0,1987061;122,42019058;-0,75163482;14,83802999;-0,11905234;-382,54565646;0,75163482;1484,28272757;-0,22512023;-14,83802999;0,11905234;382,54565646;-0,75163482;-122,42019058;-0,1987061;14,83802999;0,11905234;382,54565646;0,75163482;1484,28272757;0,22512023;14,83802999;0,11905234;382,54565646;0,75163482;122,42019058;0,1987061
449;EX;wall;30x890;-56,96216721;0,01879318;-2,16154057;-0,61202582;-247,64358304;-32,7235228;56,96216721;-0,01879318;2,16154057;0,5451221;44,85826777;32,7235228;-2,16154057;-0,01879318;-56,96216721;-32,7235228;247,64358304;-0,61202582;2,16154057;0,01879318;56,96216721;32,7235228;-44,85826777;0,5451221;2,16154057;0,01879318;56,96216721;32,7235228;247,64358304;0,61202582;2,16154057;0,01879318;56,96216721;32,7235228;44,85826777;0,5451221
450;EX;wall;30x615;-117,89229203;1,49116413;7,18946001;-2,26562557;-503,89393842;112,3886985;117,89229203;-1,49116413;-7,18946001;-3,04291872;84,19737879;-112,3886985;7,18946001;-1,49116413;-117,89229203;112,3886985;503,89393842;-2,26562557;-7,18946001;1,49116413;117,89229203;-112,3886985;-84,19737879;-3,04291872;7,18946001;1,49116413;117,89229203;112,3886985;503,89393842;2,26562557;7,18946001;1,49116413;117,89229203;112,3886985;84,19737879;3,04291872
451;EX;wall;30x1000;-590,65567648;-0,75595991;245,57406064;-2,85108749;31,41452572;3,82456269;590,65567648;0,75595991;-245,57406064;5,54230478;321,59187243;3,73503645;638,80730924;0,75595991;33,25611334;3,9686465;-31,41452572;2,64685182;-638,80730924;-0,75595991;-33,25611334;-3,9686465;-321,59187243;5,37749798;638,80730924;0,75595991;33,25611334;3,9686465;31,41452572;2,64685182;638,80730924;0,75595991;33,25611334;3,9686465;321,59187243;5,37749798
452;EX;wall;30x725;-292,07049935;-2,61929668;17,63188843;5,05484162;-1165,81472196;0,50017817;292,07049935;2,61929668;-17,63188843;4,26985458;126,04374428;-0,50017817;17,63188843;2,61929668;-292,07049935;0,50017817;1165,81472196;5,05484162;-17,63188843;-2,61929668;292,07049935;-0,50017817;-126,04374428;4,26985458;17,63188843;2,61929668;292,07049935;0,50017817;1165,81472196;5,05484162;17,63188843;2,61929668;292,07049935;0,50017817;126,04374428;4,26985458
453;EX;wall;30x890;-159,96920829;-3,51260747;10,43009777;6,53770842;-674,99780672;0,34143863;159,96920829;3,51260747;-10,43009777;5,96717415;105,50742522;-0,34143863;10,43009777;3,51260747;-159,96920829;0,34143863;674,99780672;6,53770842;-10,43009777;-3,51260747;159,96920829;-0,34143863;-105,50742522;5,96717415;10,43009777;3,51260747;159,96920829;0,34143863;674,99780672;6,53770842;10,43009777;3,51260747;159,96920829;0,34143863;105,50742522;5,96717415
454;EX;wall;25x158;-35,11308228;0,06494032;0,0;-0,14457291;-271,21951838;0,11330997;35,11308228;-0,06494032;0,0;-0,08661464;146,21694546;-0,11330997;0,0;-0,06494032;-35,11308228;0,11330997;271,21951838;-0,14457291;0,0;0,06494032;35,11308228;-0,11330997;-146,21694546;-0,08661464;0,0;0,06494032;35,11308228;0,11330997;271,21951838;0,14457291;0,0;0,06494032;35,11308228;0,11330997;146,21694546;0,08661464
455;EX;wall;25x365;-684,62081778;0,08614679;-0,0;-0,30668258;-2437,25011128;-0,00069926;684,62081778;-0,08614679;0,0;-0,0;0,0;-0,31373653;490,10469841;-0,08614679;-478,01992503;0,21905894;2437,25011128;-0,21463427;-490,10469841;0,08614679;478,01992503;-0,21905894;-0,0;-0,22459695;490,10469841;0,08614679;478,01992503;0,21905894;2437,25011128;0,21463427;490,10469841;0,08614679;478,01992503;0,21905894;0,0;0,22459695
456;EX;wall;25x158;-35,11308228;0,07160587;0,0;-0,14727244;-271,21951838;0,11330997;35,11308228;-0,07160587;0,0;-0,10764447;146,21694546;-0,11330997;0,0;-0,07160587;-35,11308228;0,11330997;271,21951838;-0,14727244;0,0;0,07160587;35,11308228;-0,11330997;-146,21694546;-0,10764447;0,0;0,07160587;35,11308228;0,11330997;271,21951838;0,14727244;0,0;0,07160587;35,11308228;0,11330997;146,21694546;0,10764447
457;EX;wall;25x365;-1577,30205863;-0,01250534;-0,0;0,04451902;-5615,19532872;0,03670301;1577,30205863;0,01250534;0,0;-0,0;0,0;0,00894149;1129,15519026;0,01250534;-1101,31300749;-0,00624318;5615,19532872;0,0573592;-1129,15519026;-0,01250534;1101,31300749;0,00624318;-0,0;0,00640101;1129,15519026;0,01250534;1101,31300749;0,00624318;5615,19532872;0,0573592;1129,15519026;0,01250534;1101,31300749;0,00624318;0,0;0,00640101
458;EX;wall;25x158;-29,23591426;-0,0157761;0,0;0,08661464;-146,21694546;0,48107076;29,23591426;0,0157761;0,0;-0,03045173;42,1370907;-0,48107076;0,0;0,0157761;-29,23591426;0,48107076;146,21694546;0,08661464;0,0;-0,0157761;29,23591426;-0,48107076;-42,1370907;-0,03045173;0,0;0,0157761;29,23591426;0,48107076;146,21694546;0,08661464;0,0;0,0157761;29,23591426;0,48107076;42,1370907;0,03045173
459;EX;wall;25x158;-29,23591426;-0,03030365;0,0;0,10764447;-146,21694546;0,48107076;29,23591426;0,03030365;0,0;0,00023653;42,1370907;-0,48107076;0,0;0,03030365;-29,23591426;0,48107076;146,21694546;0,10764447;0,0;-0,03030365;29,23591426;-0,48107076;-42,1370907;0,00023653;0,0;0,03030365;29,23591426;0,48107076;146,21694546;0,10764447;0,0;0,03030365;29,23591426;0,48107076;42,1370907;0,00023653
460;EX;wall;25x365;-1873,87497152;-0,1002392;0,0;0,35685156;-6670,9948986;-0,00168074;1873,87497152;0,1002392;0,0;0,0;-0,0;0,36755382;1341,46509124;0,1002392;-1308,38786981;-0,25663557;6670,9948986;0,24795976;-1341,46509124;-0,1002392;1308,38786981;0,25663557;0,0;0,26312354;1341,46509124;0,1002392;1308,38786981;0,25663557;6670,9948986;0,24795976;1341,46509124;0,1002392;1308,38786981;0,25663557;0,0;0,26312354
461;EX;wall;25x158;-16,70573521;-0,00928221;0,0;0,03045173;-42,1370907;-0,16575171;16,70573521;0,00928221;0,0;0,00259294;-17,33532665;0,16575171;0,0;0,00928221;-16,70573521;-0,16575171;42,1370907;0,03045173;0,0;-0,00928221;16,70573521;0,16575171;17,33532665;0,00259294;0,0;0,00928221;16,70573521;0,16575171;42,1370907;0,03045173;0,0;0,00928221;16,70573521;0,16575171;17,33532665;0,00259294
462;EX;wall;25x158;-16,70573521;0,00284818;0,0;-0,00023653;-42,1370907;-0,16575171;16,70573521;-0,00284818;0,0;-0,00990298;-17,33532665;0,16575171;0,0;-0,00284818;-16,70573521;-0,16575171;42,1370907;-0,00023653;0,0;0,00284818;16,70573521;0,16575171;17,33532665;-0,00990298;0,0;0,00284818;16,70573521;0,16575171;42,1370907;0,00023653;0,0;0,00284818;16,70573521;0,16575171;17,33532665;0,00990298
463;EX;wall;25x365;-1718,90609916;-0,10011614;-0,0;0,35641345;-6119,30571302;0,01719139;1718,90609916;0,10011614;0,0;-0,0;-0,0;0,34823251;1230,52634898;0,10011614;-1200,18460339;-0,24314493;6119,30571302;0,261164;-1230,52634898;-0,10011614;1200,18460339;0,24314493;0,0;0,24929185;1230,52634898;0,10011614;1200,18460339;0,24314493;6119,30571302;0,261164;1230,52634898;0,10011614;1200,18460339;0,24314493;0,0;0,24929185
464;EX;wall;25x158;-31,17450547;-0,00493453;0,0;-0,00259294;17,33532665;0,09094991;31,17450547;0,00493453;0,0;0,02015988;-128,31656614;-0,09094991;0,0;0,00493453;-31,17450547;0,09094991;-17,33532665;-0,00259294;0,0;-0,00493453;31,17450547;-0,09094991;128,31656614;0,02015988;0,0;0,00493453;31,17450547;0,09094991;17,33532665;0,00259294;0,0;0,00493453;31,17450547;0,09094991;128,31656614;0,02015988
465;EX;wall;25x158;-31,17450547;-0,0039177;0,0;0,00990298;17,33532665;0,09094991;31,17450547;0,0039177;0,0;0,00404405;-128,31656614;-0,09094991;0,0;0,0039177;-31,17450547;0,09094991;-17,33532665;0,00990298;0,0;-0,0039177;31,17450547;-0,09094991;128,31656614;0,00404405;0,0;0,0039177;31,17450547;0,09094991;17,33532665;0,00990298;0,0;0,0039177;31,17450547;0,09094991;128,31656614;0,00404405
466;EX;wall;25x365;-1423,6321475;-0,07411495;0,0;0,26384922;-5068,13044512;0,0459468;1423,6321475;0,07411495;-0,0;-0,0;0,0;0,22457276;1019,14634523;0,07411495;-994,01670932;-0,1568025;5068,13044512;0,21711862;-1019,14634523;-0,07411495;994,01670932;0,1568025;-0,0;0,1607666;1019,14634523;0,07411495;994,01670932;0,1568025;5068,13044512;0,21711862;1019,14634523;0,07411495;994,01670932;0,1568025;0,0;0,1607666
467;EX;wall;25x158;36,04397925;0,00566289;0,0;-0,02015988;128,31656614;5,93541839;-36,04397925;-0,00566289;0,0;-0,0;0,0;-5,93541839;0,0;-0,00566289;36,04397925;5,93541839;-128,31656614;-0,02015988;0,0;0,00566289;-36,04397925;-5,93541839;-0,0;-0,0;0,0;0,00566289;36,04397925;5,93541839;128,31656614;0,02015988;0,0;0,00566289;36,04397925;5,93541839;0,0;0,0
468;EX;wall;25x158;36,04397925;0,00113597;0,0;-0,00404405;128,31656614;5,93541839;-36,04397925;-0,00113597;0,0;-0,0;0,0;-5,93541839;0,0;-0,00113597;36,04397925;5,93541839;-128,31656614;-0,00404405;0,0;0,00113597;-36,04397925;-5,93541839;-0,0;-0,0;0,0;0,00113597;36,04397925;5,93541839;128,31656614;0,00404405;0,0;0,00113597;36,04397925;5,93541839;0,0;0,0
469;EX;wall;30x225;-120,07954276;0,16119945;0,0;-0,35628558;-939,69585407;0,39266814;120,07954276;-0,16119945;0,0;-0,21758446;512,21268187;-0,39266814;0,0;-0,16119945;-120,07954276;0,39266814;939,69585407;-0,35628558;0,0;0,16119945;120,07954276;-0,39266814;-512,21268187;-0,21758446;0,0;0,16119945;120,07954276;0,39266814;939,69585407;0,35628558;0,0;0,16119945;120,07954276;0,39266814;512,21268187;0,21758446
470;EX;wall;30x310;-906,00784636;0,18636788;-0,0;-0,66346964;-3225,38793303;0,10451792;906,00784636;-0,18636788;0,0;-0,0;-0,0;-0,68225834;594,97809336;-0,18636788;-683,26516528;0,51452464;3225,38793303;-0,43171792;-594,97809336;0,18636788;683,26516528;-0,51452464;0,0;-0,44804112;594,97809336;0,18636788;683,26516528;0,51452464;3225,38793303;0,43171792;594,97809336;0,18636788;683,26516528;0,51452464;0,0;0,44804112
471;EX;wall;30x225;-120,07954276;0,17474289;0,0;-0,36179849;-939,69585407;0,39266814;120,07954276;-0,17474289;0,0;-0,26028619;512,21268187;-0,39266814;0,0;-0,17474289;-120,07954276;0,39266814;939,69585407;-0,36179849;0,0;0,17474289;120,07954276;-0,39266814;-512,21268187;-0,26028619;0,0;0,17474289;120,07954276;0,39266814;939,69585407;0,36179849;0,0;0,17474289;120,07954276;0,39266814;512,21268187;0,26028619
472;EX;wall;30x310;-2092,0129879;-0,02166929;-0,0;0,07714266;-7447,56623692;0,06813317;2092,0129879;0,02166929;0,0;-0,0;-0,0;-0,00095837;1373,83125746;0,02166929;-1577,69008921;0,00072276;7447,56623692;0,10292034;-1373,83125746;-0,02166929;1577,69008921;-0,00072276;0,0;-0,00062937;1373,83125746;0,02166929;1577,69008921;0,00072276;7447,56623692;0,10292034;1373,83125746;0,02166929;1577,69008921;0,00072276;0,0;0,00062937
473;EX;wall;30x310;-2469,76225447;-0,21722201;0,0;0,77331034;-8792,35362592;-0,12729283;2469,76225447;0,21722201;-0,0;0,0;0,0;0,80068105;1621,9003435;0,21722201;-1862,56942673;-0,60383304;8792,35362592;0,49959785;-1621,9003435;-0,21722201;1862,56942673;0,60383304;-0,0;0,52580967;1621,9003435;0,21722201;1862,56942673;0,60383304;8792,35362592;0,49959785;1621,9003435;0,21722201;1862,56942673;0,60383304;0,0;0,52580967
474;EX;wall;30x310;-2270,65598273;-0,21417934;-0,0;0,76247844;-8083,53529852;-0,08418814;2270,65598273;0,21417934;0,0;0,0;-0,0;0,74814408;1491,14665255;0,21417934;-1712,41357519;-0,56421232;8083,53529852;0,51973596;-1491,14665255;-0,21417934;1712,41357519;0,56421232;0,0;0,49130848;1491,14665255;0,21417934;1712,41357519;0,56421232;8083,53529852;0,51973596;1491,14665255;0,21417934;1712,41357519;0,56421232;0,0;0,49130848
475;EX;wall;30x310;-1889,98907051;-0,15366772;-0,0;0,54705709;-6728,361091;0,01328581;1889,98907051;0,15366772;0,0;-0,0;-0,0;0,46308412;1241,16153978;0,15366772;-1425,3338973;-0,34923456;6728,361091;0,42128754;-1241,16153978;-0,15366772;1425,3338973;0,34923456;0,0;0,30410874;1241,16153978;0,15366772;1425,3338973;0,34923456;6728,361091;0,42128754;1241,16153978;0,15366772;1425,3338973;0,34923456;0,0;0,30410874
476;EX;wall;30x225;-104,33359602;-0,04182451;0,0;0,21758446;-512,21268187;1,6671186;104,33359602;0,04182451;0,0;-0,06868922;140,78508004;-1,6671186;0,0;0,04182451;-104,33359602;1,6671186;512,21268187;0,21758446;0,0;-0,04182451;104,33359602;-1,6671186;-140,78508004;-0,06868922;0,0;0,04182451;104,33359602;1,6671186;512,21268187;0,21758446;0,0;0,04182451;104,33359602;1,6671186;140,78508004;0,06868922
477;EX;wall;30x225;-104,33359602;-0,07137165;0,0;0,26028619;-512,21268187;1,6671186;104,33359602;0,07137165;0,0;-0,00620311;140,78508004;-1,6671186;0,0;0,07137165;-104,33359602;1,6671186;512,21268187;0,26028619;0,0;-0,07137165;104,33359602;-1,6671186;-140,78508004;-0,00620311;0,0;0,07137165;104,33359602;1,6671186;512,21268187;0,26028619;0,0;0,07137165;104,33359602;1,6671186;140,78508004;0,00620311
478;EX;wall;30x225;-60,28140426;-0,02076107;0,0;0,06868922;-140,78508004;-0,57440148;60,28140426;0,02076107;0,0;0,00522018;-73,81671912;0,57440148;0,0;0,02076107;-60,28140426;-0,57440148;140,78508004;0,06868922;0,0;-0,02076107;60,28140426;0,57440148;73,81671912;0,00522018;0,0;0,02076107;60,28140426;0,57440148;140,78508004;0,06868922;0,0;0,02076107;60,28140426;0,57440148;73,81671912;0,00522018
479;EX;wall;30x225;-60,28140426;0,00421337;0,0;0,00620311;-140,78508004;-0,57440148;60,28140426;-0,00421337;0,0;-0,0212027;-73,81671912;0,57440148;0,0;-0,00421337;-60,28140426;-0,57440148;140,78508004;0,00620311;0,0;0,00421337;60,28140426;0,57440148;73,81671912;-0,0212027;0,0;0,00421337;60,28140426;0,57440148;140,78508004;0,00620311;0,0;0,00421337;60,28140426;0,57440148;73,81671912;0,0212027
480;EX;wall;30x225;-84,00698641;-0,00985851;0,0;-0,00522018;73,81671912;0,31518086;84,00698641;0,00985851;0,0;0,04031647;-372,88159073;-0,31518086;0,0;0,00985851;-84,00698641;0,31518086;-73,81671912;-0,00522018;0,0;-0,00985851;84,00698641;-0,31518086;372,88159073;0,04031647;0,0;0,00985851;84,00698641;0,31518086;73,81671912;0,00522018;0,0;0,00985851;84,00698641;0,31518086;372,88159073;0,04031647
481;EX;wall;30x225;-84,00698641;-0,00925939;0,0;0,0212027;73,81671912;0,31518086;84,00698641;0,00925939;0,0;0,01176072;-372,88159073;-0,31518086;0,0;0,00925939;-84,00698641;0,31518086;-73,81671912;0,0212027;0,0;-0,00925939;84,00698641;-0,31518086;372,88159073;0,01176072;0,0;0,00925939;84,00698641;0,31518086;73,81671912;0,0212027;0,0;0,00925939;84,00698641;0,31518086;372,88159073;0,01176072
482;EX;wall;30x225;104,74201987;0,01132485;0,0;-0,04031647;372,88159073;7,12250207;-104,74201987;-0,01132485;0,0;-0,0;0,0;-7,12250207;0,0;-0,01132485;104,74201987;7,12250207;-372,88159073;-0,04031647;0,0;0,01132485;-104,74201987;-7,12250207;-0,0;-0,0;0,0;0,01132485;104,74201987;7,12250207;372,88159073;0,04031647;0,0;0,01132485;104,74201987;7,12250207;0,0;0,0
483;EX;wall;30x225;104,74201987;0,00330357;0,0;-0,01176072;372,88159073;7,12250207;-104,74201987;-0,00330357;0,0;0,0;0,0;-7,12250207;0,0;-0,00330357;104,74201987;7,12250207;-372,88159073;-0,01176072;0,0;0,00330357;-104,74201987;-7,12250207;-0,0;0,0;0,0;0,00330357;104,74201987;7,12250207;372,88159073;0,01176072;0,0;0,00330357;104,74201987;7,12250207;0,0;0,0
588;EX;beam_x;30x80;0,0;-0,0;8,43904581;11,02181691;29,80833789;0,0;-0,0;0,0;-8,43904581;-11,02181691;1,8380839;0,0;0,0;0,0;8,43904581;-11,02181691;-29,80833789;0,0;0,0;-0,0;-8,43904581;11,02181691;-1,8380839;0,0;0,0;0,0;8,43904581;11,02181691;29,80833789;0,0;0,0;0,0;8,43904581;11,02181691;1,8380839;0,0
589;EX;beam_x;30x80;0,0;0,0;3,33820815;-9,75196285;24,87471507;-0,0;0,0;-0,0;-3,33820815;9,75196285;-12,35643453;-0,0;0,0;-0,0;3,33820815;9,75196285;-24,87471507;-0,0;0,0;0,0;-3,33820815;-9,75196285;12,35643453;-0,0;0,0;0,0;3,33820815;9,75196285;24,87471507;0,0;0,0;0,0;3,33820815;9,75196285;12,35643453;0,0
590;EX;beam_x;30x80;0,0;-0,0;2,51607996;-9,99441289;21,19870081;0,0;-0,0;0,0;-2,51607996;9,99441289;-11,76340096;0,0;0,0;0,0;2,51607996;9,99441289;-21,19870081;0,0;0,0;-0,0;-2,51607996;-9,99441289;11,76340096;0,0;0,0;0,0;2,51607996;9,99441289;21,19870081;0,0;0,0;0,0;2,51607996;9,99441289;11,76340096;0,0
591;EX;beam_x;30x80;0,0;0,0;4,817879;8,39259031;28,28338241;-0,0;0,0;-0,0;-4,817879;-8,39259031;-10,21633616;-0,0;0,0;-0,0;4,817879;-8,39259031;-28,28338241;-0,0;0,0;0,0;-4,817879;8,39259031;10,21633616;-0,0;0,0;0,0;4,817879;8,39259031;28,28338241;0,0;0,0;0,0;4,817879;8,39259031;10,21633616;0,0
592;EX;beam_x;30x80;0,0;-0,0;11,3588618;11,35793583;41,77417673;0,0;-0,0;0,0;-11,3588618;-11,35793583;0,82155502;0,0;0,0;0,0;11,3588618;-11,35793583;-41,77417673;0,0;0,0;-0,0;-11,3588618;11,35793583;-0,82155502;0,0;0,0;0,0;11,3588618;11,35793583;41,77417673;0,0;0,0;0,0;11,3588618;11,35793583;0,82155502;0,0
593;EX;beam_x;30x80;0,0;-0,0;5,40271129;-12,87246385;36,02367989;0,0;-0,0;0,0;-5,40271129;12,87246385;-15,76351255;0,0;0,0;0,0;5,40271129;12,87246385;-36,02367989;0,0;0,0;-0,0;-5,40271129;-12,87246385;15,76351255;0,0;0,0;0,0;5,40271129;12,87246385;36,02367989;0,0;0,0;0,0;5,40271129;12,87246385;15,76351255;0,0
594;EX;beam_x;30x80;0,0;-0,0;4,37972497;-9,96626703;32,1271865;0,0;-0,0;0,0;-4,37972497;9,96626703;-15,70321785;0,0;0,0;0,0;4,37972497;9,96626703;-32,1271865;0,0;0,0;-0,0;-4,37972497;-9,96626703;15,70321785;0,0;0,0;0,0;4,37972497;9,96626703;32,1271865;0,0;0,0;0,0;4,37972497;9,96626703;15,70321785;0,0
595;EX;beam_x;30x80;0,0;-0,0;6,82786074;11,23220572;38,52443469;0,0;-0,0;0,0;-6,82786074;-11,23220572;-12,91995694;0,0;0,0;0,0;6,82786074;-11,23220572;-38,52443469;0,0;0,0;-0,0;-6,82786074;11,23220572;12,91995694;0,0;0,0;0,0;6,82786074;11,23220572;38,52443469;0,0;0,0;0,0;6,82786074;11,23220572;12,91995694;0,0
596;EX;beam_x;30x80;0,0;-0,0;12,76425644;10,34993138;44,75691306;0,0;-0,0;0,0;-12,76425644;-10,34993138;3,10904859;0,0;0,0;0,0;12,76425644;-10,34993138;-44,75691306;0,0;0,0;-0,0;-12,76425644;10,34993138;-3,10904859;0,0;0,0;0,0;12,76425644;10,34993138;44,75691306;0,0;0,0;0,0;12,76425644;10,34993138;3,10904859;0,0
597;EX;beam_x;30x80;0,0;0,0;5,48174919;-12,6528901;35,3006588;-0,0;0,0;-0,0;-5,48174919;12,6528901;-14,74409933;-0,0;0,0;-0,0;5,48174919;12,6528901;-35,3006588;-0,0;0,0;0,0;-5,48174919;-12,6528901;14,74409933;-0,0;0,0;0,0;5,48174919;12,6528901;35,3006588;0,0;0,0;0,0;5,48174919;12,6528901;14,74409933;0,0
598;EX;beam_x;30x80;0,0;-0,0;6,15224224;-8,98938142;35,77393391;0,0;-0,0;0,0;-6,15224224;8,98938142;-12,7030255;0,0;0,0;0,0;6,15224224;8,98938142;-35,77393391;0,0;0,0;-0,0;-6,15224224;-8,98938142;12,7030255;0,0;0,0;0,0;6,15224224;8,98938142;35,77393391;0,0;0,0;0,0;6,15224224;8,98938142;12,7030255;0,0
599;EX;beam_x;30x80;0,0;0,0;6,69734404;11,05352816;37,07530994;-0,0;0,0;-0,0;-6,69734404;-11,05352816;-11,9602698;-0,0;0,0;-0,0;6,69734404;-11,05352816;-37,07530994;-0,0;0,0;0,0;-6,69734404;11,05352816;11,9602698;-0,0;0,0;0,0;6,69734404;11,05352816;37,07530994;0,0;0,0;0,0;6,69734404;11,05352816;11,9602698;0,0
600;EX;beam_x;30x80;0,0;0,0;11,5257069;8,70482554;37,99629463;-0,0;0,0;-0,0;-11,5257069;-8,70482554;5,22510623;-0,0;0,0;-0,0;11,5257069;-8,70482554;-37,99629463;-0,0;0,0;0,0;-11,5257069;8,70482554;-5,22510623;-0,0;0,0;0,0;11,5257069;8,70482554;37,99629463;0,0;0,0;0,0;11,5257069;8,70482554;5,22510623;0,0
601;EX;beam_x;30x80;0,0;-0,0;4,53264776;-10,97382894;29,7733831;0,0;-0,0;0,0;-4,53264776;10,97382894;-12,77595401;0,0;0,0;0,0;4,53264776;10,97382894;-29,7733831;0,0;0,0;-0,0;-4,53264776;-10,97382894;12,77595401;0,0;0,0;0,0;4,53264776;10,97382894;29,7733831;0,0;0,0;0,0;4,53264776;10,97382894;12,77595401;0,0
602;EX;beam_x;30x80;0,0;0,0;5,16185692;-7,62557258;29,30367428;-0,0;0,0;-0,0;-5,16185692;7,62557258;-9,94671081;-0,0;0,0;-0,0;5,16185692;7,62557258;-29,30367428;-0,0;0,0;0,0;-5,16185692;-7,62557258;9,94671081;-0,0;0,0;0,0;5,16185692;7,62557258;29,30367428;0,0;0,0;0,0;5,16185692;7,62557258;9,94671081;0,0
603;EX;beam_x;30x80;0,0;-0,0;5,80872331;9,53045676;31,86939515;0,0;-0,0;0,0;-5,80872331;-9,53045676;-10,08668274;0,0;0,0;0,0;5,80872331;-9,53045676;-31,86939515;0,0;0,0;-0,0;-5,80872331;9,53045676;10,08668274;0,0;0,0;0,0;5,80872331;9,53045676;31,86939515;0,0;0,0;0,0;5,80872331;9,53045676;10,08668274;0,0
604;EX;beam_x;30x80;0,0;0,0;11,19919626;1,93809801;37,5705207;-0,0;0,0;-0,0;-11,19919626;-1,93809801;4,42646526;-0,0;0,0;-0,0;11,19919626;-1,93809801;-37,5705207;-0,0;0,0;0,0;-11,19919626;1,93809801;-4,42646526;-0,0;0,0;0,0;11,19919626;1,93809801;37,5705207;0,0;0,0;0,0;11,19919626;1,93809801;4,42646526;0,0
605;EX;beam_x;30x80;0,0;-0,0;2,60839207;-6,27797839;15,47599429;0,0;-0,0;0,0;-2,60839207;6,27797839;-5,69452401;0,0;0,0;0,0;2,60839207;6,27797839;-15,47599429;0,0;0,0;-0,0;-2,60839207;-6,27797839;5,69452401;0,0;0,0;0,0;2,60839207;6,27797839;15,47599429;0,0;0,0;0,0;2,60839207;6,27797839;5,69452401;0,0
606;EX;beam_x;30x80;0,0;0,0;7,17255087;-1,47177199;32,17894442;-0,0;0,0;-0,0;-7,17255087;1,47177199;-5,28187866;-0,0;0,0;-0,0;7,17255087;1,47177199;-32,17894442;-0,0;0,0;0,0;-7,17255087;-1,47177199;5,28187866;-0,0;0,0;0,0;7,17255087;1,47177199;32,17894442;0,0;0,0;0,0;7,17255087;1,47177199;5,28187866;0,0
607;EX;beam_x;30x80;0,0;-0,0;3,50928348;5,45418281;16,9147218;0,0;-0,0;0,0;-3,50928348;-5,45418281;-3,75490874;0,0;0,0;0,0;3,50928348;-5,45418281;-16,9147218;0,0;0,0;-0,0;-3,50928348;5,45418281;3,75490874;0,0;0,0;0,0;3,50928348;5,45418281;16,9147218;0,0;0,0;0,0;3,50928348;5,45418281;3,75490874;0,0
703;EX;steel_column;300x300x20;0,02328855;-0,50308362;-3,81761898;0,89071314;0,14494629;0,01099205;-0,02328855;0,50308362;3,81761898;0,90026455;-0,06203907;-0,01099205;-3,81761898;0,50308362;0,02328855;0,01099205;-0,14494629;0,89071314;3,81761898;-0,50308362;-0,02328855;-0,01099205;0,06203907;0,90026455;3,81761898;0,50308362;0,02328855;0,01099205;0,14494629;0,89071314;3,81761898;0,50308362;0,02328855;0,01099205;0,06203907;0,90026455
704;EX;steel_column;300x300x20;0,47969682;-0,34304733;-10,62758284;0,63940411;0,72105004;0,01099205;-0,47969682;0,34304733;10,62758284;0,58184437;0,98667063;-0,01099205;-10,62758284;0,34304733;0,47969682;0,01099205;-0,72105004;0,63940411;10,62758284;-0,34304733;-0,47969682;-0,01099205;-0,98667063;0,58184437;10,62758284;0,34304733;0,47969682;0,01099205;0,72105004;0,63940411;10,62758284;0,34304733;0,47969682;0,01099205;0,98667063;0,58184437
705;EX;steel_column;300x300x20;0,00043606;-0,69965221;-3,37650673;1,2358419;0,10929932;0,01099205;-0,00043606;0,69965221;3,37650673;1,25491998;-0,10774695;-0,01099205;-3,37650673;0,69965221;0,00043606;0,01099205;-0,10929932;1,2358419;3,37650673;-0,69965221;-0,00043606;-0,01099205;0,10774695;1,25491998;3,37650673;0,69965221;0,00043606;0,01099205;0,10929932;1,2358419;3,37650673;0,69965221;0,00043606;0,01099205;0,10774695;1,25491998
706;EX;steel_column;300x300x20;0,46447304;-0,49933852;-10,78385119;0,91536095;0,6926974;0,01099205;-0,46447304;0,49933852;10,78385119;0,8622842;0,96082661;-0,01099205;-10,78385119;0,49933852;0,46447304;0,01099205;-0,6926974;0,91536095;10,78385119;-0,49933852;-0,46447304;-0,01099205;-0,96082661;0,8622842;10,78385119;0,49933852;0,46447304;0,01099205;0,6926974;0,91536095;10,78385119;0,49933852;0,46447304;0,01099205;0,96082661;0,8622842
707;EX;steel_column;300x300x20;-0,01761516;-0,48770864;-3,07723944;0,86216917;0,08083368;0,01099205;0,01761516;0,48770864;3,07723944;0,87407359;-0,14354365;-0,01099205;-3,07723944;0,48770864;-0,01761516;0,01099205;-0,08083368;0,86216917;3,07723944;-0,48770864;0,01761516;-0,01099205;0,14354365;0,87407359;3,07723944;0,48770864;0,01761516;0,01099205;0,08083368;0,86216917;3,07723944;0,48770864;0,01761516;0,01099205;0,14354365;0,87407359
708;EX;steel_column;300x300x20;0,45860775;-0,32451031;-11,00784554;0,6050962;0,68359121;0,01099205;-0,45860775;0,32451031;11,00784554;0,55016052;0,94905237;-0,01099205;-11,00784554;0,32451031;0,45860775;0,01099205;-0,68359121;0,6050962;11,00784554;-0,32451031;-0,45860775;-0,01099205;-0,94905237;0,55016052;11,00784554;0,32451031;0,45860775;0,01099205;0,68359121;0,6050962;11,00784554;0,32451031;0,45860775;0,01099205;0,94905237;0,55016052
709;EX;steel_beam;300x300x50;-30,53667826;-0,27837604;40,76694342;0,5012041;-3,97522244;0,37345471;30,53667826;0,27837604;-40,76694342;0,48981461;-0,77964643;0,33640419;50,92399617;0,27837604;-1,08582141;0,01174417;3,97522244;0,62492883;-50,92399617;-0,27837604;1,08582141;-0,01174417;0,77964643;0,59409444;50,92399617;0,27837604;1,08582141;0,01174417;3,97522244;0,62492883;50,92399617;0,27837604;1,08582141;0,01174417;0,77964643;0,59409444
710;EX;steel_beam;300x300x50;3,23201441;-0,40634424;3,74471405;0,79067187;0,93810648;-0,48760713;-3,23201441;0,40634424;-3,74471405;0,65591363;1,3933154;-0,50793625;4,91708842;0,40634424;0,53948301;0,04657195;-0,93810648;0,92776817;-4,91708842;-0,40634424;-0,53948301;-0,04657195;-1,3933154;0,82828315;4,91708842;0,40634424;0,53948301;0,04657195;0,93810648;0,92776817;4,91708842;0,40634424;0,53948301;0,04657195;1,3933154;0,82828315
711;EX;steel_beam;300x300x50;-31,83535844;-0,40021267;42,5423562;0,6878559;-4,03537394;0,52521502;31,83535844;0,40021267;-42,5423562;0,7369012;-0,81549378;0,49532729;53,12358254;0,40021267;-1,1077437;0,02642875;4,03537394;0,86504224;-53,12358254;-0,40021267;1,1077437;-0,02642875;0,81549378;0,88751002;53,12358254;0,40021267;1,1077437;0,02642875;4,03537394;0,86504224;53,12358254;0,40021267;1,1077437;0,02642875;0,81549378;0,88751002
712;EX;steel_beam;300x300x50;2,47788687;-0,5857511;2,66810045;1,12187723;0,91404218;-0,70876125;-2,47788687;0,5857511;-2,66810045;0,9633967;1,370389;-0,72632895;3,60267336;0,5857511;0,52860952;0,0521589;-0,91404218;1,32598284;-3,60267336;-0,5857511;-0,52860952;-0,0521589;-1,370389;1,20539055;3,60267336;0,5857511;0,52860952;0,0521589;0,91404218;1,32598284;3,60267336;0,5857511;0,52860952;0,0521589;1,370389;1,20539055
713;EX;steel_beam;300x300x50;-32,61391379;-0,25889483;43,57751453;0,46377151;-4,1207594;0,34828952;32,61391379;0,25889483;-43,57751453;0,45789407;-0,86211163;0,31189229;54,41849277;0,25889483;-1,13788796;0,0130835;4,1207594;0,57984345;-54,41849277;-0,25889483;1,13788796;-0,0130835;0,86211163;0,55387057;54,41849277;0,25889483;1,13788796;0,0130835;4,1207594;0,57984345;54,41849277;0,25889483;1,13788796;0,0130835;0,86211163;0,55387057
714;EX;steel_beam;300x300x50;2,02146392;-0,38900947;2,02021883;0,759386;0,89357254;-0,46632199;-2,02146392;0,38900947;-2,02021883;0,62548772;1,35330288;-0,48675122;2,81021075;0,38900947;0,51991925;0,04636942;-0,89357254;0,88992874;-2,81021075;-0,38900947;-0,51991925;-0,04636942;-1,35330288;0,79120889;2,81021075;0,38900947;0,51991925;0,04636942;0,89357254;0,88992874;2,81021075;0,38900947;0,51991925;0,04636942;1,35330288;0,79120889
715;EX;steel_beam;300x300x50;-15,51688541;40,40310067;-34,84348586;-0,43698231;-29,47758409;-32,21400119;15,51688541;-40,40310067;34,84348586;0,15710568;-25,76252795;-31,71556669;-53,3523796;-0,05140069;-15,51688541;1,2425721;43,64774738;-0,43698231;53,3523796;0,05140069;15,51688541;-1,2425721;40,84165804;0,15710568;53,3523796;0,05140069;15,51688541;1,2425721;43,64774738;0,43698231;53,3523796;0,05140069;15,51688541;1,2425721;40,84165804;0,15710568
716;EX;steel_beam;300x300x50;-7,869869;-37,39003485;-32,25079808;0,28670618;-16,28517616;16,5065605;7,869869;37,39003485;32,25079808;-0,05147021;-11,73155747;15,91729977;-49,37739175;0,04320222;-7,869869;-1,53013295;23,13724692;0,28670618;49,37739175;-0,04320222;7,869869;1,53013295;19,7141717;-0,05147021;49,37739175;0,04320222;7,869869;1,53013295;23,13724692;0,28670618;49,37739175;0,04320222;7,869869;1,53013295;19,7141717;0,05147021
717;EX;steel_beam;300x300x50;-6,61921477;20,21873552;17,41235885;-0,25304644;-12,18542158;13,70387045;6,61921477;-20,21873552;-17,41235885;0,01326645;-11,378983;13,5672944;26,68305768;-0,04403675;-6,61921477;-0,26045155;18,33610453;-0,25304644;-26,68305768;0,04403675;6,61921477;0,26045155;17,7055047;0,01326645;26,68305768;0,04403675;6,61921477;0,26045155;18,33610453;0,25304644;26,68305768;0,04403675;6,61921477;0,26045155;17,7055047;0,01326645
718;EX;steel_beam;300x300x50;-6,6184808;-21,29477605;-18,29018511;0,25982111;-12,2632069;13,71276252;6,6184808;21,29477605;18,29018511;0,19401899;-11,29858473;13,55537836;-28,07118471;0,08334991;-6,6184808;-0,31349469;18,39368969;0,25982111;28,07118471;-0,08334991;6,6184808;0,31349469;17,64392305;0,19401899;28,07118471;0,08334991;6,6184808;0,31349469;18,39368969;0,25982111;28,07118471;0,08334991;6,6184808;0,31349469;17,64392305;0,19401899
719;EX;steel_column;300x300x20;-15,0474665;-0,32968685;7,18827899;0,58877664;-25,93072246;0,01099205;15,0474665;0,32968685;-7,18827899;0,58490855;-27,63825827;-0,01099205;7,18827899;0,32968685;-15,0474665;0,01099205;25,93072246;0,58877664;-7,18827899;-0,32968685;15,0474665;-0,01099205;27,63825827;0,58490855;7,18827899;0,32968685;15,0474665;0,01099205;25,93072246;0,58877664;7,18827899;0,32968685;15,0474665;0,01099205;27,63825827;0,58490855
720;EX;steel_column;300x300x20;15,01954929;-0,39992309;6,78123681;-0,70326791;-27,6468579;-0,01099205;-15,01954929;0,39992309;-6,78123681;-0,72045829;-25,82273758;0,01099205;-6,78123681;-0,39992309;15,01954929;0,01099205;-27,6468579;-0,70326791;6,78123681;0,39992309;-15,01954929;-0,01099205;-25,82273758;-0,72045829;6,78123681;0,39992309;15,01954929;0,01099205;27,6468579;0,70326791;6,78123681;0,39992309;15,01954929;0,01099205;25,82273758;0,72045829
721;EX;steel_column;300x300x20;21,2460746;0,70421055;-16,04804362;1,3094089;-39,1648545;0,00351127;-21,2460746;-0,70421055;16,04804362;1,19758065;-36,47117107;-0,00351127;16,04804362;0,70421055;21,2460746;-0,00351127;-39,1648545;1,3094089;-16,04804362;-0,70421055;-21,2460746;0,00351127;-36,47117107;1,19758065;16,04804362;0,70421055;21,2460746;0,00351127;39,1648545;1,3094089;16,04804362;0,70421055;21,2460746;0,00351127;36,47117107;1,19758065
722;EX;steel_column;300x300x20;29,38303489;-0,2719692;-17,46256547;-0,31882972;-50,98692746;0,00351127;-29,38303489;0,2719692;17,46256547;-0,64938062;-53,61667674;-0,00351127;17,46256547;-0,2719692;29,38303489;-0,00351127;-50,98692746;-0,31882972;-17,46256547;0,2719692;-29,38303489;0,00351127;-53,61667674;-0,64938062;17,46256547;0,2719692;29,38303489;0,00351127;50,98692746;0,31882972;17,46256547;0,2719692;29,38303489;0,00351127;53,61667674;0,64938062
300000;EX;beam_y;80x80;-1603,44122085;2,3544559;-629,74545861;-209,17510324;-322,12808899;111,3665589;1603,44122085;-2,3544559;629,74545861;114,71328445;322,12808899;129,14962423;2,3544559;1603,44122085;-629,74545861;-322,12808899;209,17510324;111,3665589;-2,3544559;-1603,44122085;629,74545861;322,12808899;-114,71328445;129,14962423;2,3544559;1603,44122085;629,74545861;322,12808899;209,17510324;111,3665589;2,3544559;1603,44122085;629,74545861;322,12808899;114,71328445;129,14962423
300001;EX;beam_y;80x80;88,90383328;20,08257968;-491,49760241;-143,85010054;-143,01737431;-22,60127477;-88,90383328;-20,08257968;491,49760241;-36,77526834;143,01737431;-10,07088396;20,08257968;-88,90383328;-491,49760241;-143,01737431;143,85010054;-22,60127477;-20,08257968;88,90383328;491,49760241;143,01737431;36,77526834;-10,07088396;20,08257968;88,90383328;491,49760241;143,01737431;143,85010054;22,60127477;20,08257968;88,90383328;491,49760241;143,01737431;36,77526834;10,07088396
300002;EX;beam_y;80x80;-1,06971565;-1,89361078;7,58422409;28,31279485;27,47029724;2,67536124;1,06971565;1,89361078;-7,58422409;1,24671855;-27,47029724;1,4938555;-1,89361078;1,06971565;7,58422409;27,47029724;-28,31279485;2,67536124;1,89361078;-1,06971565;-7,58422409;-27,47029724;-1,24671855;1,4938555;1,89361078;1,06971565;7,58422409;27,47029724;28,31279485;2,67536124;1,89361078;1,06971565;7,58422409;27,47029724;1,24671855;1,4938555
300003;EX;beam_y;80x80;0,0;0,0;-0,85482172;-12,26853546;-2,33804066;-0,0;-0,0;0,0;0,85482172;5,75479397;2,33804066;-0,0;0,0;-0,0;-0,85482172;-2,33804066;12,26853546;-0,0;0,0;0,0;0,85482172;2,33804066;-5,75479397;-0,0;0,0;0,0;0,85482172;2,33804066;12,26853546;0,0;0,0;0,0;0,85482172;2,33804066;5,75479397;0,0
300004;EX;beam_y;80x80;0,99597646;-1,15890765;-3,37090168;4,23961892;-23,53674146;-1,36893976;-0,99597646;1,15890765;3,37090168;-17,38613545;23,53674146;-2,51536842;-1,15890765;-0,99597646;-3,37090168;-23,53674146;-4,23961892;-1,36893976;1,15890765;0,99597646;3,37090168;23,53674146;17,38613545;-2,51536842;1,15890765;0,99597646;3,37090168;23,53674146;4,23961892;1,36893976;1,15890765;0,99597646;3,37090168;23,53674146;17,38613545;2,51536842
300005;EX;beam_y;80x80;-38,51685528;12,38284885;520,34140568;56,08540992;146,15703298;0,90457021;38,51685528;-12,38284885;-520,34140568;133,83920315;-146,15703298;13,15408197;12,38284885;38,51685528;520,34140568;146,15703298;-56,08540992;0,90457021;-12,38284885;-38,51685528;-520,34140568;-146,15703298;-133,83920315;13,15408197;12,38284885;38,51685528;520,34140568;146,15703298;56,08540992;0,90457021;12,38284885;38,51685528;520,34140568;146,15703298;133,83920315;13,15408197
300006;EX;beam_y;80x80;1610,431713;1,36508522;660,20621298;-105,96658895;327,47132348;-130,35889047;-1610,431713;-1,36508522;-660,20621298;204,99752089;-327,47132348;-111,20586648;1,36508522;-1610,431713;660,20621298;327,47132348;105,96658895;-130,35889047;-1,36508522;1610,431713;-660,20621298;-327,47132348;-204,99752089;-111,20586648;1,36508522;1610,431713;660,20621298;327,47132348;105,96658895;130,35889047;1,36508522;1610,431713;660,20621298;327,47132348;204,99752089;111,20586648
300007;EX;beam_y;80x80;-17,62377959;-0,21668019;-612,03713225;-259,99138041;231,63509756;9,84731713;17,62377959;0,21668019;612,03713225;-318,38370957;-231,63509756;6,80715459;-0,21668019;17,62377959;-612,03713225;231,63509756;259,99138041;9,84731713;0,21668019;-17,62377959;612,03713225;-231,63509756;318,38370957;6,80715459;0,21668019;17,62377959;612,03713225;231,63509756;259,99138041;9,84731713;0,21668019;17,62377959;612,03713225;231,63509756;318,38370957;6,80715459
300008;EX;beam_y;80x80;-182,61216657;9,2623139;17,72531985;-25,92557841;-184,56951746;1,85682023;182,61216657;-9,2623139;-17,72531985;28,58437639;184,56951746;25,53500476;9,2623139;182,61216657;17,72531985;-184,56951746;25,92557841;1,85682023;-9,2623139;-182,61216657;-17,72531985;184,56951746;-28,58437639;25,53500476;9,2623139;182,61216657;17,72531985;184,56951746;25,92557841;1,85682023;9,2623139;182,61216657;17,72531985;184,56951746;28,58437639;25,53500476
300009;EX;beam_y;80x80;93,18151837;10,25565159;52,35724114;-45,50464406;-130,24656389;-28,61268208;-93,18151837;-10,25565159;-52,35724114;64,74593018;130,24656389;-5,63152593;10,25565159;-93,18151837;52,35724114;-130,24656389;45,50464406;-28,61268208;-10,25565159;93,18151837;-52,35724114;130,24656389;-64,74593018;-5,63152593;10,25565159;93,18151837;52,35724114;130,24656389;45,50464406;28,61268208;10,25565159;93,18151837;52,35724114;130,24656389;64,74593018;5,63152593
300010;EX;beam_y;80x80;-1,90331946;-0,96701782;10,13219386;29,84075852;39,25952407;4,79255433;1,90331946;0,96701782;-10,13219386;9,64946704;-39,25952407;2,62563326;-0,96701782;1,90331946;10,13219386;39,25952407;-29,84075852;4,79255433;0,96701782;-1,90331946;-10,13219386;-39,25952407;-9,64946704;2,62563326;0,96701782;1,90331946;10,13219386;39,25952407;29,84075852;4,79255433;0,96701782;1,90331946;10,13219386;39,25952407;9,64946704;2,62563326
300011;EX;beam_y;80x80;0,0;0,0;-1,22666795;-21,00740286;-2,51465266;-0,0;-0,0;0,0;1,22666795;11,66019312;2,51465266;-0,0;0,0;-0,0;-1,22666795;-2,51465266;21,00740286;-0,0;0,0;0,0;1,22666795;2,51465266;-11,66019312;-0,0;0,0;0,0;1,22666795;2,51465266;21,00740286;0,0;0,0;0,0;1,22666795;2,51465266;11,66019312;0,0
300012;EX;beam_y;80x80;1,845952;-2,88695627;-5,60639292;-1,69392609;-34,64183916;-2,58108241;-1,845952;2,88695627;5,60639292;-20,17100628;34,64183916;-4,6181304;-2,88695627;-1,845952;-5,60639292;-34,64183916;1,69392609;-2,58108241;2,88695627;1,845952;5,60639292;34,64183916;20,17100628;-4,6181304;2,88695627;1,845952;5,60639292;34,64183916;1,69392609;2,58108241;2,88695627;1,845952;5,60639292;34,64183916;20,17100628;4,6181304
300013;EX;beam_y;80x80;-161,43897674;30,84693005;-49,86389712;-63,312223;128,21938973;18,5797541;161,43897674;-30,84693005;49,86389712;45,11190055;-128,21938973;40,34547241;30,84693005;161,43897674;-49,86389712;128,21938973;63,312223;18,5797541;-30,84693005;-161,43897674;49,86389712;-128,21938973;-45,11190055;40,34547241;30,84693005;161,43897674;49,86389712;128,21938973;63,312223;18,5797541;30,84693005;161,43897674;49,86389712;128,21938973;45,11190055;40,34547241
300014;EX;beam_y;80x80;183,81228687;7,43448386;-16,64657218;-31,84247764;180,06823494;-24,32015352;-183,81228687;-7,43448386;16,64657218;29,34549181;-180,06823494;-3,25168951;7,43448386;-183,81228687;-16,64657218;180,06823494;31,84247764;-24,32015352;-7,43448386;183,81228687;16,64657218;-180,06823494;-29,34549181;-3,25168951;7,43448386;183,81228687;16,64657218;180,06823494;31,84247764;24,32015352;7,43448386;183,81228687;16,64657218;180,06823494;29,34549181;3,25168951
300015;EX;beam_y;80x80;-13,03678121;-1,1800768;-204,19024081;-44,95088593;415,62496459;7,83197944;13,03678121;1,1800768;204,19024081;-148,00889164;-415,62496459;4,48777881;-1,1800768;13,03678121;-204,19024081;415,62496459;44,95088593;7,83197944;1,1800768;-13,03678121;204,19024081;-415,62496459;148,00889164;4,48777881;1,1800768;13,03678121;204,19024081;415,62496459;44,95088593;7,83197944;1,1800768;13,03678121;204,19024081;415,62496459;148,00889164;4,48777881
300016;EX;beam_y;80x80;-233,03734978;8,55213863;77,16762399;-21,97254068;-3,55396313;0,87308712;233,03734978;-8,55213863;-77,16762399;33,54768428;3,55396313;34,08251535;8,55213863;233,03734978;77,16762399;-3,55396313;21,97254068;0,87308712;-8,55213863;-233,03734978;-77,16762399;3,55396313;-33,54768428;34,08251535;8,55213863;233,03734978;77,16762399;3,55396313;21,97254068;0,87308712;8,55213863;233,03734978;77,16762399;3,55396313;33,54768428;34,08251535
300017;EX;beam_y;80x80;130,10297275;-4,51000177;33,12565562;-44,4923488;-53,14960124;-37,61629188;-130,10297275;4,51000177;-33,12565562;56,66602724;53,14960124;-10,19655061;-4,51000177;-130,10297275;33,12565562;-53,14960124;44,4923488;-37,61629188;4,51000177;130,10297275;-33,12565562;53,14960124;-56,66602724;-10,19655061;4,51000177;130,10297275;33,12565562;53,14960124;44,4923488;37,61629188;4,51000177;130,10297275;33,12565562;53,14960124;56,66602724;10,19655061
300018;EX;beam_y;80x80;-2,28679177;0,42525353;11,43725752;33,30311303;42,56944801;5,74910578;2,28679177;-0,42525353;-11,43725752;11,27359816;-42,56944801;3,16366514;0,42525353;2,28679177;11,43725752;42,56944801;-33,30311303;5,74910578;-0,42525353;-2,28679177;-11,43725752;-42,56944801;-11,27359816;3,16366514;0,42525353;2,28679177;11,43725752;42,56944801;33,30311303;5,74910578;0,42525353;2,28679177;11,43725752;42,56944801;11,27359816;3,16366514
300019;EX;beam_y;80x80;0,0;0,0;-1,32699892;-21,62352955;-2,18746505;-0,0;-0,0;0,0;1,32699892;11,51179779;2,18746505;-0,0;0,0;-0,0;-1,32699892;-2,18746505;21,62352955;-0,0;0,0;0,0;1,32699892;2,18746505;-11,51179779;-0,0;0,0;0,0;1,32699892;2,18746505;21,62352955;0,0;0,0;0,0;1,32699892;2,18746505;11,51179779;0,0
300020;EX;beam_y;80x80;2,24176143;1,10487746;-7,47924116;-2,52241636;-37,96139896;-3,08897068;-2,24176143;-1,10487746;7,47924116;-26,64662416;37,96139896;-5,65389892;1,10487746;-2,24176143;-7,47924116;-37,96139896;2,52241636;-3,08897068;-1,10487746;2,24176143;7,47924116;37,96139896;26,64662416;-5,65389892;1,10487746;2,24176143;7,47924116;37,96139896;2,52241636;3,08897068;1,10487746;2,24176143;7,47924116;37,96139896;26,64662416;5,65389892
300021;EX;beam_y;80x80;-102,5733079;-11,80553994;-56,38153868;-71,51591712;50,98136245;5,01658742;102,5733079;11,80553994;56,38153868;50,9366555;-50,98136245;32,42266996;-11,80553994;102,5733079;-56,38153868;50,98136245;71,51591712;5,01658742;11,80553994;-102,5733079;56,38153868;-50,98136245;-50,9366555;32,42266996;11,80553994;102,5733079;56,38153868;50,98136245;71,51591712;5,01658742;11,80553994;102,5733079;56,38153868;50,98136245;50,9366555;32,42266996
300022;EX;beam_y;80x80;230,4135701;8,93477453;-96,24340442;-41,92391726;5,74037592;-31,41660996;-230,4135701;-8,93477453;96,24340442;27,4874066;-5,74037592;-3,14542555;8,93477453;-230,4135701;-96,24340442;5,74037592;41,92391726;-31,41660996;-8,93477453;230,4135701;96,24340442;-5,74037592;-27,4874066;-3,14542555;8,93477453;230,4135701;96,24340442;5,74037592;41,92391726;31,41660996;8,93477453;230,4135701;96,24340442;5,74037592;27,4874066;3,14542555
300023;EX;beam_y;80x80;-17,42874937;-1,41821818;-189,70836059;-44,82456571;484,53672994;10,47882887;17,42874937;1,41821818;189,70836059;-134,44983505;-484,53672994;5,99133928;-1,41821818;17,42874937;-189,70836059;484,53672994;44,82456571;10,47882887;1,41821818;-17,42874937;189,70836059;-484,53672994;134,44983505;5,99133928;1,41821818;17,42874937;189,70836059;484,53672994;44,82456571;10,47882887;1,41821818;17,42874937;189,70836059;484,53672994;134,44983505;5,99133928
300024;EX;beam_y;80x80;-219,830533;6,85261172;112,82398477;-14,32752757;102,06153712;3,7243922;219,830533;-6,85261172;-112,82398477;31,25112529;-102,06153712;29,25018774;6,85261172;219,830533;112,82398477;102,06153712;14,32752757;3,7243922;-6,85261172;-219,830533;-112,82398477;-102,06153712;-31,25112529;29,25018774;6,85261172;219,830533;112,82398477;102,06153712;14,32752757;3,7243922;6,85261172;219,830533;112,82398477;102,06153712;31,25112529;29,25018774
300025;EX;beam_y;80x80;561,66046273;10,94923977;52,58757392;-39,67233784;29,81906703;-119,11244004;-561,66046273;-10,94923977;-52,58757392;58,99827126;-29,81906703;-87,29778001;10,94923977;-561,66046273;52,58757392;29,81906703;39,67233784;-119,11244004;-10,94923977;561,66046273;-52,58757392;-29,81906703;-58,99827126;-87,29778001;10,94923977;561,66046273;52,58757392;29,81906703;39,67233784;119,11244004;10,94923977;561,66046273;52,58757392;29,81906703;58,99827126;87,29778001
300026;EX;beam_y;80x80;-2,99763022;-1,03241709;10,5032102;31,85411626;35,6340984;7,34155333;2,99763022;1,03241709;-10,5032102;9,08214549;-35,6340984;4,34171046;-1,03241709;2,99763022;10,5032102;35,6340984;-31,85411626;7,34155333;1,03241709;-2,99763022;-10,5032102;-35,6340984;-9,08214549;4,34171046;1,03241709;2,99763022;10,5032102;35,6340984;31,85411626;7,34155333;1,03241709;2,99763022;10,5032102;35,6340984;9,08214549;4,34171046
300027;EX;beam_y;80x80;-0,0;0,0;-1,0224967;-17,78697102;-2,36219623;0,0;0,0;0,0;1,0224967;9,99554617;2,36219623;0,0;0,0;0,0;-1,0224967;-2,36219623;17,78697102;0,0;0,0;-0,0;1,0224967;2,36219623;-9,99554617;0,0;0,0;0,0;1,0224967;2,36219623;17,78697102;0,0;0,0;0,0;1,0224967;2,36219623;9,99554617;0,0
300028;EX;beam_y;80x80;2,97236468;0,07524369;-6,18435362;-2,36997359;-31,66587051;-4,29688824;-2,97236468;-0,07524369;6,18435362;-21,74900554;31,66587051;-7,29533403;0,07524369;-2,97236468;-6,18435362;-31,66587051;2,36997359;-4,29688824;-0,07524369;2,97236468;6,18435362;31,66587051;21,74900554;-7,29533403;0,07524369;2,97236468;6,18435362;31,66587051;2,36997359;4,29688824;0,07524369;2,97236468;6,18435362;31,66587051;21,74900554;7,29533403
300029;EX;beam_y;80x80;-548,94786645;-0,80397363;-46,33288155;-49,94270851;-27,70039941;84,16389167;548,94786645;0,80397363;46,33288155;33,03120675;27,70039941;116,20207958;-0,80397363;548,94786645;-46,33288155;-27,70039941;49,94270851;84,16389167;0,80397363;-548,94786645;46,33288155;27,70039941;-33,03120675;116,20207958;0,80397363;548,94786645;46,33288155;27,70039941;49,94270851;84,16389167;0,80397363;548,94786645;46,33288155;27,70039941;33,03120675;116,20207958
300030;EX;beam_y;80x80;218,92327698;6,52586183;-103,81068102;-25,68518786;-96,61912078;-26,87527811;-218,92327698;-6,52586183;103,81068102;10,11358571;96,61912078;-5,96321344;6,52586183;-218,92327698;-103,81068102;-96,61912078;25,68518786;-26,87527811;-6,52586183;218,92327698;103,81068102;96,61912078;-10,11358571;-5,96321344;6,52586183;218,92327698;103,81068102;96,61912078;25,68518786;26,87527811;6,52586183;218,92327698;103,81068102;96,61912078;10,11358571;5,96321344
300031;EX;beam_y;80x80;-13,08587873;-1,03585108;-120,92828707;-24,23947431;443,70130152;7,84276537;13,08587873;1,03585108;120,92828707;-90,03775697;-443,70130152;4,52339003;-1,03585108;13,08587873;-120,92828707;443,70130152;24,23947431;7,84276537;1,03585108;-13,08587873;120,92828707;-443,70130152;90,03775697;4,52339003;1,03585108;13,08587873;120,92828707;443,70130152;24,23947431;7,84276537;1,03585108;13,08587873;120,92828707;443,70130152;90,03775697;4,52339003
300032;EX;beam_y;80x80;-172,23210234;5,99235081;83,58995108;5,09351928;66,56074224;4,14787224;172,23210234;-5,99235081;-83,58995108;7,44497338;-66,56074224;21,68694311;5,99235081;172,23210234;83,58995108;66,56074224;-5,09351928;4,14787224;-5,99235081;-172,23210234;-83,58995108;-66,56074224;-7,44497338;21,68694311;5,99235081;172,23210234;83,58995108;66,56074224;5,09351928;4,14787224;5,99235081;172,23210234;83,58995108;66,56074224;7,44497338;21,68694311
300033;EX;beam_y;80x80;-329,81748093;-30,92791138;62,25605881;-11,98179826;-45,00660059;53,11328793;329,81748093;30,92791138;-62,25605881;34,86089987;45,00660059;68,09463632;-30,92791138;329,81748093;62,25605881;-45,00660059;11,98179826;53,11328793;30,92791138;-329,81748093;-62,25605881;45,00660059;-34,86089987;68,09463632;30,92791138;329,81748093;62,25605881;45,00660059;11,98179826;53,11328793;30,92791138;329,81748093;62,25605881;45,00660059;34,86089987;68,09463632
300034;EX;beam_y;80x80;-0,91334936;2,91623026;10,65368936;28,91330935;35,97058885;2,48619431;0,91334936;-2,91623026;-10,65368936;12,60944493;-35,97058885;1,07358481;2,91623026;0,91334936;10,65368936;35,97058885;-28,91330935;2,48619431;-2,91623026;-0,91334936;-10,65368936;-35,97058885;-12,60944493;1,07358481;2,91623026;0,91334936;10,65368936;35,97058885;28,91330935;2,48619431;2,91623026;0,91334936;10,65368936;35,97058885;12,60944493;1,07358481
300035;EX;beam_y;80x80;0,0;0,0;-0,54550689;-14,54754295;-1,59993185;-0,0;-0,0;0,0;0,54550689;10,39078041;1,59993185;-0,0;0,0;-0,0;-0,54550689;-1,59993185;14,54754295;-0,0;0,0;0,0;0,54550689;1,59993185;-10,39078041;-0,0;0,0;0,0;0,54550689;1,59993185;14,54754295;0,0;0,0;0,0;0,54550689;1,59993185;10,39078041;0,0
300036;EX;beam_y;80x80;0,45833448;1,8151826;-7,71805776;-8,91900842;-33,77887627;-0,46547508;-0,45833448;-1,8151826;7,71805776;-21,18141686;33,77887627;-1,32202938;1,8151826;-0,45833448;-7,71805776;-33,77887627;8,91900842;-0,46547508;-1,8151826;0,45833448;7,71805776;33,77887627;21,18141686;-1,32202938;1,8151826;0,45833448;7,71805776;33,77887627;8,91900842;0,46547508;1,8151826;0,45833448;7,71805776;33,77887627;21,18141686;1,32202938
300037;EX;beam_y;80x80;319,87384213;-19,39510176;-48,60927796;-21,29194573;45,15205473;-62,95308823;-319,87384213;19,39510176;48,60927796;3,54955928;-45,15205473;-53,80086415;-19,39510176;-319,87384213;-48,60927796;45,15205473;21,29194573;-62,95308823;19,39510176;319,87384213;48,60927796;-45,15205473;-3,54955928;-53,80086415;19,39510176;319,87384213;48,60927796;45,15205473;21,29194573;62,95308823;19,39510176;319,87384213;48,60927796;45,15205473;3,54955928;53,80086415
300038;EX;beam_y;80x80;172,56881179;4,39315415;-68,66994362;-0,83002696;-64,62748438;-20,29133296;-172,56881179;-4,39315415;68,66994362;-9,47046459;64,62748438;-5,59398881;4,39315415;-172,56881179;-68,66994362;-64,62748438;0,83002696;-20,29133296;-4,39315415;172,56881179;68,66994362;64,62748438;9,47046459;-5,59398881;4,39315415;172,56881179;68,66994362;64,62748438;0,83002696;20,29133296;4,39315415;172,56881179;68,66994362;64,62748438;9,47046459;5,59398881
300039;EX;beam_y;80x80;-9,27178114;-0,69732606;-59,68390956;-0,58550222;371,85866216;5,54737247;9,27178114;0,69732606;59,68390956;-55,81579232;-371,85866216;3,2144607;-0,69732606;9,27178114;-59,68390956;371,85866216;0,58550222;5,54737247;0,69732606;-9,27178114;59,68390956;-371,85866216;55,81579232;3,2144607;0,69732606;9,27178114;59,68390956;371,85866216;0,58550222;5,54737247;0,69732606;9,27178114;59,68390956;371,85866216;55,81579232;3,2144607
300040;EX;beam_x;60x80;0,0;-0,0;-36,90485263;14,07401052;25,04297733;-0,0;0,0;0,0;36,90485263;-14,07401052;113,35022003;-0,0;0,0;-0,0;-36,90485263;14,07401052;25,04297733;-0,0;0,0;0,0;36,90485263;-14,07401052;113,35022003;-0,0;0,0;0,0;36,90485263;14,07401052;25,04297733;0,0;0,0;0,0;36,90485263;14,07401052;113,35022003;0,0
300041;EX;beam_x;60x80;-97,35307118;11,93525759;-51,03827818;-19,85847393;-101,93284368;9,24657226;97,35307118;-11,93525759;51,03827818;19,85847393;198,90557222;13,43041716;-97,35307118;11,93525759;-51,03827818;-19,85847393;-101,93284368;9,24657226;97,35307118;-11,93525759;51,03827818;19,85847393;198,90557222;13,43041716;97,35307118;11,93525759;51,03827818;19,85847393;101,93284368;9,24657226;97,35307118;11,93525759;51,03827818;19,85847393;198,90557222;13,43041716
300042;EX;beam_x;60x80;99,98423526;1,19491488;138,2478562;-29,13681609;-76,64781929;3,25375716;-99,98423526;-1,19491488;-138,2478562;29,13681609;-179,11071468;-1,04316463;99,98423526;1,19491488;138,2478562;-29,13681609;-76,64781929;3,25375716;-99,98423526;-1,19491488;-138,2478562;29,13681609;-179,11071468;-1,04316463;99,98423526;1,19491488;138,2478562;29,13681609;76,64781929;3,25375716;99,98423526;1,19491488;138,2478562;29,13681609;179,11071468;1,04316463
300043;EX;beam_x;60x80;0,0;0,0;-47,39611279;18,08618709;35,72555586;0,0;0,0;-0,0;47,39611279;-18,08618709;142,0098671;0,0;0,0;0,0;-47,39611279;18,08618709;35,72555586;0,0;0,0;-0,0;47,39611279;-18,08618709;142,0098671;0,0;0,0;0,0;47,39611279;18,08618709;35,72555586;0,0;0,0;0,0;47,39611279;18,08618709;142,0098671;0,0
300044;EX;beam_x;60x80;-125,10738356;17,31002022;-64,40151965;-23,58123435;-122,77471473;12,57223235;125,10738356;-17,31002022;64,40151965;23,58123435;245,13760207;20,31680607;-125,10738356;17,31002022;-64,40151965;-23,58123435;-122,77471473;12,57223235;125,10738356;-17,31002022;64,40151965;23,58123435;245,13760207;20,31680607;125,10738356;17,31002022;64,40151965;23,58123435;122,77471473;12,57223235;125,10738356;17,31002022;64,40151965;23,58123435;245,13760207;20,31680607
300045;EX;beam_x;60x80;128,4886642;7,39317862;34,63192129;-16,92026768;-9,74610081;10,81563348;-128,4886642;-7,39317862;-34,63192129;16,92026768;-54,32295357;2,86174696;128,4886642;7,39317862;34,63192129;-16,92026768;-9,74610081;10,81563348;-128,4886642;-7,39317862;-34,63192129;16,92026768;-54,32295357;2,86174696;128,4886642;7,39317862;34,63192129;16,92026768;9,74610081;10,81563348;128,4886642;7,39317862;34,63192129;16,92026768;54,32295357;2,86174696
300046;EX;beam_x;60x80;0,0;-0,0;-45,13300249;16,28383049;35,88404023;-0,0;0,0;0,0;45,13300249;-16,28383049;133,36471911;-0,0;0,0;-0,0;-45,13300249;16,28383049;35,88404023;-0,0;0,0;0,0;45,13300249;-16,28383049;133,36471911;-0,0;0,0;0,0;45,13300249;16,28383049;35,88404023;0,0;0,0;0,0;45,13300249;16,28383049;133,36471911;0,0
300047;EX;beam_x;60x80;-116,32701817;14,48625523;-60,85357192;-24,12316876;-113,72197012;10,46905478;116,32701817;-14,48625523;60,85357192;24,12316876;229,34375676;17,05483017;-116,32701817;14,48625523;-60,85357192;-24,12316876;-113,72197012;10,46905478;116,32701817;-14,48625523;60,85357192;24,12316876;229,34375676;17,05483017;116,32701817;14,48625523;60,85357192;24,12316876;113,72197012;10,46905478;116,32701817;14,48625523;60,85357192;24,12316876;229,34375676;17,05483017
300048;EX;beam_x;60x80;119,47099164;6,54014164;-44,04196836;-10,94466452;31,88200337;9,43151568;-119,47099164;-6,54014164;44,04196836;10,94466452;49,5956381;2,66774636;119,47099164;6,54014164;-44,04196836;-10,94466452;31,88200337;9,43151568;-119,47099164;-6,54014164;44,04196836;10,94466452;49,5956381;2,66774636;119,47099164;6,54014164;44,04196836;10,94466452;31,88200337;9,43151568;119,47099164;6,54014164;44,04196836;10,94466452;49,5956381;2,66774636
300049;EX;beam_x;60x80;0,0;0,0;-38,25792194;13,6405084;31,79477769;0,0;0,0;-0,0;38,25792194;-13,6405084;111,67242959;0,0;0,0;0,0;-38,25792194;13,6405084;31,79477769;0,0;0,0;-0,0;38,25792194;-13,6405084;111,67242959;0,0;0,0;0,0;38,25792194;13,6405084;31,79477769;0,0;0,0;0,0;38,25792194;13,6405084;111,67242959;0,0
300050;EX;beam_x;60x80;-90,42287941;10,2384441;-51,71497005;-21,61819089;-94,15177654;7,59656417;90,42287941;-10,2384441;51,71497005;21,61819089;192,41021963;11,85647962;-90,42287941;10,2384441;-51,71497005;-21,61819089;-94,15177654;7,59656417;90,42287941;-10,2384441;51,71497005;21,61819089;192,41021963;11,85647962;90,42287941;10,2384441;51,71497005;21,61819089;94,15177654;7,59656417;90,42287941;10,2384441;51,71497005;21,61819089;192,41021963;11,85647962
300051;EX;beam_x;60x80;92,86674102;3,28986709;-60,23641085;-8,42121255;39,19488998;5,23065121;-92,86674102;-3,28986709;60,23641085;8,42121255;72,24247009;0,85560291;92,86674102;3,28986709;-60,23641085;-8,42121255;39,19488998;5,23065121;-92,86674102;-3,28986709;60,23641085;8,42121255;72,24247009;0,85560291;92,86674102;3,28986709;60,23641085;8,42121255;39,19488998;5,23065121;92,86674102;3,28986709;60,23641085;8,42121255;72,24247009;0,85560291
300052;EX;beam_x;60x80;0,0;-0,0;-36,59833487;-12,67899935;22,77404504;-0,0;0,0;0,0;36,59833487;12,67899935;114,46971071;-0,0;0,0;-0,0;-36,59833487;-12,67899935;22,77404504;-0,0;0,0;0,0;36,59833487;12,67899935;114,46971071;-0,0;0,0;0,0;36,59833487;12,67899935;22,77404504;0,0;0,0;0,0;36,59833487;12,67899935;114,46971071;0,0
300053;EX;beam_x;60x80;-97,11220692;-11,48813286;-47,67886133;14,80350574;-105,11593222;-8,64491955;97,11220692;11,48813286;47,67886133;-14,80350574;195,70576876;-13,18253288;-97,11220692;-11,48813286;-47,67886133;14,80350574;-105,11593222;-8,64491955;97,11220692;11,48813286;47,67886133;-14,80350574;195,70576876;-13,18253288;97,11220692;11,48813286;47,67886133;14,80350574;105,11593222;8,64491955;97,11220692;11,48813286;47,67886133;14,80350574;195,70576876;13,18253288
300054;EX;beam_x;60x80;99,73686116;-2,8735722;139,8648073;27,8726142;-77,435603;-4,98818005;-99,73686116;2,8735722;-139,8648073;-27,8726142;-181,3142905;-0,32792852;99,73686116;-2,8735722;139,8648073;27,8726142;-77,435603;-4,98818005;-99,73686116;2,8735722;-139,8648073;-27,8726142;-181,3142905;-0,32792852;99,73686116;2,8735722;139,8648073;27,8726142;77,435603;4,98818005;99,73686116;2,8735722;139,8648073;27,8726142;181,3142905;0,32792852
300055;EX;beam_x;60x80;0,0;0,0;-46,76827226;-16,10925052;33,65436161;0,0;0,0;-0,0;46,76827226;16,10925052;141,72665935;0,0;0,0;0,0;-46,76827226;-16,10925052;33,65436161;0,0;0,0;-0,0;46,76827226;16,10925052;141,72665935;0,0;0,0;0,0;46,76827226;16,10925052;33,65436161;0,0;0,0;0,0;46,76827226;16,10925052;141,72665935;0,0
300056;EX;beam_x;60x80;-122,26887761;-15,21385531;-60,24763124;18,76917443;-125,74484094;-11,29225043;122,26887761;15,21385531;60,24763124;-18,76917443;240,21534029;-17,61407466;-122,26887761;-15,21385531;-60,24763124;18,76917443;-125,74484094;-11,29225043;122,26887761;15,21385531;60,24763124;-18,76917443;240,21534029;-17,61407466;122,26887761;15,21385531;60,24763124;18,76917443;125,74484094;11,29225043;122,26887761;15,21385531;60,24763124;18,76917443;240,21534029;17,61407466
300057;EX;beam_x;60x80;125,57344186;-4,8608626;33,21732494;13,26942291;-9,60320593;-7,74264007;-125,57344186;4,8608626;-33,21732494;-13,26942291;-51,8488452;-1,24995574;125,57344186;-4,8608626;33,21732494;13,26942291;-9,60320593;-7,74264007;-125,57344186;4,8608626;-33,21732494;-13,26942291;-51,8488452;-1,24995574;125,57344186;4,8608626;33,21732494;13,26942291;9,60320593;7,74264007;125,57344186;4,8608626;33,21732494;13,26942291;51,8488452;1,24995574
300058;EX;beam_x;60x80;0,0;-0,0;-44,63949785;-14,61839732;34,1347302;-0,0;0,0;0,0;44,63949785;14,61839732;133,26338675;-0,0;0,0;-0,0;-44,63949785;-14,61839732;34,1347302;-0,0;0,0;0,0;44,63949785;14,61839732;133,26338675;-0,0;0,0;0,0;44,63949785;14,61839732;34,1347302;0,0;0,0;0,0;44,63949785;14,61839732;133,26338675;0,0
300059;EX;beam_x;60x80;-114,45785016;-12,78033274;-56,97947178;19,23890671;-117,20013941;-9,31786239;114,45785016;12,78033274;56,97947178;-19,23890671;225,4611358;-14,9647698;-114,45785016;-12,78033274;-56,97947178;19,23890671;-117,20013941;-9,31786239;114,45785016;12,78033274;56,97947178;-19,23890671;225,4611358;-14,9647698;114,45785016;12,78033274;56,97947178;19,23890671;117,20013941;9,31786239;114,45785016;12,78033274;56,97947178;19,23890671;225,4611358;14,9647698
300060;EX;beam_x;60x80;117,55130556;-5,21861982;-39,86186574;9,01273824;28,50346508;-7,7269866;-117,55130556;5,21861982;39,86186574;-9,01273824;45,24098654;-1,92746007;117,55130556;-5,21861982;-39,86186574;9,01273824;28,50346508;-7,7269866;-117,55130556;5,21861982;39,86186574;-9,01273824;45,24098654;-1,92746007;117,55130556;5,21861982;39,86186574;9,01273824;28,50346508;7,7269866;117,55130556;5,21861982;39,86186574;9,01273824;45,24098654;1,92746007
300061;EX;beam_x;60x80;0,0;0,0;-38,02304463;-12,19756347;30,20598841;0,0;0,0;-0,0;38,02304463;12,19756347;112,38042895;0,0;0,0;0,0;-38,02304463;-12,19756347;30,20598841;0,0;0,0;-0,0;38,02304463;12,19756347;112,38042895;0,0;0,0;0,0;38,02304463;12,19756347;30,20598841;0,0;0,0;0,0;38,02304463;12,19756347;112,38042895;0,0
300062;EX;beam_x;60x80;-89,70802585;-9,61790537;-48,49176542;16,76006672;-97,94096534;-6,92332188;89,70802585;9,61790537;48,49176542;-16,76006672;190,07531964;-11,35069832;-89,70802585;-9,61790537;-48,49176542;16,76006672;-97,94096534;-6,92332188;89,70802585;9,61790537;48,49176542;-16,76006672;190,07531964;-11,35069832;89,70802585;9,61790537;48,49176542;16,76006672;97,94096534;6,92332188;89,70802585;9,61790537;48,49176542;16,76006672;190,07531964;11,35069832
300063;EX;beam_x;60x80;92,13256709;-4,52742516;-57,47779948;7,34601889;37,41520766;-6,4613859;-92,13256709;4,52742516;57,47779948;-7,34601889;68,91872137;-1,91435065;92,13256709;-4,52742516;-57,47779948;7,34601889;37,41520766;-6,4613859;-92,13256709;4,52742516;57,47779948;-7,34601889;68,91872137;-1,91435065;92,13256709;4,52742516;57,47779948;7,34601889;37,41520766;6,4613859;92,13256709;4,52742516;57,47779948;7,34601889;68,91872137;1,91435065
300064;EX;beam_y;60x80;-63,43010105;4,72949437;-2,11240758;-4,67656774;-44,97970832;114,90426043;63,43010105;-4,72949437;2,11240758;-2,98090973;44,97970832;115,02985586;4,72949437;63,43010105;-2,11240758;-44,97970832;4,67656774;114,90426043;-4,72949437;-63,43010105;2,11240758;44,97970832;2,98090973;115,02985586;4,72949437;63,43010105;2,11240758;44,97970832;4,67656774;114,90426043;4,72949437;63,43010105;2,11240758;44,97970832;2,98090973;115,02985586
300065;EX;beam_y;60x80;-57,61968398;0,41254425;5,5408911;10,09552809;-39,35423798;104,45332984;57,61968398;-0,41254425;-5,5408911;9,99020216;39,35423798;104,41802461;0,41254425;57,61968398;5,5408911;-39,35423798;-10,09552809;104,45332984;-0,41254425;-57,61968398;-5,5408911;39,35423798;-9,99020216;104,41802461;0,41254425;57,61968398;5,5408911;39,35423798;10,09552809;104,45332984;0,41254425;57,61968398;5,5408911;39,35423798;9,99020216;104,41802461
300066;EX;beam_y;60x80;-191,43203361;0,05952617;7,39987146;15,13144783;-63,63528964;347,0667475;191,43203361;-0,05952617;-7,39987146;11,6930862;63,63528964;346,87437433;0,05952617;191,43203361;7,39987146;-63,63528964;-15,13144783;347,0667475;-0,05952617;-191,43203361;-7,39987146;63,63528964;-11,6930862;346,87437433;0,05952617;191,43203361;7,39987146;63,63528964;15,13144783;347,0667475;0,05952617;191,43203361;7,39987146;63,63528964;11,6930862;346,87437433
300067;EX;beam_y;60x80;-22,34533446;1,09517705;-0,61848131;-4,46988953;-7,99223407;44,26214933;22,34533446;-1,09517705;0,61848131;1,71764768;7,99223407;55,17458903;1,09517705;22,34533446;-0,61848131;-7,99223407;4,46988953;44,26214933;-1,09517705;-22,34533446;0,61848131;7,99223407;-1,71764768;55,17458903;1,09517705;22,34533446;0,61848131;7,99223407;4,46988953;44,26214933;1,09517705;22,34533446;0,61848131;7,99223407;1,71764768;55,17458903
300068;EX;beam_y;60x80;-102,56477623;0,97595854;5,49395898;8,39471738;-57,41604706;157,40564045;102,56477623;-0,97595854;-5,49395898;8,49920647;57,41604706;157,98104645;0,97595854;102,56477623;5,49395898;-57,41604706;-8,39471738;157,40564045;-0,97595854;-102,56477623;-5,49395898;57,41604706;-8,49920647;157,98104645;0,97595854;102,56477623;5,49395898;57,41604706;8,39471738;157,40564045;0,97595854;102,56477623;5,49395898;57,41604706;8,49920647;157,98104645
300069;EX;beam_y;60x80;-146,16583098;-1,30964834;8,08704065;14,82231601;-60,37417993;265,00446154;146,16583098;1,30964834;-8,08704065;14,49320637;60,37417993;264,84667578;-1,30964834;146,16583098;8,08704065;-60,37417993;-14,82231601;265,00446154;1,30964834;-146,16583098;-8,08704065;60,37417993;-14,49320637;264,84667578;1,30964834;146,16583098;8,08704065;60,37417993;14,82231601;265,00446154;1,30964834;146,16583098;8,08704065;60,37417993;14,49320637;264,84667578
300070;EX;beam_y;60x80;-80,07175061;-1,75630373;3,50990602;9,09518654;-54,832244;178,22427872;80,07175061;1,75630373;-3,50990602;6,52389523;54,832244;178,09501147;-1,75630373;80,07175061;3,50990602;-54,832244;-9,09518654;178,22427872;1,75630373;-80,07175061;-3,50990602;54,832244;-6,52389523;178,09501147;1,75630373;80,07175061;3,50990602;54,832244;9,09518654;178,22427872;1,75630373;80,07175061;3,50990602;54,832244;6,52389523;178,09501147
300071;EX;beam_x;60x80;0,0;0,0;32,26666736;-0,69805553;-2,19712375;-0,0;0,0;-0,0;-32,26666736;0,69805553;82,54112546;-0,0;0,0;-0,0;32,26666736;0,69805553;2,19712375;-0,0;0,0;0,0;-32,26666736;-0,69805553;-82,54112546;-0,0;0,0;0,0;32,26666736;0,69805553;2,19712375;0,0;0,0;0,0;32,26666736;0,69805553;82,54112546;0,0
300072;EX;beam_x;60x80;0,0;-0,0;67,22683226;-3,22762604;-46,65969721;0,0;-0,0;0,0;-67,22683226;3,22762604;215,39904619;0,0;0,0;0,0;67,22683226;3,22762604;46,65969721;0,0;0,0;-0,0;-67,22683226;-3,22762604;-215,39904619;0,0;0,0;0,0;67,22683226;3,22762604;46,65969721;0,0;0,0;0,0;67,22683226;3,22762604;215,39904619;0,0
300073;EX;beam_x;60x80;0,0;0,0;33,000473;0,80372822;-6,19100245;-0,0;0,0;-0,0;-33,000473;-0,80372822;88,36218022;-0,0;0,0;-0,0;33,000473;-0,80372822;6,19100245;-0,0;0,0;0,0;-33,000473;0,80372822;-88,36218022;-0,0;0,0;0,0;33,000473;0,80372822;6,19100245;0,0;0,0;0,0;33,000473;0,80372822;88,36218022;0,0
300074;EX;beam_x;60x80;0,0;-0,0;33,70083429;-2,22465371;-90,2455297;0,0;-0,0;0,0;-33,70083429;2,22465371;174,83462376;0,0;0,0;0,0;33,70083429;2,22465371;90,2455297;0,0;0,0;-0,0;-33,70083429;-2,22465371;-174,83462376;0,0;0,0;0,0;33,70083429;2,22465371;90,2455297;0,0;0,0;0,0;33,70083429;2,22465371;174,83462376;0,0
300075;EX;beam_x;60x80;0,0;-0,0;35,68128769;1,36735207;-3,89296576;0,0;-0,0;0,0;-35,68128769;-1,36735207;182,29940423;0,0;0,0;0,0;35,68128769;-1,36735207;3,89296576;0,0;0,0;-0,0;-35,68128769;1,36735207;-182,29940423;0,0;0,0;0,0;35,68128769;1,36735207;3,89296576;0,0;0,0;0,0;35,68128769;1,36735207;182,29940423;0,0
300076;EX;beam_x;60x80;0,0;0,0;36,82506378;0,38910444;-1,86720759;-0,0;0,0;-0,0;-36,82506378;-0,38910444;185,99252647;-0,0;0,0;-0,0;36,82506378;-0,38910444;1,86720759;-0,0;0,0;0,0;-36,82506378;0,38910444;-185,99252647;-0,0;0,0;0,0;36,82506378;0,38910444;1,86720759;0,0;0,0;0,0;36,82506378;0,38910444;185,99252647;0,0
300077;EX;beam_x;60x80;0,0;0,0;37,71956396;0,45106043;-0,37083225;-0,0;0,0;-0,0;-37,71956396;-0,45106043;188,96865203;-0,0;0,0;-0,0;37,71956396;-0,45106043;0,37083225;-0,0;0,0;0,0;-37,71956396;0,45106043;-188,96865203;-0,0;0,0;0,0;37,71956396;0,45106043;0,37083225;0,0;0,0;0,0;37,71956396;0,45106043;188,96865203;0,0
300078;EX;beam_x;60x80;0,0;0,0;37,65872755;0,29316538;-0,32461117;-0,0;0,0;-0,0;-37,65872755;-0,29316538;188,61824891;-0,0;0,0;-0,0;37,65872755;-0,29316538;0,32461117;-0,0;0,0;0,0;-37,65872755;0,29316538;-188,61824891;-0,0;0,0;0,0;37,65872755;0,29316538;0,32461117;0,0;0,0;0,0;37,65872755;0,29316538;188,61824891;0,0
300079;EX;beam_x;60x80;0,0;-0,0;33,67169373;-0,3584108;8,99418092;0,0;-0,0;0,0;-33,67169373;0,3584108;159,36428774;0,0;0,0;0,0;33,67169373;0,3584108;-8,99418092;0,0;0,0;-0,0;-33,67169373;-0,3584108;-159,36428774;0,0;0,0;0,0;33,67169373;0,3584108;8,99418092;0,0;0,0;0,0;33,67169373;0,3584108;159,36428774;0,0
300080;EX;beam_x;60x80;0,0;-0,0;32,19920806;0,45184905;9,09932663;0,0;-0,0;0,0;-32,19920806;-0,45184905;151,89671369;0,0;0,0;0,0;32,19920806;-0,45184905;-9,09932663;0,0;0,0;-0,0;-32,19920806;0,45184905;-151,89671369;0,0;0,0;0,0;32,19920806;0,45184905;9,09932663;0,0;0,0;0,0;32,19920806;0,45184905;151,89671369;0,0
300081;EX;beam_x;60x80;0,0;-0,0;33,77648557;0,56383485;8,20982349;0,0;-0,0;0,0;-33,77648557;-0,56383485;160,67260438;0,0;0,0;0,0;33,77648557;-0,56383485;-8,20982349;0,0;0,0;-0,0;-33,77648557;0,56383485;-160,67260438;0,0;0,0;0,0;33,77648557;0,56383485;8,20982349;0,0;0,0;0,0;33,77648557;0,56383485;160,67260438;0,0
300082;EX;beam_x;60x80;0,0;-0,0;27,91812337;0,69751823;-3,15978855;0,0;-0,0;0,0;-27,91812337;-0,69751823;72,67591574;0,0;0,0;0,0;27,91812337;-0,69751823;3,15978855;0,0;0,0;-0,0;-27,91812337;0,69751823;-72,67591574;0,0;0,0;0,0;27,91812337;0,69751823;3,15978855;0,0;0,0;0,0;27,91812337;0,69751823;72,67591574;0,0
300083;EX;beam_x;60x80;0,0;0,0;28,8958089;-0,29162291;-59,84703932;-0,0;0,0;-0,0;-28,8958089;0,29162291;132,37551966;-0,0;0,0;-0,0;28,8958089;0,29162291;59,84703932;-0,0;0,0;0,0;-28,8958089;-0,29162291;-132,37551966;-0,0;0,0;0,0;28,8958089;0,29162291;59,84703932;0,0;0,0;0,0;28,8958089;0,29162291;132,37551966;0,0
300084;EX;beam_x;60x80;0,0;-0,0;27,09119187;0,34338311;0,11270179;0,0;-0,0;0,0;-27,09119187;-0,34338311;67,34436597;0,0;0,0;0,0;27,09119187;-0,34338311;-0,11270179;0,0;0,0;-0,0;-27,09119187;0,34338311;-67,34436597;0,0;0,0;0,0;27,09119187;0,34338311;0,11270179;0,0;0,0;0,0;27,09119187;0,34338311;67,34436597;0,0
300085;EX;beam_x;60x80;0,0;0,0;26,90034256;0,84763043;-65,86231414;-0,0;0,0;-0,0;-26,90034256;-0,84763043;133,38217396;-0,0;0,0;-0,0;26,90034256;-0,84763043;65,86231414;-0,0;0,0;0,0;-26,90034256;0,84763043;-133,38217396;-0,0;0,0;0,0;26,90034256;0,84763043;65,86231414;0,0;0,0;0,0;26,90034256;0,84763043;133,38217396;0,0
300086;EX;beam_x;60x80;0,0;0,0;27,07739954;0,32196641;0,53096603;-0,0;0,0;-0,0;-27,07739954;-0,32196641;134,85603168;-0,0;0,0;-0,0;27,07739954;-0,32196641;-0,53096603;-0,0;0,0;0,0;-27,07739954;0,32196641;-134,85603168;-0,0;0,0;0,0;27,07739954;0,32196641;0,53096603;0,0;0,0;0,0;27,07739954;0,32196641;134,85603168;0,0
300087;EX;beam_x;60x80;0,0;0,0;26,32087488;0,28439712;1,02368003;-0,0;0,0;-0,0;-26,32087488;-0,28439712;130,58069437;-0,0;0,0;-0,0;26,32087488;-0,28439712;-1,02368003;-0,0;0,0;0,0;-26,32087488;0,28439712;-130,58069437;-0,0;0,0;0,0;26,32087488;0,28439712;1,02368003;0,0;0,0;0,0;26,32087488;0,28439712;130,58069437;0,0
300088;EX;beam_x;60x80;0,0;0,0;26,36627492;0,00561068;0,32160558;-0,0;0,0;-0,0;-26,36627492;-0,00561068;131,50976901;-0,0;0,0;-0,0;26,36627492;-0,00561068;-0,32160558;-0,0;0,0;0,0;-26,36627492;0,00561068;-131,50976901;-0,0;0,0;0,0;26,36627492;0,00561068;0,32160558;0,0;0,0;0,0;26,36627492;0,00561068;131,50976901;0,0
300089;EX;beam_x;60x80;0,0;0,0;26,24165417;0,02198077;-0,08615448;-0,0;0,0;-0,0;-26,24165417;-0,02198077;131,29442532;-0,0;0,0;-0,0;26,24165417;-0,02198077;0,08615448;-0,0;0,0;0,0;-26,24165417;0,02198077;-131,29442532;-0,0;0,0;0,0;26,24165417;0,02198077;0,08615448;0,0;0,0;0,0;26,24165417;0,02198077;131,29442532;0,0
300090;EX;beam_x;60x80;0,0;0,0;26,10317131;0,03573821;1,49637203;-0,0;0,0;-0,0;-26,10317131;-0,03573821;129,01948453;-0,0;0,0;-0,0;26,10317131;-0,03573821;-1,49637203;-0,0;0,0;0,0;-26,10317131;0,03573821;-129,01948453;-0,0;0,0;0,0;26,10317131;0,03573821;1,49637203;0,0;0,0;0,0;26,10317131;0,03573821;129,01948453;0,0
300091;EX;beam_x;60x80;0,0;0,0;26,23624752;0,02602368;1,46334447;-0,0;0,0;-0,0;-26,23624752;-0,02602368;129,71789316;-0,0;0,0;-0,0;26,23624752;-0,02602368;-1,46334447;-0,0;0,0;0,0;-26,23624752;0,02602368;-129,71789316;-0,0;0,0;0,0;26,23624752;0,02602368;1,46334447;0,0;0,0;0,0;26,23624752;0,02602368;129,71789316;0,0
300092;EX;beam_x;60x80;0,0;0,0;26,08765921;-0,07045276;1,72121439;-0,0;0,0;-0,0;-26,08765921;0,07045276;128,71708164;-0,0;0,0;-0,0;26,08765921;0,07045276;-1,72121439;-0,0;0,0;0,0;-26,08765921;-0,07045276;-128,71708164;-0,0;0,0;0,0;26,08765921;0,07045276;1,72121439;0,0;0,0;0,0;26,08765921;0,07045276;128,71708164;0,0
300093;EX;beam_x;60x80;0,0;-0,0;27,19148371;0,11094727;81,29172319;0,0;-0,0;0,0;-27,19148371;-0,11094727;-5,15556879;0,0;0,0;0,0;27,19148371;-0,11094727;-81,29172319;0,0;0,0;-0,0;-27,19148371;0,11094727;5,15556879;0,0;0,0;0,0;27,19148371;0,11094727;81,29172319;0,0;0,0;0,0;27,19148371;0,11094727;5,15556879;0,0
300094;EX;beam_x;60x80;0,0;0,0;26,80454706;-0,80756626;5,5254663;-0,0;0,0;-0,0;-26,80454706;0,80756626;128,49726901;-0,0;0,0;-0,0;26,80454706;0,80756626;-5,5254663;-0,0;0,0;0,0;-26,80454706;-0,80756626;-128,49726901;-0,0;0,0;0,0;26,80454706;0,80756626;5,5254663;0,0;0,0;0,0;26,80454706;0,80756626;128,49726901;0,0
300095;EX;beam_x;60x80;0,0;-0,0;24,82275732;0,06729879;71,22955287;0,0;-0,0;0,0;-24,82275732;-0,06729879;-1,72583238;0,0;0,0;0,0;24,82275732;-0,06729879;-71,22955287;0,0;0,0;-0,0;-24,82275732;0,06729879;1,72583238;0,0;0,0;0,0;24,82275732;0,06729879;71,22955287;0,0;0,0;0,0;24,82275732;0,06729879;1,72583238;0,0
300096;EX;beam_x;60x80;0,0;0,0;25,51608994;-0,09617167;0,8021405;-0,0;0,0;-0,0;-25,51608994;0,09617167;126,77830922;-0,0;0,0;-0,0;25,51608994;0,09617167;-0,8021405;-0,0;0,0;0,0;-25,51608994;-0,09617167;-126,77830922;-0,0;0,0;0,0;25,51608994;0,09617167;0,8021405;0,0;0,0;0,0;25,51608994;0,09617167;126,77830922;0,0
300097;EX;beam_x;60x80;0,0;0,0;25,57853543;0,64448685;-0,21403056;-0,0;0,0;-0,0;-25,57853543;-0,64448685;128,10670772;-0,0;0,0;-0,0;25,57853543;-0,64448685;0,21403056;-0,0;0,0;0,0;-25,57853543;0,64448685;-128,10670772;-0,0;0,0;0,0;25,57853543;0,64448685;0,21403056;0,0;0,0;0,0;25,57853543;0,64448685;128,10670772;0,0
300098;EX;beam_x;60x80;0,0;-0,0;23,77825634;0,62493059;-0,54627995;0,0;-0,0;0,0;-23,77825634;-0,62493059;119,43756164;0,0;0,0;0,0;23,77825634;-0,62493059;0,54627995;0,0;0,0;-0,0;-23,77825634;0,62493059;-119,43756164;0,0;0,0;0,0;23,77825634;0,62493059;0,54627995;0,0;0,0;0,0;23,77825634;0,62493059;119,43756164;0,0
300099;EX;beam_x;60x80;0,0;-0,0;25,1419429;0,47316089;0,21225242;0,0;-0,0;0,0;-25,1419429;-0,47316089;125,49746208;0,0;0,0;0,0;25,1419429;-0,47316089;-0,21225242;0,0;0,0;-0,0;-25,1419429;0,47316089;-125,49746208;0,0;0,0;0,0;25,1419429;0,47316089;0,21225242;0,0;0,0;0,0;25,1419429;0,47316089;125,49746208;0,0
300100;EX;beam_x;60x80;0,0;-0,0;25,14982802;0,42914736;-0,15899436;0,0;-0,0;0,0;-25,14982802;-0,42914736;125,90813448;0,0;0,0;0,0;25,14982802;-0,42914736;0,15899436;0,0;0,0;-0,0;-25,14982802;0,42914736;-125,90813448;0,0;0,0;0,0;25,14982802;0,42914736;0,15899436;0,0;0,0;0,0;25,14982802;0,42914736;125,90813448;0,0
300101;EX;beam_x;60x80;0,0;-0,0;24,54262051;0,48074866;1,94959789;0,0;-0,0;0,0;-24,54262051;-0,48074866;120,76350465;0,0;0,0;0,0;24,54262051;-0,48074866;-1,94959789;0,0;0,0;-0,0;-24,54262051;0,48074866;-120,76350465;0,0;0,0;0,0;24,54262051;0,48074866;1,94959789;0,0;0,0;0,0;24,54262051;0,48074866;120,76350465;0,0
300102;EX;beam_x;60x80;0,0;-0,0;24,67171982;0,63798025;2,25474158;0,0;-0,0;0,0;-24,67171982;-0,63798025;121,1038575;0,0;0,0;0,0;24,67171982;-0,63798025;-2,25474158;0,0;0,0;-0,0;-24,67171982;0,63798025;-121,1038575;0,0;0,0;0,0;24,67171982;0,63798025;2,25474158;0,0;0,0;0,0;24,67171982;0,63798025;121,1038575;0,0
300103;EX;beam_x;60x80;0,0;-0,0;24,81113799;0,52387168;2,28765824;0,0;-0,0;0,0;-24,81113799;-0,52387168;121,7680317;0,0;0,0;0,0;24,81113799;-0,52387168;-2,28765824;0,0;0,0;-0,0;-24,81113799;0,52387168;-121,7680317;0,0;0,0;0,0;24,81113799;0,52387168;2,28765824;0,0;0,0;0,0;24,81113799;0,52387168;121,7680317;0,0
300104;EX;beam_x;60x80;0,0;-0,0;-0,54893655;-0,34298273;-0,39980655;0,0;0,0;0,0;0,54893655;0,34298273;-0,94508801;0,0;0,0;0,0;-0,54893655;0,34298273;0,39980655;0,0;0,0;-0,0;0,54893655;-0,34298273;0,94508801;0,0;0,0;0,0;0,54893655;0,34298273;0,39980655;0,0;0,0;0,0;0,54893655;0,34298273;0,94508801;0,0
300105;EX;beam_x;60x80;0,0;-0,0;-0,61783532;-0,51867082;-0,49810378;0,0;0,0;0,0;0,61783532;0,51867082;-1,01559276;0,0;0,0;0,0;-0,61783532;0,51867082;0,49810378;0,0;0,0;-0,0;0,61783532;-0,51867082;1,01559276;0,0;0,0;0,0;0,61783532;0,51867082;0,49810378;0,0;0,0;0,0;0,61783532;0,51867082;1,01559276;0,0
300106;EX;beam_x;60x80;0,0;-0,0;-0,67155994;-0,35951643;-0,52520214;0,0;0,0;0,0;0,67155994;0,35951643;-1,12011972;0,0;0,0;0,0;-0,67155994;0,35951643;0,52520214;0,0;0,0;-0,0;0,67155994;-0,35951643;1,12011972;0,0;0,0;0,0;0,67155994;0,35951643;0,52520214;0,0;0,0;0,0;0,67155994;0,35951643;1,12011972;0,0
300107;EX;beam_x;60x80;0,0;-0,0;15,20926436;-0,04259204;-0,23676473;0,0;-0,0;0,0;-15,20926436;0,04259204;76,2830865;0,0;0,0;0,0;15,20926436;0,04259204;0,23676473;0,0;0,0;-0,0;-15,20926436;-0,04259204;-76,2830865;0,0;0,0;0,0;15,20926436;0,04259204;0,23676473;0,0;0,0;0,0;15,20926436;0,04259204;76,2830865;0,0
300108;EX;beam_x;60x80;0,0;-0,0;14,81595812;0,35907038;-0,51899826;0,0;-0,0;0,0;-14,81595812;-0,35907038;74,59878884;0,0;0,0;0,0;14,81595812;-0,35907038;0,51899826;0,0;0,0;-0,0;-14,81595812;0,35907038;-74,59878884;0,0;0,0;0,0;14,81595812;0,35907038;0,51899826;0,0;0,0;0,0;14,81595812;0,35907038;74,59878884;0,0
300109;EX;beam_x;60x80;0,0;-0,0;15,24112412;0,65305022;-0,22673926;0,0;-0,0;0,0;-15,24112412;-0,65305022;76,43235985;0,0;0,0;0,0;15,24112412;-0,65305022;0,22673926;0,0;0,0;-0,0;-15,24112412;0,65305022;-76,43235985;0,0;0,0;0,0;15,24112412;0,65305022;0,22673926;0,0;0,0;0,0;15,24112412;0,65305022;76,43235985;0,0
300110;EX;beam_x;60x80;0,0;0,0;14,6584631;0,80318078;0,11416237;-0,0;0,0;-0,0;-14,6584631;-0,80318078;73,17815314;-0,0;0,0;-0,0;14,6584631;-0,80318078;-0,11416237;-0,0;0,0;0,0;-14,6584631;0,80318078;-73,17815314;-0,0;0,0;0,0;14,6584631;0,80318078;0,11416237;0,0;0,0;0,0;14,6584631;0,80318078;73,17815314;0,0
300111;EX;beam_x;60x80;0,0;0,0;14,86869061;0,41092992;0,26578795;-0,0;0,0;-0,0;-14,86869061;-0,41092992;74,07766509;-0,0;0,0;-0,0;14,86869061;-0,41092992;-0,26578795;-0,0;0,0;0,0;-14,86869061;0,41092992;-74,07766509;-0,0;0,0;0,0;14,86869061;0,41092992;0,26578795;0,0;0,0;0,0;14,86869061;0,41092992;74,07766509;0,0
300112;EX;beam_x;60x80;0,0;0,0;14,79472433;0,4118059;-0,10292731;-0,0;0,0;-0,0;-14,79472433;-0,4118059;74,07654896;-0,0;0,0;-0,0;14,79472433;-0,4118059;0,10292731;-0,0;0,0;0,0;-14,79472433;0,4118059;-74,07654896;-0,0;0,0;0,0;14,79472433;0,4118059;0,10292731;0,0;0,0;0,0;14,79472433;0,4118059;74,07654896;0,0
300113;EX;beam_x;60x80;0,0;0,0;14,9950805;0,2845973;2,3896591;-0,0;0,0;-0,0;-14,9950805;-0,2845973;72,58574342;-0,0;0,0;-0,0;14,9950805;-0,2845973;-2,3896591;-0,0;0,0;0,0;-14,9950805;0,2845973;-72,58574342;-0,0;0,0;0,0;14,9950805;0,2845973;2,3896591;0,0;0,0;0,0;14,9950805;0,2845973;72,58574342;0,0
300114;EX;beam_x;60x80;0,0;0,0;14,71976025;0,42086642;1,83918039;-0,0;0,0;-0,0;-14,71976025;-0,42086642;71,75962085;-0,0;0,0;-0,0;14,71976025;-0,42086642;-1,83918039;-0,0;0,0;0,0;-14,71976025;0,42086642;-71,75962085;-0,0;0,0;0,0;14,71976025;0,42086642;1,83918039;0,0;0,0;0,0;14,71976025;0,42086642;71,75962085;0,0
300115;EX;beam_x;60x80;0,0;0,0;14,76767987;0,57200973;1,74537229;-0,0;0,0;-0,0;-14,76767987;-0,57200973;72,09302705;-0,0;0,0;-0,0;14,76767987;-0,57200973;-1,74537229;-0,0;0,0;0,0;-14,76767987;0,57200973;-72,09302705;-0,0;0,0;0,0;14,76767987;0,57200973;1,74537229;0,0;0,0;0,0;14,76767987;0,57200973;72,09302705;0,0
300116;EX;beam_x;60x80;0,0;0,0;3,41192716;-0,89456329;8,18716115;-0,0;0,0;-0,0;-3,41192716;0,89456329;0,1720604;-0,0;0,0;-0,0;3,41192716;0,89456329;-8,18716115;-0,0;0,0;0,0;-3,41192716;-0,89456329;-0,1720604;-0,0;0,0;0,0;3,41192716;0,89456329;8,18716115;0,0;0,0;0,0;3,41192716;0,89456329;0,1720604;0,0
300117;EX;beam_x;60x80;0,0;0,0;3,44476821;-1,11170494;8,31282961;-0,0;0,0;-0,0;-3,44476821;1,11170494;0,12685251;-0,0;0,0;-0,0;3,44476821;1,11170494;-8,31282961;-0,0;0,0;0,0;-3,44476821;-1,11170494;-0,12685251;-0,0;0,0;0,0;3,44476821;1,11170494;8,31282961;0,0;0,0;0,0;3,44476821;1,11170494;0,12685251;0,0
300118;EX;beam_x;60x80;0,0;0,0;3,41466977;-0,90886923;8,35152418;-0,0;0,0;-0,0;-3,41466977;0,90886923;0,01441676;-0,0;0,0;-0,0;3,41466977;0,90886923;-8,35152418;-0,0;0,0;0,0;-3,41466977;-0,90886923;-0,01441676;-0,0;0,0;0,0;3,41466977;0,90886923;8,35152418;0,0;0,0;0,0;3,41466977;0,90886923;0,01441676;0,0
300119;EX;beam_x;60x80;0,0;-0,0;-4,32247224;-0,18589478;-27,31241549;-0,0;0,0;0,0;4,32247224;0,18589478;48,92477671;-0,0;0,0;-0,0;-4,32247224;-0,18589478;-27,31241549;-0,0;0,0;0,0;4,32247224;0,18589478;48,92477671;-0,0;0,0;0,0;4,32247224;0,18589478;27,31241549;0,0;0,0;0,0;4,32247224;0,18589478;48,92477671;0,0
300120;EX;beam_x;60x80;0,0;-0,0;-17,92002923;0,52751109;3,65242739;-0,0;0,0;0,0;17,92002923;-0,52751109;85,94771875;-0,0;0,0;-0,0;-17,92002923;0,52751109;3,65242739;-0,0;0,0;0,0;17,92002923;-0,52751109;85,94771875;-0,0;0,0;0,0;17,92002923;0,52751109;3,65242739;0,0;0,0;0,0;17,92002923;0,52751109;85,94771875;0,0
300121;EX;beam_x;60x80;0,0;-0,0;-6,360056;-4,20427734;-22,94948671;-0,0;0,0;0,0;6,360056;4,20427734;54,7497667;-0,0;0,0;-0,0;-6,360056;-4,20427734;-22,94948671;-0,0;0,0;0,0;6,360056;4,20427734;54,7497667;-0,0;0,0;0,0;6,360056;4,20427734;22,94948671;0,0;0,0;0,0;6,360056;4,20427734;54,7497667;0,0
300122;EX;beam_x;60x80;0,0;-0,0;-18,86065792;-0,20977593;3,24455644;-0,0;0,0;0,0;18,86065792;0,20977593;91,05873318;-0,0;0,0;-0,0;-18,86065792;-0,20977593;3,24455644;-0,0;0,0;0,0;18,86065792;0,20977593;91,05873318;-0,0;0,0;0,0;18,86065792;0,20977593;3,24455644;0,0;0,0;0,0;18,86065792;0,20977593;91,05873318;0,0
300123;EX;beam_x;60x80;0,0;-0,0;-26,88634829;0,48755767;-11,87731812;-0,0;0,0;0,0;26,88634829;-0,48755767;112,70112422;-0,0;0,0;-0,0;-26,88634829;0,48755767;-11,87731812;-0,0;0,0;0,0;26,88634829;-0,48755767;112,70112422;-0,0;0,0;0,0;26,88634829;0,48755767;11,87731812;0,0;0,0;0,0;26,88634829;0,48755767;112,70112422;0,0
300124;EX;beam_x;60x80;0,0;-0,0;-19,991692;-4,74273748;3,4661676;-0,0;0,0;0,0;19,991692;4,74273748;96,49229241;-0,0;0,0;-0,0;-19,991692;-4,74273748;3,4661676;-0,0;0,0;0,0;19,991692;4,74273748;96,49229241;-0,0;0,0;0,0;19,991692;4,74273748;3,4661676;0,0;0,0;0,0;19,991692;4,74273748;96,49229241;0,0
300125;EX;beam_x;60x80;0,0;0,0;17,43590522;0,18175586;-2,30447756;-0,0;0,0;-0,0;-17,43590522;-0,18175586;89,48400365;-0,0;0,0;-0,0;17,43590522;-0,18175586;2,30447756;-0,0;0,0;0,0;-17,43590522;0,18175586;-89,48400365;-0,0;0,0;0,0;17,43590522;0,18175586;2,30447756;0,0;0,0;0,0;17,43590522;0,18175586;89,48400365;0,0
300126;EX;beam_x;60x80;0,0;-0,0;-6,35957501;0,16972868;-40,61755419;-0,0;0,0;0,0;6,35957501;-0,16972868;72,41542926;-0,0;0,0;-0,0;-6,35957501;0,16972868;-40,61755419;-0,0;0,0;0,0;6,35957501;-0,16972868;72,41542926;-0,0;0,0;0,0;6,35957501;0,16972868;40,61755419;0,0;0,0;0,0;6,35957501;0,16972868;72,41542926;0,0
300127;EX;beam_x;60x80;0,0;-0,0;-9,42201102;-5,73798998;-34,02061287;-0,0;0,0;0,0;9,42201102;5,73798998;81,13066795;-0,0;0,0;-0,0;-9,42201102;-5,73798998;-34,02061287;-0,0;0,0;0,0;9,42201102;5,73798998;81,13066795;-0,0;0,0;0,0;9,42201102;5,73798998;34,02061287;0,0;0,0;0,0;9,42201102;5,73798998;81,13066795;0,0
300128;EX;beam_x;60x80;0,0;-0,0;-29,41557922;-6,656975;5,07232599;-0,0;0,0;0,0;29,41557922;6,656975;142,00557013;-0,0;0,0;-0,0;-29,41557922;-6,656975;5,07232599;-0,0;0,0;0,0;29,41557922;6,656975;142,00557013;-0,0;0,0;0,0;29,41557922;6,656975;5,07232599;0,0;0,0;0,0;29,41557922;6,656975;142,00557013;0,0
300129;EX;beam_x;60x80;0,0;0,0;-27,24491303;0,71788108;4,35865998;0,0;0,0;-0,0;27,24491303;-0,71788108;131,86590515;0,0;0,0;0,0;-27,24491303;0,71788108;4,35865998;0,0;0,0;-0,0;27,24491303;-0,71788108;131,86590515;0,0;0,0;0,0;27,24491303;0,71788108;4,35865998;0,0;0,0;0,0;27,24491303;0,71788108;131,86590515;0,0
300130;EX;beam_x;60x80;0,0;0,0;-27,89514158;0,12835165;3,9462869;0,0;0,0;-0,0;27,89514158;-0,12835165;135,52942102;0,0;0,0;0,0;-27,89514158;0,12835165;3,9462869;0,0;0,0;-0,0;27,89514158;-0,12835165;135,52942102;0,0;0,0;0,0;27,89514158;0,12835165;3,9462869;0,0;0,0;0,0;27,89514158;0,12835165;135,52942102;0,0
300131;EX;beam_x;60x80;0,0;0,0;26,44976788;0,62908895;-2,43247066;-0,0;0,0;-0,0;-26,44976788;-0,62908895;134,68131005;-0,0;0,0;-0,0;26,44976788;-0,62908895;2,43247066;-0,0;0,0;0,0;-26,44976788;0,62908895;-134,68131005;-0,0;0,0;0,0;26,44976788;0,62908895;2,43247066;0,0;0,0;0,0;26,44976788;0,62908895;134,68131005;0,0
300132;EX;beam_x;60x80;0,0;0,0;-41,89114075;1,20964924;-12,55891409;0,0;0,0;-0,0;41,89114075;-1,20964924;169,6506919;0,0;0,0;0,0;-41,89114075;1,20964924;-12,55891409;0,0;0,0;-0,0;41,89114075;-1,20964924;169,6506919;0,0;0,0;0,0;41,89114075;1,20964924;12,55891409;0,0;0,0;0,0;41,89114075;1,20964924;169,6506919;0,0
300133;EX;beam_x;60x80;0,0;0,0;-6,47419468;0,3564301;-41,43384325;0,0;0,0;-0,0;6,47419468;-0,3564301;73,80481666;0,0;0,0;0,0;-6,47419468;0,3564301;-41,43384325;0,0;0,0;-0,0;6,47419468;-0,3564301;73,80481666;0,0;0,0;0,0;6,47419468;0,3564301;41,43384325;0,0;0,0;0,0;6,47419468;0,3564301;73,80481666;0,0
300134;EX;beam_x;60x80;0,0;0,0;-9,59324598;-5,58439924;-34,57759649;0,0;0,0;-0,0;9,59324598;5,58439924;82,54382639;0,0;0,0;0,0;-9,59324598;-5,58439924;-34,57759649;0,0;0,0;-0,0;9,59324598;5,58439924;82,54382639;0,0;0,0;0,0;9,59324598;5,58439924;34,57759649;0,0;0,0;0,0;9,59324598;5,58439924;82,54382639;0,0
300135;EX;beam_x;60x80;0,0;0,0;-29,64063342;-6,52771875;5,0286417;0,0;0,0;-0,0;29,64063342;6,52771875;143,1745254;0,0;0,0;0,0;-29,64063342;-6,52771875;5,0286417;0,0;0,0;-0,0;29,64063342;6,52771875;143,1745254;0,0;0,0;0,0;29,64063342;6,52771875;5,0286417;0,0;0,0;0,0;29,64063342;6,52771875;143,1745254;0,0
300136;EX;beam_x;60x80;0,0;-0,0;-27,8985233;0,82255085;3,99495816;-0,0;0,0;0,0;27,8985233;-0,82255085;135,49765831;-0,0;0,0;-0,0;-27,8985233;0,82255085;3,99495816;-0,0;0,0;0,0;27,8985233;-0,82255085;135,49765831;-0,0;0,0;0,0;27,8985233;0,82255085;3,99495816;0,0;0,0;0,0;27,8985233;0,82255085;135,49765831;0,0
300137;EX;beam_x;60x80;0,0;-0,0;-28,37395492;0,3386462;3,71748019;-0,0;0,0;0,0;28,37395492;-0,3386462;138,15229444;-0,0;0,0;-0,0;-28,37395492;0,3386462;3,71748019;-0,0;0,0;0,0;28,37395492;-0,3386462;138,15229444;-0,0;0,0;0,0;28,37395492;0,3386462;3,71748019;0,0;0,0;0,0;28,37395492;0,3386462;138,15229444;0,0
300138;EX;beam_x;60x80;0,0;0,0;27,12265876;0,74661482;-2,17887584;-0,0;0,0;-0,0;-27,12265876;-0,74661482;137,79216963;-0,0;0,0;-0,0;27,12265876;-0,74661482;2,17887584;-0,0;0,0;0,0;-27,12265876;0,74661482;-137,79216963;-0,0;0,0;0,0;27,12265876;0,74661482;2,17887584;0,0;0,0;0,0;27,12265876;0,74661482;137,79216963;0,0
300139;EX;beam_x;60x80;0,0;-0,0;-43,00470925;1,69383964;-11,00697435;-0,0;0,0;0,0;43,00470925;-1,69383964;172,27463403;-0,0;0,0;-0,0;-43,00470925;1,69383964;-11,00697435;-0,0;0,0;0,0;43,00470925;-1,69383964;172,27463403;-0,0;0,0;0,0;43,00470925;1,69383964;11,00697435;0,0;0,0;0,0;43,00470925;1,69383964;172,27463403;0,0
300140;EX;beam_x;60x80;0,0;0,0;-5,79438038;0,11869527;-36,76217247;0,0;0,0;-0,0;5,79438038;-0,11869527;65,73407436;0,0;0,0;0,0;-5,79438038;0,11869527;-36,76217247;0,0;0,0;-0,0;5,79438038;-0,11869527;65,73407436;0,0;0,0;0,0;5,79438038;0,11869527;36,76217247;0,0;0,0;0,0;5,79438038;0,11869527;65,73407436;0,0
300141;EX;beam_x;60x80;0,0;0,0;-8,56899225;-5,10697567;-30,7984674;0,0;0,0;-0,0;8,56899225;5,10697567;73,64342865;0,0;0,0;0,0;-8,56899225;-5,10697567;-30,7984674;0,0;0,0;-0,0;8,56899225;5,10697567;73,64342865;0,0;0,0;0,0;8,56899225;5,10697567;30,7984674;0,0;0,0;0,0;8,56899225;5,10697567;73,64342865;0,0
300142;EX;beam_x;60x80;0,0;0,0;-26,16125359;-5,94176394;3,94782479;0,0;0,0;-0,0;26,16125359;5,94176394;126,85844315;0,0;0,0;0,0;-26,16125359;-5,94176394;3,94782479;0,0;0,0;-0,0;26,16125359;5,94176394;126,85844315;0,0;0,0;0,0;26,16125359;5,94176394;3,94782479;0,0;0,0;0,0;26,16125359;5,94176394;126,85844315;0,0
300143;EX;beam_x;60x80;0,0;-0,0;-24,8426598;0,35478412;3,43314726;-0,0;0,0;0,0;24,8426598;-0,35478412;120,78015174;-0,0;0,0;-0,0;-24,8426598;0,35478412;3,43314726;-0,0;0,0;0,0;24,8426598;-0,35478412;120,78015174;-0,0;0,0;0,0;24,8426598;0,35478412;3,43314726;0,0;0,0;0,0;24,8426598;0,35478412;120,78015174;0,0
300144;EX;beam_x;60x80;0,0;-0,0;-25,30277338;-0,13072477;3,16169891;-0,0;0,0;0,0;25,30277338;0,13072477;123,352168;-0,0;0,0;-0,0;-25,30277338;-0,13072477;3,16169891;-0,0;0,0;0,0;25,30277338;0,13072477;123,352168;-0,0;0,0;0,0;25,30277338;0,13072477;3,16169891;0,0;0,0;0,0;25,30277338;0,13072477;123,352168;0,0
300145;EX;beam_x;60x80;0,0;-0,0;24,58310037;0,42975707;-1,68213845;0,0;-0,0;0,0;-24,58310037;-0,42975707;124,59764029;0,0;0,0;0,0;24,58310037;-0,42975707;1,68213845;0,0;0,0;-0,0;-24,58310037;0,42975707;-124,59764029;0,0;0,0;0,0;24,58310037;0,42975707;1,68213845;0,0;0,0;0,0;24,58310037;0,42975707;124,59764029;0,0
300146;EX;beam_x;60x80;0,0;0,0;-38,65112118;1,02124476;-8,47136063;0,0;0,0;-0,0;38,65112118;-1,02124476;153,41306505;0,0;0,0;0,0;-38,65112118;1,02124476;-8,47136063;0,0;0,0;-0,0;38,65112118;-1,02124476;153,41306505;0,0;0,0;0,0;38,65112118;1,02124476;8,47136063;0,0;0,0;0,0;38,65112118;1,02124476;153,41306505;0,0
300147;EX;beam_x;60x80;0,0;0,0;-3,692808;-0,06814011;-23,45557069;0,0;0,0;-0,0;3,692808;0,06814011;41,91961068;0,0;0,0;0,0;-3,692808;-0,06814011;-23,45557069;0,0;0,0;-0,0;3,692808;0,06814011;41,91961068;0,0;0,0;0,0;3,692808;0,06814011;23,45557069;0,0;0,0;0,0;3,692808;0,06814011;41,91961068;0,0
300148;EX;beam_x;60x80;0,0;0,0;-5,53389268;-3,39788758;-19,08837456;0,0;0,0;-0,0;5,53389268;3,39788758;46,75783795;0,0;0,0;0,0;-5,53389268;-3,39788758;-19,08837456;0,0;0,0;-0,0;5,53389268;3,39788758;46,75783795;0,0;0,0;0,0;5,53389268;3,39788758;19,08837456;0,0;0,0;0,0;5,53389268;3,39788758;46,75783795;0,0
300149;EX;beam_x;60x80;0,0;0,0;-16,4760208;-3,99723221;4,63598628;0,0;0,0;-0,0;16,4760208;3,99723221;77,7441177;0,0;0,0;0,0;-16,4760208;-3,99723221;4,63598628;0,0;0,0;-0,0;16,4760208;3,99723221;77,7441177;0,0;0,0;0,0;16,4760208;3,99723221;4,63598628;0,0;0,0;0,0;16,4760208;3,99723221;77,7441177;0,0
300150;EX;beam_x;60x80;0,0;-0,0;-15,52385553;-0,13292252;2,7009764;-0,0;0,0;0,0;15,52385553;0,13292252;74,91830125;-0,0;0,0;-0,0;-15,52385553;-0,13292252;2,7009764;-0,0;0,0;0,0;15,52385553;0,13292252;74,91830125;-0,0;0,0;0,0;15,52385553;0,13292252;2,7009764;0,0;0,0;0,0;15,52385553;0,13292252;74,91830125;0,0
300151;EX;beam_x;60x80;0,0;-0,0;-15,24868921;-0,27457196;2,26056817;-0,0;0,0;0,0;15,24868921;0,27457196;73,98287787;-0,0;0,0;-0,0;-15,24868921;-0,27457196;2,26056817;-0,0;0,0;0,0;15,24868921;0,27457196;73,98287787;-0,0;0,0;0,0;15,24868921;0,27457196;2,26056817;0,0;0,0;0,0;15,24868921;0,27457196;73,98287787;0,0
300152;EX;beam_x;60x80;0,0;-0,0;15,06141153;0,6284326;-0,43319328;0,0;-0,0;0,0;-15,06141153;-0,6284326;75,74025095;0,0;0,0;0,0;15,06141153;-0,6284326;0,43319328;0,0;0,0;-0,0;-15,06141153;0,6284326;-75,74025095;0,0;0,0;0,0;15,06141153;0,6284326;0,43319328;0,0;0,0;0,0;15,06141153;0,6284326;75,74025095;0,0
300153;EX;beam_x;60x80;0,0;0,0;-17,17426911;7,84858495;19,44901256;0,0;0,0;-0,0;17,17426911;-7,84858495;44,95449661;0,0;0,0;0,0;-17,17426911;7,84858495;19,44901256;0,0;0,0;-0,0;17,17426911;-7,84858495;44,95449661;0,0;0,0;0,0;17,17426911;7,84858495;19,44901256;0,0;0,0;0,0;17,17426911;7,84858495;44,95449661;0,0
300154;EX;beam_x;60x80;0,0;-0,0;-21,33389227;-4,53682488;-31,56524681;-0,0;0,0;0,0;21,33389227;4,53682488;111,56734283;-0,0;0,0;-0,0;-21,33389227;-4,53682488;-31,56524681;-0,0;0,0;0,0;21,33389227;4,53682488;111,56734283;-0,0;0,0;0,0;21,33389227;4,53682488;31,56524681;0,0;0,0;0,0;21,33389227;4,53682488;111,56734283;0,0
300155;EX;beam_x;60x80;0,0;0,0;-23,31642982;0,79017265;-2,93520636;0,0;0,0;-0,0;23,31642982;-0,79017265;90,37181819;0,0;0,0;0,0;-23,31642982;0,79017265;-2,93520636;0,0;0,0;-0,0;23,31642982;-0,79017265;90,37181819;0,0;0,0;0,0;23,31642982;0,79017265;2,93520636;0,0;0,0;0,0;23,31642982;0,79017265;90,37181819;0,0
300156;EX;beam_x;60x80;0,0;0,0;-17,29660243;-6,77186083;18,8432674;0,0;0,0;-0,0;17,29660243;6,77186083;46,0189917;0,0;0,0;0,0;-17,29660243;-6,77186083;18,8432674;0,0;0,0;-0,0;17,29660243;6,77186083;46,0189917;0,0;0,0;0,0;17,29660243;6,77186083;18,8432674;0,0;0,0;0,0;17,29660243;6,77186083;46,0189917;0,0
300157;EX;beam_x;60x80;0,0;-0,0;-20,06066566;2,71953232;-34,55204287;-0,0;0,0;0,0;20,06066566;-2,71953232;109,77953911;-0,0;0,0;-0,0;-20,06066566;2,71953232;-34,55204287;-0,0;0,0;0,0;20,06066566;-2,71953232;109,77953911;-0,0;0,0;0,0;20,06066566;2,71953232;34,55204287;0,0;0,0;0,0;20,06066566;2,71953232;109,77953911;0,0
300158;EX;beam_y;60x80;0,0;0,0;-11,08052647;-19,77594029;9,35377849;-0,0;-0,0;0,0;11,08052647;-27,48250509;-9,35377849;-0,0;0,0;-0,0;-11,08052647;9,35377849;19,77594029;-0,0;0,0;0,0;11,08052647;-9,35377849;27,48250509;-0,0;0,0;0,0;11,08052647;9,35377849;19,77594029;0,0;0,0;0,0;11,08052647;9,35377849;27,48250509;0,0
300159;EX;beam_y;60x80;0,0;0,0;19,23426321;-5,57279573;-38,13017532;-0,0;-0,0;0,0;-19,23426321;62,98707141;38,13017532;-0,0;0,0;-0,0;19,23426321;-38,13017532;5,57279573;-0,0;0,0;0,0;-19,23426321;38,13017532;-62,98707141;-0,0;0,0;0,0;19,23426321;38,13017532;5,57279573;0,0;0,0;0,0;19,23426321;38,13017532;62,98707141;0,0
300160;EX;beam_y;60x80;0,0;0,0;2,44490381;5,59554104;16,0730389;-0,0;-0,0;0,0;-2,44490381;4,8319737;-16,0730389;-0,0;0,0;-0,0;2,44490381;16,0730389;-5,59554104;-0,0;0,0;0,0;-2,44490381;-16,0730389;-4,8319737;-0,0;0,0;0,0;2,44490381;16,0730389;5,59554104;0,0;0,0;0,0;2,44490381;16,0730389;4,8319737;0,0
300161;EX;beam_y;60x80;0,0;0,0;2,17323059;-8,06532001;-5,39098633;-0,0;-0,0;0,0;-2,17323059;14,55241332;5,39098633;-0,0;0,0;-0,0;2,17323059;-5,39098633;8,06532001;-0,0;0,0;0,0;-2,17323059;5,39098633;-14,55241332;-0,0;0,0;0,0;2,17323059;5,39098633;8,06532001;0,0;0,0;0,0;2,17323059;5,39098633;14,55241332;0,0
300162;EX;beam_y;60x80;-0,0;0,0;-13,47935898;-22,61104109;15,98181841;0,0;0,0;0,0;13,47935898;-34,87842495;-15,98181841;0,0;0,0;0,0;-13,47935898;15,98181841;22,61104109;0,0;0,0;-0,0;13,47935898;-15,98181841;34,87842495;0,0;0,0;0,0;13,47935898;15,98181841;22,61104109;0,0;0,0;0,0;13,47935898;15,98181841;34,87842495;0,0
300163;EX;beam_y;60x80;0,0;0,0;22,96155737;-6,63023915;-56,08038728;-0,0;-0,0;0,0;-22,96155737;75,17048791;56,08038728;-0,0;0,0;-0,0;22,96155737;-56,08038728;6,63023915;-0,0;0,0;0,0;-22,96155737;56,08038728;-75,17048791;-0,0;0,0;0,0;22,96155737;56,08038728;6,63023915;0,0;0,0;0,0;22,96155737;56,08038728;75,17048791;0,0
300164;EX;beam_y;60x80;-0,0;0,0;3,98530319;9,25949197;18,35177227;0,0;0,0;0,0;-3,98530319;7,73782613;-18,35177227;0,0;0,0;0,0;3,98530319;18,35177227;-9,25949197;0,0;0,0;-0,0;-3,98530319;-18,35177227;-7,73782613;0,0;0,0;0,0;3,98530319;18,35177227;9,25949197;0,0;0,0;0,0;3,98530319;18,35177227;7,73782613;0,0
300165;EX;beam_y;60x80;0,0;0,0;2,43859845;-7,62304944;-4,71064485;-0,0;-0,0;0,0;-2,43859845;14,9022658;4,71064485;-0,0;0,0;-0,0;2,43859845;-4,71064485;7,62304944;-0,0;0,0;0,0;-2,43859845;4,71064485;-14,9022658;-0,0;0,0;0,0;2,43859845;4,71064485;7,62304944;0,0;0,0;0,0;2,43859845;4,71064485;14,9022658;0,0
300166;EX;beam_y;60x80;-0,0;0,0;-12,33997393;-18,77268479;16,06324733;0,0;0,0;0,0;12,33997393;-33,85730403;-16,06324733;0,0;0,0;0,0;-12,33997393;16,06324733;18,77268479;0,0;0,0;-0,0;12,33997393;-16,06324733;33,85730403;0,0;0,0;0,0;12,33997393;16,06324733;18,77268479;0,0;0,0;0,0;12,33997393;16,06324733;33,85730403;0,0
300167;EX;beam_y;60x80;0,0;0,0;23,00307668;-3,63840788;-58,05245638;-0,0;-0,0;0,0;-23,00307668;72,30259176;58,05245638;-0,0;0,0;-0,0;23,00307668;-58,05245638;3,63840788;-0,0;0,0;0,0;-23,00307668;58,05245638;-72,30259176;-0,0;0,0;0,0;23,00307668;58,05245638;3,63840788;0,0;0,0;0,0;23,00307668;58,05245638;72,30259176;0,0
300168;EX;beam_y;60x80;-0,0;0,0;4,00333371;9,74826372;16,54674541;0,0;0,0;0,0;-4,00333371;7,32595456;-16,54674541;0,0;0,0;0,0;4,00333371;16,54674541;-9,74826372;0,0;0,0;-0,0;-4,00333371;-16,54674541;-7,32595456;0,0;0,0;0,0;4,00333371;16,54674541;9,74826372;0,0;0,0;0,0;4,00333371;16,54674541;7,32595456;0,0
300169;EX;beam_y;60x80;0,0;0,0;2,1353181;-6,26118956;-3,70586353;-0,0;-0,0;0,0;-2,1353181;12,6351141;3,70586353;-0,0;0,0;-0,0;2,1353181;-3,70586353;6,26118956;-0,0;0,0;0,0;-2,1353181;3,70586353;-12,6351141;-0,0;0,0;0,0;2,1353181;3,70586353;6,26118956;0,0;0,0;0,0;2,1353181;3,70586353;12,6351141;0,0
300170;EX;beam_y;60x80;-0,0;0,0;-10,46872079;-15,69146399;14,43946361;0,0;0,0;0,0;10,46872079;-28,95763019;-14,43946361;0,0;0,0;0,0;-10,46872079;14,43946361;15,69146399;0,0;0,0;-0,0;10,46872079;-14,43946361;28,95763019;0,0;0,0;0,0;10,46872079;14,43946361;15,69146399;0,0;0,0;0,0;10,46872079;14,43946361;28,95763019;0,0
300171;EX;beam_y;60x80;-0,0;0,0;20,45010725;-2,45695642;-52,51914239;0,0;0,0;0,0;-20,45010725;63,50052656;52,51914239;0,0;0,0;0,0;20,45010725;-52,51914239;2,45695642;0,0;0,0;-0,0;-20,45010725;52,51914239;-63,50052656;0,0;0,0;0,0;20,45010725;52,51914239;2,45695642;0,0;0,0;0,0;20,45010725;52,51914239;63,50052656;0,0
300172;EX;beam_y;60x80;-0,0;0,0;3,70489788;8,73127926;13,64496309;0,0;0,0;0,0;-3,70489788;7,0701102;-13,64496309;0,0;0,0;0,0;3,70489788;13,64496309;-8,73127926;0,0;0,0;-0,0;-3,70489788;-13,64496309;-7,0701102;0,0;0,0;0,0;3,70489788;13,64496309;8,73127926;0,0;0,0;0,0;3,70489788;13,64496309;7,0701102;0,0
300173;EX;beam_y;60x80;-0,0;0,0;1,63610047;-5,25853105;-2,35759622;0,0;0,0;0,0;-1,63610047;10,14229095;2,35759622;0,0;0,0;0,0;1,63610047;-2,35759622;5,25853105;0,0;0,0;-0,0;-1,63610047;2,35759622;-10,14229095;0,0;0,0;0,0;1,63610047;2,35759622;5,25853105;0,0;0,0;0,0;1,63610047;2,35759622;10,14229095;0,0
300174;EX;beam_y;60x80;0,0;0,0;-2,76406324;-2,29733655;11,46694883;-0,0;-0,0;0,0;2,76406324;-9,49139315;-11,46694883;-0,0;0,0;-0,0;-2,76406324;11,46694883;2,29733655;-0,0;0,0;0,0;2,76406324;-11,46694883;9,49139315;-0,0;0,0;0,0;2,76406324;11,46694883;2,29733655;0,0;0,0;0,0;2,76406324;11,46694883;9,49139315;0,0
300175;EX;beam_y;60x80;-0,0;0,0;12,75042734;2,86069345;-33,29170935;0,0;0,0;0,0;-12,75042734;35,19933217;33,29170935;0,0;0,0;0,0;12,75042734;-33,29170935;-2,86069345;0,0;0,0;-0,0;-12,75042734;33,29170935;-35,19933217;0,0;0,0;0,0;12,75042734;33,29170935;2,86069345;0,0;0,0;0,0;12,75042734;33,29170935;35,19933217;0,0
300176;EX;beam_y;60x80;0,0;0,0;2,76879513;6,0043487;4,99124034;-0,0;-0,0;0,0;-2,76879513;5,80456254;-4,99124034;-0,0;0,0;-0,0;2,76879513;4,99124034;-6,0043487;-0,0;0,0;0,0;-2,76879513;-4,99124034;-5,80456254;-0,0;0,0;0,0;2,76879513;4,99124034;6,0043487;0,0;0,0;0,0;2,76879513;4,99124034;5,80456254;0,0
300177;EX;beam_y;60x80;-0,0;0,0;0,21416695;-1,63704458;0,00265464;0,0;0,0;0,0;-0,21416695;2,27633292;-0,00265464;0,0;0,0;0,0;0,21416695;0,00265464;1,63704458;0,0;0,0;-0,0;-0,21416695;-0,00265464;-2,27633292;0,0;0,0;0,0;0,21416695;0,00265464;1,63704458;0,0;0,0;0,0;0,21416695;0,00265464;2,27633292;0,0
