elementTag;caso;tipo;seccion;global_i_Fx_kN;global_i_Fy_kN;global_i_Fz_kN;global_i_Mx_kNm;global_i_My_kNm;global_i_Mz_kNm;global_j_Fx_kN;global_j_Fy_kN;global_j_Fz_kN;global_j_Mx_kNm;global_j_My_kNm;global_j_Mz_kNm;local_i_N_kN;local_i_Vy_kN;local_i_Vz_kN;local_i_T_kNm;local_i_My_kNm;local_i_Mz_kNm;local_j_N_kN;local_j_Vy_kN;local_j_Vz_kN;local_j_T_kNm;local_j_My_kNm;local_j_Mz_kNm;unity_abs_i_N_kN;unity_abs_i_Vy_kN;unity_abs_i_Vz_kN;unity_abs_i_T_kNm;unity_abs_i_My_kNm;unity_abs_i_Mz_kNm;unity_abs_j_N_kN;unity_abs_j_Vy_kN;unity_abs_j_Vz_kN;unity_abs_j_T_kNm;unity_abs_j_My_kNm;unity_abs_j_Mz_kNm
1;Q;column;70x70;-9,20129281;-1,03756129;281,27522884;0,81245074;-9,92998689;0,00801778;9,20129281;1,03756129;-281,27522884;2,88126746;-22,82661553;-0,00801778;281,27522884;1,03756129;-9,20129281;0,00801778;9,92998689;0,81245074;-281,27522884;-1,03756129;9,20129281;-0,00801778;22,82661553;2,88126746;281,27522884;1,03756129;9,20129281;0,00801778;9,92998689;0,81245074;281,27522884;1,03756129;9,20129281;0,00801778;22,82661553;2,88126746
2;Q;column;70x70;1,0093458;-2,25328031;695,92625891;2,23552734;4,54198689;0,56698151;-1,0093458;2,25328031;-695,92625891;5,78615057;-0,94871583;-0,56698151;695,92625891;2,25328031;1,0093458;0,56698151;-4,54198689;2,23552734;-695,92625891;-2,25328031;-1,0093458;-0,56698151;0,94871583;5,78615057;695,92625891;2,25328031;1,0093458;0,56698151;4,54198689;2,23552734;695,92625891;2,25328031;1,0093458;0,56698151;0,94871583;5,78615057
3;Q;column;70x70;-16,59662244;2,3412258;547,10103868;-3,19704328;-18,73717869;0,00801778;16,59662244;-2,3412258;-547,10103868;-5,13772057;-40,34679718;-0,00801778;547,10103868;-2,3412258;-16,59662244;0,00801778;18,73717869;-3,19704328;-547,10103868;2,3412258;16,59662244;-0,00801778;40,34679718;-5,13772057;547,10103868;2,3412258;16,59662244;0,00801778;18,73717869;3,19704328;547,10103868;2,3412258;16,59662244;0,00801778;40,34679718;5,13772057
4;Q;column;70x70;19,34949605;2,76957399;1167,12562652;-3,66203856;23,91888191;0,00801778;-19,34949605;-2,76957399;-1167,12562652;-6,19764486;44,96532403;-0,00801778;1167,12562652;-2,76957399;19,34949605;0,00801778;-23,91888191;-3,66203856;-1167,12562652;2,76957399;-19,34949605;-0,00801778;-44,96532403;-6,19764486;1167,12562652;2,76957399;19,34949605;0,00801778;23,91888191;3,66203856;1167,12562652;2,76957399;19,34949605;0,00801778;44,96532403;6,19764486
5;Q;column;70x70;-13,07804446;6,33532025;398,66229472;-7,93670203;-14,60034651;0,00801778;13,07804446;-6,33532025;-398,66229472;-14,61703807;-31,95749179;-0,00801778;398,66229472;-6,33532025;-13,07804446;0,00801778;14,60034651;-7,93670203;-398,66229472;6,33532025;13,07804446;-0,00801778;31,95749179;-14,61703807;398,66229472;6,33532025;13,07804446;0,00801778;14,60034651;7,93670203;398,66229472;6,33532025;13,07804446;0,00801778;31,95749179;14,61703807
6;Q;column;70x70;1,86350089;1,74798537;715,20647876;-1,55922728;5,86608869;-0,38583577;-1,86350089;-1,74798537;-715,20647876;-4,66360065;0,7679745;0,38583577;715,20647876;-1,74798537;1,86350089;-0,38583577;-5,86608869;-1,55922728;-715,20647876;1,74798537;-1,86350089;0,38583577;-0,7679745;-4,66360065;715,20647876;1,74798537;1,86350089;0,38583577;5,86608869;1,55922728;715,20647876;1,74798537;1,86350089;0,38583577;0,7679745;4,66360065
7;Q;beam_x;60x80;35,80598647;0,08606508;39,12288564;-0,35097315;58,22776482;-0,29261974;-35,80598647;-0,08606508;42,29711436;0,35097315;-74,09890841;-0,56803111;-35,80598647;-0,08606508;39,12288564;0,35097315;-58,22776482;-0,29261974;35,80598647;0,08606508;42,29711436;-0,35097315;74,09890841;-0,56803111;35,80598647;0,08606508;39,12288564;0,35097315;58,22776482;0,29261974;35,80598647;0,08606508;42,29711436;0,35097315;74,09890841;0,56803111
8;Q;beam_x;60x80;0,0;0,0;71,86437775;0,14091186;114,41551301;-0,0;0,0;-0,0;69,25062225;-0,14091186;-101,34673555;-0,0;0,0;-0,0;71,86437775;-0,14091186;-114,41551301;-0,0;0,0;0,0;69,25062225;0,14091186;101,34673555;-0,0;0,0;0,0;71,86437775;0,14091186;114,41551301;0,0;0,0;0,0;69,25062225;0,14091186;101,34673555;0,0
9;Q;beam_x;60x80;41,58961365;-0,10695355;60,42805034;-0,84698432;90,04831735;0,43773842;-41,58961365;0,10695355;65,15194966;0,84698432;-113,66781397;0,63179706;-41,58961365;0,10695355;60,42805034;0,84698432;-90,04831735;0,43773842;41,58961365;-0,10695355;65,15194966;-0,84698432;113,66781397;0,63179706;41,58961365;0,10695355;60,42805034;0,84698432;90,04831735;0,43773842;41,58961365;0,10695355;65,15194966;0,84698432;113,66781397;0,63179706
10;Q;beam_y;60x80;-0,85801186;2,5449331;1,04369267;-10,7429768;-8,13630524;1,54964227;0,85801186;-2,5449331;23,70130733;-30,32394977;8,13630524;1,56065071;2,5449331;0,85801186;1,04369267;-8,13630524;10,7429768;1,54964227;-2,5449331;-0,85801186;23,70130733;8,13630524;30,32394977;1,56065071;2,5449331;0,85801186;1,04369267;8,13630524;10,7429768;1,54964227;2,5449331;0,85801186;23,70130733;8,13630524;30,32394977;1,56065071
11;Q;beam_y;60x80;-3,2061199;-3,64644293;-21,76510762;-48,35258311;-3,6083825;5,43200492;3,2061199;3,64644293;46,51010762;-75,3962445;3,6083825;6,19017971;-3,64644293;3,2061199;-21,76510762;-3,6083825;48,35258311;5,43200492;3,64644293;-3,2061199;46,51010762;3,6083825;75,3962445;6,19017971;3,64644293;3,2061199;21,76510762;3,6083825;48,35258311;5,43200492;3,64644293;3,2061199;46,51010762;3,6083825;75,3962445;6,19017971
12;Q;beam_y;60x80;-0,23177778;-0,26332202;11,0632651;-3,40179861;-8,69439099;0,66911978;0,23177778;0,26332202;25,04682619;-37,32532307;8,69439099;0,6809858;-0,26332202;0,23177778;11,0632651;-8,69439099;3,40179861;0,66911978;0,26332202;-0,23177778;25,04682619;8,69439099;37,32532307;0,6809858;0,26332202;0,23177778;11,0632651;8,69439099;3,40179861;0,66911978;0,26332202;0,23177778;25,04682619;8,69439099;37,32532307;0,6809858
13;Q;beam_y;60x80;-0,59589698;-13,04585485;-13,63786546;-54,72294502;11,19297085;1,31922742;0,59589698;13,04585485;41,22411546;-67,34496252;-11,19297085;1,33251414;-13,04585485;0,59589698;-13,63786546;11,19297085;54,72294502;1,31922742;13,04585485;-0,59589698;41,22411546;-11,19297085;67,34496252;1,33251414;13,04585485;0,59589698;13,63786546;11,19297085;54,72294502;1,31922742;13,04585485;0,59589698;41,22411546;11,19297085;67,34496252;1,33251414
14;Q;column;70x70;-14,94505331;-6,6867315;241,10865052;8,21268249;-27,26484405;0,023724;14,94505331;6,6867315;-241,10865052;15,59208166;-25,93954574;-0,023724;241,10865052;6,6867315;-14,94505331;0,023724;27,26484405;8,21268249;-241,10865052;-6,6867315;14,94505331;-0,023724;25,93954574;15,59208166;241,10865052;6,6867315;14,94505331;0,023724;27,26484405;8,21268249;241,10865052;6,6867315;14,94505331;0,023724;25,93954574;15,59208166
15;Q;column;70x70;-16,56430732;1,48417686;726,47830146;0,189387;-24,13578217;-0,53523973;16,56430732;-1,48417686;-726,47830146;-5,47305661;-34,8331519;0,53523973;726,47830146;-1,48417686;-16,56430732;-0,53523973;24,13578217;0,189387;-726,47830146;1,48417686;16,56430732;0,53523973;34,8331519;-5,47305661;726,47830146;1,48417686;16,56430732;0,53523973;24,13578217;0,189387;726,47830146;1,48417686;16,56430732;0,53523973;34,8331519;5,47305661
16;Q;column;70x70;-27,98516696;14,70242732;472,35584895;-21,17861333;-51,54501427;0,023724;27,98516696;-14,70242732;-472,35584895;-31,16202793;-48,08218011;-0,023724;472,35584895;-14,70242732;-27,98516696;0,023724;51,54501427;-21,17861333;-472,35584895;14,70242732;27,98516696;-0,023724;48,08218011;-31,16202793;472,35584895;14,70242732;27,98516696;0,023724;51,54501427;21,17861333;472,35584895;14,70242732;27,98516696;0,023724;48,08218011;31,16202793
17;Q;column;70x70;6,01477346;8,75995938;1143,77881559;-14,593659;31,4576423;0,023724;-6,01477346;-8,75995938;-1143,77881559;-16,5917964;-10,04504877;-0,023724;1143,77881559;-8,75995938;6,01477346;0,023724;-31,4576423;-14,593659;-1143,77881559;8,75995938;-6,01477346;-0,023724;10,04504877;-16,5917964;1143,77881559;8,75995938;6,01477346;0,023724;31,4576423;14,593659;1143,77881559;8,75995938;6,01477346;0,023724;10,04504877;16,5917964
18;Q;column;70x70;-25,86989194;-3,38825049;347,81409705;-4,45066775;-44,89647242;0,023724;25,86989194;3,38825049;-347,81409705;16,5128395;-47,2003429;-0,023724;347,81409705;3,38825049;-25,86989194;0,023724;44,89647242;-4,45066775;-347,81409705;-3,38825049;25,86989194;-0,023724;47,2003429;16,5128395;347,81409705;3,38825049;25,86989194;0,023724;44,89647242;4,45066775;347,81409705;3,38825049;25,86989194;0,023724;47,2003429;16,5128395
19;Q;column;70x70;-5,7445771;-15,73518496;708,7048749;13,0146191;-11,49120241;0,41757755;5,7445771;15,73518496;-708,7048749;43,00263935;-8,95949206;-0,41757755;708,7048749;15,73518496;-5,7445771;0,41757755;11,49120241;13,0146191;-708,7048749;-15,73518496;5,7445771;-0,41757755;8,95949206;43,00263935;708,7048749;15,73518496;5,7445771;0,41757755;11,49120241;13,0146191;708,7048749;15,73518496;5,7445771;0,41757755;8,95949206;43,00263935
20;Q;beam_x;60x80;0,0;-0,0;38,92551712;2,73805136;59,979026;0,0;0,0;0,0;42,49448288;-2,73805136;-77,82385485;0,0;0,0;0,0;38,92551712;-2,73805136;-59,979026;0,0;0,0;-0,0;42,49448288;2,73805136;77,82385485;0,0;0,0;0,0;38,92551712;2,73805136;59,979026;0,0;0,0;0,0;42,49448288;2,73805136;77,82385485;0,0
21;Q;beam_x;60x80;0,0;-0,0;68,16489328;-1,75044026;106,15876902;0,0;0,0;0,0;72,95010672;1,75044026;-130,08483618;0,0;0,0;0,0;68,16489328;1,75044026;-106,15876902;0,0;0,0;-0,0;72,95010672;-1,75044026;130,08483618;0,0;0,0;0,0;68,16489328;1,75044026;106,15876902;0,0;0,0;0,0;72,95010672;1,75044026;130,08483618;0,0
22;Q;beam_x;60x80;0,0;-0,0;61,26465685;-2,98448454;93,13007005;0,0;0,0;0,0;64,31534315;2,98448454;-108,38350154;0,0;0,0;0,0;61,26465685;2,98448454;-93,13007005;0,0;0,0;-0,0;64,31534315;-2,98448454;108,38350154;0,0;0,0;0,0;61,26465685;2,98448454;93,13007005;0,0;0,0;0,0;64,31534315;2,98448454;108,38350154;0,0
23;Q;beam_y;60x80;-4,0741677;-3,4296926;-5,41145402;-15,63682273;-7,15086973;7,36159381;4,0741677;3,4296926;30,15645402;-48,83001058;7,15086973;7,40726408;-3,4296926;4,0741677;-5,41145402;-7,15086973;15,63682273;7,36159381;3,4296926;-4,0741677;30,15645402;7,15086973;48,83001058;7,40726408;3,4296926;4,0741677;5,41145402;7,15086973;15,63682273;7,36159381;3,4296926;4,0741677;30,15645402;7,15086973;48,83001058;7,40726408
24;Q;beam_y;60x80;-0,0;0,0;51,97112318;71,95987317;1,39439802;0,0;0,0;0,0;45,01887682;-46,75798009;-1,39439802;0,0;0,0;0,0;51,97112318;1,39439802;-71,95987317;0,0;0,0;-0,0;45,01887682;-1,39439802;46,75798009;0,0;0,0;0,0;51,97112318;1,39439802;71,95987317;0,0;0,0;0,0;45,01887682;1,39439802;46,75798009;0,0
25;Q;beam_y;60x80;0,0;0,0;27,12897571;32,17846848;0,40298107;-0,0;-0,0;0,0;28,04352429;-36,2482097;-0,40298107;-0,0;0,0;-0,0;27,12897571;0,40298107;-32,17846848;-0,0;0,0;0,0;28,04352429;-0,40298107;36,2482097;-0,0;0,0;0,0;27,12897571;0,40298107;32,17846848;0,0;0,0;0,0;28,04352429;0,40298107;36,2482097;0,0
26;Q;beam_y;60x80;0,0;0,0;60,63370259;85,00793268;-4,76100861;-0,0;-0,0;0,0;58,53879741;-75,68560459;4,76100861;-0,0;0,0;-0,0;60,63370259;-4,76100861;-85,00793268;-0,0;0,0;0,0;58,53879741;4,76100861;75,68560459;-0,0;0,0;0,0;60,63370259;4,76100861;85,00793268;0,0;0,0;0,0;58,53879741;4,76100861;75,68560459;0,0
27;Q;column;70x70;-16,82318897;5,47935254;207,59458743;-2,69331029;-26,88861053;-0,09480674;16,82318897;-5,47935254;-207,59458743;-16,81318476;-33,0019422;0,09480674;207,59458743;-5,47935254;-16,82318897;-0,09480674;26,88861053;-2,69331029;-207,59458743;5,47935254;16,82318897;0,09480674;33,0019422;-16,81318476;207,59458743;5,47935254;16,82318897;0,09480674;26,88861053;2,69331029;207,59458743;5,47935254;16,82318897;0,09480674;33,0019422;16,81318476
28;Q;column;70x70;-17,32935816;15,22450377;539,98911981;-26,3297294;-32,10600674;-0,09480674;17,32935816;-15,22450377;-539,98911981;-27,86950403;-29,5865083;0,09480674;539,98911981;-15,22450377;-17,32935816;-0,09480674;32,10600674;-26,3297294;-539,98911981;15,22450377;17,32935816;0,09480674;29,5865083;-27,86950403;539,98911981;15,22450377;17,32935816;0,09480674;32,10600674;26,3297294;539,98911981;15,22450377;17,32935816;0,09480674;29,5865083;27,86950403
29;Q;column;70x70;-28,57002618;17,34972177;392,6435302;-38,15178956;-47,03234558;-0,09480674;28,57002618;-17,34972177;-392,6435302;-23,61321994;-54,67694763;0,09480674;392,6435302;-17,34972177;-28,57002618;-0,09480674;47,03234558;-38,15178956;-392,6435302;17,34972177;28,57002618;0,09480674;54,67694763;-23,61321994;392,6435302;17,34972177;28,57002618;0,09480674;47,03234558;38,15178956;392,6435302;17,34972177;28,57002618;0,09480674;54,67694763;23,61321994
30;Q;column;70x70;-20,76810012;16,48114077;870,31360302;-30,24286195;-40,08352462;-0,09480674;20,76810012;-16,48114077;-870,31360302;-28,42999919;-33,8509118;0,09480674;870,31360302;-16,48114077;-20,76810012;-0,09480674;40,08352462;-30,24286195;-870,31360302;16,48114077;20,76810012;0,09480674;33,8509118;-28,42999919;870,31360302;16,48114077;20,76810012;0,09480674;40,08352462;30,24286195;870,31360302;16,48114077;20,76810012;0,09480674;33,8509118;28,42999919
31;Q;column;70x70;-26,40932734;-11,86183543;258,50591591;22,71985474;-45,52674607;-0,09480674;26,40932734;11,86183543;-258,50591591;19,50827938;-48,49045926;0,09480674;258,50591591;11,86183543;-26,40932734;-0,09480674;45,52674607;22,71985474;-258,50591591;-11,86183543;26,40932734;0,09480674;48,49045926;19,50827938;258,50591591;11,86183543;26,40932734;0,09480674;45,52674607;22,71985474;258,50591591;11,86183543;26,40932734;0,09480674;48,49045926;19,50827938
32;Q;column;70x70;1,68589754;-32,69440645;532,14483441;59,52951133;4,90753271;-0,09480674;-1,68589754;32,69440645;-532,14483441;56,86257562;1,09426253;0,09480674;532,14483441;32,69440645;1,68589754;-0,09480674;-4,90753271;59,52951133;-532,14483441;-32,69440645;-1,68589754;0,09480674;-1,09426253;56,86257562;532,14483441;32,69440645;1,68589754;0,09480674;4,90753271;59,52951133;532,14483441;32,69440645;1,68589754;0,09480674;1,09426253;56,86257562
33;Q;beam_x;60x80;0,0;-0,0;39,17630239;-0,24160706;59,26686758;0,0;0,0;0,0;42,24369761;0,24160706;-74,60384364;0,0;0,0;0,0;39,17630239;0,24160706;-59,26686758;0,0;0,0;-0,0;42,24369761;-0,24160706;74,60384364;0,0;0,0;0,0;39,17630239;0,24160706;59,26686758;0,0;0,0;0,0;42,24369761;0,24160706;74,60384364;0,0
34;Q;beam_x;60x80;0,0;-0,0;69,03806191;1,2637059;107,36414438;0,0;0,0;0,0;72,07693809;-1,2637059;-122,55852527;0,0;0,0;0,0;69,03806191;-1,2637059;-107,36414438;0,0;0,0;-0,0;72,07693809;1,2637059;122,55852527;0,0;0,0;0,0;69,03806191;1,2637059;107,36414438;0,0;0,0;0,0;72,07693809;1,2637059;122,55852527;0,0
35;Q;beam_x;60x80;0,0;-0,0;60,94933723;-3,11348511;91,74695441;0,0;0,0;0,0;64,63066277;3,11348511;-110,15358207;0,0;0,0;0,0;60,94933723;3,11348511;-91,74695441;0,0;0,0;-0,0;64,63066277;-3,11348511;110,15358207;0,0;0,0;0,0;60,94933723;3,11348511;91,74695441;0,0;0,0;0,0;64,63066277;3,11348511;110,15358207;0,0
36;Q;beam_y;60x80;-0,0;0,0;28,20525182;40,15481859;2,6484379;0,0;0,0;0,0;21,28474818;-15,06799287;-2,6484379;0,0;0,0;0,0;28,20525182;2,6484379;-40,15481859;0,0;0,0;-0,0;21,28474818;-2,6484379;15,06799287;0,0;0,0;0,0;28,20525182;2,6484379;40,15481859;0,0;0,0;0,0;21,28474818;2,6484379;15,06799287;0,0
37;Q;beam_y;60x80;-0,0;0,0;53,9767657;78,17715934;0,18133682;0,0;0,0;0,0;43,0132343;-38,43435804;-0,18133682;0,0;0,0;0,0;53,9767657;0,18133682;-78,17715934;0,0;0,0;-0,0;43,0132343;-0,18133682;38,43435804;0,0;0,0;0,0;53,9767657;0,18133682;78,17715934;0,0;0,0;0,0;43,0132343;0,18133682;38,43435804;0,0
38;Q;beam_y;60x80;0,0;0,0;28,65834854;43,52632213;-0,84273973;-0,0;-0,0;0,0;26,51415146;-33,98464516;0,84273973;-0,0;0,0;-0,0;28,65834854;-0,84273973;-43,52632213;-0,0;0,0;0,0;26,51415146;0,84273973;33,98464516;-0,0;0,0;0,0;28,65834854;0,84273973;43,52632213;0,0;0,0;0,0;26,51415146;0,84273973;33,98464516;0,0
39;Q;beam_y;60x80;0,0;0,0;59,41573641;80,73433392;-2,08750668;-0,0;-0,0;0,0;59,75676359;-82,25190488;2,08750668;-0,0;0,0;-0,0;59,41573641;-2,08750668;-80,73433392;-0,0;0,0;0,0;59,75676359;2,08750668;82,25190488;-0,0;0,0;0,0;59,41573641;2,08750668;80,73433392;0,0;0,0;0,0;59,75676359;2,08750668;82,25190488;0,0
40;Q;column;70x70;-15,24303486;11,71156729;140,21303321;-23,10002677;-28,91336328;-0,11928191;15,24303486;-11,71156729;-140,21303321;-18,59315278;-25,35184082;0,11928191;140,21303321;-11,71156729;-15,24303486;-0,11928191;28,91336328;-23,10002677;-140,21303321;11,71156729;15,24303486;0,11928191;25,35184082;-18,59315278;140,21303321;11,71156729;15,24303486;0,11928191;28,91336328;23,10002677;140,21303321;11,71156729;15,24303486;0,11928191;25,35184082;18,59315278
41;Q;column;70x70;-17,13521567;17,87589715;313,85492173;-30,03931712;-27,14266317;-0,11928191;17,13521567;-17,87589715;-313,85492173;-33,59887674;-33,85870461;0,11928191;313,85492173;-17,87589715;-17,13521567;-0,11928191;27,14266317;-30,03931712;-313,85492173;17,87589715;17,13521567;0,11928191;33,85870461;-33,59887674;313,85492173;17,87589715;17,13521567;0,11928191;27,14266317;30,03931712;313,85492173;17,87589715;17,13521567;0,11928191;33,85870461;33,59887674
42;Q;column;70x70;-25,89731962;3,53313309;273,66237158;-6,10881522;-49,19601912;-0,11928191;25,89731962;-3,53313309;-273,66237158;-6,46913858;-42,99843873;0,11928191;273,66237158;-3,53313309;-25,89731962;-0,11928191;49,19601912;-6,10881522;-273,66237158;3,53313309;25,89731962;0,11928191;42,99843873;-6,46913858;273,66237158;3,53313309;25,89731962;0,11928191;49,19601912;6,10881522;273,66237158;3,53313309;25,89731962;0,11928191;42,99843873;6,46913858
43;Q;column;70x70;-19,58770808;11,75638156;601,29314815;-21,84677787;-30,1408632;-0,11928191;19,58770808;-11,75638156;-601,29314815;-20,00594047;-39,59137758;0,11928191;601,29314815;-11,75638156;-19,58770808;-0,11928191;30,1408632;-21,84677787;-601,29314815;11,75638156;19,58770808;0,11928191;39,59137758;-20,00594047;601,29314815;11,75638156;19,58770808;0,11928191;30,1408632;21,84677787;601,29314815;11,75638156;19,58770808;0,11928191;39,59137758;20,00594047
44;Q;column;70x70;-24,7540701;-9,31086803;171,04242721;17,5898509;-44,09923488;-0,11928191;24,7540701;9,31086803;-171,04242721;15,5568393;-44,02525469;0,11928191;171,04242721;9,31086803;-24,7540701;-0,11928191;44,09923488;17,5898509;-171,04242721;-9,31086803;24,7540701;0,11928191;44,02525469;15,5568393;171,04242721;9,31086803;24,7540701;0,11928191;44,09923488;17,5898509;171,04242721;9,31086803;24,7540701;0,11928191;44,02525469;15,5568393
45;Q;column;70x70;0,62776293;-29,11340723;354,36341772;53,58963028;2,26559526;-0,11928191;-0,62776293;29,11340723;-354,36341772;50,05409947;-0,03075923;0,11928191;354,36341772;29,11340723;0,62776293;-0,11928191;-2,26559526;53,58963028;-354,36341772;-29,11340723;-0,62776293;0,11928191;0,03075923;50,05409947;354,36341772;29,11340723;0,62776293;0,11928191;2,26559526;53,58963028;354,36341772;29,11340723;0,62776293;0,11928191;0,03075923;50,05409947
46;Q;beam_x;60x80;0,0;-0,0;39,13279832;1,66896735;61,39001211;0,0;0,0;0,0;42,28720168;-1,66896735;-77,16202888;0,0;0,0;0,0;39,13279832;-1,66896735;-61,39001211;0,0;0,0;-0,0;42,28720168;1,66896735;77,16202888;0,0;0,0;0,0;39,13279832;1,66896735;61,39001211;0,0;0,0;0,0;42,28720168;1,66896735;77,16202888;0,0
47;Q;beam_x;60x80;0,0;-0,0;69,32479783;0,74235017;112,36160099;0,0;0,0;0,0;71,79020217;-0,74235017;-124,68862267;0,0;0,0;0,0;69,32479783;-0,74235017;-112,36160099;0,0;0,0;-0,0;71,79020217;0,74235017;124,68862267;0,0;0,0;0,0;69,32479783;0,74235017;112,36160099;0,0;0,0;0,0;71,79020217;0,74235017;124,68862267;0,0
48;Q;beam_x;60x80;0,0;-0,0;61,05481081;-2,75760606;92,81415439;0,0;0,0;0,0;64,52518919;2,75760606;-110,16604633;0,0;0,0;0,0;61,05481081;2,75760606;-92,81415439;0,0;0,0;-0,0;64,52518919;-2,75760606;110,16604633;0,0;0,0;0,0;61,05481081;2,75760606;92,81415439;0,0;0,0;0,0;64,52518919;2,75760606;110,16604633;0,0
49;Q;beam_y;60x80;0,0;0,0;30,06482058;48,4246938;1,78724719;-0,0;-0,0;0,0;19,42517942;-9,85599457;-1,78724719;-0,0;0,0;-0,0;30,06482058;1,78724719;-48,4246938;-0,0;0,0;0,0;19,42517942;-1,78724719;9,85599457;-0,0;0,0;0,0;30,06482058;1,78724719;48,4246938;0,0;0,0;0,0;19,42517942;1,78724719;9,85599457;0,0
50;Q;beam_y;60x80;0,0;0,0;44,99341937;68,61442915;1,07467936;-0,0;-0,0;0,0;31,55658063;-19,9058887;-1,07467936;-0,0;0,0;-0,0;44,99341937;1,07467936;-68,61442915;-0,0;0,0;0,0;31,55658063;-1,07467936;19,9058887;-0,0;0,0;0,0;44,99341937;1,07467936;68,61442915;0,0;0,0;0,0;31,55658063;1,07467936;19,9058887;0,0
51;Q;beam_y;60x80;0,0;0,0;27,9205782;40,67127397;0,78692856;0,0;0,0;0,0;27,2519218;-37,69575301;-0,78692856;0,0;0,0;0,0;27,9205782;0,78692856;-40,67127397;0,0;0,0;0,0;27,2519218;-0,78692856;37,69575301;0,0;0,0;0,0;27,9205782;0,78692856;40,67127397;0,0;0,0;0,0;27,2519218;0,78692856;37,69575301;0,0
52;Q;beam_y;60x80;0,0;0,0;58,34161172;77,33025606;-3,99143691;0,0;0,0;0,0;60,83088828;-88,40753678;3,99143691;0,0;0,0;0,0;58,34161172;-3,99143691;-77,33025606;0,0;0,0;0,0;60,83088828;3,99143691;88,40753678;0,0;0,0;0,0;58,34161172;3,99143691;77,33025606;0,0;0,0;0,0;60,83088828;3,99143691;88,40753678;0,0
53;Q;column;70x70;-28,16266411;19,97123776;71,0154143;-31,50050837;-37,82541848;-0,19042857;28,16266411;-19,97123776;-71,0154143;-39,59709804;-62,43366576;0,19042857;71,0154143;-19,97123776;-28,16266411;-0,19042857;37,82541848;-31,50050837;-71,0154143;19,97123776;28,16266411;0,19042857;62,43366576;-39,59709804;71,0154143;19,97123776;28,16266411;0,19042857;37,82541848;31,50050837;71,0154143;19,97123776;28,16266411;0,19042857;62,43366576;39,59709804
54;Q;column;70x70;-6,28878541;39,31926346;145,27439075;-62,535212;-18,12989165;-0,19042857;6,28878541;-39,31926346;-145,27439075;-77,44136591;-4,2581844;0,19042857;145,27439075;-39,31926346;-6,28878541;-0,19042857;18,12989165;-62,535212;-145,27439075;39,31926346;6,28878541;0,19042857;4,2581844;-77,44136591;145,27439075;39,31926346;6,28878541;0,19042857;18,12989165;62,535212;145,27439075;39,31926346;6,28878541;0,19042857;4,2581844;77,44136591
55;Q;column;70x70;-49,91481222;16,60628401;156,99181613;-25,08849098;-68,36284364;-0,19042857;49,91481222;-16,60628401;-156,99181613;-34,02988009;-109,33388788;0,19042857;156,99181613;-16,60628401;-49,91481222;-0,19042857;68,36284364;-25,08849098;-156,99181613;16,60628401;49,91481222;0,19042857;109,33388788;-34,02988009;156,99181613;16,60628401;49,91481222;0,19042857;68,36284364;25,08849098;156,99181613;16,60628401;49,91481222;0,19042857;109,33388788;34,02988009
56;Q;column;70x70;-14,773112;25,78031009;325,48654376;-40,13787624;-30,74170391;-0,19042857;14,773112;-25,78031009;-325,48654376;-51,64002768;-21,85057481;0,19042857;325,48654376;-25,78031009;-14,773112;-0,19042857;30,74170391;-40,13787624;-325,48654376;25,78031009;14,773112;0,19042857;21,85057481;-51,64002768;325,48654376;25,78031009;14,773112;0,19042857;30,74170391;40,13787624;325,48654376;25,78031009;14,773112;0,19042857;21,85057481;51,64002768
57;Q;column;70x70;-31,03647519;-19,79869987;82,7356946;24,89651977;-48,00197114;-0,19042857;31,03647519;19,79869987;-82,7356946;45,58685177;-62,48788054;0,19042857;82,7356946;19,79869987;-31,03647519;-0,19042857;48,00197114;24,89651977;-82,7356946;-19,79869987;31,03647519;0,19042857;62,48788054;45,58685177;82,7356946;19,79869987;31,03647519;0,19042857;48,00197114;24,89651977;82,7356946;19,79869987;31,03647519;0,19042857;62,48788054;45,58685177
58;Q;column;70x70;0,66440833;-47,86819219;175,62086063;68,81957038;3,49113091;-0,19042857;-0,66440833;47,86819219;-175,62086063;101,59119382;-1,12583723;0,19042857;175,62086063;47,86819219;0,66440833;-0,19042857;-3,49113091;68,81957038;-175,62086063;-47,86819219;-0,66440833;0,19042857;1,12583723;101,59119382;175,62086063;47,86819219;0,66440833;0,19042857;3,49113091;68,81957038;175,62086063;47,86819219;0,66440833;0,19042857;1,12583723;101,59119382
59;Q;beam_x;60x80;0,0;-0,0;43,34017042;3,28184608;55,30075124;0,0;0,0;0,0;49,09732958;-3,28184608;-84,08654708;0,0;0,0;0,0;43,34017042;-3,28184608;-55,30075124;0,0;0,0;-0,0;49,09732958;3,28184608;84,08654708;0,0;0,0;0,0;43,34017042;3,28184608;55,30075124;0,0;0,0;0,0;49,09732958;3,28184608;84,08654708;0,0
60;Q;beam_x;60x80;0,0;-0,0;90,37348535;1,3488793;122,72833928;0,0;0,0;0,0;100,85401465;-1,3488793;-175,13098579;0,0;0,0;0,0;90,37348535;-1,3488793;-122,72833928;0,0;0,0;-0,0;100,85401465;1,3488793;175,13098579;0,0;0,0;0,0;90,37348535;1,3488793;122,72833928;0,0;0,0;0,0;100,85401465;1,3488793;175,13098579;0,0
61;Q;beam_x;60x80;0,0;-0,0;45,25676927;-5,61911926;56,22634365;0,0;0,0;0,0;53,53323073;5,61911926;-97,60865092;0,0;0,0;0,0;45,25676927;5,61911926;-56,22634365;0,0;0,0;-0,0;53,53323073;-5,61911926;97,60865092;0,0;0,0;0,0;45,25676927;5,61911926;56,22634365;0,0;0,0;0,0;53,53323073;5,61911926;97,60865092;0,0
62;Q;beam_y;60x80;-0,0;0,0;27,67524389;36,31525196;7,13291451;0,0;0,0;0,0;24,88725611;-26,20879628;-7,13291451;0,0;0,0;0,0;27,67524389;7,13291451;-36,31525196;0,0;0,0;-0,0;24,88725611;-7,13291451;26,20879628;0,0;0,0;0,0;27,67524389;7,13291451;36,31525196;0,0;0,0;0,0;24,88725611;7,13291451;26,20879628;0,0
63;Q;beam_y;60x80;-0,0;0,0;50,9397538;60,68965065;2,70181646;0,0;0,0;0,0;49,1227462;-54,10299807;-2,70181646;0,0;0,0;0,0;50,9397538;2,70181646;-60,68965065;0,0;0,0;-0,0;49,1227462;-2,70181646;54,10299807;0,0;0,0;0,0;50,9397538;2,70181646;60,68965065;0,0;0,0;0,0;49,1227462;2,70181646;54,10299807;0,0
64;Q;beam_y;60x80;0,0;0,0;41,73107467;58,88979707;-6,26153688;-0,0;-0,0;0,0;37,47892533;-39,9677325;6,26153688;-0,0;0,0;-0,0;41,73107467;-6,26153688;-58,88979707;-0,0;0,0;0,0;37,47892533;6,26153688;39,9677325;-0,0;0,0;0,0;41,73107467;6,26153688;58,88979707;0,0;0,0;0,0;37,47892533;6,26153688;39,9677325;0,0
65;Q;beam_y;60x80;0,0;0,0;73,55514074;98,04546941;-0,39653897;-0,0;-0,0;0,0;69,65485926;-80,68921683;0,39653897;-0,0;0,0;-0,0;73,55514074;-0,39653897;-98,04546941;-0,0;0,0;0,0;69,65485926;0,39653897;80,68921683;-0,0;0,0;0,0;73,55514074;0,39653897;98,04546941;0,0;0,0;0,0;69,65485926;0,39653897;80,68921683;0,0
66;Q;column;70x70;22,94217043;11,60043811;923,59440154;-15,63276557;31,58017069;0,03174178;-22,94217043;-11,60043811;-923,59440154;-25,66479409;50,09395606;-0,03174178;923,59440154;-11,60043811;22,94217043;0,03174178;-31,58017069;-15,63276557;-923,59440154;11,60043811;-22,94217043;-0,03174178;-50,09395606;-25,66479409;923,59440154;11,60043811;22,94217043;0,03174178;31,58017069;15,63276557;923,59440154;11,60043811;22,94217043;0,03174178;50,09395606;25,66479409
67;Q;column;70x70;1,06860083;14,73285223;802,0551678;-19,17843102;5,62353475;0,03174178;-1,06860083;-14,73285223;-802,0551678;-33,27052291;-1,8193158;-0,03174178;802,0551678;-14,73285223;1,06860083;0,03174178;-5,62353475;-19,17843102;-802,0551678;14,73285223;-1,06860083;-0,03174178;1,8193158;-33,27052291;802,0551678;14,73285223;1,06860083;0,03174178;5,62353475;19,17843102;802,0551678;14,73285223;1,06860083;0,03174178;1,8193158;33,27052291
68;Q;column;70x70;16,77329294;-2,5926264;376,02767481;1,55260292;24,25976939;0,03174178;-16,77329294;2,5926264;-376,02767481;7,67714705;35,45315347;-0,03174178;376,02767481;2,5926264;16,77329294;0,03174178;-24,25976939;1,55260292;-376,02767481;-2,5926264;-16,77329294;-0,03174178;-35,45315347;7,67714705;376,02767481;2,5926264;16,77329294;0,03174178;24,25976939;1,55260292;376,02767481;2,5926264;16,77329294;0,03174178;35,45315347;7,67714705
69;Q;column;70x70;2,793019;-1,04146802;268,56039046;-0,20237203;7,66984431;0,03174178;-2,793019;1,04146802;-268,56039046;3,9099982;2,27330332;-0,03174178;268,56039046;1,04146802;2,793019;0,03174178;-7,66984431;-0,20237203;-268,56039046;-1,04146802;-2,793019;-0,03174178;-2,27330332;3,9099982;268,56039046;1,04146802;2,793019;0,03174178;7,66984431;0,20237203;268,56039046;1,04146802;2,793019;0,03174178;2,27330332;3,9099982
70;Q;column;70x70;9,59830576;7,38708469;1324,60446906;-10,63291951;15,62113845;0,03174178;-9,59830576;-7,38708469;-1324,60446906;-15,66510198;18,54883007;-0,03174178;1324,60446906;-7,38708469;9,59830576;0,03174178;-15,62113845;-10,63291951;-1324,60446906;7,38708469;-9,59830576;-0,03174178;-18,54883007;-15,66510198;1324,60446906;7,38708469;9,59830576;0,03174178;15,62113845;10,63291951;1324,60446906;7,38708469;9,59830576;0,03174178;18,54883007;15,66510198
71;Q;column;70x70;2,85467781;7,54591936;1310,43744493;-10,64993735;7,61869994;0,03174178;-2,85467781;-7,54591936;-1310,43744493;-16,21353557;2,54395306;-0,03174178;1310,43744493;-7,54591936;2,85467781;0,03174178;-7,61869994;-10,64993735;-1310,43744493;7,54591936;-2,85467781;-0,03174178;-2,54395306;-16,21353557;1310,43744493;7,54591936;2,85467781;0,03174178;7,61869994;10,64993735;1310,43744493;7,54591936;2,85467781;0,03174178;2,54395306;16,21353557
72;Q;column;70x70;28,59930641;2,80597068;819,26848247;-4,85373228;38,16899255;0,03174178;-28,59930641;-2,80597068;-819,26848247;-5,13552335;63,64453827;-0,03174178;819,26848247;-2,80597068;28,59930641;0,03174178;-38,16899255;-4,85373228;-819,26848247;2,80597068;-28,59930641;-0,03174178;-63,64453827;-5,13552335;819,26848247;2,80597068;28,59930641;0,03174178;38,16899255;4,85373228;819,26848247;2,80597068;28,59930641;0,03174178;63,64453827;5,13552335
73;Q;column;70x70;1,51563476;-0,10601085;553,45735572;-1,31244787;6,02970219;0,03174178;-1,51563476;0,10601085;-553,45735572;1,68984651;-0,63404243;-0,03174178;553,45735572;0,10601085;1,51563476;0,03174178;-6,02970219;-1,31244787;-553,45735572;-0,10601085;-1,51563476;-0,03174178;0,63404243;1,68984651;553,45735572;0,10601085;1,51563476;0,03174178;6,02970219;1,31244787;553,45735572;0,10601085;1,51563476;0,03174178;0,63404243;1,68984651
74;Q;column;70x70;4,99640988;-23,26524245;705,04251183;25,74117536;10,00761728;0,03174178;-4,99640988;23,26524245;-705,04251183;57,08308776;7,77960189;-0,03174178;705,04251183;23,26524245;4,99640988;0,03174178;-10,00761728;25,74117536;-705,04251183;-23,26524245;-4,99640988;-0,03174178;-7,77960189;57,08308776;705,04251183;23,26524245;4,99640988;0,03174178;10,00761728;25,74117536;705,04251183;23,26524245;4,99640988;0,03174178;7,77960189;57,08308776
75;Q;column;70x70;2,90930233;-23,14456402;703,95153041;25,76943626;7,53091632;0,03174178;-2,90930233;23,14456402;-703,95153041;56,62521165;2,82619996;-0,03174178;703,95153041;23,14456402;2,90930233;0,03174178;-7,53091632;25,76943626;-703,95153041;-23,14456402;-2,90930233;-0,03174178;-2,82619996;56,62521165;703,95153041;23,14456402;2,90930233;0,03174178;7,53091632;25,76943626;703,95153041;23,14456402;2,90930233;0,03174178;2,82619996;56,62521165
76;Q;column;70x70;18,21619262;-0,14164965;445,5550471;-1,35588948;25,6950928;0,03174178;-18,21619262;0,14164965;-445,5550471;1,86016225;39,15455292;-0,03174178;445,5550471;0,14164965;18,21619262;0,03174178;-25,6950928;-1,35588948;-445,5550471;-0,14164965;-18,21619262;-0,03174178;-39,15455292;1,86016225;445,5550471;0,14164965;18,21619262;0,03174178;25,6950928;1,35588948;445,5550471;0,14164965;18,21619262;0,03174178;39,15455292;1,86016225
77;Q;column;70x70;2,12501468;0,06302865;301,14615015;-1,51304141;6,60022831;0,03174178;-2,12501468;-0,06302865;-301,14615015;1,28865944;0,96482394;-0,03174178;301,14615015;-0,06302865;2,12501468;0,03174178;-6,60022831;-1,51304141;-301,14615015;0,06302865;-2,12501468;-0,03174178;-0,96482394;1,28865944;301,14615015;0,06302865;2,12501468;0,03174178;6,60022831;1,51304141;301,14615015;0,06302865;2,12501468;0,03174178;0,96482394;1,28865944
78;Q;column;70x70;20,63635586;18,91752622;708,02883347;-39,14446087;47,64849838;-0,09480674;-20,63635586;-18,91752622;-708,02883347;-28,20193248;25,81692849;0,09480674;708,02883347;-18,91752622;20,63635586;-0,09480674;-47,64849838;-39,14446087;-708,02883347;18,91752622;-20,63635586;0,09480674;-25,81692849;-28,20193248;708,02883347;18,91752622;20,63635586;0,09480674;47,64849838;39,14446087;708,02883347;18,91752622;20,63635586;0,09480674;25,81692849;28,20193248
79;Q;column;70x70;8,92190071;25,53434273;662,43985033;-51,56861652;7,790709;-0,09480674;-8,92190071;-25,53434273;-662,43985033;-39,33364361;23,97125753;0,09480674;662,43985033;-25,53434273;8,92190071;-0,09480674;-7,790709;-51,56861652;-662,43985033;25,53434273;-8,92190071;0,09480674;-23,97125753;-39,33364361;662,43985033;25,53434273;8,92190071;0,09480674;7,790709;51,56861652;662,43985033;25,53434273;8,92190071;0,09480674;23,97125753;39,33364361
80;Q;column;70x70;24,27596875;15,70353021;331,09941421;-20,19821966;44,64710438;-0,09480674;-24,27596875;-15,70353021;-331,09941421;-35,70634789;41,77534438;0,09480674;331,09941421;-15,70353021;24,27596875;-0,09480674;-44,64710438;-20,19821966;-331,09941421;15,70353021;-24,27596875;0,09480674;-41,77534438;-35,70634789;331,09941421;15,70353021;24,27596875;0,09480674;44,64710438;20,19821966;331,09941421;15,70353021;24,27596875;0,09480674;41,77534438;35,70634789
81;Q;column;70x70;2,10292504;10,30395335;266,29183404;-16,05896403;1,74516743;-0,09480674;-2,10292504;-10,30395335;-266,29183404;-20,62310989;5,74124572;0,09480674;266,29183404;-10,30395335;2,10292504;-0,09480674;-1,74516743;-16,05896403;-266,29183404;10,30395335;-2,10292504;0,09480674;-5,74124572;-20,62310989;266,29183404;10,30395335;2,10292504;0,09480674;1,74516743;16,05896403;266,29183404;10,30395335;2,10292504;0,09480674;5,74124572;20,62310989
82;Q;column;70x70;10,83466674;19,0929899;982,10522125;-34,3528317;20,80236597;-0,09480674;-10,83466674;-19,0929899;-982,10522125;-33,61821233;17,76904763;0,09480674;982,10522125;-19,0929899;10,83466674;-0,09480674;-20,80236597;-34,3528317;-982,10522125;19,0929899;-10,83466674;0,09480674;-17,76904763;-33,61821233;982,10522125;19,0929899;10,83466674;0,09480674;20,80236597;34,3528317;982,10522125;19,0929899;10,83466674;0,09480674;17,76904763;33,61821233
83;Q;column;70x70;0,7957112;20,33912175;977,64162797;-36,87512728;0,88703355;-0,09480674;-0,7957112;-20,33912175;-977,64162797;-35,53214615;1,94569832;0,09480674;977,64162797;-20,33912175;0,7957112;-0,09480674;-0,88703355;-36,87512728;-977,64162797;20,33912175;-0,7957112;0,09480674;-1,94569832;-35,53214615;977,64162797;20,33912175;0,7957112;0,09480674;0,88703355;36,87512728;977,64162797;20,33912175;0,7957112;0,09480674;1,94569832;35,53214615
84;Q;column;70x70;47,97964944;15,76766356;729,80596837;-26,68065976;87,42893287;-0,09480674;-47,97964944;-15,76766356;-729,80596837;-29,4522225;83,37861914;0,09480674;729,80596837;-15,76766356;47,97964944;-0,09480674;-87,42893287;-26,68065976;-729,80596837;15,76766356;-47,97964944;0,09480674;-83,37861914;-29,4522225;729,80596837;15,76766356;47,97964944;0,09480674;87,42893287;26,68065976;729,80596837;15,76766356;47,97964944;0,09480674;83,37861914;29,4522225
85;Q;column;70x70;3,17406661;9,82656291;562,30928676;-16,60253655;2,1203509;-0,09480674;-3,17406661;-9,82656291;-562,30928676;-18,3800274;9,17932624;0,09480674;562,30928676;-9,82656291;3,17406661;-0,09480674;-2,1203509;-16,60253655;-562,30928676;9,82656291;-3,17406661;0,09480674;-9,17932624;-18,3800274;562,30928676;9,82656291;3,17406661;0,09480674;2,1203509;16,60253655;562,30928676;9,82656291;3,17406661;0,09480674;9,17932624;18,3800274
86;Q;column;70x70;4,90284105;-40,20110282;530,5549824;72,38358653;9,06336078;-0,09480674;-4,90284105;40,20110282;-530,5549824;70,73233952;8,39075335;0,09480674;530,5549824;40,20110282;4,90284105;-0,09480674;-9,06336078;72,38358653;-530,5549824;-40,20110282;-4,90284105;0,09480674;-8,39075335;70,73233952;530,5549824;40,20110282;4,90284105;0,09480674;9,06336078;72,38358653;530,5549824;40,20110282;4,90284105;0,09480674;8,39075335;70,73233952
87;Q;column;70x70;1,21540183;-39,4750562;528,4567209;70,5237375;2,21089861;-0,09480674;-1,21540183;39,4750562;-528,4567209;70,00746257;2,1159319;0,09480674;528,4567209;39,4750562;1,21540183;-0,09480674;-2,21089861;70,5237375;-528,4567209;-39,4750562;-1,21540183;0,09480674;-2,1159319;70,00746257;528,4567209;39,4750562;1,21540183;0,09480674;2,21089861;70,5237375;528,4567209;39,4750562;1,21540183;0,09480674;2,1159319;70,00746257
88;Q;column;70x70;29,31235545;-14,55160042;387,7487992;12,79604296;53,71679339;-0,09480674;-29,31235545;14,55160042;-387,7487992;39,00765455;50,63519202;0,09480674;387,7487992;14,55160042;29,31235545;-0,09480674;-53,71679339;12,79604296;-387,7487992;-14,55160042;-29,31235545;0,09480674;-50,63519202;39,00765455;387,7487992;14,55160042;29,31235545;0,09480674;53,71679339;12,79604296;387,7487992;14,55160042;29,31235545;0,09480674;50,63519202;39,00765455
89;Q;column;70x70;2,84484497;-2,69688725;303,04668951;-1,94196923;3,21381646;-0,09480674;-2,84484497;2,69688725;-303,04668951;11,54288785;6,91383163;0,09480674;303,04668951;2,69688725;2,84484497;-0,09480674;-3,21381646;-1,94196923;-303,04668951;-2,69688725;-2,84484497;0,09480674;-6,91383163;11,54288785;303,04668951;2,69688725;2,84484497;0,09480674;3,21381646;1,94196923;303,04668951;2,69688725;2,84484497;0,09480674;6,91383163;11,54288785
90;Q;column;70x70;-2,67232404;11,63192209;457,53838262;-18,7120543;0,37075772;-0,11928191;2,67232404;-11,63192209;-457,53838262;-22,69758835;-9,88423129;0,11928191;457,53838262;-11,63192209;-2,67232404;-0,11928191;-0,37075772;-18,7120543;-457,53838262;11,63192209;2,67232404;0,11928191;9,88423129;-22,69758835;457,53838262;11,63192209;2,67232404;0,11928191;0,37075772;18,7120543;457,53838262;11,63192209;2,67232404;0,11928191;9,88423129;22,69758835
91;Q;column;70x70;20,85369023;14,51842987;464,49863975;-25,54934484;40,34377714;-0,11928191;-20,85369023;-14,51842987;-464,49863975;-26,13626551;33,89536009;0,11928191;464,49863975;-14,51842987;20,85369023;-0,11928191;-40,34377714;-25,54934484;-464,49863975;14,51842987;-20,85369023;0,11928191;-33,89536009;-26,13626551;464,49863975;14,51842987;20,85369023;0,11928191;40,34377714;25,54934484;464,49863975;14,51842987;20,85369023;0,11928191;33,89536009;26,13626551
92;Q;column;70x70;24,28504989;23,26364888;220,5103001;-44,09781897;43,99958336;-0,11928191;-24,28504989;-23,26364888;-220,5103001;-38,72077105;42,45519423;0,11928191;220,5103001;-23,26364888;24,28504989;-0,11928191;-43,99958336;-44,09781897;-220,5103001;23,26364888;-24,28504989;0,11928191;-42,45519423;-38,72077105;220,5103001;23,26364888;24,28504989;0,11928191;43,99958336;44,09781897;220,5103001;23,26364888;24,28504989;0,11928191;42,45519423;38,72077105
93;Q;column;70x70;2,07606254;14,29136859;227,14558485;-24,84107912;7,92283159;-0,11928191;-2,07606254;-14,29136859;-227,14558485;-26,03619306;-0,53204894;0,11928191;227,14558485;-14,29136859;2,07606254;-0,11928191;-7,92283159;-24,84107912;-227,14558485;14,29136859;-2,07606254;0,11928191;0,53204894;-26,03619306;227,14558485;14,29136859;2,07606254;0,11928191;7,92283159;24,84107912;227,14558485;14,29136859;2,07606254;0,11928191;0,53204894;26,03619306
94;Q;column;70x70;5,69928968;14,2704486;651,03597382;-27,05116871;13,98438358;-0,11928191;-5,69928968;-14,2704486;-651,03597382;-23,75162831;6,30508769;0,11928191;651,03597382;-14,2704486;5,69928968;-0,11928191;-13,98438358;-27,05116871;-651,03597382;14,2704486;-5,69928968;0,11928191;-6,30508769;-23,75162831;651,03597382;14,2704486;5,69928968;0,11928191;13,98438358;27,05116871;651,03597382;14,2704486;5,69928968;0,11928191;6,30508769;23,75162831
95;Q;column;70x70;4,35145026;15,24027947;654,14337152;-28,76943779;8,47449206;-0,11928191;-4,35145026;-15,24027947;-654,14337152;-25,48595711;7,01667087;0,11928191;654,14337152;-15,24027947;4,35145026;-0,11928191;-8,47449206;-28,76943779;-654,14337152;15,24027947;-4,35145026;0,11928191;-7,01667087;-25,48595711;654,14337152;15,24027947;4,35145026;0,11928191;8,47449206;28,76943779;654,14337152;15,24027947;4,35145026;0,11928191;7,01667087;25,48595711
96;Q;column;70x70;45,91321205;14,59932872;482,9182356;-27,48592875;83,23576349;-0,11928191;-45,91321205;-14,59932872;-482,9182356;-24,48768149;80,21527142;0,11928191;482,9182356;-14,59932872;45,91321205;-0,11928191;-83,23576349;-27,48592875;-482,9182356;14,59932872;-45,91321205;0,11928191;-80,21527142;-24,48768149;482,9182356;14,59932872;45,91321205;0,11928191;83,23576349;27,48592875;482,9182356;14,59932872;45,91321205;0,11928191;80,21527142;24,48768149
97;Q;column;70x70;1,54127573;10,26408254;487,95125467;-18,38545384;9,55106445;-0,11928191;-1,54127573;-10,26408254;-487,95125467;-18,15468;-4,06412285;0,11928191;487,95125467;-10,26408254;1,54127573;-0,11928191;-9,55106445;-18,38545384;-487,95125467;10,26408254;-1,54127573;0,11928191;4,06412285;-18,15468;487,95125467;10,26408254;1,54127573;0,11928191;9,55106445;18,38545384;487,95125467;10,26408254;1,54127573;0,11928191;4,06412285;18,15468
98;Q;column;70x70;5,50805771;-37,8814946;353,32463573;68,82403238;11,53592959;-0,11928191;-5,50805771;37,8814946;-353,32463573;66,0340884;8,07275587;0,11928191;353,32463573;37,8814946;5,50805771;-0,11928191;-11,53592959;68,82403238;-353,32463573;-37,8814946;-5,50805771;0,11928191;-8,07275587;66,0340884;353,32463573;37,8814946;5,50805771;0,11928191;11,53592959;68,82403238;353,32463573;37,8814946;5,50805771;0,11928191;8,07275587;66,0340884
99;Q;column;70x70;3,39141985;-37,87722758;352,17394696;68,82345478;7,12512574;-0,11928191;-3,39141985;37,87722758;-352,17394696;66,01947539;4,94832891;0,11928191;352,17394696;37,87722758;3,39141985;-0,11928191;-7,12512574;68,82345478;-352,17394696;-37,87722758;-3,39141985;0,11928191;-4,94832891;66,01947539;352,17394696;37,87722758;3,39141985;0,11928191;7,12512574;68,82345478;352,17394696;37,87722758;3,39141985;0,11928191;4,94832891;66,01947539
100;Q;column;70x70;28,57998694;-32,49610346;256,54663137;60,8816679;52,19310051;-0,11928191;-28,57998694;32,49610346;-256,54663137;54,80446043;49,551653;0,11928191;256,54663137;32,49610346;28,57998694;-0,11928191;-52,19310051;60,8816679;-256,54663137;-32,49610346;-28,57998694;0,11928191;-49,551653;54,80446043;256,54663137;32,49610346;28,57998694;0,11928191;52,19310051;60,8816679;256,54663137;32,49610346;28,57998694;0,11928191;49,551653;54,80446043
101;Q;column;70x70;2,07083407;-19,55266042;260,47172341;32,05883554;8,42232449;-0,11928191;-2,07083407;19,55266042;-260,47172341;37,54863556;-1,05015521;0,11928191;260,47172341;19,55266042;2,07083407;-0,11928191;-8,42232449;32,05883554;-260,47172341;-19,55266042;-2,07083407;0,11928191;1,05015521;37,54863556;260,47172341;19,55266042;2,07083407;0,11928191;8,42232449;32,05883554;260,47172341;19,55266042;2,07083407;0,11928191;1,05015521;37,54863556
102;Q;column;70x70;-11,5282346;26,10029749;254,1509251;-43,74126167;-17,53552944;-0,19042857;11,5282346;-26,10029749;-254,1509251;-49,17579741;-23,50498573;0,19042857;254,1509251;-26,10029749;-11,5282346;-0,19042857;17,53552944;-43,74126167;-254,1509251;26,10029749;11,5282346;0,19042857;23,50498573;-49,17579741;254,1509251;26,10029749;11,5282346;0,19042857;17,53552944;43,74126167;254,1509251;26,10029749;11,5282346;0,19042857;23,50498573;49,17579741
103;Q;column;70x70;27,74104411;26,93864852;259,24794193;-45,13378675;44,92606908;-0,19042857;-27,74104411;-26,93864852;-259,24794193;-50,76780199;53,83204797;0,19042857;259,24794193;-26,93864852;27,74104411;-0,19042857;-44,92606908;-45,13378675;-259,24794193;26,93864852;-27,74104411;0,19042857;-53,83204797;-50,76780199;259,24794193;26,93864852;27,74104411;0,19042857;44,92606908;45,13378675;259,24794193;26,93864852;27,74104411;0,19042857;53,83204797;50,76780199
104;Q;column;70x70;37,69253021;38,11087771;109,45230831;-60,98267163;61,22311993;-0,19042857;-37,69253021;-38,11087771;-109,45230831;-74,69205301;72,96228761;0,19042857;109,45230831;-38,11087771;37,69253021;-0,19042857;-61,22311993;-60,98267163;-109,45230831;38,11087771;-37,69253021;0,19042857;-72,96228761;-74,69205301;109,45230831;38,11087771;37,69253021;0,19042857;61,22311993;60,98267163;109,45230831;38,11087771;37,69253021;0,19042857;72,96228761;74,69205301
105;Q;column;70x70;0,58234149;31,11468865;62,56226191;-50,83521888;0,55311779;-0,19042857;-0,58234149;-31,11468865;-62,56226191;-59,93307273;1,52001791;0,19042857;62,56226191;-31,11468865;0,58234149;-0,19042857;-0,55311779;-50,83521888;-62,56226191;31,11468865;-0,58234149;0,19042857;-1,52001791;-59,93307273;62,56226191;31,11468865;0,58234149;0,19042857;0,55311779;50,83521888;62,56226191;31,11468865;0,58234149;0,19042857;1,52001791;59,93307273
106;Q;column;70x70;7,727758;26,09407647;333,33077927;-41,65686789;11,84855641;-0,19042857;-7,727758;-26,09407647;-333,33077927;-51,23804434;15,66226207;0,19042857;333,33077927;-26,09407647;7,727758;-0,19042857;-11,84855641;-41,65686789;-333,33077927;26,09407647;-7,727758;0,19042857;-15,66226207;-51,23804434;333,33077927;26,09407647;7,727758;0,19042857;11,84855641;41,65686789;333,33077927;26,09407647;7,727758;0,19042857;15,66226207;51,23804434
107;Q;column;70x70;8,54238059;27,86228154;332,70017929;-44,72292802;15,12626117;-0,19042857;-8,54238059;-27,86228154;-332,70017929;-54,46679428;15,28461372;0,19042857;332,70017929;-27,86228154;8,54238059;-0,19042857;-15,12626117;-44,72292802;-332,70017929;27,86228154;-8,54238059;0,19042857;-15,28461372;-54,46679428;332,70017929;27,86228154;8,54238059;0,19042857;15,12626117;44,72292802;332,70017929;27,86228154;8,54238059;0,19042857;15,28461372;54,46679428
108;Q;column;70x70;66,90310322;27,08728751;249,70773823;-43,94991497;108,25962859;-0,19042857;-66,90310322;-27,08728751;-249,70773823;-52,48082858;129,91541888;0,19042857;249,70773823;-27,08728751;66,90310322;-0,19042857;-108,25962859;-43,94991497;-249,70773823;27,08728751;-66,90310322;0,19042857;-129,91541888;-52,48082858;249,70773823;27,08728751;66,90310322;0,19042857;108,25962859;43,94991497;249,70773823;27,08728751;66,90310322;0,19042857;129,91541888;52,48082858
109;Q;column;70x70;-2,76266273;23,38271426;133,88051095;-38,55747565;-6,03511018;-0,19042857;2,76266273;-23,38271426;-133,88051095;-44,68498712;-3,79996914;0,19042857;133,88051095;-23,38271426;-2,76266273;-0,19042857;6,03511018;-38,55747565;-133,88051095;23,38271426;2,76266273;0,19042857;3,79996914;-44,68498712;133,88051095;23,38271426;2,76266273;0,19042857;6,03511018;38,55747565;133,88051095;23,38271426;2,76266273;0,19042857;3,79996914;44,68498712
110;Q;column;70x70;11,80606112;-54,63620059;174,78581046;82,04180499;19,02479084;-0,19042857;-11,80606112;54,63620059;-174,78581046;112,4630691;23,00478676;0,19042857;174,78581046;54,63620059;11,80606112;-0,19042857;-19,02479084;82,04180499;-174,78581046;-54,63620059;-11,80606112;0,19042857;-23,00478676;112,4630691;174,78581046;54,63620059;11,80606112;0,19042857;19,02479084;82,04180499;174,78581046;54,63620059;11,80606112;0,19042857;23,00478676;112,4630691
111;Q;column;70x70;6,53631412;-53,79818269;174,58049117;80,65348035;12,15867437;-0,19042857;-6,53631412;53,79818269;-174,58049117;110,86805003;11,1106039;0,19042857;174,58049117;53,79818269;6,53631412;-0,19042857;-12,15867437;80,65348035;-174,58049117;-53,79818269;-6,53631412;0,19042857;-11,1106039;110,86805003;174,58049117;53,79818269;6,53631412;0,19042857;12,15867437;80,65348035;174,58049117;53,79818269;6,53631412;0,19042857;11,1106039;110,86805003
112;Q;column;70x70;44,17762169;-41,44457605;129,53467562;60,78012552;71,53925048;-0,19042857;-44,17762169;41,44457605;-129,53467562;86,7625652;85,73308274;0,19042857;129,53467562;41,44457605;44,17762169;-0,19042857;-71,53925048;60,78012552;-129,53467562;-41,44457605;-44,17762169;0,19042857;-85,73308274;86,7625652;129,53467562;41,44457605;44,17762169;0,19042857;71,53925048;60,78012552;129,53467562;41,44457605;44,17762169;0,19042857;85,73308274;86,7625652
113;Q;column;70x70;0,81822857;-30,59044887;72,04742178;45,81145852;0,94182385;-0,19042857;-0,81822857;30,59044887;-72,04742178;63,09053947;1,97106985;0,19042857;72,04742178;30,59044887;0,81822857;-0,19042857;-0,94182385;45,81145852;-72,04742178;-30,59044887;-0,81822857;0,19042857;-1,97106985;63,09053947;72,04742178;30,59044887;0,81822857;0,19042857;0,94182385;45,81145852;72,04742178;30,59044887;0,81822857;0,19042857;1,97106985;63,09053947
114;Q;beam_x;60x80;0,0;0,0;49,19765958;21,85522214;111,10466557;-0,0;0,0;-0,0;-24,19765958;-21,85522214;72,38363232;-0,0;0,0;-0,0;49,19765958;-21,85522214;-111,10466557;-0,0;0,0;0,0;-24,19765958;21,85522214;-72,38363232;-0,0;0,0;0,0;49,19765958;21,85522214;111,10466557;0,0;0,0;0,0;24,19765958;21,85522214;72,38363232;0,0
115;Q;beam_x;60x80;0,0;0,0;47,70479088;17,920406;93,20539455;-0,0;0,0;-0,0;-22,70479088;-17,920406;82,81855983;-0,0;0,0;-0,0;47,70479088;-17,920406;-93,20539455;-0,0;0,0;0,0;-22,70479088;17,920406;-82,81855983;-0,0;0,0;0,0;47,70479088;17,920406;93,20539455;0,0;0,0;0,0;22,70479088;17,920406;82,81855983;0,0
116;Q;beam_x;60x80;0,0;0,0;1,24963474;0,95318654;10,68063534;-0,0;0,0;-0,0;-1,24963474;-0,95318654;-4,43246166;-0,0;0,0;-0,0;1,24963474;-0,95318654;-10,68063534;-0,0;0,0;0,0;-1,24963474;0,95318654;4,43246166;-0,0;0,0;0,0;1,24963474;0,95318654;10,68063534;0,0;0,0;0,0;1,24963474;0,95318654;4,43246166;0,0
117;Q;beam_x;60x80;0,0;0,0;107,35518012;10,30362146;227,76815838;-0,0;0,0;-0,0;-57,35518012;-10,30362146;184,00774223;-0,0;0,0;-0,0;107,35518012;-10,30362146;-227,76815838;-0,0;0,0;0,0;-57,35518012;10,30362146;-184,00774223;-0,0;0,0;0,0;107,35518012;10,30362146;227,76815838;0,0;0,0;0,0;57,35518012;10,30362146;184,00774223;0,0
118;Q;beam_x;60x80;0,0;0,0;108,62660158;8,9978354;227,05959491;-0,0;0,0;-0,0;-58,62660158;-8,9978354;191,07341299;-0,0;0,0;-0,0;108,62660158;-8,9978354;-227,05959491;-0,0;0,0;0,0;-58,62660158;8,9978354;-191,07341299;-0,0;0,0;0,0;108,62660158;8,9978354;227,05959491;0,0;0,0;0,0;58,62660158;8,9978354;191,07341299;0,0
119;Q;beam_x;60x80;0,0;0,0;5,53619436;-1,55570353;28,4796181;-0,0;0,0;-0,0;-5,53619436;1,55570353;-0,79864628;-0,0;0,0;-0,0;5,53619436;1,55570353;-28,4796181;-0,0;0,0;0,0;-5,53619436;-1,55570353;0,79864628;-0,0;0,0;0,0;5,53619436;1,55570353;28,4796181;0,0;0,0;0,0;5,53619436;1,55570353;0,79864628;0,0
120;Q;beam_x;60x80;0,0;0,0;54,91392676;-27,59087553;114,67574458;-0,0;0,0;-0,0;-29,91392676;27,59087553;97,39388924;-0,0;0,0;-0,0;54,91392676;27,59087553;-114,67574458;-0,0;0,0;0,0;-29,91392676;-27,59087553;-97,39388924;-0,0;0,0;0,0;54,91392676;27,59087553;114,67574458;0,0;0,0;0,0;29,91392676;27,59087553;97,39388924;0,0
121;Q;beam_x;60x80;0,0;0,0;57,04131795;-24,5857469;119,17643604;-0,0;0,0;-0,0;-32,04131795;24,5857469;103,53015369;-0,0;0,0;-0,0;57,04131795;24,5857469;-119,17643604;-0,0;0,0;0,0;-32,04131795;-24,5857469;-103,53015369;-0,0;0,0;0,0;57,04131795;24,5857469;119,17643604;0,0;0,0;0,0;32,04131795;24,5857469;103,53015369;0,0
122;Q;beam_x;60x80;0,0;0,0;1,69808488;0,19628208;12,94273609;-0,0;0,0;-0,0;-1,69808488;-0,19628208;-4,45231168;-0,0;0,0;-0,0;1,69808488;-0,19628208;-12,94273609;-0,0;0,0;0,0;-1,69808488;0,19628208;4,45231168;-0,0;0,0;0,0;1,69808488;0,19628208;12,94273609;0,0;0,0;0,0;1,69808488;0,19628208;4,45231168;0,0
123;Q;beam_y;60x80;-0,0;0,0;37,22983717;39,62704804;5,09192116;0,0;0,0;0,0;40,36506283;-50,99224103;-5,09192116;0,0;0,0;0,0;37,22983717;5,09192116;-39,62704804;0,0;0,0;-0,0;40,36506283;-5,09192116;50,99224103;0,0;0,0;0,0;37,22983717;5,09192116;39,62704804;0,0;0,0;0,0;40,36506283;5,09192116;50,99224103;0,0
124;Q;beam_y;60x80;0,0;0,0;66,57724742;97,09419437;1,37208374;-0,0;-0,0;0,0;61,42275258;-74,1566923;-1,37208374;-0,0;0,0;-0,0;66,57724742;1,37208374;-97,09419437;-0,0;0,0;0,0;61,42275258;-1,37208374;74,1566923;-0,0;0,0;0,0;66,57724742;1,37208374;97,09419437;0,0;0,0;0,0;61,42275258;1,37208374;74,1566923;0,0
125;Q;beam_y;60x80;-0,0;0,0;45,36759604;46,98680318;-0,77365101;0,0;0,0;0,0;49,63240396;-62,44673191;0,77365101;0,0;0,0;0,0;45,36759604;-0,77365101;-46,98680318;0,0;0,0;-0,0;49,63240396;0,77365101;62,44673191;0,0;0,0;0,0;45,36759604;0,77365101;46,98680318;0,0;0,0;0,0;49,63240396;0,77365101;62,44673191;0,0
126;Q;beam_y;60x80;0,0;0,0;66,44310516;96,48567478;-0,09847589;-0,0;-0,0;0,0;61,55689484;-74,74203883;0,09847589;-0,0;0,0;-0,0;66,44310516;-0,09847589;-96,48567478;-0,0;0,0;0,0;61,55689484;0,09847589;74,74203883;-0,0;0,0;0,0;66,44310516;0,09847589;96,48567478;0,0;0,0;0,0;61,55689484;0,09847589;74,74203883;0,0
127;Q;beam_y;60x80;-3,86246667;-2,99823362;-5,18353155;-15,92933897;7,27579383;6,98520289;3,86246667;2,99823362;28,93353155;-45,90783788;-7,27579383;7,0162388;-2,99823362;3,86246667;-5,18353155;7,27579383;15,92933897;6,98520289;2,99823362;-3,86246667;28,93353155;-7,27579383;45,90783788;7,0162388;2,99823362;3,86246667;5,18353155;7,27579383;15,92933897;6,98520289;2,99823362;3,86246667;28,93353155;7,27579383;45,90783788;7,0162388
128;Q;beam_y;60x80;-2,02551705;0,42844722;-2,15523206;-30,51432722;13,53923352;4,49368038;2,02551705;-0,42844722;34,15523206;-50,27645543;-13,53923352;4,5198705;0,42844722;2,02551705;-2,15523206;13,53923352;30,51432722;4,49368038;-0,42844722;-2,02551705;34,15523206;-13,53923352;50,27645543;4,5198705;0,42844722;2,02551705;2,15523206;13,53923352;30,51432722;4,49368038;0,42844722;2,02551705;34,15523206;13,53923352;50,27645543;4,5198705
129;Q;beam_y;60x80;-0,0;0,0;3,51819116;13,10215238;0,4139909;0,0;0,0;0,0;-3,51819116;12,40473351;-0,4139909;0,0;0,0;0,0;3,51819116;0,4139909;-13,10215238;0,0;0,0;-0,0;-3,51819116;-0,4139909;-12,40473351;0,0;0,0;0,0;3,51819116;0,4139909;13,10215238;0,0;0,0;0,0;3,51819116;0,4139909;12,40473351;0,0
130;Q;beam_y;60x80;0,0;0,0;0,20245448;0,952253;-0,27367128;-0,0;-0,0;0,0;-0,20245448;0,84959188;0,27367128;-0,0;0,0;-0,0;0,20245448;-0,27367128;-0,952253;-0,0;0,0;0,0;-0,20245448;0,27367128;-0,84959188;-0,0;0,0;0,0;0,20245448;0,27367128;0,952253;0,0;0,0;0,0;0,20245448;0,27367128;0,84959188;0,0
131;Q;beam_x;60x80;0,0;0,0;79,69064627;8,80491158;161,06324117;-0,0;0,0;-0,0;-36,14224627;-8,80491158;128,51899019;-0,0;0,0;-0,0;79,69064627;-8,80491158;-161,06324117;-0,0;0,0;0,0;-36,14224627;8,80491158;-128,51899019;-0,0;0,0;0,0;79,69064627;8,80491158;161,06324117;0,0;0,0;0,0;36,14224627;8,80491158;128,51899019;0,0
132;Q;beam_x;60x80;0,0;0,0;49,4331693;26,03846236;104,45973179;-0,0;0,0;-0,0;-24,4331693;-26,03846236;80,20611471;-0,0;0,0;-0,0;49,4331693;-26,03846236;-104,45973179;-0,0;0,0;0,0;-24,4331693;26,03846236;-80,20611471;-0,0;0,0;0,0;49,4331693;26,03846236;104,45973179;0,0;0,0;0,0;24,4331693;26,03846236;80,20611471;0,0
133;Q;beam_x;60x80;0,0;0,0;13,20702054;-4,23108539;16,6125334;-0,0;0,0;-0,0;11,79297946;4,23108539;-13,07743069;-0,0;0,0;-0,0;13,20702054;4,23108539;-16,6125334;-0,0;0,0;0,0;11,79297946;-4,23108539;13,07743069;-0,0;0,0;0,0;13,20702054;4,23108539;16,6125334;0,0;0,0;0,0;11,79297946;4,23108539;13,07743069;0,0
134;Q;beam_x;60x80;0,0;0,0;105,85732312;8,49809398;222,35271075;-0,0;0,0;-0,0;-55,85732312;-8,49809398;181,93390487;-0,0;0,0;-0,0;105,85732312;-8,49809398;-222,35271075;-0,0;0,0;0,0;-55,85732312;8,49809398;-181,93390487;-0,0;0,0;0,0;105,85732312;8,49809398;222,35271075;0,0;0,0;0,0;55,85732312;8,49809398;181,93390487;0,0
135;Q;beam_x;60x80;0,0;0,0;107,01728663;10,87973623;221,92854829;-0,0;0,0;-0,0;-57,01728663;-10,87973623;188,15788487;-0,0;0,0;-0,0;107,01728663;-10,87973623;-221,92854829;-0,0;0,0;0,0;-57,01728663;10,87973623;-188,15788487;-0,0;0,0;0,0;107,01728663;10,87973623;221,92854829;0,0;0,0;0,0;57,01728663;10,87973623;188,15788487;0,0
136;Q;beam_x;60x80;0,0;0,0;29,19000398;-2,02660515;40,88730302;-0,0;0,0;-0,0;20,80999602;2,02660515;-19,93728314;-0,0;0,0;-0,0;29,19000398;2,02660515;-40,88730302;-0,0;0,0;0,0;20,80999602;-2,02660515;19,93728314;-0,0;0,0;0,0;29,19000398;2,02660515;40,88730302;0,0;0,0;0,0;20,80999602;2,02660515;19,93728314;0,0
137;Q;beam_x;60x80;0,0;0,0;54,98434806;-29,00308422;114,43338331;-0,0;0,0;-0,0;-29,98434806;29,00308422;97,98835699;-0,0;0,0;-0,0;54,98434806;29,00308422;-114,43338331;-0,0;0,0;0,0;-29,98434806;-29,00308422;-97,98835699;-0,0;0,0;0,0;54,98434806;29,00308422;114,43338331;0,0;0,0;0,0;29,98434806;29,00308422;97,98835699;0,0
138;Q;beam_x;60x80;0,0;0,0;56,29128199;-29,22368159;116,08108933;-0,0;0,0;-0,0;-31,29128199;29,22368159;102,87532061;-0,0;0,0;-0,0;56,29128199;29,22368159;-116,08108933;-0,0;0,0;0,0;-31,29128199;-29,22368159;-102,87532061;-0,0;0,0;0,0;56,29128199;29,22368159;116,08108933;0,0;0,0;0,0;31,29128199;29,22368159;102,87532061;0,0
139;Q;beam_x;60x80;0,0;0,0;13,02372811;6,22507068;17,33455087;-0,0;0,0;-0,0;11,97627189;-6,22507068;-14,71591031;-0,0;0,0;-0,0;13,02372811;-6,22507068;-17,33455087;-0,0;0,0;0,0;11,97627189;6,22507068;14,71591031;-0,0;0,0;0,0;13,02372811;6,22507068;17,33455087;0,0;0,0;0,0;11,97627189;6,22507068;14,71591031;0,0
140;Q;beam_y;60x80;-0,0;0,0;41,8707659;59,65703717;-1,04940048;0,0;0,0;0,0;35,7241341;-37,37549693;1,04940048;0,0;0,0;0,0;41,8707659;-1,04940048;-59,65703717;0,0;0,0;-0,0;35,7241341;1,04940048;37,37549693;0,0;0,0;0,0;41,8707659;1,04940048;59,65703717;0,0;0,0;0,0;35,7241341;1,04940048;37,37549693;0,0
141;Q;beam_y;60x80;0,0;0,0;64,98952884;90,63937407;0,74382984;-0,0;-0,0;0,0;63,01047116;-81,83256741;-0,74382984;-0,0;0,0;-0,0;64,98952884;0,74382984;-90,63937407;-0,0;0,0;0,0;63,01047116;-0,74382984;81,83256741;-0,0;0,0;0,0;64,98952884;0,74382984;90,63937407;0,0;0,0;0,0;63,01047116;0,74382984;81,83256741;0,0
142;Q;beam_y;60x80;-0,0;0,0;50,74354215;69,89612208;4,1666144;0,0;0,0;0,0;44,25645785;-46,38044149;-4,1666144;0,0;0,0;0,0;50,74354215;4,1666144;-69,89612208;0,0;0,0;-0,0;44,25645785;-4,1666144;46,38044149;0,0;0,0;0,0;50,74354215;4,1666144;69,89612208;0,0;0,0;0,0;44,25645785;4,1666144;46,38044149;0,0
143;Q;beam_y;60x80;0,0;0,0;65,16362181;91,26774515;0,20853903;-0,0;-0,0;0,0;62,83637819;-80,91151108;-0,20853903;-0,0;0,0;-0,0;65,16362181;0,20853903;-91,26774515;-0,0;0,0;0,0;62,83637819;-0,20853903;80,91151108;-0,0;0,0;0,0;65,16362181;0,20853903;91,26774515;0,0;0,0;0,0;62,83637819;0,20853903;80,91151108;0,0
144;Q;beam_y;60x80;-0,0;0,0;49,19788682;61,56215034;-4,2809019;0,0;0,0;0,0;45,80211318;-49,25247089;4,2809019;0,0;0,0;0,0;49,19788682;-4,2809019;-61,56215034;0,0;0,0;-0,0;45,80211318;4,2809019;49,25247089;0,0;0,0;0,0;49,19788682;4,2809019;61,56215034;0,0;0,0;0,0;45,80211318;4,2809019;49,25247089;0,0
145;Q;beam_y;60x80;0,0;0,0;66,28379569;96,78454698;2,94002764;-0,0;-0,0;0,0;61,71620431;-76,45876532;-2,94002764;-0,0;0,0;-0,0;66,28379569;2,94002764;-96,78454698;-0,0;0,0;0,0;61,71620431;-2,94002764;76,45876532;-0,0;0,0;0,0;66,28379569;2,94002764;96,78454698;0,0;0,0;0,0;61,71620431;2,94002764;76,45876532;0,0
146;Q;beam_y;60x80;-0,0;0,0;27,35326972;41,23310362;-0,58664663;0,0;0,0;0,0;20,14673028;-15,10939812;0,58664663;0,0;0,0;0,0;27,35326972;-0,58664663;-41,23310362;0,0;0,0;-0,0;20,14673028;0,58664663;15,10939812;0,0;0,0;0,0;27,35326972;0,58664663;41,23310362;0,0;0,0;0,0;20,14673028;0,58664663;15,10939812;0,0
147;Q;beam_y;60x80;0,0;0,0;33,40130579;49,84827421;0,62024581;-0,0;-0,0;0,0;30,59869421;-37,37665271;-0,62024581;-0,0;0,0;-0,0;33,40130579;0,62024581;-49,84827421;-0,0;0,0;0,0;30,59869421;-0,62024581;37,37665271;-0,0;0,0;0,0;33,40130579;0,62024581;49,84827421;0,0;0,0;0,0;30,59869421;0,62024581;37,37665271;0,0
148;Q;beam_x;60x80;0,0;0,0;78,42319414;20,25877172;139,64787255;-0,0;0,0;-0,0;-20,71039414;-20,25877172;108,18609816;-0,0;0,0;-0,0;78,42319414;-20,25877172;-139,64787255;-0,0;0,0;0,0;-20,71039414;20,25877172;-108,18609816;-0,0;0,0;0,0;78,42319414;20,25877172;139,64787255;0,0;0,0;0,0;20,71039414;20,25877172;108,18609816;0,0
149;Q;beam_x;60x80;0,0;0,0;48,10905933;25,78800465;96,00416347;-0,0;0,0;-0,0;-23,10905933;-25,78800465;82,0411332;-0,0;0,0;-0,0;48,10905933;-25,78800465;-96,00416347;-0,0;0,0;0,0;-23,10905933;25,78800465;-82,0411332;-0,0;0,0;0,0;48,10905933;25,78800465;96,00416347;0,0;0,0;0,0;23,10905933;25,78800465;82,0411332;0,0
150;Q;beam_x;60x80;0,0;0,0;7,86001163;-1,11778777;6,39267232;-0,0;0,0;-0,0;17,13998837;1,11778777;-29,59261416;-0,0;0,0;-0,0;7,86001163;1,11778777;-6,39267232;-0,0;0,0;0,0;17,13998837;-1,11778777;29,59261416;-0,0;0,0;0,0;7,86001163;1,11778777;6,39267232;0,0;0,0;0,0;17,13998837;1,11778777;29,59261416;0,0
151;Q;beam_x;60x80;0,0;0,0;105,70681269;8,12069271;217,41948201;-0,0;0,0;-0,0;-55,70681269;-8,12069271;186,11458144;-0,0;0,0;-0,0;105,70681269;-8,12069271;-217,41948201;-0,0;0,0;0,0;-55,70681269;8,12069271;-186,11458144;-0,0;0,0;0,0;105,70681269;8,12069271;217,41948201;0,0;0,0;0,0;55,70681269;8,12069271;186,11458144;0,0
152;Q;beam_x;60x80;0,0;0,0;105,40087774;11,71713233;215,723155;-0,0;0,0;-0,0;-55,40087774;-11,71713233;186,28123368;-0,0;0,0;-0,0;105,40087774;-11,71713233;-215,723155;-0,0;0,0;0,0;-55,40087774;11,71713233;-186,28123368;-0,0;0,0;0,0;105,40087774;11,71713233;215,723155;0,0;0,0;0,0;55,40087774;11,71713233;186,28123368;0,0
153;Q;beam_x;60x80;0,0;0,0;20,18700266;-0,71562581;23,20557971;-0,0;0,0;-0,0;29,81299734;0,71562581;-47,27056641;-0,0;0,0;-0,0;20,18700266;0,71562581;-23,20557971;-0,0;0,0;0,0;29,81299734;-0,71562581;47,27056641;-0,0;0,0;0,0;20,18700266;0,71562581;23,20557971;0,0;0,0;0,0;29,81299734;0,71562581;47,27056641;0,0
154;Q;beam_x;60x80;0,0;0,0;54,504436;-30,60448314;110,97956662;-0,0;0,0;-0,0;-29,504436;30,60448314;99,04261337;-0,0;0,0;-0,0;54,504436;30,60448314;-110,97956662;-0,0;0,0;0,0;-29,504436;-30,60448314;-99,04261337;-0,0;0,0;0,0;54,504436;30,60448314;110,97956662;0,0;0,0;0,0;29,504436;30,60448314;99,04261337;0,0
155;Q;beam_x;60x80;0,0;0,0;55,72911345;-30,01373542;112,57345814;-0,0;0,0;-0,0;-30,72911345;30,01373542;103,57210911;-0,0;0,0;-0,0;55,72911345;30,01373542;-112,57345814;-0,0;0,0;0,0;-30,72911345;-30,01373542;-103,57210911;-0,0;0,0;0,0;55,72911345;30,01373542;112,57345814;0,0;0,0;0,0;30,72911345;30,01373542;103,57210911;0,0
156;Q;beam_x;60x80;0,0;0,0;6,47248114;0,74566563;4,06790175;-0,0;0,0;-0,0;18,52751886;-0,74566563;-34,20549603;-0,0;0,0;-0,0;6,47248114;-0,74566563;-4,06790175;-0,0;0,0;0,0;18,52751886;0,74566563;34,20549603;-0,0;0,0;0,0;6,47248114;0,74566563;4,06790175;0,0;0,0;0,0;18,52751886;0,74566563;34,20549603;0,0
157;Q;beam_y;60x80;0,0;0,0;51,52825625;71,34580817;-1,89087022;-0,0;-0,0;0,0;43,47174375;-42,14095035;1,89087022;-0,0;0,0;-0,0;51,52825625;-1,89087022;-71,34580817;-0,0;0,0;0,0;43,47174375;1,89087022;42,14095035;-0,0;0,0;0,0;51,52825625;1,89087022;71,34580817;0,0;0,0;0,0;43,47174375;1,89087022;42,14095035;0,0
158;Q;beam_y;60x80;0,0;0,0;64,13489903;88,39453014;-0,37820302;0,0;0,0;0,0;63,86510097;-87,19392879;0,37820302;0,0;0,0;0,0;64,13489903;-0,37820302;-88,39453014;0,0;0,0;0,0;63,86510097;0,37820302;87,19392879;0,0;0,0;0,0;64,13489903;0,37820302;88,39453014;0,0;0,0;0,0;63,86510097;0,37820302;87,19392879;0,0
159;Q;beam_y;60x80;0,0;0,0;52,55528166;75,24786404;2,53620456;-0,0;-0,0;0,0;42,44471834;-38,59707203;-2,53620456;-0,0;0,0;-0,0;52,55528166;2,53620456;-75,24786404;-0,0;0,0;0,0;42,44471834;-2,53620456;38,59707203;-0,0;0,0;0,0;52,55528166;2,53620456;75,24786404;0,0;0,0;0,0;42,44471834;2,53620456;38,59707203;0,0
160;Q;beam_y;60x80;0,0;0,0;64,29031929;88,93928968;0,39987937;0,0;0,0;0,0;63,70968071;-86,355448;-0,39987937;0,0;0,0;0,0;64,29031929;0,39987937;-88,93928968;0,0;0,0;0,0;63,70968071;-0,39987937;86,355448;0,0;0,0;0,0;64,29031929;0,39987937;88,93928968;0,0;0,0;0,0;63,70968071;0,39987937;86,355448;0,0
161;Q;beam_y;60x80;0,0;0,0;52,91209094;75,77339573;-3,79866434;-0,0;-0,0;0,0;42,08790906;-36,53573642;3,79866434;-0,0;0,0;-0,0;52,91209094;-3,79866434;-75,77339573;-0,0;0,0;0,0;42,08790906;3,79866434;36,53573642;-0,0;0,0;0,0;52,91209094;3,79866434;75,77339573;0,0;0,0;0,0;42,08790906;3,79866434;36,53573642;0,0
162;Q;beam_y;60x80;0,0;0,0;65,03595398;93,55400014;2,83915285;0,0;0,0;0,0;62,96404602;-84,33400968;-2,83915285;0,0;0,0;0,0;65,03595398;2,83915285;-93,55400014;0,0;0,0;0,0;62,96404602;-2,83915285;84,33400968;0,0;0,0;0,0;65,03595398;2,83915285;93,55400014;0,0;0,0;0,0;62,96404602;2,83915285;84,33400968;0,0
163;Q;beam_y;60x80;0,0;0,0;43,86630878;63,8240169;1,09920716;-0,0;-0,0;0,0;34,10619122;-28,44359072;-1,09920716;-0,0;0,0;-0,0;43,86630878;1,09920716;-63,8240169;-0,0;0,0;0,0;34,10619122;-1,09920716;28,44359072;-0,0;0,0;0,0;43,86630878;1,09920716;63,8240169;0,0;0,0;0,0;34,10619122;1,09920716;28,44359072;0,0
164;Q;beam_y;60x80;0,0;0,0;53,11173508;78,53080958;-0,48224929;0,0;0,0;0,0;49,77576492;-63,68574239;0,48224929;0,0;0,0;0,0;53,11173508;-0,48224929;-78,53080958;0,0;0,0;0,0;49,77576492;0,48224929;63,68574239;0,0;0,0;0,0;53,11173508;0,48224929;78,53080958;0,0;0,0;0,0;49,77576492;0,48224929;63,68574239;0,0
165;Q;beam_x;60x80;0,0;-0,0;78,04485179;17,9541592;136,35181894;0,0;-0,0;0,0;-20,33205179;-17,9541592;109,59043998;0,0;0,0;0,0;78,04485179;-17,9541592;-136,35181894;0,0;0,0;-0,0;-20,33205179;17,9541592;-109,59043998;0,0;0,0;0,0;78,04485179;17,9541592;136,35181894;0,0;0,0;0,0;20,33205179;17,9541592;109,59043998;0,0
166;Q;beam_x;60x80;0,0;-0,0;50,2458456;26,3945958;106,95267792;0,0;-0,0;0,0;-25,2458456;-26,3945958;81,77655009;0,0;0,0;0,0;50,2458456;-26,3945958;-106,95267792;0,0;0,0;-0,0;-25,2458456;26,3945958;-81,77655009;0,0;0,0;0,0;50,2458456;26,3945958;106,95267792;0,0;0,0;0,0;25,2458456;26,3945958;81,77655009;0,0
167;Q;beam_x;60x80;0,0;-0,0;13,96776714;-3,30231365;26,56872353;0,0;0,0;0,0;11,03223286;3,30231365;-19,22988783;0,0;0,0;0,0;13,96776714;3,30231365;-26,56872353;0,0;0,0;-0,0;11,03223286;-3,30231365;19,22988783;0,0;0,0;0,0;13,96776714;3,30231365;26,56872353;0,0;0,0;0,0;11,03223286;3,30231365;19,22988783;0,0
168;Q;beam_x;60x80;0,0;-0,0;107,77481479;5,3276701;224,76236678;0,0;-0,0;0,0;-57,77481479;-5,3276701;189,11170716;0,0;0,0;0,0;107,77481479;-5,3276701;-224,76236678;0,0;0,0;-0,0;-57,77481479;5,3276701;-189,11170716;0,0;0,0;0,0;107,77481479;5,3276701;224,76236678;0,0;0,0;0,0;57,77481479;5,3276701;189,11170716;0,0
169;Q;beam_x;60x80;0,0;-0,0;109,10537462;9,80653867;226,99542199;0,0;-0,0;0,0;-59,10537462;-9,80653867;193,53145112;0,0;0,0;0,0;109,10537462;-9,80653867;-226,99542199;0,0;0,0;-0,0;-59,10537462;9,80653867;-193,53145112;0,0;0,0;0,0;109,10537462;9,80653867;226,99542199;0,0;0,0;0,0;59,10537462;9,80653867;193,53145112;0,0
170;Q;beam_x;60x80;0,0;-0,0;31,17738492;-1,85414101;59,52745102;0,0;0,0;0,0;18,82261508;1,85414101;-28,64052641;0,0;0,0;0,0;31,17738492;1,85414101;-59,52745102;0,0;0,0;-0,0;18,82261508;-1,85414101;28,64052641;0,0;0,0;0,0;31,17738492;1,85414101;59,52745102;0,0;0,0;0,0;18,82261508;1,85414101;28,64052641;0,0
171;Q;beam_x;60x80;0,0;-0,0;54,1689629;-24,58213166;112,29346739;0,0;-0,0;0,0;-29,1689629;24,58213166;96,05134709;0,0;0,0;0,0;54,1689629;24,58213166;-112,29346739;0,0;0,0;-0,0;-29,1689629;-24,58213166;-96,05134709;0,0;0,0;0,0;54,1689629;24,58213166;112,29346739;0,0;0,0;0,0;29,1689629;24,58213166;96,05134709;0,0
172;Q;beam_x;60x80;0,0;-0,0;56,86599925;-23,84564841;116,23107158;0,0;-0,0;0,0;-31,86599925;23,84564841;105,59892465;0,0;0,0;0,0;56,86599925;23,84564841;-116,23107158;0,0;0,0;-0,0;-31,86599925;-23,84564841;-105,59892465;0,0;0,0;0,0;56,86599925;23,84564841;116,23107158;0,0;0,0;0,0;31,86599925;23,84564841;105,59892465;0,0
173;Q;beam_x;60x80;0,0;-0,0;13,76678957;4,86853213;28,300013;0,0;0,0;0,0;11,23321043;-4,86853213;-21,96606516;0,0;0,0;0,0;13,76678957;-4,86853213;-28,300013;0,0;0,0;-0,0;11,23321043;4,86853213;21,96606516;0,0;0,0;0,0;13,76678957;4,86853213;28,300013;0,0;0,0;0,0;11,23321043;4,86853213;21,96606516;0,0
174;Q;beam_y;60x80;-0,0;0,0;48,08835339;60,17874944;-5,08699428;0,0;0,0;0,0;46,91164661;-55,91318736;5,08699428;0,0;0,0;0,0;48,08835339;-5,08699428;-60,17874944;0,0;0,0;-0,0;46,91164661;5,08699428;55,91318736;0,0;0,0;0,0;48,08835339;5,08699428;60,17874944;0,0;0,0;0,0;46,91164661;5,08699428;55,91318736;0,0
175;Q;beam_y;60x80;0,0;0,0;67,22812568;91,92302912;-0,4224577;-0,0;-0,0;0,0;60,77187432;-63,19271056;0,4224577;-0,0;0,0;-0,0;67,22812568;-0,4224577;-91,92302912;-0,0;0,0;0,0;60,77187432;0,4224577;63,19271056;-0,0;0,0;0,0;67,22812568;0,4224577;91,92302912;0,0;0,0;0,0;60,77187432;0,4224577;63,19271056;0,0
176;Q;beam_y;60x80;-0,0;0,0;48,98767985;63,60633985;5,39402285;0,0;0,0;0,0;46,01232015;-52,82066094;-5,39402285;0,0;0,0;0,0;48,98767985;5,39402285;-63,60633985;0,0;0,0;-0,0;46,01232015;-5,39402285;52,82066094;0,0;0,0;0,0;48,98767985;5,39402285;63,60633985;0,0;0,0;0,0;46,01232015;5,39402285;52,82066094;0,0
177;Q;beam_y;60x80;0,0;0,0;67,32116901;92,20147177;0,72094366;-0,0;-0,0;0,0;60,67883099;-62,64306762;-0,72094366;-0,0;0,0;-0,0;67,32116901;0,72094366;-92,20147177;-0,0;0,0;0,0;60,67883099;-0,72094366;62,64306762;-0,0;0,0;0,0;67,32116901;0,72094366;92,20147177;0,0;0,0;0,0;60,67883099;0,72094366;62,64306762;0,0
178;Q;beam_y;60x80;-0,0;0,0;47,95171674;56,16532105;-7,03838953;0,0;0,0;0,0;47,04828326;-52,89037471;7,03838953;0,0;0,0;0,0;47,95171674;-7,03838953;-56,16532105;0,0;0,0;-0,0;47,04828326;7,03838953;52,89037471;0,0;0,0;0,0;47,95171674;7,03838953;56,16532105;0,0;0,0;0,0;47,04828326;7,03838953;52,89037471;0,0
179;Q;beam_y;60x80;0,0;0,0;67,66609561;96,42639183;4,82499712;-0,0;-0,0;0,0;60,33390439;-63,79814089;-4,82499712;-0,0;0,0;-0,0;67,66609561;4,82499712;-96,42639183;-0,0;0,0;0,0;60,33390439;-4,82499712;63,79814089;-0,0;0,0;0,0;67,66609561;4,82499712;96,42639183;0,0;0,0;0,0;60,33390439;4,82499712;63,79814089;0,0
180;Q;beam_y;60x80;-0,0;0,0;40,32585834;50,05680688;0,68487739;0,0;0,0;0,0;37,64664166;-40,34464642;-0,68487739;0,0;0,0;0,0;40,32585834;0,68487739;-50,05680688;0,0;0,0;-0,0;37,64664166;-0,68487739;40,34464642;0,0;0,0;0,0;40,32585834;0,68487739;50,05680688;0,0;0,0;0,0;37,64664166;0,68487739;40,34464642;0,0
181;Q;beam_y;60x80;0,0;0,0;54,83975803;80,23091972;-0,16132552;-0,0;-0,0;0,0;48,04774197;-50,00644825;0,16132552;-0,0;0,0;-0,0;54,83975803;-0,16132552;-80,23091972;-0,0;0,0;0,0;48,04774197;0,16132552;50,00644825;-0,0;0,0;0,0;54,83975803;0,16132552;80,23091972;0,0;0,0;0,0;48,04774197;0,16132552;50,00644825;0,0
182;Q;beam_x;60x80;0,0;0,0;68,2185109;14,97397688;130,9593844;-0,0;0,0;-0,0;-27,0968109;-14,97397688;107,32892011;-0,0;0,0;-0,0;68,2185109;-14,97397688;-130,9593844;-0,0;0,0;0,0;-27,0968109;14,97397688;-107,32892011;-0,0;0,0;0,0;68,2185109;14,97397688;130,9593844;0,0;0,0;0,0;27,0968109;14,97397688;107,32892011;0,0
183;Q;beam_x;60x80;0,0;0,0;94,86252645;6,83426551;186,36881621;-0,0;0,0;-0,0;-51,11242645;-6,83426551;178,56856603;-0,0;0,0;-0,0;94,86252645;-6,83426551;-186,36881621;-0,0;0,0;0,0;-51,11242645;6,83426551;-178,56856603;-0,0;0,0;0,0;94,86252645;6,83426551;186,36881621;0,0;0,0;0,0;51,11242645;6,83426551;178,56856603;0,0
184;Q;beam_x;60x80;0,0;0,0;53,70589994;-29,83103062;107,67445228;-0,0;0,0;-0,0;-28,70589994;29,83103062;98,35504742;-0,0;0,0;-0,0;53,70589994;29,83103062;-107,67445228;-0,0;0,0;0,0;-28,70589994;-29,83103062;-98,35504742;-0,0;0,0;0,0;53,70589994;29,83103062;107,67445228;0,0;0,0;0,0;28,70589994;29,83103062;98,35504742;0,0
185;Q;beam_x;60x80;0,0;0,0;64,39398115;16,83503966;120,17133713;-0,0;0,0;-0,0;-23,27228115;-16,83503966;98,99431861;-0,0;0,0;-0,0;64,39398115;-16,83503966;-120,17133713;-0,0;0,0;0,0;-23,27228115;16,83503966;-98,99431861;-0,0;0,0;0,0;64,39398115;16,83503966;120,17133713;0,0;0,0;0,0;23,27228115;16,83503966;98,99431861;0,0
186;Q;beam_x;60x80;0,0;0,0;94,51454607;9,24050708;188,81914377;-0,0;0,0;-0,0;-50,76444607;-9,24050708;174,37833657;-0,0;0,0;-0,0;94,51454607;-9,24050708;-188,81914377;-0,0;0,0;0,0;-50,76444607;9,24050708;-174,37833657;-0,0;0,0;0,0;94,51454607;9,24050708;188,81914377;0,0;0,0;0,0;50,76444607;9,24050708;174,37833657;0,0
187;Q;beam_x;60x80;0,0;0,0;53,39399033;-31,31378614;104,7062176;-0,0;0,0;-0,0;-28,39399033;31,31378614;99,76373405;-0,0;0,0;-0,0;53,39399033;31,31378614;-104,7062176;-0,0;0,0;0,0;-28,39399033;-31,31378614;-99,76373405;-0,0;0,0;0,0;53,39399033;31,31378614;104,7062176;0,0;0,0;0,0;28,39399033;31,31378614;99,76373405;0,0
188;Q;beam_x;60x80;0,0;-0,0;75,9515989;28,91842219;118,85808881;0,0;-0,0;0,0;-66,5971989;-28,91842219;37,94558878;0,0;0,0;0,0;75,9515989;-28,91842219;-118,85808881;0,0;0,0;-0,0;-66,5971989;28,91842219;-37,94558878;0,0;0,0;0,0;75,9515989;28,91842219;118,85808881;0,0;0,0;0,0;66,5971989;28,91842219;37,94558878;0,0
189;Q;beam_x;60x80;0,0;-0,0;114,11820988;3,46179952;200,08782044;0,0;-0,0;0,0;-94,82860988;-3,46179952;29,75368129;0,0;0,0;0,0;114,11820988;-3,46179952;-200,08782044;0,0;0,0;-0,0;-94,82860988;3,46179952;-29,75368129;0,0;0,0;0,0;114,11820988;3,46179952;200,08782044;0,0;0,0;0,0;94,82860988;3,46179952;29,75368129;0,0
190;Q;beam_x;60x80;0,0;-0,0;53,38647961;-33,22373913;102,71423774;0,0;-0,0;0,0;-28,38647961;33,22373913;101,71816032;0,0;0,0;0,0;53,38647961;33,22373913;-102,71423774;0,0;0,0;-0,0;-28,38647961;-33,22373913;-101,71816032;0,0;0,0;0,0;53,38647961;33,22373913;102,71423774;0,0;0,0;0,0;28,38647961;33,22373913;101,71816032;0,0
191;Q;beam_x;60x80;0,0;0,0;45,23730736;20,03356133;85,64291503;-0,0;0,0;-0,0;-20,23730736;-20,03356133;78,04362178;-0,0;0,0;-0,0;45,23730736;-20,03356133;-85,64291503;-0,0;0,0;0,0;-20,23730736;20,03356133;-78,04362178;-0,0;0,0;0,0;45,23730736;20,03356133;85,64291503;0,0;0,0;0,0;20,23730736;20,03356133;78,04362178;0,0
192;Q;beam_x;60x80;0,0;0,0;101,95464217;9,04643565;200,07991602;-0,0;0,0;-0,0;-51,95464217;-9,04643565;184,69329484;-0,0;0,0;-0,0;101,95464217;-9,04643565;-200,07991602;-0,0;0,0;0,0;-51,95464217;9,04643565;-184,69329484;-0,0;0,0;0,0;101,95464217;9,04643565;200,07991602;0,0;0,0;0,0;51,95464217;9,04643565;184,69329484;0,0
193;Q;beam_x;60x80;0,0;0,0;52,43277064;-26,52109625;98,33794918;-0,0;0,0;-0,0;-27,43277064;26,52109625;101,32590404;-0,0;0,0;-0,0;52,43277064;26,52109625;-98,33794918;-0,0;0,0;0,0;-27,43277064;-26,52109625;-101,32590404;-0,0;0,0;0,0;52,43277064;26,52109625;98,33794918;0,0;0,0;0,0;27,43277064;26,52109625;101,32590404;0,0
194;Q;beam_x;60x80;0,0;0,0;19,67296799;18,34647625;28,35090635;-0,0;0,0;-0,0;-13,29541799;-18,34647625;13,68378578;-0,0;0,0;-0,0;19,67296799;-18,34647625;-28,35090635;-0,0;0,0;0,0;-13,29541799;18,34647625;-13,68378578;-0,0;0,0;0,0;19,67296799;18,34647625;28,35090635;0,0;0,0;0,0;13,29541799;18,34647625;13,68378578;0,0
195;Q;beam_x;60x80;0,0;0,0;42,61510899;10,60073419;59,42410805;-0,0;0,0;-0,0;-29,86000899;-10,60073419;32,98166738;-0,0;0,0;-0,0;42,61510899;-10,60073419;-59,42410805;-0,0;0,0;0,0;-29,86000899;10,60073419;-32,98166738;-0,0;0,0;0,0;42,61510899;10,60073419;59,42410805;0,0;0,0;0,0;29,86000899;10,60073419;32,98166738;0,0
196;Q;beam_x;60x80;0,0;0,0;23,04636177;-24,6395616;33,63048616;-0,0;0,0;-0,0;-16,66881177;24,6395616;17,00636009;-0,0;0,0;-0,0;23,04636177;24,6395616;-33,63048616;-0,0;0,0;0,0;-16,66881177;-24,6395616;-17,00636009;-0,0;0,0;0,0;23,04636177;24,6395616;33,63048616;0,0;0,0;0,0;16,66881177;24,6395616;17,00636009;0,0
197;Q;beam_x;60x80;0,0;0,0;11,20417071;6,5739522;17,02499253;-0,0;0,0;-0,0;-4,82662071;-6,5739522;3,41426653;-0,0;0,0;-0,0;11,20417071;-6,5739522;-17,02499253;-0,0;0,0;0,0;-4,82662071;6,5739522;-3,41426653;-0,0;0,0;0,0;11,20417071;6,5739522;17,02499253;0,0;0,0;0,0;4,82662071;6,5739522;3,41426653;0,0
198;Q;beam_x;60x80;0,0;0,0;22,57149618;2,94457281;33,28669845;-0,0;0,0;-0,0;-9,81639618;-2,94457281;8,00786431;-0,0;0,0;-0,0;22,57149618;-2,94457281;-33,28669845;-0,0;0,0;0,0;-9,81639618;2,94457281;-8,00786431;-0,0;0,0;0,0;22,57149618;2,94457281;33,28669845;0,0;0,0;0,0;9,81639618;2,94457281;8,00786431;0,0
199;Q;beam_x;60x80;0,0;0,0;12,76646938;-8,21555908;19,83366979;-0,0;0,0;-0,0;-6,38891938;8,21555908;4,58945088;-0,0;0,0;-0,0;12,76646938;8,21555908;-19,83366979;-0,0;0,0;0,0;-6,38891938;-8,21555908;-4,58945088;-0,0;0,0;0,0;12,76646938;8,21555908;19,83366979;0,0;0,0;0,0;6,38891938;8,21555908;4,58945088;0,0
200;Q;beam_y;60x80;0,0;0,0;15,58271946;17,84462644;-0,17077883;-0,0;-0,0;0,0;13,93978054;-11,88897288;0,17077883;-0,0;0,0;-0,0;15,58271946;-0,17077883;-17,84462644;-0,0;0,0;0,0;13,93978054;0,17077883;11,88897288;-0,0;0,0;0,0;15,58271946;0,17077883;17,84462644;0,0;0,0;0,0;13,93978054;0,17077883;11,88897288;0,0
201;Q;beam_y;60x80;0,0;0,0;20,65880804;24,68879172;0,45068574;0,0;0,0;0,0;16,94869196;-8,1787752;-0,45068574;0,0;0,0;0,0;20,65880804;0,45068574;-24,68879172;0,0;0,0;0,0;16,94869196;-0,45068574;8,1787752;0,0;0,0;0,0;20,65880804;0,45068574;24,68879172;0,0;0,0;0,0;16,94869196;0,45068574;8,1787752;0,0
202;Q;beam_y;60x80;-0,0;0,0;14,58996906;13,8591909;1,48042486;0,0;0,0;0,0;14,93253094;-15,10097771;-1,48042486;0,0;0,0;0,0;14,58996906;1,48042486;-13,8591909;0,0;0,0;-0,0;14,93253094;-1,48042486;15,10097771;0,0;0,0;0,0;14,58996906;1,48042486;13,8591909;0,0;0,0;0,0;14,93253094;1,48042486;15,10097771;0,0
203;Q;beam_y;60x80;0,0;0,0;21,07246636;24,65341836;-0,72607177;-0,0;-0,0;0,0;16,53503364;-4,46184274;0,72607177;-0,0;0,0;-0,0;21,07246636;-0,72607177;-24,65341836;-0,0;0,0;0,0;16,53503364;0,72607177;4,46184274;-0,0;0,0;0,0;21,07246636;0,72607177;24,65341836;0,0;0,0;0,0;16,53503364;0,72607177;4,46184274;0,0
204;Q;beam_y;60x80;-0,0;0,0;36,50273254;34,15459966;-5,06814313;0,0;0,0;0,0;40,90216746;-50,10255127;5,06814313;0,0;0,0;0,0;36,50273254;-5,06814313;-34,15459966;0,0;0,0;-0,0;40,90216746;5,06814313;50,10255127;0,0;0,0;0,0;36,50273254;5,06814313;34,15459966;0,0;0,0;0,0;40,90216746;5,06814313;50,10255127;0,0
205;Q;beam_y;60x80;0,0;0,0;66,14324997;76,62506178;0,24742047;-0,0;-0,0;0,0;61,85675003;-57,55013708;-0,24742047;-0,0;0,0;-0,0;66,14324997;0,24742047;-76,62506178;-0,0;0,0;0,0;61,85675003;-0,24742047;57,55013708;-0,0;0,0;0,0;66,14324997;0,24742047;76,62506178;0,0;0,0;0,0;61,85675003;0,24742047;57,55013708;0,0
206;Q;beam_y;60x80;-0,0;0,0;46,56694828;45,41763104;0,93554017;0,0;0,0;0,0;48,43305172;-52,18225603;-0,93554017;0,0;0,0;0,0;46,56694828;0,93554017;-45,41763104;0,0;0,0;-0,0;48,43305172;-0,93554017;52,18225603;0,0;0,0;0,0;46,56694828;0,93554017;45,41763104;0,0;0,0;0,0;48,43305172;0,93554017;52,18225603;0,0
207;Q;beam_y;60x80;0,0;0,0;65,17025488;72,67997074;0,04567329;-0,0;-0,0;0,0;62,82974512;-62,26470235;-0,04567329;-0,0;0,0;-0,0;65,17025488;0,04567329;-72,67997074;-0,0;0,0;0,0;62,82974512;-0,04567329;62,26470235;-0,0;0,0;0,0;65,17025488;0,04567329;72,67997074;0,0;0,0;0,0;62,82974512;0,04567329;62,26470235;0,0
208;Q;beam_y;60x80;-0,0;0,0;47,61737604;48,51156428;0,10835976;0,0;0,0;0,0;47,38262396;-47,66058797;-0,10835976;0,0;0,0;0,0;47,61737604;0,10835976;-48,51156428;0,0;0,0;-0,0;47,38262396;-0,10835976;47,66058797;0,0;0,0;0,0;47,61737604;0,10835976;48,51156428;0,0;0,0;0,0;47,38262396;0,10835976;47,66058797;0,0
209;Q;beam_y;60x80;0,0;0,0;65,2464826;69,97300451;0,2869593;-0,0;-0,0;0,0;62,7535174;-58,87930939;-0,2869593;-0,0;0,0;-0,0;65,2464826;0,2869593;-69,97300451;-0,0;0,0;0,0;62,7535174;-0,2869593;58,87930939;-0,0;0,0;0,0;65,2464826;0,2869593;69,97300451;0,0;0,0;0,0;62,7535174;0,2869593;58,87930939;0,0
210;Q;beam_y;60x80;0,0;0,0;48,39494856;50,83583936;0,61599078;-0,0;-0,0;0,0;46,60505144;-44,34746232;-0,61599078;-0,0;0,0;-0,0;48,39494856;0,61599078;-50,83583936;-0,0;0,0;0,0;46,60505144;-0,61599078;44,34746232;-0,0;0,0;0,0;48,39494856;0,61599078;50,83583936;0,0;0,0;0,0;46,60505144;0,61599078;44,34746232;0,0
211;Q;beam_y;60x80;0,0;0,0;64,69545796;68,19955319;0,51461855;0,0;0,0;0,0;63,30454204;-62,00997732;-0,51461855;0,0;0,0;0,0;64,69545796;0,51461855;-68,19955319;0,0;0,0;0,0;63,30454204;-0,51461855;62,00997732;0,0;0,0;0,0;64,69545796;0,51461855;68,19955319;0,0;0,0;0,0;63,30454204;0,51461855;62,00997732;0,0
212;Q;beam_y;60x80;-0,0;0,0;47,77867004;48,2236414;0,89495047;0,0;0,0;0,0;47,22132996;-46,20328363;-0,89495047;0,0;0,0;0,0;47,77867004;0,89495047;-48,2236414;0,0;0,0;-0,0;47,22132996;-0,89495047;46,20328363;0,0;0,0;0,0;47,77867004;0,89495047;48,2236414;0,0;0,0;0,0;47,22132996;0,89495047;46,20328363;0,0
213;Q;beam_y;60x80;0,0;0,0;65,70001909;66,80877477;0,13711495;-0,0;-0,0;0,0;62,29998091;-51,67860485;-0,13711495;-0,0;0,0;-0,0;65,70001909;0,13711495;-66,80877477;-0,0;0,0;0,0;62,29998091;-0,13711495;51,67860485;-0,0;0,0;0,0;65,70001909;0,13711495;66,80877477;0,0;0,0;0,0;62,29998091;0,13711495;51,67860485;0,0
214;Q;beam_y;60x80;-0,0;0,0;45,74059014;41,78715239;-0,57211624;0,0;0,0;0,0;49,25940986;-54,54287388;0,57211624;0,0;0,0;0,0;45,74059014;-0,57211624;-41,78715239;0,0;0,0;-0,0;49,25940986;0,57211624;54,54287388;0,0;0,0;0,0;45,74059014;0,57211624;41,78715239;0,0;0,0;0,0;49,25940986;0,57211624;54,54287388;0,0
215;Q;beam_y;60x80;0,0;0,0;66,18947652;74,89837993;-0,27708384;-0,0;-0,0;0,0;61,81052348;-55,41203894;0,27708384;-0,0;0,0;-0,0;66,18947652;-0,27708384;-74,89837993;-0,0;0,0;0,0;61,81052348;0,27708384;55,41203894;-0,0;0,0;0,0;66,18947652;0,27708384;74,89837993;0,0;0,0;0,0;61,81052348;0,27708384;55,41203894;0,0
216;Q;beam_y;60x80;-0,0;0,0;47,94232489;60,43181608;-0,15348654;0,0;0,0;0,0;47,05767511;-57,22496062;0,15348654;0,0;0,0;0,0;47,94232489;-0,15348654;-60,43181608;0,0;0,0;-0,0;47,05767511;0,15348654;57,22496062;0,0;0,0;0,0;47,94232489;0,15348654;60,43181608;0,0;0,0;0,0;47,05767511;0,15348654;57,22496062;0,0
217;Q;beam_y;60x80;0,0;0,0;65,86053817;74,25759866;-0,17360389;-0,0;-0,0;0,0;62,13946183;-57,6988089;0,17360389;-0,0;0,0;-0,0;65,86053817;-0,17360389;-74,25759866;-0,0;0,0;0,0;62,13946183;0,17360389;57,6988089;-0,0;0,0;0,0;65,86053817;0,17360389;74,25759866;0,0;0,0;0,0;62,13946183;0,17360389;57,6988089;0,0
218;Q;beam_y;60x80;0,0;0,0;45,32681283;40,81645175;0,35784629;-0,0;-0,0;0,0;49,67318717;-56,57205874;-0,35784629;-0,0;0,0;-0,0;45,32681283;0,35784629;-40,81645175;-0,0;0,0;0,0;49,67318717;-0,35784629;56,57205874;-0,0;0,0;0,0;45,32681283;0,35784629;40,81645175;0,0;0,0;0,0;49,67318717;0,35784629;56,57205874;0,0
219;Q;beam_y;60x80;0,0;0,0;65,34090238;72,8422866;0,04988728;0,0;0,0;0,0;62,65909762;-60,90825546;-0,04988728;0,0;0,0;0,0;65,34090238;0,04988728;-72,8422866;0,0;0,0;0,0;62,65909762;-0,04988728;60,90825546;0,0;0,0;0,0;65,34090238;0,04988728;72,8422866;0,0;0,0;0,0;62,65909762;0,04988728;60,90825546;0,0
220;Q;beam_y;60x80;-0,0;0,0;43,75924587;36,11273131;0,40586039;0,0;0,0;0,0;51,24075413;-63,23319873;-0,40586039;0,0;0,0;0,0;43,75924587;0,40586039;-36,11273131;0,0;0,0;-0,0;51,24075413;-0,40586039;63,23319873;0,0;0,0;0,0;43,75924587;0,40586039;36,11273131;0,0;0,0;0,0;51,24075413;0,40586039;63,23319873;0,0
221;Q;beam_y;60x80;0,0;0,0;66,79537617;73,8403136;-0,00622574;-0,0;-0,0;0,0;61,20462383;-48,96146566;0,00622574;-0,0;0,0;-0,0;66,79537617;-0,00622574;-73,8403136;-0,0;0,0;0,0;61,20462383;0,00622574;48,96146566;-0,0;0,0;0,0;66,79537617;0,00622574;73,8403136;0,0;0,0;0,0;61,20462383;0,00622574;48,96146566;0,0
222;Q;beam_y;60x80;-0,0;0,0;37,76519844;38,03939501;-3,01990678;0,0;0,0;0,0;39,63970156;-44,83446883;3,01990678;0,0;0,0;0,0;37,76519844;-3,01990678;-38,03939501;0,0;0,0;-0,0;39,63970156;3,01990678;44,83446883;0,0;0,0;0,0;37,76519844;3,01990678;38,03939501;0,0;0,0;0,0;39,63970156;3,01990678;44,83446883;0,0
223;Q;beam_y;60x80;0,0;0,0;65,37048222;72,23179817;-0,29766678;-0,0;-0,0;0,0;62,62951778;-60,0345064;0,29766678;-0,0;0,0;-0,0;65,37048222;-0,29766678;-72,23179817;-0,0;0,0;0,0;62,62951778;0,29766678;60,0345064;-0,0;0,0;0,0;65,37048222;0,29766678;72,23179817;0,0;0,0;0,0;62,62951778;0,29766678;60,0345064;0,0
224;Q;beam_y;60x80;0,0;0,0;40,16971679;39,62482387;-0,779824;-0,0;-0,0;0,0;40,09028321;-39,33687715;0,779824;-0,0;0,0;-0,0;40,16971679;-0,779824;-39,62482387;-0,0;0,0;0,0;40,09028321;0,779824;39,33687715;-0,0;0,0;0,0;40,16971679;0,779824;39,62482387;0,0;0,0;0,0;40,09028321;0,779824;39,33687715;0,0
225;Q;beam_y;60x80;0,0;0,0;64,44423209;67,45488619;1,82703519;0,0;0,0;0,0;63,55576791;-63,50122059;-1,82703519;0,0;0,0;0,0;64,44423209;1,82703519;-67,45488619;0,0;0,0;0,0;63,55576791;-1,82703519;63,50122059;0,0;0,0;0,0;64,44423209;1,82703519;67,45488619;0,0;0,0;0,0;63,55576791;1,82703519;63,50122059;0,0
226;Q;beam_y;60x80;-0,0;0,0;47,35142175;46,51324209;-1,976751;0,0;0,0;0,0;47,64857825;-47,5904344;1,976751;0,0;0,0;0,0;47,35142175;-1,976751;-46,51324209;0,0;0,0;-0,0;47,64857825;1,976751;47,5904344;0,0;0,0;0,0;47,35142175;1,976751;46,51324209;0,0;0,0;0,0;47,64857825;1,976751;47,5904344;0,0
227;Q;beam_y;60x80;0,0;0,0;65,72225611;66,53740254;0,32174967;-0,0;-0,0;0,0;62,27774389;-51,20932313;-0,32174967;-0,0;0,0;-0,0;65,72225611;0,32174967;-66,53740254;-0,0;0,0;0,0;62,27774389;-0,32174967;51,20932313;-0,0;0,0;0,0;65,72225611;0,32174967;66,53740254;0,0;0,0;0,0;62,27774389;0,32174967;51,20932313;0,0
228;Q;beam_y;40x60;0,0;0,0;29,63664669;33,92802764;0,77544536;-0,0;-0,0;0,0;30,35835331;-36,54421411;-0,77544536;-0,0;0,0;-0,0;29,63664669;0,77544536;-33,92802764;-0,0;0,0;0,0;30,35835331;-0,77544536;36,54421411;-0,0;0,0;0,0;29,63664669;0,77544536;33,92802764;0,0;0,0;0,0;30,35835331;0,77544536;36,54421411;0,0
229;Q;beam_y;40x60;0,0;0,0;39,2358982;56,93913453;-0,43347374;0,0;0,0;0,0;37,2591018;-48,14239052;0,43347374;0,0;0,0;0,0;39,2358982;-0,43347374;-56,93913453;0,0;0,0;0,0;37,2591018;0,43347374;48,14239052;0,0;0,0;0,0;39,2358982;0,43347374;56,93913453;0,0;0,0;0,0;37,2591018;0,43347374;48,14239052;0,0
230;Q;beam_y;40x60;-0,0;0,0;29,96186129;35,23604158;0,65340016;0,0;0,0;0,0;30,03313871;-35,49442222;-0,65340016;0,0;0,0;0,0;29,96186129;0,65340016;-35,23604158;0,0;0,0;-0,0;30,03313871;-0,65340016;35,49442222;0,0;0,0;0,0;29,96186129;0,65340016;35,23604158;0,0;0,0;0,0;30,03313871;0,65340016;35,49442222;0,0
231;Q;beam_y;40x60;0,0;0,0;39,36034017;57,6741445;-0,35227759;-0,0;-0,0;0,0;37,13465983;-47,76986697;0,35227759;-0,0;0,0;-0,0;39,36034017;-0,35227759;-57,6741445;-0,0;0,0;0,0;37,13465983;0,35227759;47,76986697;-0,0;0,0;0,0;39,36034017;0,35227759;57,6741445;0,0;0,0;0,0;37,13465983;0,35227759;47,76986697;0,0
232;Q;beam_y;60x80;-0,0;0,0;31,48113354;36,81482927;-13,33841109;0,0;0,0;0,0;28,51866646;-26,07588612;13,33841109;0,0;0,0;0,0;31,48113354;-13,33841109;-36,81482927;0,0;0,0;-0,0;28,51866646;13,33841109;26,07588612;0,0;0,0;0,0;31,48113354;13,33841109;36,81482927;0,0;0,0;0,0;28,51866646;13,33841109;26,07588612;0,0
233;Q;beam_y;60x80;0,0;0,0;23,80506468;-52,39301268;12,40923107;0,0;-0,0;-0,0;-6,83066468;-10,7165898;-12,40923107;0,0;0,0;0,0;23,80506468;-12,40923107;-52,39301268;0,0;0,0;-0,0;-6,83066468;12,40923107;-10,7165898;0,0;0,0;0,0;23,80506468;12,40923107;52,39301268;0,0;0,0;0,0;6,83066468;12,40923107;10,7165898;0,0
234;Q;beam_x;60x80;0,0;-0,0;28,5569854;2,30052422;29,39476037;0,0;0,0;0,0;16,1862146;-2,30052422;16,93377631;0,0;0,0;0,0;28,5569854;-2,30052422;-29,39476037;0,0;0,0;-0,0;16,1862146;2,30052422;-16,93377631;0,0;0,0;0,0;28,5569854;2,30052422;29,39476037;0,0;0,0;0,0;16,1862146;2,30052422;16,93377631;0,0
235;Q;beam_y;60x80;-0,0;0,0;-3,38794723;-1,31895162;-29,67387205;0,0;0,0;0,0;20,36234723;-47,60665496;29,67387205;0,0;0,0;0,0;-3,38794723;-29,67387205;1,31895162;0,0;0,0;-0,0;20,36234723;29,67387205;47,60665496;0,0;0,0;0,0;3,38794723;29,67387205;1,31895162;0,0;0,0;0,0;20,36234723;29,67387205;47,60665496;0,0
236;Q;beam_y;60x80;-0,0;0,0;33,49737635;44,60611591;-14,12507308;0,0;0,0;0,0;26,50242365;-19,24941233;14,12507308;0,0;0,0;0,0;33,49737635;-14,12507308;-44,60611591;0,0;0,0;-0,0;26,50242365;14,12507308;19,24941233;0,0;0,0;0,0;33,49737635;14,12507308;44,60611591;0,0;0,0;0,0;26,50242365;14,12507308;19,24941233;0,0
237;Q;beam_y;60x80;-0,0;0,0;18,30879356;-36,24067273;13,34677564;-0,0;0,0;0,0;-1,33439356;-4,22429274;-13,34677564;-0,0;0,0;-0,0;18,30879356;-13,34677564;-36,24067273;-0,0;0,0;0,0;-1,33439356;13,34677564;-4,22429274;-0,0;0,0;0,0;18,30879356;13,34677564;36,24067273;0,0;0,0;0,0;1,33439356;13,34677564;4,22429274;0,0
238;Q;beam_x;60x80;0,0;-0,0;26,8190329;-0,0241078;24,90200179;0,0;0,0;0,0;17,9241671;0,0241078;8,40927063;0,0;0,0;0,0;26,8190329;0,0241078;-24,90200179;0,0;0,0;-0,0;17,9241671;-0,0241078;-8,40927063;0,0;0,0;0,0;26,8190329;0,0241078;24,90200179;0,0;0,0;0,0;17,9241671;0,0241078;8,40927063;0,0
239;Q;beam_y;60x80;0,0;0,0;-3,95546555;-2,25884834;-28,03906172;-0,0;-0,0;0,0;20,92986555;-49,00493373;28,03906172;-0,0;0,0;-0,0;-3,95546555;-28,03906172;2,25884834;-0,0;0,0;0,0;20,92986555;28,03906172;49,00493373;-0,0;0,0;0,0;3,95546555;28,03906172;2,25884834;0,0;0,0;0,0;20,92986555;28,03906172;49,00493373;0,0
240;Q;beam_x;30x45;0,0;0,0;12,83557948;0,66549403;15,79128627;-0,0;0,0;-0,0;5,71282052;-0,66549403;2,01561115;-0,0;0,0;-0,0;12,83557948;-0,66549403;-15,79128627;-0,0;0,0;0,0;5,71282052;0,66549403;-2,01561115;-0,0;0,0;0,0;12,83557948;0,66549403;15,79128627;0,0;0,0;0,0;5,71282052;0,66549403;2,01561115;0,0
241;Q;beam_x;30x45;0,0;-0,0;5,67942182;-0,55569497;-2,23386599;0,0;0,0;0,0;12,86897818;0,55569497;-15,74002491;0,0;0,0;0,0;5,67942182;0,55569497;2,23386599;0,0;0,0;-0,0;12,86897818;-0,55569497;15,74002491;0,0;0,0;0,0;5,67942182;0,55569497;2,23386599;0,0;0,0;0,0;12,86897818;0,55569497;15,74002491;0,0
242;Q;beam_y;60x80;-0,0;0,0;18,88717948;-38,3534995;15,79128627;-0,0;0,0;0,0;-12,83557948;-0,66549403;-15,79128627;-0,0;0,0;-0,0;18,88717948;-15,79128627;-38,3534995;-0,0;0,0;0,0;-12,83557948;15,79128627;-0,66549403;-0,0;0,0;0,0;18,88717948;15,79128627;38,3534995;0,0;0,0;0,0;12,83557948;15,79128627;0,66549403;0,0
243;Q;beam_y;60x80;-0,0;0,0;23,49544233;-44,13304114;-0,21825484;-0,0;0,0;0,0;-11,39224233;1,221189;0,21825484;-0,0;0,0;-0,0;23,49544233;0,21825484;-44,13304114;-0,0;0,0;0,0;-11,39224233;-0,21825484;1,221189;-0,0;0,0;0,0;23,49544233;0,21825484;44,13304114;0,0;0,0;0,0;11,39224233;0,21825484;1,221189;0,0
244;Q;beam_y;60x80;-0,0;0,0;18,92057818;-38,54545936;-15,74002491;-0,0;0,0;0,0;-12,86897818;-0,55569497;15,74002491;-0,0;0,0;-0,0;18,92057818;15,74002491;-38,54545936;-0,0;0,0;0,0;-12,86897818;-15,74002491;-0,55569497;-0,0;0,0;0,0;18,92057818;15,74002491;38,54545936;0,0;0,0;0,0;12,86897818;15,74002491;0,55569497;0,0
245;Q;beam_y;60x80;0,0;0,0;33,52456634;39,82759179;14,60997177;-0,0;-0,0;0,0;26,29543366;-13,62198582;-14,60997177;-0,0;0,0;-0,0;33,52456634;14,60997177;-39,82759179;-0,0;0,0;0,0;26,29543366;-14,60997177;13,62198582;-0,0;0,0;0,0;33,52456634;14,60997177;39,82759179;0,0;0,0;0,0;26,29543366;14,60997177;13,62198582;0,0
246;Q;beam_y;60x80;-0,0;0,0;5,34831103;0,27020475;9,21785696;-0,0;0,0;0,0;0,63568897;-6,06672987;-9,21785696;-0,0;0,0;-0,0;5,34831103;-9,21785696;0,27020475;-0,0;0,0;0,0;0,63568897;9,21785696;-6,06672987;-0,0;0,0;0,0;5,34831103;9,21785696;0,27020475;0,0;0,0;0,0;0,63568897;9,21785696;6,06672987;0,0
247;Q;beam_x;60x80;0,0;-0,0;-0,63568897;6,06672987;9,21785696;0,0;0,0;0,0;5,47568897;-6,06672987;-15,9403727;0,0;0,0;0,0;-0,63568897;-6,06672987;-9,21785696;0,0;0,0;-0,0;5,47568897;6,06672987;15,9403727;0,0;0,0;0,0;0,63568897;6,06672987;9,21785696;0,0;0,0;0,0;5,47568897;6,06672987;15,9403727;0,0
248;Q;beam_y;60x80;0,0;0,0;-5,47568897;6,06672987;15,9403727;-0,0;-0,0;0,0;11,45968897;-26,89724475;-15,9403727;-0,0;0,0;-0,0;-5,47568897;15,9403727;-6,06672987;-0,0;0,0;0,0;11,45968897;-15,9403727;26,89724475;-0,0;0,0;0,0;5,47568897;15,9403727;6,06672987;0,0;0,0;0,0;11,45968897;15,9403727;26,89724475;0,0
249;Q;beam_y;60x80;-0,0;0,0;21,71363393;-48,80247859;15,4408585;-0,0;0,0;0,0;-4,73923393;-5,69042921;-15,4408585;-0,0;0,0;-0,0;21,71363393;-15,4408585;-48,80247859;-0,0;0,0;0,0;-4,73923393;15,4408585;-5,69042921;-0,0;0,0;0,0;21,71363393;15,4408585;48,80247859;0,0;0,0;0,0;4,73923393;15,4408585;5,69042921;0,0
250;Q;beam_x;60x80;0,0;-0,0;31,70043751;-0,32144568;32,38471488;0,0;0,0;0,0;33,72516249;0,32144568;-42,50833976;0,0;0,0;0,0;31,70043751;0,32144568;-32,38471488;0,0;0,0;-0,0;33,72516249;-0,32144568;42,50833976;0,0;0,0;0,0;31,70043751;0,32144568;32,38471488;0,0;0,0;0,0;33,72516249;0,32144568;42,50833976;0,0
251;Q;beam_y;60x80;0,0;0,0;-5,28273814;-6,40864869;18,54164822;-0,0;-0,0;0,0;22,25713814;-50,32349645;-18,54164822;-0,0;0,0;-0,0;-5,28273814;18,54164822;6,40864869;-0,0;0,0;0,0;22,25713814;-18,54164822;50,32349645;-0,0;0,0;0,0;5,28273814;18,54164822;6,40864869;0,0;0,0;0,0;22,25713814;18,54164822;50,32349645;0,0
252;Q;beam_y;60x80;0,0;0,0;22,09621279;-51,37520413;16,68245403;0,0;-0,0;-0,0;-5,12181279;-4,69392856;-16,68245403;0,0;0,0;0,0;22,09621279;-16,68245403;-51,37520413;0,0;0,0;-0,0;-5,12181279;16,68245403;-4,69392856;0,0;0,0;0,0;22,09621279;16,68245403;51,37520413;0,0;0,0;0,0;5,12181279;16,68245403;4,69392856;0,0
253;Q;beam_x;60x80;0,0;-0,0;31,96800195;-0,32158437;29,58271639;0,0;0,0;0,0;33,45759805;0,32158437;-37,03069686;0,0;0,0;0,0;31,96800195;0,32158437;-29,58271639;0,0;0,0;-0,0;33,45759805;-0,32158437;37,03069686;0,0;0,0;0,0;31,96800195;0,32158437;29,58271639;0,0;0,0;0,0;33,45759805;0,32158437;37,03069686;0,0
254;Q;beam_y;60x80;-0,0;0,0;-5,73890277;-5,4531429;19,19833826;0,0;0,0;0,0;22,71330277;-53,15840051;-19,19833826;0,0;0,0;0,0;-5,73890277;19,19833826;5,4531429;0,0;0,0;-0,0;22,71330277;-19,19833826;53,15840051;0,0;0,0;0,0;5,73890277;19,19833826;5,4531429;0,0;0,0;0,0;22,71330277;19,19833826;53,15840051;0,0
255;Q;column;70x70;-13,90218979;19,27458802;922,92168518;-23,33807593;-15,50838464;0,00801778;13,90218979;-19,27458802;-922,92168518;-45,27945743;-33,98341103;-0,00801778;922,92168518;-19,27458802;-13,90218979;0,00801778;15,50838464;-23,33807593;-922,92168518;19,27458802;13,90218979;-0,00801778;33,98341103;-45,27945743;922,92168518;19,27458802;13,90218979;0,00801778;15,50838464;23,33807593;922,92168518;19,27458802;13,90218979;0,00801778;33,98341103;45,27945743
256;Q;column;70x70;-23,56985702;37,89109631;745,88541168;-68,83494518;-43,07800887;0,023724;23,56985702;-37,89109631;-745,88541168;-66,05735767;-40,83068214;-0,023724;745,88541168;-37,89109631;-23,56985702;0,023724;43,07800887;-68,83494518;-745,88541168;37,89109631;23,56985702;-0,023724;40,83068214;-66,05735767;745,88541168;37,89109631;23,56985702;0,023724;43,07800887;68,83494518;745,88541168;37,89109631;23,56985702;0,023724;40,83068214;66,05735767
257;Q;column;70x70;-21,41544949;43,16277352;561,5579803;-75,46987211;-36,99446233;-0,09480674;21,41544949;-43,16277352;-561,5579803;-78,18960161;-39,24453784;0,09480674;561,5579803;-43,16277352;-21,41544949;-0,09480674;36,99446233;-75,46987211;-561,5579803;43,16277352;21,41544949;0,09480674;39,24453784;-78,18960161;561,5579803;43,16277352;21,41544949;0,09480674;36,99446233;75,46987211;561,5579803;43,16277352;21,41544949;0,09480674;39,24453784;78,18960161
258;Q;column;70x70;-18,67094136;40,42954308;373,84652193;-73,69465923;-33,77425883;-0,11928191;18,67094136;-40,42954308;-373,84652193;-70,23451412;-32,69429243;0,11928191;373,84652193;-40,42954308;-18,67094136;-0,11928191;33,77425883;-73,69465923;-373,84652193;40,42954308;18,67094136;0,11928191;32,69429243;-70,23451412;373,84652193;40,42954308;18,67094136;0,11928191;33,77425883;73,69465923;373,84652193;40,42954308;18,67094136;0,11928191;32,69429243;70,23451412
259;Q;column;70x70;-25,95861542;63,23902647;180,88730168;-99,99257428;-38,4846166;-0,19042857;25,95861542;-63,23902647;-180,88730168;-125,13835996;-53,92805431;0,19042857;180,88730168;-63,23902647;-25,95861542;-0,19042857;38,4846166;-99,99257428;-180,88730168;63,23902647;25,95861542;0,19042857;53,92805431;-125,13835996;180,88730168;63,23902647;25,95861542;0,19042857;38,4846166;99,99257428;180,88730168;63,23902647;25,95861542;0,19042857;53,92805431;125,13835996
260;Q;column;70x70;-21,17885;6,45064692;1907,91874701;-8,12033248;-24,17475541;0,00801778;21,17885;-6,45064692;-1907,91874701;-14,84397054;-51,22195061;-0,00801778;1907,91874701;-6,45064692;-21,17885;0,00801778;24,17475541;-8,12033248;-1907,91874701;6,45064692;21,17885;-0,00801778;51,22195061;-14,84397054;1907,91874701;6,45064692;21,17885;0,00801778;24,17475541;8,12033248;1907,91874701;6,45064692;21,17885;0,00801778;51,22195061;14,84397054
261;Q;column;70x70;-36,96567501;12,93057166;1515,06773781;-23,99737916;-67,63946054;0,023724;36,96567501;-12,93057166;-1515,06773781;-22,03545595;-63,9583425;-0,023724;1515,06773781;-12,93057166;-36,96567501;0,023724;67,63946054;-23,99737916;-1515,06773781;12,93057166;36,96567501;-0,023724;63,9583425;-22,03545595;1515,06773781;12,93057166;36,96567501;0,023724;67,63946054;23,99737916;1515,06773781;12,93057166;36,96567501;0,023724;63,9583425;22,03545595
262;Q;column;70x70;-33,34617859;17,1124994;1135,47383526;-30,15480102;-57,91933928;-0,09480674;33,34617859;-17,1124994;-1135,47383526;-30,76569684;-60,79305649;0,09480674;1135,47383526;-17,1124994;-33,34617859;-0,09480674;57,91933928;-30,15480102;-1135,47383526;17,1124994;33,34617859;0,09480674;60,79305649;-30,76569684;1135,47383526;17,1124994;33,34617859;0,09480674;57,91933928;30,15480102;1135,47383526;17,1124994;33,34617859;0,09480674;60,79305649;30,76569684
263;Q;column;70x70;-28,65705019;13,66571901;762,10063936;-25,42400853;-52,9193074;-0,11928191;28,65705019;-13,66571901;-762,10063936;-23,22595117;-49,09979127;0,11928191;762,10063936;-13,66571901;-28,65705019;-0,11928191;52,9193074;-25,42400853;-762,10063936;13,66571901;28,65705019;0,11928191;49,09979127;-23,22595117;762,10063936;13,66571901;28,65705019;0,11928191;52,9193074;25,42400853;762,10063936;13,66571901;28,65705019;0,11928191;49,09979127;23,22595117
264;Q;column;70x70;-47,3961723;26,48319598;397,49228018;-41,12683036;-68,20052986;-0,19042857;47,3961723;-26,48319598;-397,49228018;-53,15334734;-100,52984354;0,19042857;397,49228018;-26,48319598;-47,3961723;-0,19042857;68,20052986;-41,12683036;-397,49228018;26,48319598;47,3961723;0,19042857;100,52984354;-53,15334734;397,49228018;26,48319598;47,3961723;0,19042857;68,20052986;41,12683036;397,49228018;26,48319598;47,3961723;0,19042857;100,52984354;53,15334734
265;Q;column;70x70;-4,59572346;-25,47778524;973,30500758;29,76807368;-4,53465892;0,00801778;4,59572346;25,47778524;-973,30500758;60,93284178;-11,82611661;-0,00801778;973,30500758;25,47778524;-4,59572346;0,00801778;4,53465892;29,76807368;-973,30500758;-25,47778524;4,59572346;-0,00801778;11,82611661;60,93284178;973,30500758;25,47778524;4,59572346;0,00801778;4,53465892;29,76807368;973,30500758;25,47778524;4,59572346;0,00801778;11,82611661;60,93284178
266;Q;column;70x70;-6,11114484;-47,93026929;782,08056227;86,11255826;-11,38373827;0,023724;6,11114484;47,93026929;-782,08056227;84,51920042;-10,37193737;-0,023724;782,08056227;47,93026929;-6,11114484;0,023724;11,38373827;86,11255826;-782,08056227;-47,93026929;6,11114484;-0,023724;10,37193737;84,51920042;782,08056227;47,93026929;6,11114484;0,023724;11,38373827;86,11255826;782,08056227;47,93026929;6,11114484;0,023724;10,37193737;84,51920042
267;Q;column;70x70;-3,53419488;-44,97178055;589,23443052;77,85166962;-5,00022991;-0,09480674;3,53419488;44,97178055;-589,23443052;82,24786912;-7,58150385;0,09480674;589,23443052;44,97178055;-3,53419488;-0,09480674;5,00022991;77,85166962;-589,23443052;-44,97178055;3,53419488;0,09480674;7,58150385;82,24786912;589,23443052;44,97178055;3,53419488;0,09480674;5,00022991;77,85166962;589,23443052;44,97178055;3,53419488;0,09480674;7,58150385;82,24786912
268;Q;column;70x70;0,45492657;-45,34617818;394,94558879;83,94366324;-0,4207606;-0,11928191;-0,45492657;45,34617818;-394,94558879;77,48873107;2,0402992;0,11928191;394,94558879;45,34617818;0,45492657;-0,11928191;0,4207606;83,94366324;-394,94558879;-45,34617818;-0,45492657;0,11928191;-2,0402992;77,48873107;394,94558879;45,34617818;0,45492657;0,11928191;0,4207606;83,94366324;394,94558879;45,34617818;0,45492657;0,11928191;2,0402992;77,48873107
269;Q;column;70x70;-7,20573136;-70,24429079;199,53523239;104,34368485;-3,57194396;-0,19042857;7,20573136;70,24429079;-199,53523239;145,72599037;-22,08045967;0,19042857;199,53523239;70,24429079;-7,20573136;-0,19042857;3,57194396;104,34368485;-199,53523239;-70,24429079;7,20573136;0,19042857;22,08045967;145,72599037;199,53523239;70,24429079;7,20573136;0,19042857;3,57194396;104,34368485;199,53523239;70,24429079;7,20573136;0,19042857;22,08045967;145,72599037
270;Q;column;70x70;-2,29806315;13,28848875;684,9724998;-16,2778827;-1,73815436;0,00801778;2,29806315;-13,28848875;-684,9724998;-31,02913725;-6,44295047;-0,00801778;684,9724998;-13,28848875;-2,29806315;0,00801778;1,73815436;-16,2778827;-684,9724998;13,28848875;2,29806315;-0,00801778;6,44295047;-31,02913725;684,9724998;13,28848875;2,29806315;0,00801778;1,73815436;16,2778827;684,9724998;13,28848875;2,29806315;0,00801778;6,44295047;31,02913725
271;Q;column;70x70;-4,14638432;26,9536306;555,94613298;-48,79384698;-6,25859098;0,023724;4,14638432;-26,9536306;-555,94613298;-47,16107795;-8,5025372;-0,023724;555,94613298;-26,9536306;-4,14638432;0,023724;6,25859098;-48,79384698;-555,94613298;26,9536306;4,14638432;-0,023724;8,5025372;-47,16107795;555,94613298;26,9536306;4,14638432;0,023724;6,25859098;48,79384698;555,94613298;26,9536306;4,14638432;0,023724;8,5025372;47,16107795
272;Q;column;70x70;-4,96736428;31,66528434;420,91479611;-55,26873979;-8,19711056;-0,09480674;4,96736428;-31,66528434;-420,91479611;-57,45967247;-9,48670628;0,09480674;420,91479611;-31,66528434;-4,96736428;-0,09480674;8,19711056;-55,26873979;-420,91479611;31,66528434;4,96736428;0,09480674;9,48670628;-57,45967247;420,91479611;31,66528434;4,96736428;0,09480674;8,19711056;55,26873979;420,91479611;31,66528434;4,96736428;0,09480674;9,48670628;57,45967247
273;Q;column;70x70;-5,92485837;29,62665462;283,60378257;-53,65677717;-8,4094699;-0,11928191;5,92485837;-29,62665462;-283,60378257;-51,81411329;-12,68302591;0,11928191;283,60378257;-29,62665462;-5,92485837;-0,11928191;8,4094699;-53,65677717;-283,60378257;29,62665462;5,92485837;0,11928191;12,68302591;-51,81411329;283,60378257;29,62665462;5,92485837;0,11928191;8,4094699;53,65677717;283,60378257;29,62665462;5,92485837;0,11928191;12,68302591;51,81411329
274;Q;column;70x70;2,53771865;45,10636997;142,34984047;-72,48985475;0,21694787;-0,19042857;-2,53771865;-45,10636997;-142,34984047;-88,08882232;8,81733052;0,19042857;142,34984047;-45,10636997;2,53771865;-0,19042857;-0,21694787;-72,48985475;-142,34984047;45,10636997;-2,53771865;0,19042857;-8,81733052;-88,08882232;142,34984047;45,10636997;2,53771865;0,19042857;0,21694787;72,48985475;142,34984047;45,10636997;2,53771865;0,19042857;8,81733052;88,08882232
275;Q;column;70x70;-9,28966516;7,25315509;1424,51744378;-9,11595342;-10,06625605;0,00801778;9,28966516;-7,25315509;-1424,51744378;-16,70527869;-23,0049519;-0,00801778;1424,51744378;-7,25315509;-9,28966516;0,00801778;10,06625605;-9,11595342;-1424,51744378;7,25315509;9,28966516;-0,00801778;23,0049519;-16,70527869;1424,51744378;7,25315509;9,28966516;0,00801778;10,06625605;9,11595342;1424,51744378;7,25315509;9,28966516;0,00801778;23,0049519;16,70527869
276;Q;column;70x70;-17,64376543;14,64281658;1131,03688876;-27,02308506;-30,60229515;0,023724;17,64376543;-14,64281658;-1131,03688876;-25,10534195;-32,20950977;-0,023724;1131,03688876;-14,64281658;-17,64376543;0,023724;30,60229515;-27,02308506;-1131,03688876;14,64281658;17,64376543;-0,023724;32,20950977;-25,10534195;1131,03688876;14,64281658;17,64376543;0,023724;30,60229515;27,02308506;1131,03688876;14,64281658;17,64376543;0,023724;32,20950977;25,10534195
277;Q;column;70x70;-17,61326934;17,89131267;846,10329722;-31,47672339;-30,42945362;-0,09480674;17,61326934;-17,89131267;-846,10329722;-32,21634973;-32,27378525;0,09480674;846,10329722;-17,89131267;-17,61326934;-0,09480674;30,42945362;-31,47672339;-846,10329722;17,89131267;17,61326934;0,09480674;32,27378525;-32,21634973;846,10329722;17,89131267;17,61326934;0,09480674;30,42945362;31,47672339;846,10329722;17,89131267;17,61326934;0,09480674;32,27378525;32,21634973
278;Q;column;70x70;-18,21143584;15,05655336;564,77899585;-27,46871398;-30,67429276;-0,11928191;18,21143584;-15,05655336;-564,77899585;-26,13261597;-34,15841882;0,11928191;564,77899585;-15,05655336;-18,21143584;-0,11928191;30,67429276;-27,46871398;-564,77899585;15,05655336;18,21143584;0,11928191;34,15841882;-26,13261597;564,77899585;15,05655336;18,21143584;0,11928191;30,67429276;27,46871398;564,77899585;15,05655336;18,21143584;0,11928191;34,15841882;26,13261597
279;Q;column;70x70;-16,63608325;24,71594295;288,48772562;-39,90157088;-29,15264744;-0,19042857;16,63608325;-24,71594295;-288,48772562;-48,08718601;-30,07180894;0,19042857;288,48772562;-24,71594295;-16,63608325;-0,19042857;29,15264744;-39,90157088;-288,48772562;24,71594295;16,63608325;0,19042857;30,07180894;-48,08718601;288,48772562;24,71594295;16,63608325;0,19042857;29,15264744;39,90157088;288,48772562;24,71594295;16,63608325;0,19042857;30,07180894;48,08718601
280;Q;column;70x70;-2,40817668;-21,65634212;840,27708308;25,18998327;-1,93877007;0,00801778;2,40817668;21,65634212;-840,27708308;51,90659469;-6,63433891;-0,00801778;840,27708308;21,65634212;-2,40817668;0,00801778;1,93877007;25,18998327;-840,27708308;-21,65634212;2,40817668;-0,00801778;6,63433891;51,90659469;840,27708308;21,65634212;2,40817668;0,00801778;1,93877007;25,18998327;840,27708308;21,65634212;2,40817668;0,00801778;6,63433891;51,90659469
281;Q;column;70x70;-4,75716702;-40,38381867;675,89494586;72,58112545;-7,18112907;0,023724;4,75716702;40,38381867;-675,89494586;71,18526901;-9,75438552;-0,023724;675,89494586;40,38381867;-4,75716702;0,023724;7,18112907;72,58112545;-675,89494586;-40,38381867;4,75716702;-0,023724;9,75438552;71,18526901;675,89494586;40,38381867;4,75716702;0,023724;7,18112907;72,58112545;675,89494586;40,38381867;4,75716702;0,023724;9,75438552;71,18526901
282;Q;column;70x70;-4,46288477;-37,55463606;510,06876922;65,31147292;-7,09144375;-0,09480674;4,46288477;37,55463606;-510,06876922;68,38303147;-8,79642603;0,09480674;510,06876922;37,55463606;-4,46288477;-0,09480674;7,09144375;65,31147292;-510,06876922;-37,55463606;4,46288477;0,09480674;8,79642603;68,38303147;510,06876922;37,55463606;4,46288477;0,09480674;7,09144375;65,31147292;510,06876922;37,55463606;4,46288477;0,09480674;8,79642603;68,38303147
283;Q;column;70x70;-6,28530318;-39,07243788;343,90647467;71,56787766;-8,53204341;-0,11928191;6,28530318;39,07243788;-343,90647467;67,53000121;-13,8436359;0,11928191;343,90647467;39,07243788;-6,28530318;-0,11928191;8,53204341;71,56787766;-343,90647467;-39,07243788;6,28530318;0,11928191;13,8436359;67,53000121;343,90647467;39,07243788;6,28530318;0,11928191;8,53204341;71,56787766;343,90647467;39,07243788;6,28530318;0,11928191;13,8436359;67,53000121
284;Q;column;70x70;5,45007864;-54,33524387;175,49287806;83,33538505;3,56075477;-0,19042857;-5,45007864;54,33524387;-175,49287806;110,09808312;15,84152518;0,19042857;175,49287806;54,33524387;5,45007864;-0,19042857;-3,56075477;83,33538505;-175,49287806;-54,33524387;-5,45007864;0,19042857;-15,84152518;110,09808312;175,49287806;54,33524387;5,45007864;0,19042857;3,56075477;83,33538505;175,49287806;54,33524387;5,45007864;0,19042857;15,84152518;110,09808312
285;Q;column;70x70;-19,08816286;4,56624994;963,70136134;-5,95997608;-21,69380666;0,00801778;19,08816286;-4,56624994;-963,70136134;-10,2958737;-46,26005312;-0,00801778;963,70136134;-4,56624994;-19,08816286;0,00801778;21,69380666;-5,95997608;-963,70136134;4,56624994;19,08816286;-0,00801778;46,26005312;-10,2958737;963,70136134;4,56624994;19,08816286;0,00801778;21,69380666;5,95997608;963,70136134;4,56624994;19,08816286;0,00801778;46,26005312;10,2958737
286;Q;column;70x70;-35,3116128;9,74259466;764,23379957;-18,05084345;-63,1956913;0,023724;35,3116128;-9,74259466;-764,23379957;-16,63279354;-62,51365026;-0,023724;764,23379957;-9,74259466;-35,3116128;0,023724;63,1956913;-18,05084345;-764,23379957;9,74259466;35,3116128;-0,023724;62,51365026;-16,63279354;764,23379957;9,74259466;35,3116128;0,023724;63,1956913;18,05084345;764,23379957;9,74259466;35,3116128;0,023724;62,51365026;16,63279354
287;Q;column;70x70;-34,85644084;12,47507808;570,51661878;-21,91162136;-60,2296454;-0,09480674;34,85644084;-12,47507808;-570,51661878;-22,4996566;-63,85928399;0,09480674;570,51661878;-12,47507808;-34,85644084;-0,09480674;60,2296454;-21,91162136;-570,51661878;12,47507808;34,85644084;0,09480674;63,85928399;-22,4996566;570,51661878;12,47507808;34,85644084;0,09480674;60,2296454;21,91162136;570,51661878;12,47507808;34,85644084;0,09480674;63,85928399;22,4996566
288;Q;column;70x70;-33,1041025;10,0119725;381,12104453;-18,09389062;-59,47052577;-0,11928191;33,1041025;-10,0119725;-381,12104453;-17,54873147;-58,38007913;0,11928191;381,12104453;-10,0119725;-33,1041025;-0,11928191;59,47052577;-18,09389062;-381,12104453;10,0119725;33,1041025;0,11928191;58,38007913;-17,54873147;381,12104453;10,0119725;33,1041025;0,11928191;59,47052577;18,09389062;381,12104453;10,0119725;33,1041025;0,11928191;58,38007913;17,54873147
289;Q;column;70x70;-46,69563207;16,24564564;194,89553921;-26,96425742;-71,37234124;-0,19042857;46,69563207;-16,24564564;-194,89553921;-30,87024107;-94,86410893;0,19042857;194,89553921;-16,24564564;-46,69563207;-0,19042857;71,37234124;-26,96425742;-194,89553921;16,24564564;46,69563207;0,19042857;94,86410893;-30,87024107;194,89553921;16,24564564;46,69563207;0,19042857;71,37234124;26,96425742;194,89553921;16,24564564;46,69563207;0,19042857;94,86410893;30,87024107
290;Q;column;70x70;24,08676106;-8,67412179;381,992145;9,87103763;29,50188938;0,00801778;-24,08676106;8,67412179;-381,992145;21,00883595;56,24697998;-0,00801778;381,992145;8,67412179;24,08676106;0,00801778;-29,50188938;9,87103763;-381,992145;-8,67412179;-24,08676106;-0,00801778;-56,24697998;21,00883595;381,992145;8,67412179;24,08676106;0,00801778;29,50188938;9,87103763;381,992145;8,67412179;24,08676106;0,00801778;56,24697998;21,00883595
291;Q;column;70x70;44,02184654;-16,14484907;309,08814527;28,49504455;82,14395981;0,023724;-44,02184654;16,14484907;-309,08814527;28,98061814;74,57381389;-0,023724;309,08814527;16,14484907;44,02184654;0,023724;-82,14395981;28,49504455;-309,08814527;-16,14484907;-44,02184654;-0,023724;-74,57381389;28,98061814;309,08814527;16,14484907;44,02184654;0,023724;82,14395981;28,49504455;309,08814527;16,14484907;44,02184654;0,023724;74,57381389;28,98061814
292;Q;column;70x70;43,63605242;-13,24551832;233,92502518;21,74299676;76,42973169;-0,09480674;-43,63605242;13,24551832;-233,92502518;25,41104848;78,91461491;0,09480674;233,92502518;13,24551832;43,63605242;-0,09480674;-76,42973169;21,74299676;-233,92502518;-13,24551832;-43,63605242;0,09480674;-78,91461491;25,41104848;233,92502518;13,24551832;43,63605242;0,09480674;76,42973169;21,74299676;233,92502518;13,24551832;43,63605242;0,09480674;78,91461491;25,41104848
293;Q;column;70x70;38,48442561;-12,60439107;157,90847312;25,76954063;75,22833689;-0,11928191;-38,48442561;12,60439107;-157,90847312;19,10209159;61,77621827;0,11928191;157,90847312;12,60439107;38,48442561;-0,11928191;-75,22833689;25,76954063;-157,90847312;-12,60439107;-38,48442561;0,11928191;-61,77621827;19,10209159;157,90847312;12,60439107;38,48442561;0,11928191;75,22833689;25,76954063;157,90847312;12,60439107;38,48442561;0,11928191;61,77621827;19,10209159
294;Q;column;70x70;73,91484813;-28,26782254;79,40428331;34,61422981;107,29872392;-0,19042857;-73,91484813;28,26782254;-79,40428331;66,01921845;155,83813543;0,19042857;79,40428331;28,26782254;73,91484813;-0,19042857;-107,29872392;34,61422981;-79,40428331;-28,26782254;-73,91484813;0,19042857;-155,83813543;66,01921845;79,40428331;28,26782254;73,91484813;0,19042857;107,29872392;34,61422981;79,40428331;28,26782254;73,91484813;0,19042857;155,83813543;66,01921845
295;Q;wall;60x291.5;-13,38855329;9,33795153;125,45431705;-12,59887717;46,27281637;-3,12550531;13,38855329;-9,33795153;-125,45431705;-20,64423028;-93,93606608;3,12550531;125,45431705;-9,33795153;-13,38855329;-3,12550531;-46,27281637;-12,59887717;-125,45431705;9,33795153;13,38855329;3,12550531;93,93606608;-20,64423028;125,45431705;9,33795153;13,38855329;3,12550531;46,27281637;12,59887717;125,45431705;9,33795153;13,38855329;3,12550531;93,93606608;20,64423028
296;Q;wall;60x291.5;15,92405352;20,48439192;120,29215684;-38,10722723;85,30271654;1,99085199;-15,92405352;-20,48439192;-120,29215684;-34,81720802;-28,61308599;-1,99085199;120,29215684;-20,48439192;15,92405352;1,99085199;-85,30271654;-38,10722723;-120,29215684;20,48439192;-15,92405352;-1,99085199;28,61308599;-34,81720802;120,29215684;20,48439192;15,92405352;1,99085199;85,30271654;38,10722723;120,29215684;20,48439192;15,92405352;1,99085199;28,61308599;34,81720802
297;Q;wall;60x291.5;-15,01993924;28,01539866;88,59202316;-48,43669532;17,11682597;-4,02671308;15,01993924;-28,01539866;-88,59202316;-51,2981239;-70,58780967;4,02671308;88,59202316;-28,01539866;-15,01993924;-4,02671308;-17,11682597;-48,43669532;-88,59202316;28,01539866;15,01993924;4,02671308;70,58780967;-51,2981239;88,59202316;28,01539866;15,01993924;4,02671308;17,11682597;48,43669532;88,59202316;28,01539866;15,01993924;4,02671308;70,58780967;51,2981239
298;Q;wall;60x291.5;-25,27152073;22,40897625;61,4657931;-40,80857521;55,61694474;-6,91539493;25,27152073;-22,40897625;-61,4657931;-38,96738024;-145,58355852;6,91539493;61,4657931;-22,40897625;-25,27152073;-6,91539493;-55,61694474;-40,80857521;-61,4657931;22,40897625;25,27152073;6,91539493;145,58355852;-38,96738024;61,4657931;22,40897625;25,27152073;6,91539493;55,61694474;40,80857521;61,4657931;22,40897625;25,27152073;6,91539493;145,58355852;38,96738024
299;Q;wall;60x291.5;24,29648833;44,06370311;51,68865894;-72,88595104;133,88812636;3,97912755;-24,29648833;-44,06370311;-51,68865894;-83,98083203;-47,39262791;-3,97912755;51,68865894;-44,06370311;24,29648833;3,97912755;-133,88812636;-72,88595104;-51,68865894;44,06370311;-24,29648833;-3,97912755;47,39262791;-83,98083203;51,68865894;44,06370311;24,29648833;3,97912755;133,88812636;72,88595104;51,68865894;44,06370311;24,29648833;3,97912755;47,39262791;83,98083203
300;Q;wall;30x356;32,43275776;0,92461418;52,55101469;6,48002953;41,27922992;16,36999307;-32,43275776;-0,92461418;-52,55101469;-9,77165601;-17,78288799;-14,75191826;61,46876753;-0,92461418;5,92313594;17,54963818;-41,27922992;-1,40629142;-61,46876753;0,92461418;-5,92313594;-17,54963818;17,78288799;-2,26153777;61,46876753;0,92461418;5,92313594;17,54963818;41,27922992;1,40629142;61,46876753;0,92461418;5,92313594;17,54963818;17,78288799;2,26153777
301;Q;wall;30x356;159,59457463;2,29028434;170,79877208;53,37623954;223,35204257;117,71650121;-159,59457463;-2,29028434;-170,79877208;-61,5296518;45,90679198;-113,7085036;223,68591325;-2,29028434;67,8768076;129,18963138;-223,35204257;-4,02948491;-223,68591325;2,29028434;-67,8768076;-129,18963138;-45,90679198;-5,05578758;223,68591325;2,29028434;67,8768076;129,18963138;223,35204257;4,02948491;223,68591325;2,29028434;67,8768076;129,18963138;45,90679198;5,05578758
302;Q;wall;30x356;210,54616252;3,55599307;231,5456793;61,43294293;294,68407543;139,23213615;-210,54616252;-3,55599307;-231,5456793;-74,09227825;49,65532436;-133,00914828;300,67957752;-3,55599307;86,80368549;152,05268692;-294,68407543;-6,2908358;-300,67957752;3,55599307;-86,80368549;-152,05268692;-49,65532436;-7,81534543;300,67957752;3,55599307;86,80368549;152,05268692;294,68407543;6,2908358;300,67957752;3,55599307;86,80368549;152,05268692;49,65532436;7,81534543
303;Q;wall;30x356;298,16723853;3,11910868;309,1872779;72,64619552;438,06478796;159,76067589;-298,16723853;-3,11910868;-309,1872779;-83,75022242;82,33284487;-154,3022357;409,01193906;-3,11910868;131,18577914;175,42241383;-438,06478796;-5,28393885;-409,01193906;3,11910868;-131,18577914;-175,42241383;-82,33284487;-7,08917647;409,01193906;3,11910868;131,18577914;175,42241383;438,06478796;5,28393885;409,01193906;3,11910868;131,18577914;175,42241383;82,33284487;7,08917647
304;Q;wall;30x356;389,91871838;4,15342671;392,40542427;74,06324675;616,24846186;167,10638604;-389,91871838;-4,15342671;-392,40542427;-88,84944585;85,15268311;-159,83788929;524,17101293;-4,15342671;176,81451622;182,63982433;-616,24846186;-7,25281604;-524,17101293;4,15342671;-176,81451622;-182,63982433;-85,15268311;-9,22330999;524,17101293;4,15342671;176,81451622;182,63982433;616,24846186;7,25281604;524,17101293;4,15342671;176,81451622;182,63982433;85,15268311;9,22330999
305;Q;wall;60x292;-10,75314604;-11,41820866;217,44598823;12,12500454;44,54135049;-0,29743089;10,75314604;11,41820866;-217,44598823;28,5238183;-82,82255039;0,29743089;217,44598823;11,41820866;-10,75314604;-0,29743089;-44,54135049;12,12500454;-217,44598823;-11,41820866;10,75314604;0,29743089;82,82255039;28,5238183;217,44598823;11,41820866;10,75314604;0,29743089;44,54135049;12,12500454;217,44598823;11,41820866;10,75314604;0,29743089;82,82255039;28,5238183
306;Q;wall;60x292;-6,1150846;-20,8599449;204,59873373;35,31518492;61,91536045;-2,37257135;6,1150846;20,8599449;-204,59873373;38,94621894;-83,68506164;2,37257135;204,59873373;20,8599449;-6,1150846;-2,37257135;-61,91536045;35,31518492;-204,59873373;-20,8599449;6,1150846;2,37257135;83,68506164;38,94621894;204,59873373;20,8599449;6,1150846;2,37257135;61,91536045;35,31518492;204,59873373;20,8599449;6,1150846;2,37257135;83,68506164;38,94621894
307;Q;wall;60x292;0,22616083;-19,17699699;141,2492975;32,31967266;65,66970259;-5,05742341;-0,22616083;19,17699699;-141,2492975;35,95043663;-64,86457002;5,05742341;141,2492975;19,17699699;0,22616083;-5,05742341;-65,66970259;32,31967266;-141,2492975;-19,17699699;-0,22616083;5,05742341;64,86457002;35,95043663;141,2492975;19,17699699;0,22616083;5,05742341;65,66970259;32,31967266;141,2492975;19,17699699;0,22616083;5,05742341;64,86457002;35,95043663
308;Q;wall;60x292;-40,08023698;-28,34293527;98,13508365;50,81514978;42,26853465;-0,08633472;40,08023698;28,34293527;-98,13508365;50,0856998;-184,9541783;0,08633472;98,13508365;28,34293527;-40,08023698;-0,08633472;-42,26853465;50,81514978;-98,13508365;-28,34293527;40,08023698;0,08633472;184,9541783;50,0856998;98,13508365;28,34293527;40,08023698;0,08633472;42,26853465;50,81514978;98,13508365;28,34293527;40,08023698;0,08633472;184,9541783;50,0856998
309;Q;wall;60x292;28,7509117;-36,99124431;79,31139842;57,69586902;166,62778386;-12,09491287;-28,7509117;36,99124431;-79,31139842;73,99296071;-64,2745382;12,09491287;79,31139842;36,99124431;28,7509117;-12,09491287;-166,62778386;57,69586902;-79,31139842;-36,99124431;-28,7509117;12,09491287;64,2745382;73,99296071;79,31139842;36,99124431;28,7509117;12,09491287;166,62778386;57,69586902;79,31139842;36,99124431;28,7509117;12,09491287;64,2745382;73,99296071
310;Q;wall;30x356;33,87592998;-0,88468184;65,96096912;-12,6842994;27,90663287;-28,06388599;-33,87592998;0,88468184;-65,96096912;15,83376675;-22,7400181;26,51569278;74,13994693;0,88468184;1,30243941;-30,78114321;-27,90663287;0,99718148;-74,13994693;-0,88468184;-1,30243941;30,78114321;22,7400181;2,51224109;74,13994693;0,88468184;1,30243941;30,78114321;27,90663287;0,99718148;74,13994693;0,88468184;1,30243941;30,78114321;22,7400181;2,51224109
311;Q;wall;30x356;163,28605974;-1,23491558;205,76364771;-100,69414526;198,25561716;-208,31095249;-163,28605974;1,23491558;-205,76364771;105,09044473;22,95637203;206,14985022;256,69301451;1,23491558;55,7647947;-231,36641949;-198,25561716;1,53093031;-256,69301451;-1,23491558;-55,7647947;231,36641949;-22,95637203;3,36782586;256,69301451;1,23491558;55,7647947;231,36641949;198,25561716;1,53093031;256,69301451;1,23491558;55,7647947;231,36641949;22,95637203;3,36782586
312;Q;wall;30x356;257,61285468;-0,97565001;307,79669103;-118,8146092;333,79245597;-243,07345958;-257,61285468;0,97565001;-307,79669103;122,28792322;44,66509739;241,36607207;389,87328348;0,97565001;95,40444821;-270,55729988;-333,79245597;0,60464353;-389,87328348;-0,97565001;-95,40444821;270,55729988;-44,66509739;3,26563842;389,87328348;0,97565001;95,40444821;270,55729988;333,79245597;0,60464353;389,87328348;0,97565001;95,40444821;270,55729988;44,66509739;3,26563842
313;Q;wall;30x356;352,43446793;-2,06690789;403,0873096;-126,37556725;480,72019086;-262,75530908;-352,43446793;2,06690789;-403,0873096;133,73375935;68,54372319;259,13822027;517,22097692;2,06690789;138,46261007;-291,55595842;-480,72019086;2,50191161;-517,22097692;-2,06690789;-138,46261007;291,55595842;-68,54372319;5,69725435;517,22097692;2,06690789;138,46261007;291,55595842;480,72019086;2,50191161;517,22097692;2,06690789;138,46261007;291,55595842;68,54372319;5,69725435
314;Q;wall;30x356;463,33516467;-1,42498399;504,90779908;-136,86384364;697,01962186;-280,8881986;-463,33516467;1,42498399;-504,90779908;141,93678664;68,86491599;278,39447662;657,52212416;1,42498399;193,06997858;-312,45592707;-697,01962186;1,08878244;-657,52212416;-1,42498399;-193,06997858;312,45592707;-68,86491599;4,56395142;657,52212416;1,42498399;193,06997858;312,45592707;697,01962186;1,08878244;657,52212416;1,42498399;193,06997858;312,45592707;68,86491599;4,56395142
315;Q;wall;25x795;12,93839907;-0,06909438;656,1465811;-0,22458836;613,74211098;0,0;-12,93839907;0,06909438;-656,1465811;0,47056434;-567,6814103;0,0;656,1465811;0,06909438;12,93839907;0,0;-613,74211098;-0,22458836;-656,1465811;-0,06909438;-12,93839907;0,0;567,6814103;0,47056434;656,1465811;0,06909438;12,93839907;0,0;613,74211098;0,22458836;656,1465811;0,06909438;12,93839907;0,0;567,6814103;0,47056434
316;Q;wall;25x795;22,91192241;-0,03577814;527,4853965;-0,47056434;567,6814103;0,0;-22,91192241;0,03577814;-527,4853965;0,5979345;-486,11496653;0,0;527,4853965;0,03577814;22,91192241;0,0;-567,6814103;-0,47056434;-527,4853965;-0,03577814;-22,91192241;0,0;486,11496653;0,5979345;527,4853965;0,03577814;22,91192241;0,0;567,6814103;0,47056434;527,4853965;0,03577814;22,91192241;0,0;486,11496653;0,5979345
317;Q;wall;25x795;31,19797751;0,10194787;398,32759735;-0,5979345;486,11496653;0,0;-31,19797751;-0,10194787;-398,32759735;0,2350001;-375,05016661;0,0;398,32759735;-0,10194787;31,19797751;0,0;-486,11496653;-0,5979345;-398,32759735;0,10194787;-31,19797751;0,0;375,05016661;0,2350001;398,32759735;0,10194787;31,19797751;0,0;486,11496653;0,5979345;398,32759735;0,10194787;31,19797751;0,0;375,05016661;0,2350001
318;Q;wall;25x795;56,96045786;-0,00899854;268,05160147;-0,2350001;375,05016661;0,0;-56,96045786;0,00899854;-268,05160147;0,26703489;-172,27093663;0,0;268,05160147;0,00899854;56,96045786;0,0;-375,05016661;-0,2350001;-268,05160147;-0,00899854;-56,96045786;0,0;172,27093663;0,26703489;268,05160147;0,00899854;56,96045786;0,0;375,05016661;0,2350001;268,05160147;0,00899854;56,96045786;0,0;172,27093663;0,26703489
319;Q;wall;25x795;48,39071254;0,0750098;137,84333152;-0,26703489;172,27093663;0,0;-48,39071254;-0,0750098;-137,84333152;0,0;0,0;0,0;137,84333152;-0,0750098;48,39071254;0,0;-172,27093663;-0,26703489;-137,84333152;0,0750098;-48,39071254;0,0;-0,0;0,0;137,84333152;0,0750098;48,39071254;0,0;172,27093663;0,26703489;137,84333152;0,0750098;48,39071254;0,0;0,0;0,0
320;Q;wall;25x585;-30,59040694;0,06349653;0,0;-0,23573047;158,16862189;1,67135785;30,59040694;-0,06349653;0,0;0,00968283;-267,07047058;-1,67135785;0,0;-0,06349653;-30,59040694;1,67135785;-158,16862189;-0,23573047;0,0;0,06349653;30,59040694;-1,67135785;267,07047058;0,00968283;0,0;0,06349653;30,59040694;1,67135785;158,16862189;0,23573047;0,0;0,06349653;30,59040694;1,67135785;267,07047058;0,00968283
321;Q;wall;25x585;21,11170396;-0,36199335;0,0;-0,00968283;267,07047058;4,94542269;-21,11170396;0,36199335;0,0;1,29837914;-191,91280447;-4,94542269;0,0;0,36199335;21,11170396;4,94542269;-267,07047058;-0,00968283;0,0;-0,36199335;-21,11170396;-4,94542269;191,91280447;1,29837914;0,0;0,36199335;21,11170396;4,94542269;267,07047058;0,00968283;0,0;0,36199335;21,11170396;4,94542269;191,91280447;1,29837914
322;Q;wall;25x585;-25,60805519;0,60350242;0,0;-1,29837914;191,91280447;-19,76308235;25,60805519;-0,60350242;0,0;-0,85008948;-283,07748094;19,76308235;0,0;-0,60350242;-25,60805519;-19,76308235;-191,91280447;-1,29837914;0,0;0,60350242;25,60805519;19,76308235;283,07748094;-0,85008948;0,0;0,60350242;25,60805519;19,76308235;191,91280447;1,29837914;0,0;0,60350242;25,60805519;19,76308235;283,07748094;0,85008948
323;Q;wall;25x585;32,64104604;-0,47109964;0,0;0,85008948;283,07748094;-24,86508995;-32,64104604;0,47109964;0,0;0,82702524;-166,87535705;24,86508995;0,0;0,47109964;32,64104604;-24,86508995;-283,07748094;0,85008948;0,0;-0,47109964;-32,64104604;24,86508995;166,87535705;0,82702524;0,0;0,47109964;32,64104604;24,86508995;283,07748094;0,85008948;0,0;0,47109964;32,64104604;24,86508995;166,87535705;0,82702524
324;Q;wall;25x585;46,87510029;0,23231046;0,0;-0,82702524;166,87535705;-8,94602194;-46,87510029;-0,23231046;0,0;0,0;0,0;8,94602194;0,0;-0,23231046;46,87510029;-8,94602194;-166,87535705;-0,82702524;0,0;0,23231046;-46,87510029;8,94602194;-0,0;0,0;0,0;0,23231046;46,87510029;8,94602194;166,87535705;0,82702524;0,0;0,23231046;46,87510029;8,94602194;0,0;0,0
325;Q;wall;30x2695;-2,77340903;0,05811633;0,0;-0,19850523;19,52548908;0,19609179;2,77340903;-0,05811633;0,0;-0,00838891;-29,39882524;-0,19609179;0,0;-0,05811633;-2,77340903;0,19609179;-19,52548908;-0,19850523;0,0;0,05811633;2,77340903;-0,19609179;29,39882524;-0,00838891;0,0;0,05811633;2,77340903;0,19609179;19,52548908;0,19850523;0,0;0,05811633;2,77340903;0,19609179;29,39882524;0,00838891
326;Q;wall;30x2695;0,03012919;-0,31081192;0,0;0,00838891;29,39882524;0,58022091;-0,03012919;0,31081192;0,0;1,09810152;-29,2915653;-0,58022091;0,0;0,31081192;0,03012919;0,58022091;-29,39882524;0,00838891;0,0;-0,31081192;-0,03012919;-0,58022091;29,2915653;1,09810152;0,0;0,31081192;0,03012919;0,58022091;29,39882524;0,00838891;0,0;0,31081192;0,03012919;0,58022091;29,2915653;1,09810152
327;Q;wall;30x2695;5,97459822;0,58977108;0,0;-1,09810152;29,2915653;-2,3187004;-5,97459822;-0,58977108;0,0;-1,00148354;-8,02199565;2,3187004;0,0;-0,58977108;5,97459822;-2,3187004;-29,2915653;-1,09810152;0,0;0,58977108;-5,97459822;2,3187004;8,02199565;-1,00148354;0,0;0,58977108;5,97459822;2,3187004;29,2915653;1,09810152;0,0;0,58977108;5,97459822;2,3187004;8,02199565;1,00148354
328;Q;wall;30x2695;-29,64506873;-0,80822346;0,0;1,00148354;8,02199565;-2,9172926;29,64506873;0,80822346;0,0;1,87579197;-113,55844034;2,9172926;0,0;0,80822346;-29,64506873;-2,9172926;-8,02199565;1,00148354;0,0;-0,80822346;29,64506873;2,9172926;113,55844034;1,87579197;0,0;0,80822346;29,64506873;2,9172926;8,02199565;1,00148354;0,0;0,80822346;29,64506873;2,9172926;113,55844034;1,87579197
329;Q;wall;30x2695;31,8984383;0,52690786;0,0;-1,87579197;113,55844034;-96,4381165;-31,8984383;-0,52690786;0,0;0,0;-0,0;96,4381165;0,0;-0,52690786;31,8984383;-96,4381165;-113,55844034;-1,87579197;0,0;0,52690786;-31,8984383;96,4381165;0,0;0,0;0,0;0,52690786;31,8984383;96,4381165;113,55844034;1,87579197;0,0;0,52690786;31,8984383;96,4381165;0,0;0,0
330;Q;wall;25x282;-3,22593414;0,02884907;0,0;-0,11364856;18,11381515;0,18721868;3,22593414;-0,02884907;0,0;0,01094587;-29,59814068;-0,18721868;0,0;-0,02884907;-3,22593414;0,18721868;-18,11381515;-0,11364856;0,0;0,02884907;3,22593414;-0,18721868;29,59814068;0,01094587;0,0;0,02884907;3,22593414;0,18721868;18,11381515;0,11364856;0,0;0,02884907;3,22593414;0,18721868;29,59814068;0,01094587
331;Q;wall;25x282;1,76829051;-0,16914805;0,0;-0,01094587;29,59814068;0,55396604;-1,76829051;0,16914805;0,0;0,61311292;-23,30302647;-0,55396604;0,0;0,16914805;1,76829051;0,55396604;-29,59814068;-0,01094587;0,0;-0,16914805;-1,76829051;-0,55396604;23,30302647;0,61311292;0,0;0,16914805;1,76829051;0,55396604;29,59814068;0,01094587;0,0;0,16914805;1,76829051;0,55396604;23,30302647;0,61311292
332;Q;wall;25x282;1,55009308;0,30093486;0,0;-0,61311292;23,30302647;-2,21377973;-1,55009308;-0,30093486;0,0;-0,45821518;-17,78469509;2,21377973;0,0;-0,30093486;1,55009308;-2,21377973;-23,30302647;-0,61311292;0,0;0,30093486;-1,55009308;2,21377973;17,78469509;-0,45821518;0,0;0,30093486;1,55009308;2,21377973;23,30302647;0,61311292;0,0;0,30093486;1,55009308;2,21377973;17,78469509;0,45821518
333;Q;wall;25x282;-14,9861695;-0,29329132;0,0;0,45821518;17,78469509;-2,78528578;14,9861695;0,29329132;0,0;0,58590193;-71,13545852;2,78528578;0,0;0,29329132;-14,9861695;-2,78528578;-17,78469509;0,45821518;0,0;-0,29329132;14,9861695;2,78528578;71,13545852;0,58590193;0,0;0,29329132;14,9861695;2,78528578;17,78469509;0,45821518;0,0;0,29329132;14,9861695;2,78528578;71,13545852;0,58590193
334;Q;wall;25x282;19,98187037;0,16457919;0,0;-0,58590193;71,13545852;-8,94602194;-19,98187037;-0,16457919;0,0;0,0;-0,0;8,94602194;0,0;-0,16457919;19,98187037;-8,94602194;-71,13545852;-0,58590193;0,0;0,16457919;-19,98187037;8,94602194;0,0;0,0;0,0;0,16457919;19,98187037;8,94602194;71,13545852;0,58590193;0,0;0,16457919;19,98187037;8,94602194;0,0;0,0
335;Q;beam_x;60x80;-4,52776911;-0,01665812;43,7869665;-0,0;-0,0;-0,0;4,52776911;0,01665812;-17,25677043;0,0;-158,71371602;-0,08662223;-4,52776911;-0,01665812;43,7869665;-0,0;-0,0;-0,0;4,52776911;0,01665812;-17,25677043;0,0;-158,71371602;-0,08662223;4,52776911;0,01665812;43,7869665;0,0;0,0;0,0;4,52776911;0,01665812;17,25677043;0,0;158,71371602;0,08662223
336;Q;beam_x;60x80;-2,32591038;-0,068863;44,10585304;-0,0;-0,0;-0,0;2,32591038;0,068863;-17,57565697;0,0;-160,37192603;-0,35808761;-2,32591038;-0,068863;44,10585304;-0,0;-0,0;-0,0;2,32591038;0,068863;-17,57565697;0,0;-160,37192603;-0,35808761;2,32591038;0,068863;44,10585304;0,0;0,0;0,0;2,32591038;0,068863;17,57565697;0,0;160,37192603;0,35808761
337;Q;beam_x;60x80;-16,49151116;0,0554732;44,52439798;-0,0;-0,0;-0,0;16,49151116;-0,0554732;-17,9942019;0,0;-162,5483597;0,28846065;-16,49151116;0,0554732;44,52439798;-0,0;-0,0;-0,0;16,49151116;-0,0554732;-17,9942019;0,0;-162,5483597;0,28846065;16,49151116;0,0554732;44,52439798;0,0;0,0;0,0;16,49151116;0,0554732;17,9942019;0,0;162,5483597;0,28846065
338;Q;beam_x;60x80;-6,15391284;-0,04200417;44,73133881;-0,0;0,0;-0,0;6,15391284;0,04200417;-18,20114273;0,0;-163,62445199;-0,21842168;-6,15391284;-0,04200417;44,73133881;-0,0;0,0;-0,0;6,15391284;0,04200417;-18,20114273;0,0;-163,62445199;-0,21842168;6,15391284;0,04200417;44,73133881;0,0;0,0;0,0;6,15391284;0,04200417;18,20114273;0,0;163,62445199;0,21842168
339;Q;beam_x;60x80;2,85513336;0,0375049;45,21151851;-0,0;0,0;0,0;-2,85513336;-0,0375049;-18,68132243;0,0;-166,12138643;0,19502548;2,85513336;0,0375049;45,21151851;-0,0;0,0;0,0;-2,85513336;-0,0375049;-18,68132243;0,0;-166,12138643;0,19502548;2,85513336;0,0375049;45,21151851;0,0;0,0;0,0;2,85513336;0,0375049;18,68132243;0,0;166,12138643;0,19502548
340;Q;beam_x;60x80;-5,44575423;-0,01665812;84,8742181;-0,0;-0,0;-0,0;5,44575423;0,01665812;-23,59833575;0,0;-282,02864001;-0,08662223;-5,44575423;-0,01665812;84,8742181;-0,0;-0,0;-0,0;5,44575423;0,01665812;-23,59833575;0,0;-282,02864001;-0,08662223;5,44575423;0,01665812;84,8742181;0,0;0,0;0,0;5,44575423;0,01665812;23,59833575;0,0;282,02864001;0,08662223
341;Q;beam_x;60x80;-5,96014472;-0,068863;85,0519461;-0,0;-0,0;0,0;5,96014472;0,068863;-23,77606375;0,0;-282,95282562;-0,35808761;-5,96014472;-0,068863;85,0519461;-0,0;-0,0;0,0;5,96014472;0,068863;-23,77606375;0,0;-282,95282562;-0,35808761;5,96014472;0,068863;85,0519461;0,0;0,0;0,0;5,96014472;0,068863;23,77606375;0,0;282,95282562;0,35808761
342;Q;beam_x;60x80;-9,27096919;0,0554732;85,7515979;-0,0;0,0;0,0;9,27096919;-0,0554732;-24,47571554;0,0;-286,59101494;0,28846065;-9,27096919;0,0554732;85,7515979;-0,0;0,0;0,0;9,27096919;-0,0554732;-24,47571554;0,0;-286,59101494;0,28846065;9,27096919;0,0554732;85,7515979;0,0;0,0;0,0;9,27096919;0,0554732;24,47571554;0,0;286,59101494;0,28846065
343;Q;beam_x;60x80;14,72365816;-0,04200417;85,47693115;0,0;-0,0;-0,0;-14,72365816;0,04200417;-24,20104879;-0,0;-285,16274784;-0,21842168;14,72365816;-0,04200417;85,47693115;0,0;-0,0;-0,0;-14,72365816;0,04200417;-24,20104879;-0,0;-285,16274784;-0,21842168;14,72365816;0,04200417;85,47693115;0,0;0,0;0,0;14,72365816;0,04200417;24,20104879;0,0;285,16274784;0,21842168
344;Q;beam_x;60x80;45,53557918;0,0375049;92,63181301;-0,0;-0,0;0,0;-45,53557918;-0,0375049;-39,57142086;0,0;-343,72840807;0,19502548;45,53557918;0,0375049;92,63181301;-0,0;-0,0;0,0;-45,53557918;-0,0375049;-39,57142086;0,0;-343,72840807;0,19502548;45,53557918;0,0375049;92,63181301;0,0;0,0;0,0;45,53557918;0,0375049;39,57142086;0,0;343,72840807;0,19502548
345;Q;beam_x;60x80;0,0;-0,0;72,90399973;-49,5038805;-138,39093979;-0,0;0,0;0,0;-35,78489973;49,5038805;-133,33130887;-0,0;0,0;-0,0;72,90399973;-49,5038805;-138,39093979;-0,0;0,0;0,0;-35,78489973;49,5038805;-133,33130887;-0,0;0,0;0,0;72,90399973;49,5038805;138,39093979;0,0;0,0;0,0;35,78489973;49,5038805;133,33130887;0,0
346;Q;beam_x;60x80;0,0;-0,0;75,16312009;-50,7236149;-151,00354559;-0,0;0,0;0,0;-38,04402009;50,7236149;-132,01430485;-0,0;0,0;-0,0;75,16312009;-50,7236149;-151,00354559;-0,0;0,0;0,0;-38,04402009;50,7236149;-132,01430485;-0,0;0,0;0,0;75,16312009;50,7236149;151,00354559;0,0;0,0;0,0;38,04402009;50,7236149;132,01430485;0,0
347;Q;beam_x;60x80;0,0;-0,0;76,01655206;-51,18058911;-154,1429518;-0,0;0,0;0,0;-38,89745206;51,18058911;-133,14205851;-0,0;0,0;-0,0;76,01655206;-51,18058911;-154,1429518;-0,0;0,0;0,0;-38,89745206;51,18058911;-133,14205851;-0,0;0,0;0,0;76,01655206;51,18058911;154,1429518;0,0;0,0;0,0;38,89745206;51,18058911;133,14205851;0,0
348;Q;beam_x;60x80;0,0;-0,0;78,50418981;-53,7163214;-169,07494219;-0,0;0,0;0,0;-41,38508981;53,7163214;-130,64825686;-0,0;0,0;-0,0;78,50418981;-53,7163214;-169,07494219;-0,0;0,0;0,0;-41,38508981;53,7163214;-130,64825686;-0,0;0,0;0,0;78,50418981;53,7163214;169,07494219;0,0;0,0;0,0;41,38508981;53,7163214;130,64825686;0,0
349;Q;beam_x;60x80;0,0;-0,0;79,40428331;-66,01921845;-155,83813543;-0,0;0,0;0,0;-53,42428331;66,01921845;-176,23328115;-0,0;0,0;-0,0;79,40428331;-66,01921845;-155,83813543;-0,0;0,0;0,0;-53,42428331;66,01921845;-176,23328115;-0,0;0,0;0,0;79,40428331;66,01921845;155,83813543;0,0;0,0;0,0;53,42428331;66,01921845;176,23328115;0,0
350;Q;beam_y;60x80;0,0;0,0;62,74254983;-79,64228784;5,2575769;0,0;-0,0;0,0;65,25745017;90,83359436;-5,2575769;0,0;0,0;0,0;62,74254983;-5,2575769;-79,64228784;0,0;0,0;-0,0;65,25745017;5,2575769;90,83359436;0,0;0,0;0,0;62,74254983;5,2575769;79,64228784;0,0;0,0;0,0;65,25745017;5,2575769;90,83359436;0,0
351;Q;beam_y;60x80;-0,0;0,0;49,18312297;-58,71678637;-2,80049693;-0,0;0,0;0,0;45,81687703;46,51414485;2,80049693;-0,0;0,0;-0,0;49,18312297;2,80049693;-58,71678637;-0,0;0,0;0,0;45,81687703;-2,80049693;46,51414485;-0,0;0,0;0,0;49,18312297;2,80049693;58,71678637;0,0;0,0;0,0;45,81687703;2,80049693;46,51414485;0,0
352;Q;beam_y;60x80;-0,0;0,0;64,99957414;-90,59581889;4,5471939;-0,0;0,0;0,0;63,00042586;81,69960907;-4,5471939;-0,0;0,0;-0,0;64,99957414;-4,5471939;-90,59581889;-0,0;0,0;0,0;63,00042586;4,5471939;81,69960907;-0,0;0,0;0,0;64,99957414;4,5471939;90,59581889;0,0;0,0;0,0;63,00042586;4,5471939;81,69960907;0,0
353;Q;beam_y;60x80;0,0;0,0;43,4460349;-38,1760677;-2,33208244;0,0;-0,0;0,0;51,5539651;67,56731471;2,33208244;0,0;0,0;0,0;43,4460349;2,33208244;-38,1760677;0,0;0,0;-0,0;51,5539651;-2,33208244;67,56731471;0,0;0,0;0,0;43,4460349;2,33208244;38,1760677;0,0;0,0;0,0;51,5539651;2,33208244;67,56731471;0,0
354;Q;beam_y;60x80;-0,0;0,0;66,07593321;-94,10433423;4,62502157;-0,0;0,0;0,0;61,92406679;75,62852866;-4,62502157;-0,0;0,0;-0,0;66,07593321;-4,62502157;-94,10433423;-0,0;0,0;0,0;61,92406679;4,62502157;75,62852866;-0,0;0,0;0,0;66,07593321;4,62502157;94,10433423;0,0;0,0;0,0;61,92406679;4,62502157;75,62852866;0,0
355;Q;beam_y;60x80;0,0;0,0;40,95058375;-28,46760688;-2,53582396;0,0;-0,0;0,0;54,04941625;75,9508747;2,53582396;0,0;0,0;0,0;40,95058375;2,53582396;-28,46760688;0,0;0,0;-0,0;54,04941625;-2,53582396;75,9508747;0,0;0,0;0,0;40,95058375;2,53582396;28,46760688;0,0;0,0;0,0;54,04941625;2,53582396;75,9508747;0,0
356;Q;beam_y;60x80;0,0;0,0;67,97269422;-104,75916343;4,26349679;0,0;0,0;0,0;60,02730578;69,4021849;-4,26349679;0,0;0,0;0,0;67,97269422;-4,26349679;-104,75916343;0,0;0,0;0,0;60,02730578;4,26349679;69,4021849;0,0;0,0;0,0;67,97269422;4,26349679;104,75916343;0,0;0,0;0,0;60,02730578;4,26349679;69,4021849;0,0
357;Q;beam_y;60x80;-0,0;0,0;37,20568681;-15,2888166;-1,64082284;-0,0;0,0;0,0;57,79431319;89,92258721;1,64082284;-0,0;0,0;-0,0;37,20568681;1,64082284;-15,2888166;-0,0;0,0;0,0;57,79431319;-1,64082284;89,92258721;-0,0;0,0;0,0;37,20568681;1,64082284;15,2888166;0,0;0,0;0,0;57,79431319;1,64082284;89,92258721;0,0
358;Q;beam_y;60x80;-0,0;0,0;63,53518063;-71,34526398;7,94161349;-0,0;0,0;0,0;64,46481937;75,48215637;-7,94161349;-0,0;0,0;-0,0;63,53518063;-7,94161349;-71,34526398;-0,0;0,0;0,0;64,46481937;7,94161349;75,48215637;-0,0;0,0;0,0;63,53518063;7,94161349;71,34526398;0,0;0,0;0,0;64,46481937;7,94161349;75,48215637;0,0
359;Q;beam_y;60x80;0,0;0,0;45,60077972;-41,59985701;-7,15737821;0,0;-0,0;0,0;49,39922028;55,36920406;7,15737821;0,0;0,0;0,0;45,60077972;7,15737821;-41,59985701;0,0;0,0;-0,0;49,39922028;-7,15737821;55,36920406;0,0;0,0;0,0;45,60077972;7,15737821;41,59985701;0,0;0,0;0,0;49,39922028;7,15737821;55,36920406;0,0
360;Q;beam_x;60x80;0,0;-0,0;50,30568774;18,06386804;-114,69349548;-0,0;0,0;0,0;-25,30568774;-18,06386804;-74,33494323;-0,0;0,0;-0,0;50,30568774;18,06386804;-114,69349548;-0,0;0,0;0,0;-25,30568774;-18,06386804;-74,33494323;-0,0;0,0;0,0;50,30568774;18,06386804;114,69349548;0,0;0,0;0,0;25,30568774;18,06386804;74,33494323;0,0
361;Q;beam_x;60x80;0,0;-0,0;112,24359894;9,68518626;-253,00620328;-0,0;0,0;0,0;-62,24359894;-9,68518626;-183,2117914;-0,0;0,0;-0,0;112,24359894;9,68518626;-253,00620328;-0,0;0,0;0,0;-62,24359894;-9,68518626;-183,2117914;-0,0;0,0;0,0;112,24359894;9,68518626;253,00620328;0,0;0,0;0,0;62,24359894;9,68518626;183,2117914;0,0
362;Q;beam_x;60x80;0,0;0,0;54,81423547;-29,49333946;113,3644133;-0,0;0,0;-0,0;-29,81423547;29,49333946;98,20676407;-0,0;0,0;-0,0;54,81423547;29,49333946;-113,3644133;-0,0;0,0;0,0;-29,81423547;-29,49333946;-98,20676407;-0,0;0,0;0,0;54,81423547;29,49333946;113,3644133;0,0;0,0;0,0;29,81423547;29,49333946;98,20676407;0,0
363;Q;beam_y;60x80;0,0;0,0;56,89373644;-71,31200679;2,19373608;0,0;-0,0;0,0;59,79376356;84,21712751;-2,19373608;0,0;0,0;0,0;56,89373644;-2,19373608;-71,31200679;0,0;0,0;-0,0;59,79376356;2,19373608;84,21712751;0,0;0,0;0,0;56,89373644;2,19373608;71,31200679;0,0;0,0;0,0;59,79376356;2,19373608;84,21712751;0,0
364;Q;beam_y;60x80;-0,0;0,0;45,3827707;-56,15598765;-2,68998564;-0,0;0,0;0,0;42,4297293;45,45121258;2,68998564;-0,0;0,0;-0,0;45,3827707;2,68998564;-56,15598765;-0,0;0,0;0,0;42,4297293;-2,68998564;45,45121258;-0,0;0,0;0,0;45,3827707;2,68998564;56,15598765;0,0;0,0;0,0;42,4297293;2,68998564;45,45121258;0,0
365;Q;beam_x;60x80;0,0;0,0;50,97737044;21,33745183;-114,19768518;0,0;0,0;-0,0;-25,97737044;-21,33745183;-78,18916702;0,0;0,0;0,0;50,97737044;21,33745183;-114,19768518;0,0;0,0;-0,0;-25,97737044;-21,33745183;-78,18916702;0,0;0,0;0,0;50,97737044;21,33745183;114,19768518;0,0;0,0;0,0;25,97737044;21,33745183;78,18916702;0,0
366;Q;beam_x;60x80;0,0;0,0;109,28777685;10,84063834;-241,77152199;0,0;0,0;-0,0;-59,28777685;-10,84063834;-179,66736226;0,0;0,0;0,0;109,28777685;10,84063834;-241,77152199;0,0;0,0;-0,0;-59,28777685;-10,84063834;-179,66736226;0,0;0,0;0,0;109,28777685;10,84063834;241,77152199;0,0;0,0;0,0;59,28777685;10,84063834;179,66736226;0,0
367;Q;beam_x;60x80;0,0;0,0;55,27062941;-31,56717542;113,86735165;-0,0;0,0;-0,0;-30,27062941;31,56717542;99,98579541;-0,0;0,0;-0,0;55,27062941;31,56717542;-113,86735165;-0,0;0,0;0,0;-30,27062941;-31,56717542;-99,98579541;-0,0;0,0;0,0;55,27062941;31,56717542;113,86735165;0,0;0,0;0,0;30,27062941;31,56717542;99,98579541;0,0
368;Q;beam_y;60x80;-0,0;0,0;58,24466466;-78,17156558;1,93664422;-0,0;0,0;0,0;58,44283534;79,05342508;-1,93664422;-0,0;0,0;-0,0;58,24466466;-1,93664422;-78,17156558;-0,0;0,0;0,0;58,44283534;1,93664422;79,05342508;-0,0;0,0;0,0;58,24466466;1,93664422;78,17156558;0,0;0,0;0,0;58,44283534;1,93664422;79,05342508;0,0
369;Q;beam_y;60x80;0,0;0,0;41,09154472;-40,51077424;-2,4819677;0,0;-0,0;0,0;46,72095528;60,9173875;2,4819677;0,0;0,0;0,0;41,09154472;2,4819677;-40,51077424;0,0;0,0;-0,0;46,72095528;-2,4819677;60,9173875;0,0;0,0;0,0;41,09154472;2,4819677;40,51077424;0,0;0,0;0,0;46,72095528;2,4819677;60,9173875;0,0
370;Q;beam_x;60x80;0,0;-0,0;51,67703685;22,3489146;-116,54238076;-0,0;0,0;0,0;-26,67703685;-22,3489146;-79,34280351;-0,0;0,0;-0,0;51,67703685;22,3489146;-116,54238076;-0,0;0,0;0,0;-26,67703685;-22,3489146;-79,34280351;-0,0;0,0;0,0;51,67703685;22,3489146;116,54238076;0,0;0,0;0,0;26,67703685;22,3489146;79,34280351;0,0
371;Q;beam_x;60x80;0,0;-0,0;108,38643721;11,11166356;-239,86600884;-0,0;0,0;0,0;-58,38643721;-11,11166356;-177,06617719;-0,0;0,0;-0,0;108,38643721;11,11166356;-239,86600884;-0,0;0,0;0,0;-58,38643721;-11,11166356;-177,06617719;-0,0;0,0;0,0;108,38643721;11,11166356;239,86600884;0,0;0,0;0,0;58,38643721;11,11166356;177,06617719;0,0
372;Q;beam_x;60x80;0,0;0,0;55,06736101;-32,39477438;112,60478765;-0,0;0,0;-0,0;-30,06736101;32,39477438;100,23201742;-0,0;0,0;-0,0;55,06736101;32,39477438;-112,60478765;-0,0;0,0;0,0;-30,06736101;-32,39477438;-100,23201742;-0,0;0,0;0,0;55,06736101;32,39477438;112,60478765;0,0;0,0;0,0;30,06736101;32,39477438;100,23201742;0,0
373;Q;beam_y;60x80;-0,0;0,0;58,90624857;-80,140357;1,97372914;-0,0;0,0;0,0;57,78125143;75,13411972;-1,97372914;-0,0;0,0;-0,0;58,90624857;-1,97372914;-80,140357;-0,0;0,0;0,0;57,78125143;1,97372914;75,13411972;-0,0;0,0;0,0;58,90624857;1,97372914;80,140357;0,0;0,0;0,0;57,78125143;1,97372914;75,13411972;0,0
374;Q;beam_y;60x80;0,0;0,0;39,36315589;-33,78946414;-2,66319794;0,0;-0,0;0,0;48,44934411;66,72689645;2,66319794;0,0;0,0;0,0;39,36315589;2,66319794;-33,78946414;0,0;0,0;-0,0;48,44934411;-2,66319794;66,72689645;0,0;0,0;0,0;39,36315589;2,66319794;33,78946414;0,0;0,0;0,0;48,44934411;2,66319794;66,72689645;0,0
375;Q;beam_x;60x80;0,0;0,0;52,61046509;24,70499038;-118,17356457;0,0;0,0;-0,0;-27,61046509;-24,70499038;-82,3787609;0,0;0,0;0,0;52,61046509;24,70499038;-118,17356457;0,0;0,0;-0,0;-27,61046509;-24,70499038;-82,3787609;0,0;0,0;0,0;52,61046509;24,70499038;118,17356457;0,0;0,0;0,0;27,61046509;24,70499038;82,3787609;0,0
376;Q;beam_x;60x80;0,0;0,0;106,70572246;12,11050588;-232,92650788;0,0;0,0;-0,0;-56,70572246;-12,11050588;-175,60210443;0,0;0,0;0,0;106,70572246;12,11050588;-232,92650788;0,0;0,0;-0,0;-56,70572246;-12,11050588;-175,60210443;0,0;0,0;0,0;106,70572246;12,11050588;232,92650788;0,0;0,0;0,0;56,70572246;12,11050588;175,60210443;0,0
377;Q;beam_x;60x80;0,0;-0,0;55,11827281;-33,80078475;110,34351088;0,0;-0,0;0,0;-30,11827281;33,80078475;102,74785319;0,0;0,0;0,0;55,11827281;33,80078475;-110,34351088;0,0;0,0;-0,0;-30,11827281;-33,80078475;-102,74785319;0,0;0,0;0,0;55,11827281;33,80078475;110,34351088;0,0;0,0;0,0;30,11827281;33,80078475;102,74785319;0,0
378;Q;beam_y;60x80;0,0;0,0;60,07161189;-86,70138823;1,48738712;0,0;0,0;0,0;56,61588811;71,32341743;-1,48738712;0,0;0,0;0,0;60,07161189;-1,48738712;-86,70138823;0,0;0,0;0,0;56,61588811;1,48738712;71,32341743;0,0;0,0;0,0;60,07161189;1,48738712;86,70138823;0,0;0,0;0,0;56,61588811;1,48738712;71,32341743;0,0
379;Q;beam_y;60x80;-0,0;0,0;36,88998145;-24,98333493;-2,40529399;-0,0;0,0;0,0;50,92251855;75,85128195;2,40529399;-0,0;0,0;-0,0;36,88998145;2,40529399;-24,98333493;-0,0;0,0;0,0;50,92251855;-2,40529399;75,85128195;-0,0;0,0;0,0;36,88998145;2,40529399;24,98333493;0,0;0,0;0,0;50,92251855;2,40529399;75,85128195;0,0
380;Q;beam_x;60x80;0,0;0,0;52,09111026;17,45161287;-124,6607144;0,0;0,0;-0,0;-27,09111026;-17,45161287;-73,29483689;0,0;0,0;0,0;52,09111026;17,45161287;-124,6607144;0,0;0,0;-0,0;-27,09111026;-17,45161287;-73,29483689;0,0;0,0;0,0;52,09111026;17,45161287;124,6607144;0,0;0,0;0,0;27,09111026;17,45161287;73,29483689;0,0
381;Q;beam_x;60x80;0,0;0,0;113,39383276;8,52317741;-267,20939238;0,0;0,0;-0,0;-63,39383276;-8,52317741;-174,7597714;0,0;0,0;0,0;113,39383276;8,52317741;-267,20939238;0,0;0,0;-0,0;-63,39383276;-8,52317741;-174,7597714;0,0;0,0;0,0;113,39383276;8,52317741;267,20939238;0,0;0,0;0,0;63,39383276;8,52317741;174,7597714;0,0
382;Q;beam_x;60x80;0,0;0,0;53,67074878;-30,45716622;111,58950113;-0,0;0,0;-0,0;-28,67074878;30,45716622;94,26424277;-0,0;0,0;-0,0;53,67074878;30,45716622;-111,58950113;-0,0;0,0;0,0;-28,67074878;-30,45716622;-94,26424277;-0,0;0,0;0,0;53,67074878;30,45716622;111,58950113;0,0;0,0;0,0;28,67074878;30,45716622;94,26424277;0,0
383;Q;beam_y;60x80;-0,0;0,0;57,22457183;-65,08901806;5,00027329;-0,0;0,0;0,0;59,46292817;75,04970378;-5,00027329;-0,0;0,0;-0,0;57,22457183;-5,00027329;-65,08901806;-0,0;0,0;0,0;59,46292817;5,00027329;75,04970378;-0,0;0,0;0,0;57,22457183;5,00027329;65,08901806;0,0;0,0;0,0;59,46292817;5,00027329;75,04970378;0,0
384;Q;beam_y;60x80;0,0;0,0;42,21737268;-41,96636299;-5,51529507;0,0;-0,0;0,0;45,59512732;54,21072357;5,51529507;0,0;0,0;0,0;42,21737268;5,51529507;-41,96636299;0,0;0,0;-0,0;45,59512732;-5,51529507;54,21072357;0,0;0,0;0,0;42,21737268;5,51529507;41,96636299;0,0;0,0;0,0;45,59512732;5,51529507;54,21072357;0,0
385;Q;beam_x;60x80;0,0;0,0;41,4783365;12,90186985;-78,46045906;0,0;0,0;-0,0;-27,4158365;-12,90186985;-50,71611531;0,0;0,0;0,0;41,4783365;12,90186985;-78,46045906;0,0;0,0;-0,0;-27,4158365;-12,90186985;-50,71611531;0,0;0,0;0,0;41,4783365;12,90186985;78,46045906;0,0;0,0;0,0;27,4158365;12,90186985;50,71611531;0,0
386;Q;beam_x;60x80;0,0;-0,0;41,89045932;17,31125642;-77,63767413;-0,0;0,0;0,0;-27,82795932;-17,31125642;-53,0843608;-0,0;0,0;-0,0;41,89045932;17,31125642;-77,63767413;-0,0;0,0;0,0;-27,82795932;-17,31125642;-53,0843608;-0,0;0,0;0,0;41,89045932;17,31125642;77,63767413;0,0;0,0;0,0;27,82795932;17,31125642;53,0843608;0,0
387;Q;beam_x;60x80;0,0;0,0;42,19606776;18,92642034;-77,07853404;0,0;0,0;-0,0;-28,13356776;-18,92642034;-54,78953255;0,0;0,0;0,0;42,19606776;18,92642034;-77,07853404;0,0;0,0;-0,0;-28,13356776;-18,92642034;-54,78953255;0,0;0,0;0,0;42,19606776;18,92642034;77,07853404;0,0;0,0;0,0;28,13356776;18,92642034;54,78953255;0,0
388;Q;beam_x;60x80;0,0;-0,0;43,37180297;21,39969421;-81,2496852;-0,0;0,0;0,0;-29,30930297;-21,39969421;-55,02738846;-0,0;0,0;-0,0;43,37180297;21,39969421;-81,2496852;-0,0;0,0;0,0;-29,30930297;-21,39969421;-55,02738846;-0,0;0,0;0,0;43,37180297;21,39969421;81,2496852;0,0;0,0;0,0;29,30930297;21,39969421;55,02738846;0,0
389;Q;beam_x;60x80;0,0;-0,0;51,56380095;9,55606288;-104,38751182;-0,0;0,0;0,0;-37,50130095;-9,55606288;-62,60955426;-0,0;0,0;-0,0;51,56380095;9,55606288;-104,38751182;-0,0;0,0;0,0;-37,50130095;-9,55606288;-62,60955426;-0,0;0,0;0,0;51,56380095;9,55606288;104,38751182;0,0;0,0;0,0;37,50130095;9,55606288;62,60955426;0,0
390;Q;beam_y;80x80;-11,25011063;-0,12724048;-4,03547058;5,66733905;3,92212796;3,77921208;11,25011063;0,12724048;5,87343076;-10,32452268;-3,92212796;6,79589191;-0,12724048;11,25011063;-4,03547058;3,92212796;-5,66733905;3,77921208;0,12724048;-11,25011063;5,87343076;-3,92212796;10,32452268;6,79589191;0,12724048;11,25011063;4,03547058;3,92212796;5,66733905;3,77921208;0,12724048;11,25011063;5,87343076;3,92212796;10,32452268;6,79589191
391;Q;beam_y;80x80;13,09940863;-0,72603922;52,95696091;39,88172645;11,78357641;-4,40724754;-13,09940863;0,72603922;-51,11900072;9,03397552;-11,78357641;-7,90619657;-0,72603922;-13,09940863;52,95696091;11,78357641;-39,88172645;-4,40724754;0,72603922;13,09940863;-51,11900072;-11,78357641;-9,03397552;-7,90619657;0,72603922;13,09940863;52,95696091;11,78357641;39,88172645;4,40724754;0,72603922;13,09940863;51,11900072;11,78357641;9,03397552;7,90619657
392;Q;beam_y;80x80;16,00699895;-0,97394003;69,82360625;53,06776487;16,27158237;-5,38199899;-16,00699895;0,97394003;-67,98564606;11,70258372;-16,27158237;-9,66458002;-0,97394003;-16,00699895;69,82360625;16,27158237;-53,06776487;-5,38199899;0,97394003;16,00699895;-67,98564606;-16,27158237;-11,70258372;-9,66458002;0,97394003;16,00699895;69,82360625;16,27158237;53,06776487;5,38199899;0,97394003;16,00699895;67,98564606;16,27158237;11,70258372;9,66458002
393;Q;beam_y;80x80;17,65084184;-0,98931342;87,23477734;64,78226429;23,62303032;-5,93192099;-17,65084184;0,98931342;-85,39681715;16,35458512;-23,62303032;-10,65987034;-0,98931342;-17,65084184;87,23477734;23,62303032;-64,78226429;-5,93192099;0,98931342;17,65084184;-85,39681715;-23,62303032;-16,35458512;-10,65987034;0,98931342;17,65084184;87,23477734;23,62303032;64,78226429;5,93192099;0,98931342;17,65084184;85,39681715;23,62303032;16,35458512;10,65987034
394;Q;beam_y;80x80;19,01143282;-1,15277526;71,47955353;59,10179274;35,26838657;-6,39275608;-19,01143282;1,15277526;-69,64159334;7,22514629;-35,26838657;-11,47799077;-1,15277526;-19,01143282;71,47955353;35,26838657;-59,10179274;-6,39275608;1,15277526;19,01143282;-69,64159334;-35,26838657;-7,22514629;-11,47799077;1,15277526;19,01143282;71,47955353;35,26838657;59,10179274;6,39275608;1,15277526;19,01143282;69,64159334;35,26838657;7,22514629;11,47799077
395;Q;beam_x;60x80;0,0;0,0;52,67416531;-23,6823739;-101,74268141;0,0;0,0;-0,0;-38,61166531;23,6823739;-69,41825101;0,0;0,0;0,0;52,67416531;-23,6823739;-101,74268141;0,0;0,0;-0,0;-38,61166531;23,6823739;-69,41825101;0,0;0,0;0,0;52,67416531;23,6823739;101,74268141;0,0;0,0;0,0;38,61166531;23,6823739;69,41825101;0,0
396;Q;beam_x;60x80;0,0;-0,0;52,31088256;-26,75800093;-98,9581666;-0,0;0,0;0,0;-38,24838256;26,75800093;-70,84045549;-0,0;0,0;-0,0;52,31088256;-26,75800093;-98,9581666;-0,0;0,0;0,0;-38,24838256;26,75800093;-70,84045549;-0,0;0,0;0,0;52,31088256;26,75800093;98,9581666;0,0;0,0;0,0;38,24838256;26,75800093;70,84045549;0,0
397;Q;beam_x;60x80;0,0;0,0;52,18868497;-27,41577776;-97,25004735;0,0;0,0;-0,0;-38,12618497;27,41577776;-72,09033379;0,0;0,0;0,0;52,18868497;-27,41577776;-97,25004735;0,0;0,0;-0,0;-38,12618497;27,41577776;-72,09033379;0,0;0,0;0,0;52,18868497;27,41577776;97,25004735;0,0;0,0;0,0;38,12618497;27,41577776;72,09033379;0,0
398;Q;beam_x;60x80;0,0;-0,0;53,2237119;-30,36321327;-101,54801687;-0,0;0,0;0,0;-39,1612119;30,36321327;-71,67371527;-0,0;0,0;-0,0;53,2237119;-30,36321327;-101,54801687;-0,0;0,0;0,0;-39,1612119;30,36321327;-71,67371527;-0,0;0,0;0,0;53,2237119;30,36321327;101,54801687;0,0;0,0;0,0;39,1612119;30,36321327;71,67371527;0,0
399;Q;beam_x;60x80;0,0;-0,0;64,59755746;-14,55189884;-132,4312996;-0,0;0,0;0,0;-50,53505746;14,55189884;-83,44235335;-0,0;0,0;-0,0;64,59755746;-14,55189884;-132,4312996;-0,0;0,0;0,0;-50,53505746;14,55189884;-83,44235335;-0,0;0,0;0,0;64,59755746;14,55189884;132,4312996;0,0;0,0;0,0;50,53505746;14,55189884;83,44235335;0,0
400;Q;beam_x;60x80;0,0;0,0;85,09906958;6,39212215;-150,21715325;0,0;0,0;-0,0;-57,26668208;-6,39212215;-116,71863112;0,0;0,0;0,0;85,09906958;6,39212215;-150,21715325;0,0;0,0;-0,0;-57,26668208;-6,39212215;-116,71863112;0,0;0,0;0,0;85,09906958;6,39212215;150,21715325;0,0;0,0;0,0;57,26668208;6,39212215;116,71863112;0,0
401;Q;beam_x;60x80;0,0;-0,0;82,36374809;7,62978924;-142,66316959;-0,0;0,0;0,0;-54,53136059;-7,62978924;-114,01515918;-0,0;0,0;-0,0;82,36374809;7,62978924;-142,66316959;-0,0;0,0;0,0;-54,53136059;-7,62978924;-114,01515918;-0,0;0,0;0,0;82,36374809;7,62978924;142,66316959;0,0;0,0;0,0;54,53136059;7,62978924;114,01515918;0,0
402;Q;beam_x;60x80;0,0;0,0;81,76450066;7,72073856;-140,70660386;0,0;0,0;-0,0;-53,93211316;-7,72073856;-113,72454706;0,0;0,0;0,0;81,76450066;7,72073856;-140,70660386;0,0;0,0;-0,0;-53,93211316;-7,72073856;-113,72454706;0,0;0,0;0,0;81,76450066;7,72073856;140,70660386;0,0;0,0;0,0;53,93211316;7,72073856;113,72454706;0,0
403;Q;beam_x;60x80;0,0;-0,0;80,73928965;8,48391106;-139,57563224;-0,0;0,0;0,0;-52,90690215;-8,48391106;-111,01097739;-0,0;0,0;-0,0;80,73928965;8,48391106;-139,57563224;-0,0;0,0;0,0;-52,90690215;-8,48391106;-111,01097739;-0,0;0,0;0,0;80,73928965;8,48391106;139,57563224;0,0;0,0;0,0;52,90690215;8,48391106;111,01097739;0,0
404;Q;beam_x;60x80;0,0;-0,0;87,49151483;5,5615075;-156,11090774;-0,0;0,0;0,0;-59,65912733;-5,5615075;-119,7965463;-0,0;0,0;-0,0;87,49151483;5,5615075;-156,11090774;-0,0;0,0;0,0;-59,65912733;-5,5615075;-119,7965463;-0,0;0,0;0,0;87,49151483;5,5615075;156,11090774;0,0;0,0;0,0;59,65912733;5,5615075;119,7965463;0,0
405;Q;beam_y;60x80;0,0;0,0;72,66067523;49,53638972;6,87410063;-0,0;-0,0;0,0;71,55932477;-45,5439943;-6,87410063;-0,0;0,0;-0,0;72,66067523;6,87410063;-49,53638972;-0,0;0,0;0,0;71,55932477;-6,87410063;45,5439943;-0,0;0,0;0,0;72,66067523;6,87410063;49,53638972;0,0;0,0;0,0;71,55932477;6,87410063;45,5439943;0,0
406;Q;beam_y;60x80;-0,0;0,0;59,28673045;42,58334975;-14,70796258;0,0;0,0;0,0;69,83446955;-89,52078874;14,70796258;0,0;0,0;0,0;59,28673045;-14,70796258;-42,58334975;0,0;0,0;-0,0;69,83446955;14,70796258;89,52078874;0,0;0,0;0,0;59,28673045;14,70796258;42,58334975;0,0;0,0;0,0;69,83446955;14,70796258;89,52078874;0,0
407;Q;beam_y;60x80;0,0;0,0;45,42398876;39,53376984;-0,28454698;-0,0;-0,0;0,0;49,57601124;-54,58485133;0,28454698;-0,0;0,0;-0,0;45,42398876;-0,28454698;-39,53376984;-0,0;0,0;0,0;49,57601124;0,28454698;54,58485133;-0,0;0,0;0,0;45,42398876;0,28454698;39,53376984;0,0;0,0;0,0;49,57601124;0,28454698;54,58485133;0,0
408;Q;beam_y;60x80;-0,0;0,0;65,87253887;73,54513933;0,61061059;0,0;0,0;0,0;62,12746113;-56,87954342;-0,61061059;0,0;0,0;0,0;65,87253887;0,61061059;-73,54513933;0,0;0,0;-0,0;62,12746113;-0,61061059;56,87954342;0,0;0,0;0,0;65,87253887;0,61061059;73,54513933;0,0;0,0;0,0;62,12746113;0,61061059;56,87954342;0,0
409;Q;beam_y;60x80;0,0;0,0;29,74613677;15,83854817;8,73117345;-0,0;-0,0;0,0;9,75524904;26,79201991;-8,73117345;-0,0;0,0;-0,0;29,74613677;8,73117345;-15,83854817;-0,0;0,0;0,0;9,75524904;-8,73117345;-26,79201991;-0,0;0,0;0,0;29,74613677;8,73117345;15,83854817;0,0;0,0;0,0;9,75524904;8,73117345;26,79201991;0,0
410;Q;beam_y;60x80;-0,0;0,0;54,73880531;80,5267582;3,35799286;0,0;0,0;0,0;-7,18448649;62,98047053;-3,35799286;0,0;0,0;0,0;54,73880531;3,35799286;-80,5267582;0,0;0,0;-0,0;-7,18448649;-3,35799286;-62,98047053;0,0;0,0;0,0;54,73880531;3,35799286;80,5267582;0,0;0,0;0,0;7,18448649;3,35799286;62,98047053;0,0
411;Q;beam_y;60x80;0,0;0,0;32,88637707;19,8566246;-4,8581444;-0,0;-0,0;0,0;4,42603425;40,83505646;4,8581444;-0,0;0,0;-0,0;32,88637707;-4,8581444;-19,8566246;-0,0;0,0;0,0;4,42603425;4,8581444;-40,83505646;-0,0;0,0;0,0;32,88637707;4,8581444;19,8566246;0,0;0,0;0,0;4,42603425;4,8581444;40,83505646;0,0
412;Q;beam_y;60x80;-0,0;0,0;65,69710533;117,85975473;10,42615461;0,0;0,0;0,0;-20,16656292;81,12929643;-10,42615461;0,0;0,0;0,0;65,69710533;10,42615461;-117,85975473;0,0;0,0;-0,0;-20,16656292;-10,42615461;-81,12929643;0,0;0,0;0,0;65,69710533;10,42615461;117,85975473;0,0;0,0;0,0;20,16656292;10,42615461;81,12929643;0,0
413;Q;beam_y;60x80;-0,0;0,0;73,86194888;52,62246324;4,85670387;0,0;0,0;0,0;70,35805112;-39,92083387;-4,85670387;0,0;0,0;0,0;73,86194888;4,85670387;-52,62246324;0,0;0,0;-0,0;70,35805112;-4,85670387;39,92083387;0,0;0,0;0,0;73,86194888;4,85670387;52,62246324;0,0;0,0;0,0;70,35805112;4,85670387;39,92083387;0,0
414;Q;beam_y;60x80;0,0;0,0;58,35855993;37,74691114;-13,66252103;-0,0;-0,0;0,0;70,76264007;-92,94506778;13,66252103;-0,0;0,0;-0,0;58,35855993;-13,66252103;-37,74691114;-0,0;0,0;0,0;70,76264007;13,66252103;92,94506778;-0,0;0,0;0,0;58,35855993;13,66252103;37,74691114;0,0;0,0;0,0;70,76264007;13,66252103;92,94506778;0,0
415;Q;beam_y;60x80;-0,0;0,0;47,39729272;45,53862565;0,44490983;0,0;0,0;0,0;47,60270728;-46,28325346;-0,44490983;0,0;0,0;0,0;47,39729272;0,44490983;-45,53862565;0,0;0,0;-0,0;47,60270728;-0,44490983;46,28325346;0,0;0,0;0,0;47,39729272;0,44490983;45,53862565;0,0;0,0;0,0;47,60270728;0,44490983;46,28325346;0,0
416;Q;beam_y;60x80;0,0;0,0;64,72053296;67,53351706;-0,3443;-0,0;-0,0;0,0;63,27946704;-61,12077368;0,3443;-0,0;0,0;-0,0;64,72053296;-0,3443;-67,53351706;-0,0;0,0;0,0;63,27946704;0,3443;61,12077368;-0,0;0,0;0,0;64,72053296;0,3443;67,53351706;0,0;0,0;0,0;63,27946704;0,3443;61,12077368;0,0
417;Q;beam_y;60x80;0,0;0,0;31,36755339;19,92797104;8,57226948;-0,0;-0,0;0,0;8,13383242;29,61793893;-8,57226948;-0,0;0,0;-0,0;31,36755339;8,57226948;-19,92797104;-0,0;0,0;0,0;8,13383242;-8,57226948;-29,61793893;-0,0;0,0;0,0;31,36755339;8,57226948;19,92797104;0,0;0,0;0,0;8,13383242;8,57226948;29,61793893;0,0
418;Q;beam_y;60x80;0,0;0,0;54,00735213;76,24537116;3,39022063;-0,0;-0,0;0,0;-6,45303331;63,87157208;-3,39022063;-0,0;0,0;-0,0;54,00735213;3,39022063;-76,24537116;-0,0;0,0;0,0;-6,45303331;-3,39022063;-63,87157208;-0,0;0,0;0,0;54,00735213;3,39022063;76,24537116;0,0;0,0;0,0;6,45303331;3,39022063;63,87157208;0,0
419;Q;beam_y;60x80;0,0;0,0;34,50127514;24,73663978;-4,88170536;-0,0;-0,0;0,0;2,81113618;42,84258155;4,88170536;-0,0;0,0;-0,0;34,50127514;-4,88170536;-24,73663978;-0,0;0,0;0,0;2,81113618;4,88170536;-42,84258155;-0,0;0,0;0,0;34,50127514;4,88170536;24,73663978;0,0;0,0;0,0;2,81113618;4,88170536;42,84258155;0,0
420;Q;beam_y;60x80;0,0;0,0;64,10911551;111,82078697;13,30039089;-0,0;-0,0;0,0;-18,5785731;79,80793139;-13,30039089;-0,0;0,0;-0,0;64,10911551;13,30039089;-111,82078697;-0,0;0,0;0,0;-18,5785731;-13,30039089;-79,80793139;-0,0;0,0;0,0;64,10911551;13,30039089;111,82078697;0,0;0,0;0,0;18,5785731;13,30039089;79,80793139;0,0
421;Q;beam_y;60x80;-0,0;0,0;74,46940324;53,58447154;3,42319668;0,0;0,0;0,0;69,75059676;-36,47879804;-3,42319668;0,0;0,0;0,0;74,46940324;3,42319668;-53,58447154;0,0;0,0;-0,0;69,75059676;-3,42319668;36,47879804;0,0;0,0;0,0;74,46940324;3,42319668;53,58447154;0,0;0,0;0,0;69,75059676;3,42319668;36,47879804;0,0
422;Q;beam_y;60x80;0,0;0,0;57,91810928;34,39591806;-12,50931673;-0,0;-0,0;0,0;71,20309072;-93,51408544;12,50931673;-0,0;0,0;-0,0;57,91810928;-12,50931673;-34,39591806;-0,0;0,0;0,0;71,20309072;12,50931673;93,51408544;-0,0;0,0;0,0;57,91810928;12,50931673;34,39591806;0,0;0,0;0,0;71,20309072;12,50931673;93,51408544;0,0
423;Q;beam_y;60x80;-0,0;0,0;48,34263852;47,81204745;0,82630743;0,0;0,0;0,0;46,65736148;-41,70291815;-0,82630743;0,0;0,0;0,0;48,34263852;0,82630743;-47,81204745;0,0;0,0;-0,0;46,65736148;-0,82630743;41,70291815;0,0;0,0;0,0;48,34263852;0,82630743;47,81204745;0,0;0,0;0,0;46,65736148;0,82630743;41,70291815;0,0
424;Q;beam_y;60x80;0,0;0,0;64,14446911;63,43425128;-0,89287334;-0,0;-0,0;0,0;63,85553089;-62,14847618;0,89287334;-0,0;0,0;-0,0;64,14446911;-0,89287334;-63,43425128;-0,0;0,0;0,0;63,85553089;0,89287334;62,14847618;-0,0;0,0;0,0;64,14446911;0,89287334;63,43425128;0,0;0,0;0,0;63,85553089;0,89287334;62,14847618;0,0
425;Q;beam_y;60x80;-0,0;0,0;32,24020688;21,80387482;8,60596287;0,0;0,0;0,0;7,26117893;31,46390228;-8,60596287;0,0;0,0;0,0;32,24020688;8,60596287;-21,80387482;0,0;0,0;-0,0;7,26117893;-8,60596287;-31,46390228;0,0;0,0;0,0;32,24020688;8,60596287;21,80387482;0,0;0,0;0,0;7,26117893;8,60596287;31,46390228;0,0
426;Q;beam_y;60x80;-0,0;0,0;53,50587433;72,65435004;3,79528768;0,0;0,0;0,0;-5,95155551;65,13824361;-3,79528768;0,0;0,0;0,0;53,50587433;3,79528768;-72,65435004;0,0;0,0;-0,0;-5,95155551;-3,79528768;-65,13824361;0,0;0,0;0,0;53,50587433;3,79528768;72,65435004;0,0;0,0;0,0;5,95155551;3,79528768;65,13824361;0,0
427;Q;beam_y;60x80;-0,0;0,0;35,30921125;27,0756377;-4,41730075;0,0;0,0;0,0;2,00320008;43,94943112;4,41730075;0,0;0,0;0,0;35,30921125;-4,41730075;-27,0756377;0,0;0,0;-0,0;2,00320008;4,41730075;-43,94943112;0,0;0,0;0,0;35,30921125;4,41730075;27,0756377;0,0;0,0;0,0;2,00320008;4,41730075;43,94943112;0,0
428;Q;beam_y;60x80;-0,0;0,0;62,80306286;106,19607154;14,00330954;0,0;0,0;0,0;-17,27252045;79,37909278;-14,00330954;0,0;0,0;0,0;62,80306286;14,00330954;-106,19607154;0,0;0,0;-0,0;-17,27252045;-14,00330954;-79,37909278;0,0;0,0;0,0;62,80306286;14,00330954;106,19607154;0,0;0,0;0,0;17,27252045;14,00330954;79,37909278;0,0
429;Q;beam_y;60x80;0,0;0,0;75,24578078;55,59951081;2,33840268;-0,0;-0,0;0,0;68,97421922;-32,86510017;-2,33840268;-0,0;0,0;-0,0;75,24578078;2,33840268;-55,59951081;-0,0;0,0;0,0;68,97421922;-2,33840268;32,86510017;-0,0;0,0;0,0;75,24578078;2,33840268;55,59951081;0,0;0,0;0,0;68,97421922;2,33840268;32,86510017;0,0
430;Q;beam_y;60x80;0,0;0,0;56,97735605;30,99400752;-12,41812735;0,0;0,0;0,0;72,14384395;-98,48487869;12,41812735;0,0;0,0;0,0;56,97735605;-12,41812735;-30,99400752;0,0;0,0;0,0;72,14384395;12,41812735;98,48487869;0,0;0,0;0,0;56,97735605;12,41812735;30,99400752;0,0;0,0;0,0;72,14384395;12,41812735;98,48487869;0,0
431;Q;beam_y;60x80;0,0;0,0;49,57008566;51,75798226;1,39112729;-0,0;-0,0;0,0;45,42991434;-36,7498612;-1,39112729;-0,0;0,0;-0,0;49,57008566;1,39112729;-51,75798226;-0,0;0,0;0,0;45,42991434;-1,39112729;36,7498612;-0,0;0,0;0,0;49,57008566;1,39112729;51,75798226;0,0;0,0;0,0;45,42991434;1,39112729;36,7498612;0,0
432;Q;beam_y;60x80;0,0;0,0;63,32191915;60,07056037;-1,45794376;0,0;0,0;0,0;64,67808085;-66,10547996;1,45794376;0,0;0,0;0,0;63,32191915;-1,45794376;-60,07056037;0,0;0,0;0,0;64,67808085;1,45794376;66,10547996;0,0;0,0;0,0;63,32191915;1,45794376;60,07056037;0,0;0,0;0,0;64,67808085;1,45794376;66,10547996;0,0
433;Q;beam_y;60x80;-0,0;0,0;33,14846052;24,22155709;8,7445953;0,0;0,0;0,0;6,35292529;32,91992179;-8,7445953;0,0;0,0;0,0;33,14846052;8,7445953;-24,22155709;0,0;0,0;-0,0;6,35292529;-8,7445953;-32,91992179;0,0;0,0;0,0;33,14846052;8,7445953;24,22155709;0,0;0,0;0,0;6,35292529;8,7445953;32,91992179;0,0
434;Q;beam_y;60x80;-0,0;0,0;53,13578754;70,61004418;3,43689562;0,0;0,0;0,0;-5,58146872;65,46719721;-3,43689562;0,0;0,0;0,0;53,13578754;3,43689562;-70,61004418;0,0;0,0;-0,0;-5,58146872;-3,43689562;-65,46719721;0,0;0,0;0,0;53,13578754;3,43689562;70,61004418;0,0;0,0;0,0;5,58146872;3,43689562;65,46719721;0,0
435;Q;beam_y;60x80;-0,0;0,0;35,86430264;29,04054799;-4,37993384;0,0;0,0;0,0;1,44810869;44,3519856;4,37993384;0,0;0,0;0,0;35,86430264;-4,37993384;-29,04054799;0,0;0,0;-0,0;1,44810869;4,37993384;-44,3519856;0,0;0,0;0,0;35,86430264;4,37993384;29,04054799;0,0;0,0;0,0;1,44810869;4,37993384;44,3519856;0,0
436;Q;beam_y;60x80;-0,0;0,0;61,87751489;103,0480272;15,57103087;0,0;0,0;0,0;-16,34697248;78,23722228;-15,57103087;0,0;0,0;0,0;61,87751489;15,57103087;-103,0480272;0,0;0,0;-0,0;-16,34697248;-15,57103087;-78,23722228;0,0;0,0;0,0;61,87751489;15,57103087;103,0480272;0,0;0,0;0,0;16,34697248;15,57103087;78,23722228;0,0
437;Q;beam_y;60x80;-0,0;0,0;72,56848964;52,31754303;4,34243104;0,0;0,0;0,0;71,65151036;-48,99349311;-4,34243104;0,0;0,0;0,0;72,56848964;4,34243104;-52,31754303;0,0;0,0;-0,0;71,65151036;-4,34243104;48,99349311;0,0;0,0;0,0;72,56848964;4,34243104;52,31754303;0,0;0,0;0,0;71,65151036;4,34243104;48,99349311;0,0
438;Q;beam_y;60x80;0,0;0,0;90,933151;59,74136368;-11,70615536;-0,0;-0,0;0,0;104,106849;-118,36431979;11,70615536;-0,0;0,0;-0,0;90,933151;-11,70615536;-59,74136368;-0,0;0,0;0,0;104,106849;11,70615536;118,36431979;-0,0;0,0;0,0;90,933151;11,70615536;59,74136368;0,0;0,0;0,0;104,106849;11,70615536;118,36431979;0,0
439;Q;beam_y;60x80;-0,0;0,0;47,28202245;41,77364875;-0,10483784;0,0;0,0;0,0;47,71797755;-43,35398597;0,10483784;0,0;0,0;0,0;47,28202245;-0,10483784;-41,77364875;0,0;0,0;-0,0;47,71797755;0,10483784;43,35398597;0,0;0,0;0,0;47,28202245;0,10483784;41,77364875;0,0;0,0;0,0;47,71797755;0,10483784;43,35398597;0,0
440;Q;beam_y;60x80;0,0;0,0;64,99176515;61,3195011;-0,22633111;-0,0;-0,0;0,0;63,00823485;-52,49279127;0,22633111;-0,0;0,0;-0,0;64,99176515;-0,22633111;-61,3195011;-0,0;0,0;0,0;63,00823485;0,22633111;52,49279127;-0,0;0,0;0,0;64,99176515;0,22633111;61,3195011;0,0;0,0;0,0;63,00823485;0,22633111;52,49279127;0,0
441;Q;beam_y;60x80;-0,0;0,0;30,81809657;16,74646669;16,53691469;0,0;0,0;0,0;8,68328924;30,45600994;-16,53691469;0,0;0,0;0,0;30,81809657;16,53691469;-16,74646669;0,0;0,0;-0,0;8,68328924;-16,53691469;-30,45600994;0,0;0,0;0,0;30,81809657;16,53691469;16,74646669;0,0;0,0;0,0;8,68328924;16,53691469;30,45600994;0,0
442;Q;beam_y;60x80;0,0;0,0;55,30735364;79,43255646;0,64644915;-0,0;-0,0;0,0;-7,75303482;66,70989379;-0,64644915;-0,0;0,0;-0,0;55,30735364;0,64644915;-79,43255646;-0,0;0,0;0,0;-7,75303482;-0,64644915;-66,70989379;-0,0;0,0;0,0;55,30735364;0,64644915;79,43255646;0,0;0,0;0,0;7,75303482;0,64644915;66,70989379;0,0
443;Q;beam_y;60x80;-0,0;0,0;28,08662164;8,61604412;-3,45610288;0,0;0,0;0,0;9,22578969;31,60468003;3,45610288;0,0;0,0;0,0;28,08662164;-3,45610288;-8,61604412;0,0;0,0;-0,0;9,22578969;3,45610288;-31,60468003;0,0;0,0;0,0;28,08662164;3,45610288;8,61604412;0,0;0,0;0,0;9,22578969;3,45610288;31,60468003;0,0
444;Q;beam_y;60x80;0,0;0,0;64,90732905;117,7624148;11,5588328;-0,0;-0,0;0,0;-19,37678663;77,56602329;-11,5588328;-0,0;0,0;-0,0;64,90732905;11,5588328;-117,7624148;-0,0;0,0;0,0;-19,37678663;-11,5588328;-77,56602329;-0,0;0,0;0,0;64,90732905;11,5588328;117,7624148;0,0;0,0;0,0;19,37678663;11,5588328;77,56602329;0,0
445;Q;wall;30x725;4,33757993;4,65558767;103,52105349;-5,81093103;0,14331602;4,37139741;-4,33757993;-4,65558767;-103,52105349;-10,76296106;15,29846855;-4,37139741;103,52105349;-4,65558767;4,33757993;4,37139741;-0,14331602;-5,81093103;-103,52105349;4,65558767;-4,33757993;-4,37139741;-15,29846855;-10,76296106;103,52105349;4,65558767;4,33757993;4,37139741;0,14331602;5,81093103;103,52105349;4,65558767;4,33757993;4,37139741;15,29846855;10,76296106
446;Q;wall;30x1000;-56,5857595;0,00494916;51,08404928;-34,38108401;206,60340013;12,2001249;56,5857595;-0,00494916;-51,08404928;34,363465;102,79178891;-12,24961649;70,44108868;-0,00494916;29,14757786;36,48151035;-206,60340013;-0,03725089;-70,44108868;0,00494916;-29,14757786;-36,48151035;-102,79178891;-0,01528336;70,44108868;0,00494916;29,14757786;36,48151035;206,60340013;0,03725089;70,44108868;0,00494916;29,14757786;36,48151035;102,79178891;0,01528336
447;Q;wall;30x725;9,77054606;1,76951899;127,1117647;-2,49073196;123,1525845;-0,03871299;-9,77054606;-1,76951899;-127,1117647;-3,80875563;-88,36944052;0,03871299;127,1117647;-1,76951899;9,77054606;-0,03871299;-123,1525845;-2,49073196;-127,1117647;1,76951899;-9,77054606;0,03871299;88,36944052;-3,80875563;127,1117647;1,76951899;9,77054606;0,03871299;123,1525845;2,49073196;127,1117647;1,76951899;9,77054606;0,03871299;88,36944052;3,80875563
448;Q;wall;30x725;8,07274322;6,85938519;70,48300426;-10,80177899;57,90951064;-0,8462267;-8,07274322;-6,85938519;-70,48300426;-13,6176323;-29,17054477;0,8462267;70,48300426;-6,85938519;8,07274322;-0,8462267;-57,90951064;-10,80177899;-70,48300426;6,85938519;-8,07274322;0,8462267;29,17054477;-13,6176323;70,48300426;6,85938519;8,07274322;0,8462267;57,90951064;10,80177899;70,48300426;6,85938519;8,07274322;0,8462267;29,17054477;13,6176323
449;Q;wall;30x890;2,57894283;-4,33023504;74,17872159;5,14485053;-2,99818615;-3,50767469;-2,57894283;4,33023504;-74,17872159;10,27078622;12,17922263;3,50767469;74,17872159;4,33023504;2,57894283;-3,50767469;2,99818615;5,14485053;-74,17872159;-4,33023504;-2,57894283;3,50767469;-12,17922263;10,27078622;74,17872159;4,33023504;2,57894283;3,50767469;2,99818615;5,14485053;74,17872159;4,33023504;2,57894283;3,50767469;12,17922263;10,27078622
450;Q;wall;30x615;1,7438277;0,76213528;53,68908757;-1,18671447;36,1501339;-1,74687229;-1,7438277;-0,76213528;-53,68908757;-1,52648713;-29,94210728;1,74687229;53,68908757;-0,76213528;1,7438277;-1,74687229;-36,1501339;-1,18671447;-53,68908757;0,76213528;-1,7438277;1,74687229;29,94210728;-1,52648713;53,68908757;0,76213528;1,7438277;1,74687229;36,1501339;1,18671447;53,68908757;0,76213528;1,7438277;1,74687229;29,94210728;1,52648713
451;Q;wall;30x1000;-51,18073749;-0,00012689;53,28198968;29,40057078;223,50274515;-10,44150827;51,18073749;0,00012689;-53,28198968;-29,40011904;127,11372619;10,44277721;66,08626051;0,00012689;33,03096253;-31,19964901;-223,50274515;0,02364149;-66,08626051;-0,00012689;-33,03096253;31,19964901;-127,11372619;-0,02229454;66,08626051;0,00012689;33,03096253;31,19964901;223,50274515;0,02364149;66,08626051;0,00012689;33,03096253;31,19964901;127,11372619;0,02229454
452;Q;wall;30x725;7,67356356;5,99646724;71,57868477;-8,09979036;-0,14449802;0,42396701;-7,67356356;-5,99646724;-71,57868477;-13,24763301;27,46238428;-0,42396701;71,57868477;-5,99646724;7,67356356;0,42396701;0,14449802;-8,09979036;-71,57868477;5,99646724;-7,67356356;-0,42396701;-27,46238428;-13,24763301;71,57868477;5,99646724;7,67356356;0,42396701;0,14449802;8,09979036;71,57868477;5,99646724;7,67356356;0,42396701;27,46238428;13,24763301
453;Q;wall;30x890;4,01572158;-0,85689444;65,83549622;-0,27520383;-9,6786126;0,06191577;-4,01572158;0,85689444;-65,83549622;3,32574805;23,97458144;-0,06191577;65,83549622;0,85689444;4,01572158;0,06191577;9,6786126;-0,27520383;-65,83549622;-0,85689444;-4,01572158;-0,06191577;-23,97458144;3,32574805;65,83549622;0,85689444;4,01572158;0,06191577;9,6786126;0,27520383;65,83549622;0,85689444;4,01572158;0,06191577;23,97458144;3,32574805
454;Q;wall;25x158;-0,7760214;0,02186308;0,0;-0,06753517;3,08543753;0,03292859;0,7760214;-0,02186308;0,0;-0,0102974;-5,84807371;-0,03292859;0,0;-0,02186308;-0,7760214;0,03292859;-3,08543753;-0,06753517;0,0;0,02186308;0,7760214;-0,03292859;5,84807371;-0,0102974;0,0;0,02186308;0,7760214;0,03292859;3,08543753;0,06753517;0,0;0,02186308;0,7760214;0,03292859;5,84807371;0,0102974
455;Q;wall;25x365;11,99296016;0,05305946;0,0;-0,18889168;42,69493818;-0,00314249;-11,99296016;-0,05305946;-0,0;0,0;-0,0;-0,19052454;-8,58549137;-0,05305946;8,37379432;0,13302915;-42,69493818;-0,13413869;8,58549137;0,05305946;-8,37379432;-0,13302915;0,0;-0,13639225;8,58549137;0,05305946;8,37379432;0,13302915;42,69493818;0,13413869;8,58549137;0,05305946;8,37379432;0,13302915;0,0;0,13639225
456;Q;wall;25x158;-0,7760214;0,02443968;0,0;-0,0690786;3,08543753;0,03292859;0,7760214;-0,02443968;0,0;-0,01792667;-5,84807371;-0,03292859;0,0;-0,02443968;-0,7760214;0,03292859;-3,08543753;-0,0690786;0,0;0,02443968;0,7760214;-0,03292859;5,84807371;-0,01792667;0,0;0,02443968;0,7760214;0,03292859;3,08543753;0,0690786;0,0;0,02443968;0,7760214;0,03292859;5,84807371;0,01792667
457;Q;wall;25x365;40,88364268;0,22937733;-0,0;-0,81658328;145,54576793;-0,01688958;-40,88364268;-0,22937733;0,0;0,0;-0,0;-0,82033766;-29,26768343;-0,22937733;28,54601452;0,57278093;-145,54576793;-0,5822504;29,26768343;0,22937733;-28,54601452;-0,57278093;0,0;-0,58726134;29,26768343;0,22937733;28,54601452;0,57278093;145,54576793;0,5822504;29,26768343;0,22937733;28,54601452;0,57278093;0,0;0,58726134
458;Q;wall;25x158;0,94200711;-0,11196965;0,0;0,0102974;5,84807371;0,09743323;-0,94200711;0,11196965;0,0;0,38831455;-2,49452842;-0,09743323;0,0;0,11196965;0,94200711;0,09743323;-5,84807371;0,0102974;0,0;-0,11196965;-0,94200711;-0,09743323;2,49452842;0,38831455;0,0;0,11196965;0,94200711;0,09743323;5,84807371;0,0102974;0,0;0,11196965;0,94200711;0,09743323;2,49452842;0,38831455
459;Q;wall;25x158;0,94200711;-0,11975187;0,0;0,01792667;5,84807371;0,09743323;-0,94200711;0,11975187;0,0;0,40838998;-2,49452842;-0,09743323;0,0;0,11975187;0,94200711;0,09743323;-5,84807371;0,01792667;0,0;-0,11975187;-0,94200711;-0,09743323;2,49452842;0,40838998;0,0;0,11975187;0,94200711;0,09743323;5,84807371;0,01792667;0,0;0,11975187;0,94200711;0,09743323;2,49452842;0,40838998
460;Q;wall;25x365;58,36520484;0,761609;0,0;-2,71132805;207,78012921;-0,10852399;-58,36520484;-0,761609;-0,0;0,0;-0,0;-2,67134887;-41,78234195;-0,761609;40,75209242;1,86520473;-207,78012921;-1,97080911;41,78234195;0,761609;-40,75209242;-1,86520473;0,0;-1,91235878;41,78234195;0,761609;40,75209242;1,86520473;207,78012921;1,97080911;41,78234195;0,761609;40,75209242;1,86520473;0,0;1,91235878
461;Q;wall;25x158;0,03275165;0,19073859;0,0;-0,38831455;2,49452842;-0,38936628;-0,03275165;-0,19073859;0,0;-0,29071485;-2,37793254;0,38936628;0,0;-0,19073859;0,03275165;-0,38936628;-2,49452842;-0,38831455;0,0;0,19073859;-0,03275165;0,38936628;2,37793254;-0,29071485;0,0;0,19073859;0,03275165;0,38936628;2,49452842;0,38831455;0,0;0,19073859;0,03275165;0,38936628;2,37793254;0,29071485
462;Q;wall;25x158;0,03275165;0,19792828;0,0;-0,40838998;2,49452842;-0,38936628;-0,03275165;-0,19792828;0,0;-0,2962347;-2,37793254;0,38936628;0,0;-0,19792828;0,03275165;-0,38936628;-2,49452842;-0,40838998;0,0;0,19792828;-0,03275165;0,38936628;2,37793254;-0,2962347;0,0;0,19792828;0,03275165;0,38936628;2,49452842;0,40838998;0,0;0,19792828;0,03275165;0,38936628;2,37793254;0,2962347
463;Q;wall;25x365;85,85538776;0,62189188;-0,0;-2,21393511;305,64518043;-0,1012651;-85,85538776;-0,62189188;0,0;0,0;0,0;-2,16864027;-61,46194774;-0,62189188;59,94644766;1,51420061;-305,64518043;-1,61832005;61,46194774;0,62189188;-59,94644766;-1,51420061;-0,0;-1,55248097;61,46194774;0,62189188;59,94644766;1,51420061;305,64518043;1,61832005;61,46194774;0,62189188;59,94644766;1,51420061;0,0;1,55248097
464;Q;wall;25x158;-3,76148396;-0,20694288;0,0;0,29071485;2,37793254;-0,4898845;3,76148396;0,20694288;0,0;0,4460018;-15,76881544;0,4898845;0,0;0,20694288;-3,76148396;-0,4898845;-2,37793254;0,29071485;0,0;-0,20694288;3,76148396;0,4898845;15,76881544;0,4460018;0,0;0,20694288;3,76148396;0,4898845;2,37793254;0,29071485;0,0;0,20694288;3,76148396;0,4898845;15,76881544;0,4460018
465;Q;wall;25x158;-3,76148396;-0,21295132;0,0;0,2962347;2,37793254;-0,4898845;3,76148396;0,21295132;0,0;0,46187199;-15,76881544;0,4898845;0,0;0,21295132;-3,76148396;-0,4898845;-2,37793254;0,2962347;0,0;-0,21295132;3,76148396;0,4898845;15,76881544;0,46187199;0,0;0,21295132;3,76148396;0,4898845;2,37793254;0,2962347;0,0;0,21295132;3,76148396;0,4898845;15,76881544;0,46187199
466;Q;wall;25x365;121,94886616;1,04574727;-0,0;-3,72286028;434,13796351;-0,16721616;-121,94886616;-1,04574727;0,0;0,0;0,0;-3,64976138;-87,30045993;-1,04574727;85,14784585;2,54835759;-434,13796351;-2,71910344;87,30045993;1,04574727;-85,14784585;-2,54835759;-0,0;-2,61278237;87,30045993;1,04574727;85,14784585;2,54835759;434,13796351;2,71910344;87,30045993;1,04574727;85,14784585;2,54835759;0,0;2,61278237
467;Q;wall;25x158;4,42944254;0,1252814;0,0;-0,4460018;15,76881544;-8,94602194;-4,42944254;-0,1252814;0,0;0,0;-0,0;8,94602194;0,0;-0,1252814;4,42944254;-8,94602194;-15,76881544;-0,4460018;0,0;0,1252814;-4,42944254;8,94602194;0,0;0,0;0,0;0,1252814;4,42944254;8,94602194;15,76881544;0,4460018;0,0;0,1252814;4,42944254;8,94602194;0,0;0,0
468;Q;wall;25x158;4,42944254;0,12973932;0,0;-0,46187199;15,76881544;-8,94602194;-4,42944254;-0,12973932;0,0;-0,0;-0,0;8,94602194;0,0;-0,12973932;4,42944254;-8,94602194;-15,76881544;-0,46187199;0,0;0,12973932;-4,42944254;8,94602194;0,0;-0,0;0,0;0,12973932;4,42944254;8,94602194;15,76881544;0,46187199;0,0;0,12973932;4,42944254;8,94602194;0,0;0,0
469;Q;wall;30x225;-1,90874597;0,05315758;0,0;-0,16509696;11,12328227;0,11411182;1,90874597;-0,05315758;0,0;-0,02414401;-17,91841794;-0,11411182;0,0;-0,05315758;-1,90874597;0,11411182;-11,12328227;-0,16509696;0,0;0,05315758;1,90874597;-0,11411182;17,91841794;-0,02414401;0,0;0,05315758;1,90874597;0,11411182;11,12328227;0,16509696;0,0;0,05315758;1,90874597;0,11411182;17,91841794;0,02414401
470;Q;wall;30x310;15,13229724;0,11438862;0,0;-0,40722348;53,87097816;0,0582025;-15,13229724;-0,11438862;-0,0;-0,0;-0,0;-0,41280722;-9,93742537;-0,11438862;11,41201107;0,31131827;-53,87097816;-0,26888553;9,93742537;0,11438862;-11,41201107;-0,31131827;0,0;-0,27109175;9,93742537;0,11438862;11,41201107;0,31131827;53,87097816;0,26888553;9,93742537;0,11438862;11,41201107;0,31131827;0,0;0,27109175
471;Q;wall;30x225;-1,90874597;0,05834398;0,0;-0,16818309;11,12328227;0,11411182;1,90874597;-0,05834398;0,0;-0,03952149;-17,91841794;-0,11411182;0,0;-0,05834398;-1,90874597;0,11411182;-11,12328227;-0,16818309;0,0;0,05834398;1,90874597;-0,11411182;17,91841794;-0,03952149;0,0;0,05834398;1,90874597;0,11411182;11,12328227;0,16818309;0,0;0,05834398;1,90874597;0,11411182;17,91841794;0,03952149
472;Q;wall;30x310;51,89915916;0,4940186;-0,0;-1,75870623;184,76100661;0,24408971;-51,89915916;-0,4940186;0,0;0,0;-0,0;-1,77554738;-34,08233481;-0,4940186;39,13971353;1,33902778;-184,76100661;-1,16603259;34,08233481;0,4940186;-39,13971353;-1,33902778;0,0;-1,16600734;34,08233481;0,4940186;39,13971353;1,33902778;184,76100661;1,16603259;34,08233481;0,4940186;39,13971353;1,33902778;0,0;1,16600734
473;Q;wall;30x310;85,27429229;1,63259085;0,0;-5,81202342;303,57648055;0,69109387;-85,27429229;-1,63259085;0,0;0,0;-0,0;-5,7521255;-55,9998857;-1,63259085;64,30954616;4,3379613;-303,57648055;-3,92928984;55,9998857;1,63259085;-64,30954616;-4,3379613;0,0;-3,77743821;55,9998857;1,63259085;64,30954616;4,3379613;303,57648055;3,92928984;55,9998857;1,63259085;64,30954616;4,3379613;0,0;3,77743821
474;Q;wall;30x310;123,68492733;1,33123125;-0,0;-4,73918324;440,3183413;0,53552163;-123,68492733;-1,33123125;0,0;-0,0;-0,0;-4,66233849;-81,22426592;-1,33123125;93,27689893;3,51609922;-440,3183413;-3,22237296;81,22426592;1,33123125;-93,27689893;-3,51609922;0,0;-3,06177179;81,22426592;1,33123125;93,27689893;3,51609922;440,3183413;3,22237296;81,22426592;1,33123125;93,27689893;3,51609922;0,0;3,06177179
475;Q;wall;30x310;177,50710557;2,23899373;-0,0;-7,97081769;631,92529581;0,90749116;-177,50710557;-2,23899373;0,0;0,0;-0,0;-7,84837173;-116,56945318;-2,23899373;133,86685591;5,91884389;-631,92529581;-5,41523423;116,56945318;2,23899373;-133,86685591;-5,91884389;0,0;-5,15404945;116,56945318;2,23899373;133,86685591;5,91884389;631,92529581;5,41523423;116,56945318;2,23899373;133,86685591;5,91884389;0,0;5,15404945
476;Q;wall;30x225;0,90580563;-0,27361514;0,0;0,02414401;17,91841794;0,33764834;-0,90580563;0,27361514;0,0;0,94992587;-14,69374991;-0,33764834;0,0;0,27361514;0,90580563;0,33764834;-17,91841794;0,02414401;0,0;-0,27361514;-0,90580563;-0,33764834;14,69374991;0,94992587;0,0;0,27361514;0,90580563;0,33764834;17,91841794;0,02414401;0,0;0,27361514;0,90580563;0,33764834;14,69374991;0,94992587
477;Q;wall;30x225;0,90580563;-0,28928056;0,0;0,03952149;17,91841794;0,33764834;-0,90580563;0,28928056;0,0;0,9903173;-14,69374991;-0,33764834;0,0;0,28928056;0,90580563;0,33764834;-17,91841794;0,03952149;0,0;-0,28928056;-0,90580563;-0,33764834;14,69374991;0,9903173;0,0;0,28928056;0,90580563;0,33764834;17,91841794;0,03952149;0,0;0,28928056;0,90580563;0,33764834;14,69374991;0,9903173
478;Q;wall;30x225;1,77962764;0,45770469;0,0;-0,94992587;14,69374991;-1,34932287;-1,77962764;-0,45770469;0,0;-0,67950281;-8,35827552;1,34932287;0,0;-0,45770469;1,77962764;-1,34932287;-14,69374991;-0,94992587;0,0;0,45770469;-1,77962764;1,34932287;8,35827552;-0,67950281;0,0;0,45770469;1,77962764;1,34932287;14,69374991;0,94992587;0,0;0,45770469;1,77962764;1,34932287;8,35827552;0,67950281
479;Q;wall;30x225;1,77962764;0,47188851;0,0;-0,9903173;14,69374991;-1,34932287;-1,77962764;-0,47188851;0,0;-0,6896058;-8,35827552;1,34932287;0,0;-0,47188851;1,77962764;-1,34932287;-14,69374991;-0,9903173;0,0;0,47188851;-1,77962764;1,34932287;8,35827552;-0,6896058;0,0;0,47188851;1,77962764;1,34932287;14,69374991;0,9903173;0,0;0,47188851;1,77962764;1,34932287;8,35827552;0,6896058
480;Q;wall;30x225;-12,44476428;-0,46127345;0,0;0,67950281;8,35827552;-1,69766204;12,44476428;0,46127345;0,0;0,96263068;-52,66163635;1,69766204;0,0;0,46127345;-12,44476428;-1,69766204;-8,35827552;0,67950281;0,0;-0,46127345;12,44476428;1,69766204;52,66163635;0,96263068;0,0;0,46127345;12,44476428;1,69766204;8,35827552;0,67950281;0,0;0,46127345;12,44476428;1,69766204;52,66163635;0,96263068
481;Q;wall;30x225;-12,44476428;-0,47201039;0,0;0,6896058;8,35827552;-1,69766204;12,44476428;0,47201039;0,0;0,99075117;-52,66163635;1,69766204;0,0;0,47201039;-12,44476428;-1,69766204;-8,35827552;0,6896058;0,0;-0,47201039;12,44476428;1,69766204;52,66163635;0,99075117;0,0;0,47201039;12,44476428;1,69766204;8,35827552;0,6896058;0,0;0,47201039;12,44476428;1,69766204;52,66163635;0,99075117
482;Q;wall;30x225;14,79259448;0,27040188;0,0;-0,96263068;52,66163635;-10,73522633;-14,79259448;-0,27040188;0,0;0,0;-0,0;10,73522633;0,0;-0,27040188;14,79259448;-10,73522633;-52,66163635;-0,96263068;0,0;0,27040188;-14,79259448;10,73522633;0,0;0,0;0,0;0,27040188;14,79259448;10,73522633;52,66163635;0,96263068;0,0;0,27040188;14,79259448;10,73522633;0,0;0,0
483;Q;wall;30x225;14,79259448;0,27830089;0,0;-0,99075117;52,66163635;-10,73522633;-14,79259448;-0,27830089;0,0;-0,0;-0,0;10,73522633;0,0;-0,27830089;14,79259448;-10,73522633;-52,66163635;-0,99075117;0,0;0,27830089;-14,79259448;10,73522633;0,0;-0,0;0,0;0,27830089;14,79259448;10,73522633;52,66163635;0,99075117;0,0;0,27830089;14,79259448;10,73522633;0,0;0,0
588;Q;beam_x;30x80;0,0;0,0;4,50076545;-12,25832355;2,42946094;-0,0;0,0;-0,0;12,98423455;12,25832355;-18,33596552;-0,0;0,0;-0,0;4,50076545;12,25832355;-2,42946094;-0,0;0,0;0,0;12,98423455;-12,25832355;18,33596552;-0,0;0,0;0,0;4,50076545;12,25832355;2,42946094;0,0;0,0;0,0;12,98423455;12,25832355;18,33596552;0,0
589;Q;beam_x;30x80;0,0;0,0;21,46762144;3,9726683;16,05671695;-0,0;0,0;-0,0;6,07215356;-3,9726683;12,80978531;-0,0;0,0;-0,0;21,46762144;-3,9726683;-16,05671695;-0,0;0,0;0,0;6,07215356;3,9726683;-12,80978531;-0,0;0,0;0,0;21,46762144;3,9726683;16,05671695;0,0;0,0;0,0;6,07215356;3,9726683;12,80978531;0,0
590;Q;beam_x;30x80;0,0;0,0;14,68508258;10,08599034;22,9608068;-0,0;0,0;-0,0;2,79991742;-10,08599034;-0,67612212;-0,0;0,0;-0,0;14,68508258;-10,08599034;-22,9608068;-0,0;0,0;0,0;2,79991742;10,08599034;0,67612212;-0,0;0,0;0,0;14,68508258;10,08599034;22,9608068;0,0;0,0;0,0;2,79991742;10,08599034;0,67612212;0,0
591;Q;beam_x;30x80;0,0;0,0;20,47071784;-2,44391396;9,04770811;-0,0;0,0;-0,0;7,65428216;2,44391396;14,9831088;-0,0;0,0;-0,0;20,47071784;2,44391396;-9,04770811;-0,0;0,0;0,0;7,65428216;-2,44391396;-14,9831088;-0,0;0,0;0,0;20,47071784;2,44391396;9,04770811;0,0;0,0;0,0;7,65428216;2,44391396;14,9831088;0,0
592;Q;beam_x;30x80;0,0;-0,0;7,43071023;-10,77431455;7,35579742;0,0;0,0;0,0;10,05428977;10,77431455;-12,27500905;0,0;0,0;0,0;7,43071023;10,77431455;-7,35579742;0,0;0,0;-0,0;10,05428977;-10,77431455;12,27500905;0,0;0,0;0,0;7,43071023;10,77431455;7,35579742;0,0;0,0;0,0;10,05428977;10,77431455;12,27500905;0,0
593;Q;beam_x;30x80;0,0;-0,0;20,84433535;3,33689849;14,68418889;0,0;0,0;0,0;6,69543965;-3,33689849;11,84499056;0,0;0,0;0,0;20,84433535;-3,33689849;-14,68418889;0,0;0,0;-0,0;6,69543965;3,33689849;-11,84499056;0,0;0,0;0,0;20,84433535;3,33689849;14,68418889;0,0;0,0;0,0;6,69543965;3,33689849;11,84499056;0,0
594;Q;beam_x;30x80;0,0;-0,0;15,83714632;9,03074954;24,93068748;0,0;0,0;0,0;1,64785368;-9,03074954;1,67423622;0,0;0,0;0,0;15,83714632;-9,03074954;-24,93068748;0,0;0,0;-0,0;1,64785368;9,03074954;-1,67423622;0,0;0,0;0,0;15,83714632;9,03074954;24,93068748;0,0;0,0;0,0;1,64785368;9,03074954;1,67423622;0,0
595;Q;beam_x;30x80;0,0;-0,0;20,49423104;-2,12906891;9,31077008;0,0;0,0;0,0;7,63076896;2,12906891;14,80822132;0,0;0,0;0,0;20,49423104;2,12906891;-9,31077008;0,0;0,0;-0,0;7,63076896;-2,12906891;-14,80822132;0,0;0,0;0,0;20,49423104;2,12906891;9,31077008;0,0;0,0;0,0;7,63076896;2,12906891;14,80822132;0,0
596;Q;beam_x;30x80;0,0;-0,0;8,86344415;-9,88404911;10,13672085;0,0;0,0;0,0;8,62155585;9,88404911;-9,68318028;0,0;0,0;0,0;8,86344415;9,88404911;-10,13672085;0,0;0,0;-0,0;8,62155585;-9,88404911;9,68318028;0,0;0,0;0,0;8,86344415;9,88404911;10,13672085;0,0;0,0;0,0;8,62155585;9,88404911;9,68318028;0,0
597;Q;beam_x;30x80;0,0;0,0;20,57388366;3,11176753;13,63744683;-0,0;0,0;-0,0;6,96589134;-3,11176753;11,87753877;-0,0;0,0;-0,0;20,57388366;-3,11176753;-13,63744683;-0,0;0,0;0,0;6,96589134;3,11176753;-11,87753877;-0,0;0,0;0,0;20,57388366;3,11176753;13,63744683;0,0;0,0;0,0;6,96589134;3,11176753;11,87753877;0,0
598;Q;beam_x;30x80;0,0;-0,0;16,63083691;8,28672899;26,61771971;0,0;0,0;0,0;0,85416309;-8,28672899;2,96354371;0,0;0,0;0,0;16,63083691;-8,28672899;-26,61771971;0,0;0,0;-0,0;0,85416309;8,28672899;-2,96354371;0,0;0,0;0,0;16,63083691;8,28672899;26,61771971;0,0;0,0;0,0;0,85416309;8,28672899;2,96354371;0,0
599;Q;beam_x;30x80;0,0;0,0;20,50985548;-1,92704192;9,03743516;-0,0;0,0;-0,0;7,61514452;1,92704192;15,14014789;-0,0;0,0;-0,0;20,50985548;1,92704192;-9,03743516;-0,0;0,0;0,0;7,61514452;-1,92704192;-15,14014789;-0,0;0,0;0,0;20,50985548;1,92704192;9,03743516;0,0;0,0;0,0;7,61514452;1,92704192;15,14014789;0,0
600;Q;beam_x;30x80;0,0;0,0;10,2997443;-9,24499865;11,8979001;-0,0;0,0;-0,0;7,1852557;9,24499865;-6,05823397;-0,0;0,0;-0,0;10,2997443;9,24499865;-11,8979001;-0,0;0,0;0,0;7,1852557;-9,24499865;6,05823397;-0,0;0,0;0,0;10,2997443;9,24499865;11,8979001;0,0;0,0;0,0;7,1852557;9,24499865;6,05823397;0,0
601;Q;beam_x;30x80;0,0;0,0;20,13787098;2,90634279;12,57491881;-0,0;0,0;-0,0;7,40190402;-2,90634279;11,30501924;-0,0;0,0;-0,0;20,13787098;-2,90634279;-12,57491881;-0,0;0,0;0,0;7,40190402;2,90634279;-11,30501924;-0,0;0,0;0,0;20,13787098;2,90634279;12,57491881;0,0;0,0;0,0;7,40190402;2,90634279;11,30501924;0,0
602;Q;beam_x;30x80;0,0;0,0;17,3781364;7,874989;27,20870007;-0,0;0,0;-0,0;0,1068636;-7,874989;5,17493642;-0,0;0,0;-0,0;17,3781364;-7,874989;-27,20870007;-0,0;0,0;0,0;0,1068636;7,874989;-5,17493642;-0,0;0,0;0,0;17,3781364;7,874989;27,20870007;0,0;0,0;0,0;0,1068636;7,874989;5,17493642;0,0
603;Q;beam_x;30x80;0,0;0,0;20,25286116;-1,91320598;8,40448085;-0,0;0,0;-0,0;7,87213884;1,91320598;14,8093735;-0,0;0,0;-0,0;20,25286116;1,91320598;-8,40448085;-0,0;0,0;0,0;7,87213884;-1,91320598;-14,8093735;-0,0;0,0;0,0;20,25286116;1,91320598;8,40448085;0,0;0,0;0,0;7,87213884;1,91320598;14,8093735;0,0
604;Q;beam_x;30x80;0,0;-0,0;10,18691044;-14,86348804;13,62011402;0,0;0,0;0,0;7,29808956;14,86348804;-8,20357487;0,0;0,0;0,0;10,18691044;14,86348804;-13,62011402;0,0;0,0;-0,0;7,29808956;-14,86348804;8,20357487;0,0;0,0;0,0;10,18691044;14,86348804;13,62011402;0,0;0,0;0,0;7,29808956;14,86348804;8,20357487;0,0
605;Q;beam_x;30x80;0,0;0,0;20,28139875;5,87897307;6,84005012;-0,0;0,0;-0,0;7,25837625;-5,87897307;17,57811706;-0,0;0,0;-0,0;20,28139875;-5,87897307;-6,84005012;-0,0;0,0;0,0;7,25837625;5,87897307;-17,57811706;-0,0;0,0;0,0;20,28139875;5,87897307;6,84005012;0,0;0,0;0,0;7,25837625;5,87897307;17,57811706;0,0
606;Q;beam_x;30x80;0,0;-0,0;21,19629458;14,26132602;35,92419065;0,0;-0,0;0,0;-3,71129458;-14,26132602;10,77753904;0,0;0,0;0,0;21,19629458;-14,26132602;-35,92419065;0,0;0,0;-0,0;-3,71129458;14,26132602;-10,77753904;0,0;0,0;0,0;21,19629458;14,26132602;35,92419065;0,0;0,0;0,0;3,71129458;14,26132602;10,77753904;0,0
607;Q;beam_x;30x80;0,0;0,0;19,52640223;-4,53133466;-1,0234547;-0,0;0,0;-0,0;8,59859777;4,53133466;21,51308805;-0,0;0,0;-0,0;19,52640223;4,53133466;1,0234547;-0,0;0,0;0,0;8,59859777;-4,53133466;-21,51308805;-0,0;0,0;0,0;19,52640223;4,53133466;1,0234547;0,0;0,0;0,0;8,59859777;4,53133466;21,51308805;0,0
703;Q;steel_column;300x300x20;-0,2915329;6,26615597;17,95888667;-10,96577134;-0,19637641;-0,01656752;0,2915329;-6,26615597;-17,95888667;-11,34174393;-0,8414807;0,01656752;17,95888667;-6,26615597;-0,2915329;-0,01656752;0,19637641;-10,96577134;-17,95888667;6,26615597;0,2915329;0,01656752;0,8414807;-11,34174393;17,95888667;6,26615597;0,2915329;0,01656752;0,19637641;10,96577134;17,95888667;6,26615597;0,2915329;0,01656752;0,8414807;11,34174393
704;Q;steel_column;300x300x20;-1,19989029;6,37130595;-14,54767011;-11,55127133;-2,22745323;-0,01656752;1,19989029;-6,37130595;14,54767011;-11,13057786;-2,0441562;0,01656752;-14,54767011;-6,37130595;-1,19989029;-0,01656752;2,22745323;-11,55127133;14,54767011;6,37130595;1,19989029;0,01656752;2,0441562;-11,13057786;14,54767011;6,37130595;1,19989029;0,01656752;2,22745323;11,55127133;14,54767011;6,37130595;1,19989029;0,01656752;2,0441562;11,13057786
705;Q;steel_column;300x300x20;-0,54104214;4,26997068;39,75901493;-7,48496382;-0,34324844;-0,01656752;0,54104214;-4,26997068;-39,75901493;-7,71613179;-1,58286158;0,01656752;39,75901493;-4,26997068;-0,54104214;-0,01656752;0,34324844;-7,48496382;-39,75901493;4,26997068;0,54104214;0,01656752;1,58286158;-7,71613179;39,75901493;4,26997068;0,54104214;0,01656752;0,34324844;7,48496382;39,75901493;4,26997068;0,54104214;0,01656752;1,58286158;7,71613179
706;Q;steel_column;300x300x20;-2,59346314;4,24791556;-34,73922268;-7,68568921;-4,78613176;-0,01656752;2,59346314;-4,24791556;34,73922268;-7,43689017;-4,44659703;0,01656752;-34,73922268;-4,24791556;-2,59346314;-0,01656752;4,78613176;-7,68568921;34,73922268;4,24791556;2,59346314;0,01656752;4,44659703;-7,43689017;34,73922268;4,24791556;2,59346314;0,01656752;4,78613176;7,68568921;34,73922268;4,24791556;2,59346314;0,01656752;4,44659703;7,43689017
707;Q;steel_column;300x300x20;-0,25697345;-5,33385183;19,76439489;9,17863776;-0,09766204;-0,01656752;0,25697345;5,33385183;-19,76439489;9,80987475;-0,81716345;0,01656752;19,76439489;5,33385183;-0,25697345;-0,01656752;0,09766204;9,17863776;-19,76439489;-5,33385183;0,25697345;0,01656752;0,81716345;9,80987475;19,76439489;5,33385183;0,25697345;0,01656752;0,09766204;9,17863776;19,76439489;5,33385183;0,25697345;0,01656752;0,81716345;9,80987475
708;Q;steel_column;300x300x20;-1,37138972;-7,05239904;-17,74556667;12,57698004;-2,54704079;-0,01656752;1,37138972;7,05239904;17,74556667;12,52956054;-2,33510662;0,01656752;-17,74556667;7,05239904;-1,37138972;-0,01656752;2,54704079;12,57698004;17,74556667;-7,05239904;1,37138972;0,01656752;2,33510662;12,52956054;17,74556667;7,05239904;1,37138972;0,01656752;2,54704079;12,57698004;17,74556667;7,05239904;1,37138972;0,01656752;2,33510662;12,52956054
709;Q;steel_beam;300x300x50;-60,28558324;4,34039652;83,9040578;-6,41686898;0,12143179;-5,4057615;60,28558324;-4,34039652;-83,9040578;-9,03494262;-0,78276074;-5,66224962;103,31611517;-4,34039652;-0,15102102;-0,65801794;-0,12143179;-8,36453688;-103,31611517;4,34039652;0,15102102;0,65801794;0,78276074;-10,64228694;103,31611517;4,34039652;0,15102102;0,65801794;0,12143179;8,36453688;103,31611517;4,34039652;0,15102102;0,65801794;0,78276074;10,64228694
710;Q;steel_beam;300x300x50;-28,84259998;6,15818849;-41,46261472;-10,90913517;0,03572215;7,51053452;28,84259998;-6,15818849;41,46261472;-11,01401587;-1,13197201;7,57702729;-50,50722369;-6,15818849;-0,25366845;0,00234213;-0,03572215;-13,24452163;50,50722369;6,15818849;0,25366845;-0,00234213;1,13197201;-13,36861558;50,50722369;6,15818849;0,25366845;0,00234213;0,03572215;13,24452163;50,50722369;6,15818849;0,25366845;0,00234213;1,13197201;13,36861558
711;Q;steel_beam;300x300x50;-139,96982119;3,05750692;194,4247111;-4,6914232;-0,47285215;-3,83622364;139,96982119;-3,05750692;-194,4247111;-6,19330144;-2,03669798;-3,96041901;239,56667279;-3,05750692;-0,57308063;-0,38680217;0,47285215;-6,04784652;-239,56667279;3,05750692;0,57308063;0,38680217;2,03669798;-7,34113653;239,56667279;3,05750692;0,57308063;0,38680217;0,47285215;6,04784652;239,56667279;3,05750692;0,57308063;0,38680217;2,03669798;7,34113653
712;Q;steel_beam;300x300x50;-63,76338663;4,17545471;-91,60752335;-7,42335204;-0,01478155;5,08674732;63,76338663;-4,17545471;91,60752335;-7,44126672;-2,54444264;5,14311671;-111,61253116;-4,17545471;-0,59219568;-0,01813964;0,01478155;-8,99893465;111,61253116;4,17545471;0,59219568;0,01813964;2,54444264;-9,04564928;111,61253116;4,17545471;0,59219568;0,01813964;0,01478155;8,99893465;111,61253116;4,17545471;0,59219568;0,01813964;2,54444264;9,04564928
713;Q;steel_beam;300x300x50;-69,71697106;-4,40125698;97,07465608;5,71087554;0,20109193;5,33303492;69,71697106;4,40125698;-97,07465608;9,95759932;-0,85313591;5,89017039;119,51536611;4,40125698;-0,1489007;1,01000656;-0,20109193;7,74824159;-119,51536611;-4,40125698;0,1489007;-1,01000656;0,85313591;11,52509341;119,51536611;4,40125698;0,1489007;1,01000656;0,20109193;7,74824159;119,51536611;4,40125698;0,1489007;1,01000656;0,85313591;11,52509341
714;Q;steel_beam;300x300x50;-31,7568033;-6,08008493;-45,68526022;9,92598632;0,13125324;-7,37088031;31,7568033;6,08008493;45,68526022;11,71911602;-1,25658545;-7,52532776;-55,63784458;6,08008493;-0,260398;-0,44466724;-0,13125324;12,35545839;55,63784458;-6,08008493;0,260398;0,44466724;1,25658545;13,9201476;55,63784458;6,08008493;0,260398;0,44466724;0,13125324;12,35545839;55,63784458;6,08008493;0,260398;0,44466724;1,25658545;13,9201476
715;Q;steel_beam;300x300x50;6,22915695;-29,2633648;26,76696892;-5,06181231;14,61080776;13,28403997;-6,22915695;29,2633648;-26,76696892;-1,04052095;7,56499099;12,38008668;39,64289501;-1,12072283;6,22915695;-2,37012877;-19,60418096;-5,06181231;-39,64289501;1,12072283;-6,22915695;2,37012877;-14,31356435;-1,04052095;39,64289501;1,12072283;6,22915695;2,37012877;19,60418096;5,06181231;39,64289501;1,12072283;6,22915695;2,37012877;14,31356435;1,04052095
716;Q;steel_beam;300x300x50;-2,16073218;-55,15831837;-47,21096006;2,95877012;-5,32577208;4,63430887;2,16073218;55,15831837;47,21096006;-1,10431217;-2,36643448;4,26790772;-72,60302226;0,34058012;-2,16073218;-0,99982437;6,98863493;2,95877012;72,60302226;-0,34058012;2,16073218;0,99982437;4,77654683;-1,10431217;72,60302226;0,34058012;2,16073218;0,99982437;6,98863493;2,95877012;72,60302226;0,34058012;2,16073218;0,99982437;4,77654683;1,10431217
717;Q;steel_beam;300x300x50;3,30267596;-64,00188963;-56,16111962;0,69621949;7,31626682;-7,01558812;-3,30267596;64,00188963;56,16111962;-4,23330526;4,44125958;-6,59143682;-85,14629322;-0,6496028;3,30267596;0,94904092;-10,09185603;0,69621949;85,14629322;0,6496028;-3,30267596;-0,94904092;-7,89120697;-4,23330526;85,14629322;0,6496028;3,30267596;0,94904092;10,09185603;0,69621949;85,14629322;0,6496028;3,30267596;0,94904092;7,89120697;4,23330526
718;Q;steel_beam;300x300x50;-2,08943372;-61,33756695;-53,80739274;0,73686808;-4,99979225;4,44970829;2,08943372;61,33756695;53,80739274;-4,06158785;-2,4385918;4,15875865;-81,59141989;-0,61060077;-2,08943372;-0,8738631;6,63582623;0,73686808;81,59141989;0,61060077;2,08943372;0,8738631;4,7411356;-4,06158785;81,59141989;0,61060077;2,08943372;0,8738631;6,63582623;0,73686808;81,59141989;0,61060077;2,08943372;0,8738631;4,7411356;4,06158785
719;Q;steel_column;300x300x20;-6,9787434;-2,89059543;26,84618917;5,27500681;-11,94406413;-0,01656752;6,9787434;2,89059543;-26,84618917;5,01551293;-12,90026236;0,01656752;26,84618917;2,89059543;-6,9787434;-0,01656752;11,94406413;5,27500681;-26,84618917;-2,89059543;6,9787434;0,01656752;12,90026236;5,01551293;26,84618917;2,89059543;6,9787434;0,01656752;11,94406413;5,27500681;26,84618917;2,89059543;6,9787434;0,01656752;12,90026236;5,01551293
720;Q;steel_column;300x300x20;-9,68617509;2,95577024;-27,71869528;5,13155853;17,83235859;0,01656752;9,68617509;-2,95577024;27,71869528;5,39098353;16,65042472;-0,01656752;27,71869528;2,95577024;-9,68617509;-0,01656752;17,83235859;5,13155853;-27,71869528;-2,95577024;9,68617509;0,01656752;16,65042472;5,39098353;27,71869528;2,95577024;9,68617509;0,01656752;17,83235859;5,13155853;27,71869528;2,95577024;9,68617509;0,01656752;16,65042472;5,39098353
721;Q;steel_column;300x300x20;6,52106275;2,7263191;-25,48463934;4,24840054;-11,55522615;0,0082483;-6,52106275;-2,7263191;25,48463934;5,45729546;-11,65975722;-0,0082483;25,48463934;2,7263191;6,52106275;-0,0082483;-11,55522615;4,24840054;-25,48463934;-2,7263191;-6,52106275;0,0082483;-11,65975722;5,45729546;25,48463934;2,7263191;6,52106275;0,0082483;11,55522615;4,24840054;25,48463934;2,7263191;6,52106275;0,0082483;11,65975722;5,45729546
722;Q;steel_column;300x300x20;-6,96766737;1,93672397;12,79826737;3,2752615;12,0648001;0,0082483;6,96766737;-1,93672397;-12,79826737;3,61947584;12,74009575;-0,0082483;-12,79826737;1,93672397;-6,96766737;-0,0082483;12,0648001;3,2752615;12,79826737;-1,93672397;6,96766737;0,0082483;12,74009575;3,61947584;12,79826737;1,93672397;6,96766737;0,0082483;12,0648001;3,2752615;12,79826737;1,93672397;6,96766737;0,0082483;12,74009575;3,61947584
300000;Q;beam_y;80x80;21,18264713;0,7973737;46,67758393;20,09617869;26,96011742;7,86356493;-21,18264713;-0,7973737;-46,38429241;-13,11653796;-26,96011742;-11,040962;0,7973737;-21,18264713;46,67758393;26,96011742;-20,09617869;7,86356493;-0,7973737;21,18264713;-46,38429241;-26,96011742;13,11653796;-11,040962;0,7973737;21,18264713;46,67758393;26,96011742;20,09617869;7,86356493;0,7973737;21,18264713;46,38429241;26,96011742;13,11653796;11,040962
300001;Q;beam_y;80x80;29,14048976;10,18599096;17,17985046;1,60210913;-1,57078479;-6,28433453;-29,14048976;-10,18599096;-16,46128624;4,57944974;1,57078479;-4,42479546;10,18599096;-29,14048976;17,17985046;-1,57078479;-1,60210913;-6,28433453;-10,18599096;29,14048976;-16,46128624;1,57078479;-4,57944974;-4,42479546;10,18599096;29,14048976;17,17985046;1,57078479;1,60210913;6,28433453;10,18599096;29,14048976;16,46128624;1,57078479;4,57944974;4,42479546
300002;Q;beam_y;80x80;-0,17211705;-0,96044944;21,62344646;54,17200777;7,57878078;0,4230822;0,17211705;0,96044944;-14,00275516;15,25455263;-7,57878078;0,24774401;-0,96044944;0,17211705;21,62344646;7,57878078;-54,17200777;0,4230822;0,96044944;-0,17211705;-14,00275516;-7,57878078;-15,25455263;0,24774401;0,96044944;0,17211705;21,62344646;7,57878078;54,17200777;0,4230822;0,96044944;0,17211705;14,00275516;7,57878078;15,25455263;0,24774401
300003;Q;beam_y;80x80;-0,0;0,0;9,50198971;-2,99622908;5,14931984;0,0;0,0;0,0;5,39721945;18,63540378;-5,14931984;0,0;0,0;0,0;9,50198971;5,14931984;2,99622908;0,0;0,0;-0,0;5,39721945;-5,14931984;-18,63540378;0,0;0,0;0,0;9,50198971;5,14931984;2,99622908;0,0;0,0;0,0;5,39721945;5,14931984;18,63540378;0,0
300004;Q;beam_y;80x80;-0,02841606;-0,80802667;-20,08230203;-28,72139412;-17,81148696;0,03624788;0,02841606;0,80802667;27,70788152;-64,46946382;17,81148696;0,07457475;-0,80802667;0,02841606;-20,08230203;-17,81148696;28,72139412;0,03624788;0,80802667;-0,02841606;27,70788152;17,81148696;64,46946382;0,07457475;0,80802667;0,02841606;20,08230203;17,81148696;28,72139412;0,03624788;0,80802667;0,02841606;27,70788152;17,81148696;64,46946382;0,07457475
300005;Q;beam_y;80x80;-4,66647749;8,63370957;-14,86062702;0,6304606;4,38042844;1,05639209;4,66647749;-8,63370957;15,57430305;-6,18483534;-4,38042844;0,64687219;8,63370957;4,66647749;-14,86062702;4,38042844;-0,6304606;1,05639209;-8,63370957;-4,66647749;15,57430305;-4,38042844;6,18483534;0,64687219;8,63370957;4,66647749;14,86062702;4,38042844;0,6304606;1,05639209;8,63370957;4,66647749;15,57430305;4,38042844;6,18483534;0,64687219
300006;Q;beam_y;80x80;-15,02381914;0,76349255;-53,51846082;27,05295984;-32,68160336;17,21887527;15,02381914;-0,76349255;53,81175234;-35,10272583;32,68160336;-14,9653024;0,76349255;15,02381914;-53,51846082;-32,68160336;-27,05295984;17,21887527;-0,76349255;-15,02381914;53,81175234;32,68160336;35,10272583;-14,9653024;0,76349255;15,02381914;53,51846082;32,68160336;27,05295984;17,21887527;0,76349255;15,02381914;53,81175234;32,68160336;35,10272583;14,9653024
300007;Q;beam_y;80x80;18,85211084;-0,12118929;12,14921678;19,26895908;-3,34548834;-11,46192219;-18,85211084;0,12118929;-10,30148021;-8,66100475;3,34548834;-6,35332256;-0,12118929;-18,85211084;12,14921678;-3,34548834;-19,26895908;-11,46192219;0,12118929;18,85211084;-10,30148021;3,34548834;8,66100475;-6,35332256;0,12118929;18,85211084;12,14921678;3,34548834;19,26895908;11,46192219;0,12118929;18,85211084;10,30148021;3,34548834;8,66100475;6,35332256
300008;Q;beam_y;80x80;-37,06361419;4,54984578;16,98176532;-6,65128431;19,46801006;-8,18360256;37,06361419;-4,54984578;-16,6884738;9,17655224;-19,46801006;13,74314468;4,54984578;37,06361419;16,98176532;19,46801006;6,65128431;-8,18360256;-4,54984578;-37,06361419;-16,6884738;-19,46801006;-9,17655224;13,74314468;4,54984578;37,06361419;16,98176532;19,46801006;6,65128431;8,18360256;4,54984578;37,06361419;16,6884738;19,46801006;9,17655224;13,74314468
300009;Q;beam_y;80x80;-31,04435342;6,88208646;-6,52214645;-22,1106435;-2,80583821;4,90873607;31,04435342;-6,88208646;7,24071067;19,5817185;2,80583821;6,50006381;6,88208646;31,04435342;-6,52214645;-2,80583821;22,1106435;4,90873607;-6,88208646;-31,04435342;7,24071067;2,80583821;-19,5817185;6,50006381;6,88208646;31,04435342;6,52214645;2,80583821;22,1106435;4,90873607;6,88208646;31,04435342;7,24071067;2,80583821;19,5817185;6,50006381
300010;Q;beam_y;80x80;-0,10036065;-0,64892028;24,45942301;63,67218484;11,86043518;0,27060192;0,10036065;0,64892028;-16,83873171;16,80759416;-11,86043518;0,1205537;-0,64892028;0,10036065;24,45942301;11,86043518;-63,67218484;0,27060192;0,64892028;-0,10036065;-16,83873171;-11,86043518;-16,80759416;0,1205537;0,64892028;0,10036065;24,45942301;11,86043518;63,67218484;0,27060192;0,64892028;0,10036065;16,83873171;11,86043518;16,80759416;0,1205537
300011;Q;beam_y;80x80;-0,0;0,0;9,40802147;-6,0332796;4,50463776;0,0;0,0;0,0;5,49118769;20,95641633;-4,50463776;0,0;0,0;0,0;9,40802147;4,50463776;6,0332796;0,0;0,0;-0,0;5,49118769;-4,50463776;-20,95641633;0,0;0,0;0,0;9,40802147;4,50463776;6,0332796;0,0;0,0;0,0;5,49118769;4,50463776;20,95641633;0,0
300012;Q;beam_y;80x80;-0,18272526;0,1440272;-21,32833401;-29,98716587;-20,42604972;0,24452859;0,18272526;-0,1440272;28,9539135;-68,06321677;20,42604972;0,46809994;0,1440272;0,18272526;-21,32833401;-20,42604972;29,98716587;0,24452859;-0,1440272;-0,18272526;28,9539135;20,42604972;68,06321677;0,46809994;0,1440272;0,18272526;21,32833401;20,42604972;29,98716587;0,24452859;0,1440272;0,18272526;28,9539135;20,42604972;68,06321677;0,46809994
300013;Q;beam_y;80x80;-6,5239707;-1,53892072;34,39552274;-3,20267482;3,92425294;2,38504691;6,5239707;1,53892072;-33,68184671;15,62679474;-3,92425294;-0,0037976;-1,53892072;6,5239707;34,39552274;3,92425294;3,20267482;2,38504691;1,53892072;-6,5239707;-33,68184671;-3,92425294;-15,62679474;-0,0037976;1,53892072;6,5239707;34,39552274;3,92425294;3,20267482;2,38504691;1,53892072;6,5239707;33,68184671;3,92425294;15,62679474;0,0037976
300014;Q;beam_y;80x80;44,8473495;5,72371309;0,42834468;5,91496838;-28,96772701;-21,77085277;-44,8473495;-5,72371309;-0,13505316;-5,87271354;28,96772701;15,04375034;5,72371309;-44,8473495;0,42834468;-28,96772701;-5,91496838;-21,77085277;-5,72371309;44,8473495;-0,13505316;28,96772701;5,87271354;15,04375034;5,72371309;44,8473495;0,42834468;28,96772701;5,91496838;21,77085277;5,72371309;44,8473495;0,13505316;28,96772701;5,87271354;15,04375034
300015;Q;beam_y;80x80;-21,67504271;-0,90852589;-40,66213054;7,7072433;-11,57947405;13,16325158;21,67504271;0,90852589;42,50986711;-47,00601218;11,57947405;7,31966378;-0,90852589;21,67504271;-40,66213054;-11,57947405;-7,7072433;13,16325158;0,90852589;-21,67504271;42,50986711;11,57947405;47,00601218;7,31966378;0,90852589;21,67504271;40,66213054;11,57947405;7,7072433;13,16325158;0,90852589;21,67504271;42,50986711;11,57947405;47,00601218;7,31966378
300016;Q;beam_y;80x80;-38,92138119;6,10335749;25,0303971;-7,36995503;22,08877326;-10,49965029;38,92138119;-6,10335749;-24,73710558;11,10251773;-22,08877326;16,33785746;6,10335749;38,92138119;25,0303971;22,08877326;7,36995503;-10,49965029;-6,10335749;-38,92138119;-24,73710558;-22,08877326;-11,10251773;16,33785746;6,10335749;38,92138119;25,0303971;22,08877326;7,36995503;10,49965029;6,10335749;38,92138119;24,73710558;22,08877326;11,10251773;16,33785746
300017;Q;beam_y;80x80;-10,2942411;-5,12333677;-0,59440705;-24,91657731;-3,1788687;1,56867298;10,2942411;5,12333677;1,31297128;24,56609654;3,1788687;2,21446063;-5,12333677;10,2942411;-0,59440705;-3,1788687;24,91657731;1,56867298;5,12333677;-10,2942411;1,31297128;3,1788687;-24,56609654;2,21446063;5,12333677;10,2942411;0,59440705;3,1788687;24,91657731;1,56867298;5,12333677;10,2942411;1,31297128;3,1788687;24,56609654;2,21446063
300018;Q;beam_y;80x80;-0,04265962;0,48308564;25,81325879;67,54060257;14,50461925;0,11357898;0,04265962;-0,48308564;-18,19256749;18,21575139;-14,50461925;0,05268688;0,48308564;0,04265962;25,81325879;14,50461925;-67,54060257;0,11357898;-0,48308564;-0,04265962;-18,19256749;-14,50461925;-18,21575139;0,05268688;0,48308564;0,04265962;25,81325879;14,50461925;67,54060257;0,11357898;0,48308564;0,04265962;18,19256749;14,50461925;18,21575139;0,05268688
300019;Q;beam_y;80x80;0,0;0,0;9,32912334;-8,33170228;4,3678984;0,0;0,0;0,0;5,57008583;22,6536352;-4,3678984;0,0;0,0;0,0;9,32912334;4,3678984;8,33170228;0,0;0,0;0,0;5,57008583;-4,3678984;-22,6536352;0,0;0,0;0,0;9,32912334;4,3678984;8,33170228;0,0;0,0;0,0;5,57008583;4,3678984;22,6536352;0,0
300020;Q;beam_y;80x80;-0,18690301;-0,78442379;-22,20092274;-30,94036419;-22,24982131;0,27291866;0,18690301;0,78442379;29,82650223;-70,51311449;22,24982131;0,45600307;-0,78442379;0,18690301;-22,20092274;-22,24982131;30,94036419;0,27291866;0,78442379;-0,18690301;29,82650223;22,24982131;70,51311449;0,45600307;0,78442379;0,18690301;22,20092274;22,24982131;30,94036419;0,27291866;0,78442379;0,18690301;29,82650223;22,24982131;70,51311449;0,45600307
300021;Q;beam_y;80x80;40,11949481;8,38151449;13,28771162;-16,25247192;4,65763544;-6,34368559;-40,11949481;-8,38151449;-12,57403559;20,97224078;-4,65763544;-8,29993001;8,38151449;-40,11949481;13,28771162;4,65763544;16,25247192;-6,34368559;-8,38151449;40,11949481;-12,57403559;-4,65763544;-20,97224078;-8,29993001;8,38151449;40,11949481;13,28771162;4,65763544;16,25247192;6,34368559;8,38151449;40,11949481;12,57403559;4,65763544;20,97224078;8,29993001
300022;Q;beam_y;80x80;44,85735352;6,22588705;-19,5474129;-0,19930535;-27,55475402;-22,50989134;-44,85735352;-6,22588705;19,84070442;-2,75480345;27,55475402;15,78128832;6,22588705;-44,85735352;-19,5474129;-27,55475402;0,19930535;-22,50989134;-6,22588705;44,85735352;19,84070442;27,55475402;2,75480345;15,78128832;6,22588705;44,85735352;19,5474129;27,55475402;0,19930535;22,50989134;6,22588705;44,85735352;19,84070442;27,55475402;2,75480345;15,78128832
300023;Q;beam_y;80x80;-22,53724133;-0,98823604;-66,85920587;4,05565304;-19,0984436;13,68782904;22,53724133;0,98823604;68,70694244;-68,11065812;19,0984436;7,60986402;-0,98823604;22,53724133;-66,85920587;-19,0984436;-4,05565304;13,68782904;0,98823604;-22,53724133;68,70694244;19,0984436;68,11065812;7,60986402;0,98823604;22,53724133;66,85920587;19,0984436;4,05565304;13,68782904;0,98823604;22,53724133;68,70694244;19,0984436;68,11065812;7,60986402
300024;Q;beam_y;80x80;-37,8477372;6,19969744;43,18747941;-13,23213971;28,38839848;-11,975661;37,8477372;-6,19969744;-42,89418789;19,68826476;-28,38839848;17,65282158;6,19969744;37,8477372;43,18747941;28,38839848;13,23213971;-11,975661;-6,19969744;-37,8477372;-42,89418789;-28,38839848;-19,68826476;17,65282158;6,19969744;37,8477372;43,18747941;28,38839848;13,23213971;11,975661;6,19969744;37,8477372;42,89418789;28,38839848;19,68826476;17,65282158
300025;Q;beam_y;80x80;49,4943063;19,78881546;18,10503316;-33,36567154;3,37918427;-9,29735912;-49,4943063;-19,78881546;-17,38646894;39,88723505;-3,37918427;-8,89179845;19,78881546;-49,4943063;18,10503316;3,37918427;33,36567154;-9,29735912;-19,78881546;49,4943063;-17,38646894;-3,37918427;-39,88723505;-8,89179845;19,78881546;49,4943063;18,10503316;3,37918427;33,36567154;9,29735912;19,78881546;49,4943063;17,38646894;3,37918427;39,88723505;8,89179845
300026;Q;beam_y;80x80;-0,07370276;-1,8659114;27,1636031;71,96609623;16,05232984;0,16274865;0,07370276;1,8659114;-19,54291179;19,05322466;-16,05232984;0,12450784;-1,8659114;0,07370276;27,1636031;16,05232984;-71,96609623;0,16274865;1,8659114;-0,07370276;-19,54291179;-16,05232984;-19,05322466;0,12450784;1,8659114;0,07370276;27,1636031;16,05232984;71,96609623;0,16274865;1,8659114;0,07370276;19,54291179;16,05232984;19,05322466;0,12450784
300027;Q;beam_y;80x80;0,0;0,0;9,24316749;-9,80822601;4,15442974;-0,0;-0,0;0,0;5,65604167;23,4751754;-4,15442974;-0,0;0,0;-0,0;9,24316749;4,15442974;9,80822601;-0,0;0,0;0,0;5,65604167;-4,15442974;-23,4751754;-0,0;0,0;0,0;9,24316749;4,15442974;9,80822601;0,0;0,0;0,0;5,65604167;4,15442974;23,4751754;0,0
300028;Q;beam_y;80x80;0,19924469;-0,74012492;-23,03417807;-31,35016441;-23,05427033;-0,30354179;-0,19924469;0,74012492;30,65975756;-73,35301006;23,05427033;-0,4735125;-0,74012492;-0,19924469;-23,03417807;-23,05427033;31,35016441;-0,30354179;0,74012492;0,19924469;30,65975756;23,05427033;73,35301006;-0,4735125;0,74012492;0,19924469;23,03417807;23,05427033;31,35016441;0,30354179;0,74012492;0,19924469;30,65975756;23,05427033;73,35301006;0,4735125
300029;Q;beam_y;80x80;-68,63190399;7,90818411;-11,83607233;-34,42855876;-2,84550736;11,61725976;68,63190399;-7,90818411;12,54974836;29,97814648;2,84550736;13,4333852;7,90818411;68,63190399;-11,83607233;-2,84550736;34,42855876;11,61725976;-7,90818411;-68,63190399;12,54974836;2,84550736;-29,97814648;13,4333852;7,90818411;68,63190399;11,83607233;2,84550736;34,42855876;11,61725976;7,90818411;68,63190399;12,54974836;2,84550736;29,97814648;13,4333852
300030;Q;beam_y;80x80;44,83083667;7,56478622;-43,98168997;-8,73116844;-34,98101292;-23,85563521;-44,83083667;-7,56478622;44,27498149;2,11191808;34,98101292;17,1310097;7,56478622;-44,83083667;-43,98168997;-34,98101292;8,73116844;-23,85563521;-7,56478622;44,83083667;44,27498149;34,98101292;-2,11191808;17,1310097;7,56478622;44,83083667;43,98168997;34,98101292;8,73116844;23,85563521;7,56478622;44,83083667;44,27498149;34,98101292;2,11191808;17,1310097
300031;Q;beam_y;80x80;-24,11099111;-1,20075972;-93,56157392;-3,14069582;-27,22651035;14,64535162;24,11099111;1,20075972;95,40931049;-86,14804707;27,22651035;8,13953497;-1,20075972;24,11099111;-93,56157392;-27,22651035;3,14069582;14,64535162;1,20075972;-24,11099111;95,40931049;27,22651035;86,14804707;8,13953497;1,20075972;24,11099111;93,56157392;27,22651035;3,14069582;14,64535162;1,20075972;24,11099111;95,40931049;27,22651035;86,14804707;8,13953497
300032;Q;beam_y;80x80;-47,28815671;7,22405831;26,60228789;-2,04451869;78,2133;-12,3871236;47,28815671;-7,22405831;-26,30899637;6,01286501;-78,2133;19,48034711;7,22405831;47,28815671;26,60228789;78,2133;2,04451869;-12,3871236;-7,22405831;-47,28815671;-26,30899637;-78,2133;-6,01286501;19,48034711;7,22405831;47,28815671;26,60228789;78,2133;2,04451869;12,3871236;7,22405831;47,28815671;26,30899637;78,2133;6,01286501;19,48034711
300033;Q;beam_y;80x80;-23,7390691;-40,2668893;-23,21942089;-21,81931294;-32,92750583;7,74600325;23,7390691;40,2668893;23,93798511;13,15413959;32,92750583;0,97810464;-40,2668893;23,7390691;-23,21942089;-32,92750583;21,81931294;7,74600325;40,2668893;-23,7390691;23,93798511;32,92750583;-13,15413959;0,97810464;40,2668893;23,7390691;23,21942089;32,92750583;21,81931294;7,74600325;40,2668893;23,7390691;23,93798511;32,92750583;13,15413959;0,97810464
300034;Q;beam_y;80x80;0,55741923;3,79681381;27,75067383;70,82669245;19,63398798;-1,4053474;-0,55741923;-3,79681381;-20,12998253;22,48073664;-19,63398798;-0,76719404;3,79681381;-0,55741923;27,75067383;19,63398798;-70,82669245;-1,4053474;-3,79681381;0,55741923;-20,12998253;-19,63398798;-22,48073664;-0,76719404;3,79681381;0,55741923;27,75067383;19,63398798;70,82669245;1,4053474;3,79681381;0,55741923;20,12998253;19,63398798;22,48073664;0,76719404
300035;Q;beam_y;80x80;0,0;0,0;9,94307209;-7,6172486;6,01387396;-0,0;-0,0;0,0;4,95613707;26,61747102;-6,01387396;-0,0;0,0;-0,0;9,94307209;6,01387396;7,6172486;-0,0;0,0;0,0;4,95613707;-6,01387396;-26,61747102;-0,0;0,0;0,0;9,94307209;6,01387396;7,6172486;0,0;0,0;0,0;4,95613707;6,01387396;26,61747102;0,0
300036;Q;beam_y;80x80;0,32862779;3,16572196;-26,15243166;-40,87879704;-29,91031669;-0,43132803;-0,32862779;-3,16572196;33,77801115;-75,98556644;29,91031669;-0,85032035;3,16572196;-0,32862779;-26,15243166;-29,91031669;40,87879704;-0,43132803;-3,16572196;0,32862779;33,77801115;29,91031669;75,98556644;-0,85032035;3,16572196;0,32862779;26,15243166;29,91031669;40,87879704;0,43132803;3,16572196;0,32862779;33,77801115;29,91031669;75,98556644;0,85032035
300037;Q;beam_y;80x80;29,07953949;-33,82552234;45,53338727;1,99260573;42,29536135;-7,54546809;-29,07953949;33,82552234;-44,81971125;14,49683475;-42,29536135;-3,06856383;-33,82552234;-29,07953949;45,53338727;42,29536135;-1,99260573;-7,54546809;33,82552234;29,07953949;-44,81971125;-42,29536135;-14,49683475;-3,06856383;33,82552234;29,07953949;45,53338727;42,29536135;1,99260573;7,54546809;33,82552234;29,07953949;44,81971125;42,29536135;14,49683475;3,06856383
300038;Q;beam_y;80x80;57,77133906;7,37405074;-15,70825403;12,00989135;-98,06162055;-24,76329155;-57,77133906;-7,37405074;16,00154554;-14,38812632;98,06162055;16,09759069;7,37405074;-57,77133906;-15,70825403;-98,06162055;-12,00989135;-24,76329155;-7,37405074;57,77133906;16,00154554;98,06162055;14,38812632;16,09759069;7,37405074;57,77133906;15,70825403;98,06162055;12,00989135;24,76329155;7,37405074;57,77133906;16,00154554;98,06162055;14,38812632;16,09759069
300039;Q;beam_y;80x80;-24,08931179;-1,17048424;-65,4909532;13,49491859;-41,49305441;14,62512698;24,08931179;1,17048424;67,33868977;-76,25692489;41,49305441;8,13927266;-1,17048424;24,08931179;-65,4909532;-41,49305441;-13,49491859;14,62512698;1,17048424;-24,08931179;67,33868977;41,49305441;76,25692489;8,13927266;1,17048424;24,08931179;65,4909532;41,49305441;13,49491859;14,62512698;1,17048424;24,08931179;67,33868977;41,49305441;76,25692489;8,13927266
300040;Q;beam_x;60x80;0,0;-0,0;-2,33030027;-2,93667832;41,98494186;-0,0;0,0;0,0;16,39280027;2,93667832;-6,87912835;-0,0;0,0;-0,0;-2,33030027;-2,93667832;41,98494186;-0,0;0,0;0,0;16,39280027;2,93667832;-6,87912835;-0,0;0,0;0,0;2,33030027;2,93667832;41,98494186;0,0;0,0;0,0;16,39280027;2,93667832;6,87912835;0,0
300041;Q;beam_x;60x80;-24,74709126;8,12574773;-49,27917734;-22,79330292;11,73727275;5,99364126;24,74709126;-8,12574773;56,40417734;22,79330292;88,6619142;9,44527943;-24,74709126;8,12574773;-49,27917734;-22,79330292;11,73727275;5,99364126;24,74709126;-8,12574773;56,40417734;22,79330292;88,6619142;9,44527943;24,74709126;8,12574773;49,27917734;22,79330292;11,73727275;5,99364126;24,74709126;8,12574773;56,40417734;22,79330292;88,6619142;9,44527943
300042;Q;beam_x;60x80;25,41593156;2,84986273;-22,26694194;-11,51442883;19,08012788;4,40858587;-25,41593156;-2,84986273;29,20444194;11,51442883;28,53090221;0,86366018;25,41593156;2,84986273;-22,26694194;-11,51442883;19,08012788;4,40858587;-25,41593156;-2,84986273;29,20444194;11,51442883;28,53090221;0,86366018;25,41593156;2,84986273;22,26694194;11,51442883;19,08012788;4,40858587;25,41593156;2,84986273;29,20444194;11,51442883;28,53090221;0,86366018
300043;Q;beam_x;60x80;0,0;0,0;-3,53959407;-2,61671462;44,51209132;0,0;0,0;-0,0;17,60209407;2,61671462;-4,87142605;0,0;0,0;0,0;-3,53959407;-2,61671462;44,51209132;0,0;0,0;-0,0;17,60209407;2,61671462;-4,87142605;0,0;0,0;0,0;3,53959407;2,61671462;44,51209132;0,0;0,0;0,0;17,60209407;2,61671462;4,87142605;0,0
300044;Q;beam_x;60x80;-27,09800086;9,590986;-52,10336922;-27,3533544;9,7531314;7,20031843;27,09800086;-9,590986;59,22836922;27,3533544;96,01202011;11,02255496;-27,09800086;9,590986;-52,10336922;-27,3533544;9,7531314;7,20031843;27,09800086;-9,590986;59,22836922;27,3533544;96,01202011;11,02255496;27,09800086;9,590986;52,10336922;27,3533544;9,7531314;7,20031843;27,09800086;9,590986;59,22836922;27,3533544;96,01202011;11,02255496
300045;Q;beam_x;60x80;27,83037927;2,51368848;-16,27312025;-12,93409125;14,24861169;4,28793195;-27,83037927;-2,51368848;23,21062025;12,93409125;22,27384828;0,36239173;27,83037927;2,51368848;-16,27312025;-12,93409125;14,24861169;4,28793195;-27,83037927;-2,51368848;23,21062025;12,93409125;22,27384828;0,36239173;27,83037927;2,51368848;16,27312025;12,93409125;14,24861169;4,28793195;27,83037927;2,51368848;23,21062025;12,93409125;22,27384828;0,36239173
300046;Q;beam_x;60x80;0,0;-0,0;-4,10663912;-2,87745448;46,18356969;-0,0;0,0;0,0;18,16913912;2,87745448;-4,41648548;-0,0;0,0;-0,0;-4,10663912;-2,87745448;46,18356969;-0,0;0,0;0,0;18,16913912;2,87745448;-4,41648548;-0,0;0,0;0,0;4,10663912;2,87745448;46,18356969;0,0;0,0;0,0;18,16913912;2,87745448;4,41648548;0,0
300047;Q;beam_x;60x80;-27,37929899;10,58562295;-53,47835037;-29,95309218;8,83378623;7,85487135;27,37929899;-10,58562295;60,60335037;29,95309218;99,54382948;12,25781226;-27,37929899;10,58562295;-53,47835037;-29,95309218;8,83378623;7,85487135;27,37929899;-10,58562295;60,60335037;29,95309218;99,54382948;12,25781226;27,37929899;10,58562295;53,47835037;29,95309218;8,83378623;7,85487135;27,37929899;10,58562295;60,60335037;29,95309218;99,54382948;12,25781226
300048;Q;beam_x;60x80;28,11928004;3,39661209;-18,39401263;-13,81405957;15,17846892;5,40283584;-28,11928004;-3,39661209;25,33151263;13,81405957;25,26764195;0,88089653;28,11928004;3,39661209;-18,39401263;-13,81405957;15,17846892;5,40283584;-28,11928004;-3,39661209;25,33151263;13,81405957;25,26764195;0,88089653;28,11928004;3,39661209;18,39401263;13,81405957;15,17846892;5,40283584;28,11928004;3,39661209;25,33151263;13,81405957;25,26764195;0,88089653
300049;Q;beam_x;60x80;0,0;-0,0;-3,83915754;-2,82186288;46,28279316;-0,0;0,0;0,0;17,90165754;2,82186288;-5,51876487;-0,0;0,0;-0,0;-3,83915754;-2,82186288;46,28279316;-0,0;0,0;0,0;17,90165754;2,82186288;-5,51876487;-0,0;0,0;0,0;3,83915754;2,82186288;46,28279316;0,0;0,0;0,0;17,90165754;2,82186288;5,51876487;0,0
300050;Q;beam_x;60x80;-32,7077975;11,42851544;-53,76596018;-31,86241087;9,8986987;8,57146879;32,7077975;-11,42851544;60,89096018;31,86241087;99,02537565;13,14271055;-32,7077975;11,42851544;-53,76596018;-31,86241087;9,8986987;8,57146879;32,7077975;-11,42851544;60,89096018;31,86241087;99,02537565;13,14271055;32,7077975;11,42851544;53,76596018;31,86241087;9,8986987;8,57146879;32,7077975;11,42851544;60,89096018;31,86241087;99,02537565;13,14271055
300051;Q;beam_x;60x80;33,59179203;3,05168187;-17,85165473;-13,67740678;14,43353454;5,17020015;-33,59179203;-3,05168187;24,78915473;13,67740678;25,00921421;0,47541131;33,59179203;3,05168187;-17,85165473;-13,67740678;14,43353454;5,17020015;-33,59179203;-3,05168187;24,78915473;13,67740678;25,00921421;0,47541131;33,59179203;3,05168187;17,85165473;13,67740678;14,43353454;5,17020015;33,59179203;3,05168187;24,78915473;13,67740678;25,00921421;0,47541131
300052;Q;beam_x;60x80;0,0;-0,0;-5,61631154;6,21124151;57,79313506;-0,0;0,0;0,0;19,67881154;-6,21124151;-10,36477928;-0,0;0,0;-0,0;-5,61631154;6,21124151;57,79313506;-0,0;0,0;0,0;19,67881154;-6,21124151;-10,36477928;-0,0;0,0;0,0;5,61631154;6,21124151;57,79313506;0,0;0,0;0,0;19,67881154;6,21124151;10,36477928;0,0
300053;Q;beam_x;60x80;-32,81771349;-13,61424559;-64,67884147;40,19384747;12,41934791;-9,7151109;32,81771349;13,61424559;71,80384147;-40,19384747;117,23920089;-16,15195572;-32,81771349;-13,61424559;-64,67884147;40,19384747;12,41934791;-9,7151109;32,81771349;13,61424559;71,80384147;-40,19384747;117,23920089;-16,15195572;32,81771349;13,61424559;64,67884147;40,19384747;12,41934791;9,7151109;32,81771349;13,61424559;71,80384147;40,19384747;117,23920089;16,15195572
300054;Q;beam_x;60x80;33,70467872;-6,98200661;-31,00665777;20,8681245;26,71747258;-9,76376292;-33,70467872;6,98200661;37,94415777;-20,8681245;37,06203179;-3,15294932;33,70467872;-6,98200661;-31,00665777;20,8681245;26,71747258;-9,76376292;-33,70467872;6,98200661;37,94415777;-20,8681245;37,06203179;-3,15294932;33,70467872;6,98200661;31,00665777;20,8681245;26,71747258;9,76376292;33,70467872;6,98200661;37,94415777;20,8681245;37,06203179;3,15294932
300055;Q;beam_x;60x80;0,0;0,0;-6,68753428;5,57872202;59,4224548;0,0;0,0;-0,0;20,75003428;-5,57872202;-7,97701376;0,0;0,0;0,0;-6,68753428;5,57872202;59,4224548;0,0;0,0;-0,0;20,75003428;-5,57872202;-7,97701376;0,0;0,0;0,0;6,68753428;5,57872202;59,4224548;0,0;0,0;0,0;20,75003428;5,57872202;7,97701376;0,0
300056;Q;beam_x;60x80;-33,24800013;-14,02593074;-66,20950348;41,47211568;10,29239836;-10,06536705;33,24800013;14,02593074;73,33450348;-41,47211568;122,27440826;-16,58390135;-33,24800013;-14,02593074;-66,20950348;41,47211568;10,29239836;-10,06536705;33,24800013;14,02593074;73,33450348;-41,47211568;122,27440826;-16,58390135;33,24800013;14,02593074;66,20950348;41,47211568;10,29239836;10,06536705;33,24800013;14,02593074;73,33450348;41,47211568;122,27440826;16,58390135
300057;Q;beam_x;60x80;34,14659472;-6,81180765;-26,31600203;21,54176312;22,2098113;-9,64827753;-34,14659472;6,81180765;33,25350203;-21,54176312;32,89197995;-2,95356663;34,14659472;-6,81180765;-26,31600203;21,54176312;22,2098113;-9,64827753;-34,14659472;6,81180765;33,25350203;-21,54176312;32,89197995;-2,95356663;34,14659472;6,81180765;26,31600203;21,54176312;22,2098113;9,64827753;34,14659472;6,81180765;33,25350203;21,54176312;32,89197995;2,95356663
300058;Q;beam_x;60x80;0,0;-0,0;-7,29558522;5,9284652;60,74547358;-0,0;0,0;0,0;21,35808522;-5,9284652;-7,01984151;-0,0;0,0;-0,0;-7,29558522;5,9284652;60,74547358;-0,0;0,0;0,0;21,35808522;-5,9284652;-7,01984151;-0,0;0,0;0,0;7,29558522;5,9284652;60,74547358;0,0;0,0;0,0;21,35808522;5,9284652;7,01984151;0,0
300059;Q;beam_x;60x80;-34,01130171;-14,65383103;-67,34554092;43,55651237;9,02217218;-10,69791047;34,01130171;14,65383103;74,47054092;-43,55651237;125,70310558;-17,14436849;-34,01130171;-14,65383103;-67,34554092;43,55651237;9,02217218;-10,69791047;34,01130171;14,65383103;74,47054092;-43,55651237;125,70310558;-17,14436849;34,01130171;14,65383103;67,34554092;43,55651237;9,02217218;10,69791047;34,01130171;14,65383103;74,47054092;43,55651237;125,70310558;17,14436849
300060;Q;beam_x;60x80;34,93052608;-5,88828509;-25,18394849;20,77293543;20,79510275;-8,75700702;-34,93052608;5,88828509;32,12144849;-20,77293543;32,21238946;-2,1363204;34,93052608;-5,88828509;-25,18394849;20,77293543;20,79510275;-8,75700702;-34,93052608;5,88828509;32,12144849;-20,77293543;32,21238946;-2,1363204;34,93052608;5,88828509;25,18394849;20,77293543;20,79510275;8,75700702;34,93052608;5,88828509;32,12144849;20,77293543;32,21238946;2,1363204
300061;Q;beam_x;60x80;0,0;-0,0;-6,88763939;5,34041295;60,30123739;-0,0;0,0;0,0;20,95013939;-5,34041295;-8,10540217;-0,0;0,0;-0,0;-6,88763939;5,34041295;60,30123739;-0,0;0,0;0,0;20,95013939;-5,34041295;-8,10540217;-0,0;0,0;0,0;6,88763939;5,34041295;60,30123739;0,0;0,0;0,0;20,95013939;5,34041295;8,10540217;0,0
300062;Q;beam_x;60x80;-40,38458776;-15,06266361;-66,85884926;43,3489037;10,09701577;-10,92742152;40,38458776;15,06266361;73,98384926;-43,3489037;123,70354783;-17,69163934;-40,38458776;-15,06266361;-66,85884926;43,3489037;10,09701577;-10,92742152;40,38458776;15,06266361;73,98384926;-43,3489037;123,70354783;-17,69163934;40,38458776;15,06266361;66,85884926;43,3489037;10,09701577;10,92742152;40,38458776;15,06266361;73,98384926;43,3489037;123,70354783;17,69163934
300063;Q;beam_x;60x80;41,4760631;-6,51812863;-24,49444161;21,24697804;19,59639892;-9,50278624;-41,4760631;6,51812863;31,43194161;-21,24697804;32,13550556;-2,55575172;41,4760631;-6,51812863;-24,49444161;21,24697804;19,59639892;-9,50278624;-41,4760631;6,51812863;31,43194161;-21,24697804;32,13550556;-2,55575172;41,4760631;6,51812863;24,49444161;21,24697804;19,59639892;9,50278624;41,4760631;6,51812863;31,43194161;21,24697804;32,13550556;2,55575172
300064;Q;beam_y;60x80;1,13146004;1,00914474;57,01094587;86,15920556;-13,73079837;-2,05156168;-1,13146004;-1,00914474;-32,26594587;75,65516073;13,73079837;-2,04998097;1,00914474;-1,13146004;57,01094587;-13,73079837;-86,15920556;-2,05156168;-1,00914474;1,13146004;-32,26594587;13,73079837;-75,65516073;-2,04998097;1,00914474;1,13146004;57,01094587;13,73079837;86,15920556;2,05156168;1,00914474;1,13146004;32,26594587;13,73079837;75,65516073;2,04998097
300065;Q;beam_y;60x80;0,83979098;-2,5449331;32,92745311;44,93448438;13,82931057;-1,51661693;-0,83979098;2,5449331;-8,18245311;29,57722065;-13,82931057;-1,52762538;-2,5449331;-0,83979098;32,92745311;13,82931057;-44,93448438;-1,51661693;2,5449331;0,83979098;-8,18245311;-13,82931057;-29,57722065;-1,52762538;2,5449331;0,83979098;32,92745311;13,82931057;44,93448438;1,51661693;2,5449331;0,83979098;8,18245311;13,82931057;29,57722065;1,52762538
300066;Q;beam_y;60x80;3,99857553;3,4296926;40,32655024;62,44764288;11,4472244;-7,22458301;-3,99857553;-3,4296926;-15,58155024;38,88578925;-11,4472244;-7,27025328;3,4296926;-3,99857553;40,32655024;11,4472244;-62,44764288;-7,22458301;-3,4296926;3,99857553;-15,58155024;-11,4472244;-38,88578925;-7,27025328;3,4296926;3,99857553;40,32655024;11,4472244;62,44764288;7,22458301;3,4296926;3,99857553;15,58155024;11,4472244;38,88578925;7,27025328
300067;Q;beam_y;60x80;1,98304585;-17,37608989;32,95460613;57,0741763;2,7226843;-4,62367708;-1,98304585;17,37608989;-5,36835613;28,19441472;-2,7226843;-4,20087696;-17,37608989;-1,98304585;32,95460613;2,7226843;-57,0741763;-4,62367708;17,37608989;1,98304585;-5,36835613;-2,7226843;-28,19441472;-4,20087696;17,37608989;1,98304585;32,95460613;2,7226843;57,0741763;4,62367708;17,37608989;1,98304585;5,36835613;2,7226843;28,19441472;4,20087696
300068;Q;beam_y;60x80;1,51204992;0,49881326;28,64226138;38,8518102;13,19435315;-2,3135378;-1,51204992;-0,49881326;-9,57985267;19,91469014;-13,19435315;-2,3360157;0,49881326;-1,51204992;28,64226138;13,19435315;-38,8518102;-2,3135378;-0,49881326;1,51204992;-9,57985267;-13,19435315;-19,91469014;-2,3360157;0,49881326;1,51204992;28,64226138;13,19435315;38,8518102;2,3135378;0,49881326;1,51204992;9,57985267;13,19435315;19,91469014;2,3360157
300069;Q;beam_y;60x80;3,81109689;2,99823362;42,64515323;59,15547089;-16,60765622;-6,89209515;-3,81109689;-2,99823362;-18,89515323;52,38633455;16,60765622;-6,92313106;2,99823362;-3,81109689;42,64515323;-16,60765622;-59,15547089;-6,89209515;-2,99823362;3,81109689;-18,89515323;16,60765622;-52,38633455;-6,92313106;2,99823362;3,81109689;42,64515323;16,60765622;59,15547089;6,89209515;2,99823362;3,81109689;18,89515323;16,60765622;52,38633455;6,92313106
300070;Q;beam_y;60x80;1,99020453;-0,42844722;31,68026416;46,95070737;-7,14357311;-4,41511002;-1,99020453;0,42844722;0,31973584;22,82646815;7,14357311;-4,44130014;-0,42844722;-1,99020453;31,68026416;-7,14357311;-46,95070737;-4,41511002;0,42844722;1,99020453;0,31973584;7,14357311;-22,82646815;-4,44130014;0,42844722;1,99020453;31,68026416;7,14357311;46,95070737;4,41511002;0,42844722;1,99020453;0,31973584;7,14357311;22,82646815;4,44130014
300071;Q;beam_x;60x80;0,0;-0,0;-9,40592164;-19,18062278;-102,26077699;0,0;0,0;0,0;29,88452824;19,18062278;53,3441669;0,0;0,0;0,0;-9,40592164;19,18062278;102,26077699;0,0;0,0;-0,0;29,88452824;-19,18062278;-53,3441669;0,0;0,0;0,0;9,40592164;19,18062278;102,26077699;0,0;0,0;0,0;29,88452824;19,18062278;53,3441669;0,0
300072;Q;beam_x;60x80;0,0;-0,0;-108,49497792;-3,32698478;-84,29043563;0,0;0,0;0,0;129,13807132;3,32698478;-213,93904116;0,0;0,0;0,0;-108,49497792;3,32698478;84,29043563;0,0;0,0;-0,0;129,13807132;-3,32698478;213,93904116;0,0;0,0;0,0;108,49497792;3,32698478;84,29043563;0,0;0,0;0,0;129,13807132;3,32698478;213,93904116;0,0
300073;Q;beam_x;60x80;0,0;-0,0;-55,93299098;-19,68824501;-183,88412963;0,0;0,0;0,0;77,72054078;19,68824501;17,48548259;0,0;0,0;0,0;-55,93299098;19,68824501;183,88412963;0,0;0,0;-0,0;77,72054078;-19,68824501;-17,48548259;0,0;0,0;0,0;55,93299098;19,68824501;183,88412963;0,0;0,0;0,0;77,72054078;19,68824501;17,48548259;0,0
300074;Q;beam_x;60x80;0,0;-0,0;-106,23920724;6,38764111;-30,82389367;0,0;0,0;0,0;128,20175744;-6,38764111;-263,399517;0,0;0,0;0,0;-106,23920724;-6,38764111;30,82389367;0,0;0,0;-0,0;128,20175744;6,38764111;263,399517;0,0;0,0;0,0;106,23920724;6,38764111;30,82389367;0,0;0,0;0,0;128,20175744;6,38764111;263,399517;0,0
300075;Q;beam_x;60x80;0,0;-0,0;-33,15085009;27,71910646;-98,10762695;0,0;0,0;0,0;58,15085009;-27,71910646;-130,14662351;0,0;0,0;0,0;-33,15085009;-27,71910646;98,10762695;0,0;0,0;-0,0;58,15085009;27,71910646;130,14662351;0,0;0,0;0,0;33,15085009;27,71910646;98,10762695;0,0;0,0;0,0;58,15085009;27,71910646;130,14662351;0,0
300076;Q;beam_x;60x80;-0,0;0,0;-21,54293056;-19,93193025;-71,81151608;-0,0;0,0;-0,0;46,54293056;19,93193025;-98,40313673;-0,0;0,0;-0,0;-21,54293056;19,93193025;71,81151608;-0,0;0,0;0,0;46,54293056;-19,93193025;98,40313673;-0,0;0,0;0,0;21,54293056;19,93193025;71,81151608;0,0;0,0;0,0;46,54293056;19,93193025;98,40313673;0,0
300077;Q;beam_x;60x80;-0,0;0,0;-58,09370625;-10,0518846;-184,30277463;-0,0;0,0;-0,0;108,09370625;10,0518846;-231,16575665;-0,0;0,0;-0,0;-58,09370625;10,0518846;184,30277463;-0,0;0,0;0,0;108,09370625;-10,0518846;231,16575665;-0,0;0,0;0,0;58,09370625;10,0518846;184,30277463;0,0;0,0;0,0;108,09370625;10,0518846;231,16575665;0,0
300078;Q;beam_x;60x80;-0,0;0,0;-31,89659672;27,82116341;-97,67097309;-0,0;0,0;-0,0;56,89659672;-27,82116341;-124,31201052;-0,0;0,0;-0,0;-31,89659672;-27,82116341;97,67097309;-0,0;0,0;0,0;56,89659672;27,82116341;124,31201052;-0,0;0,0;0,0;31,89659672;27,82116341;97,67097309;0,0;0,0;0,0;56,89659672;27,82116341;124,31201052;0,0
300079;Q;beam_x;60x80;0,0;-0,0;-23,8621574;-27,49722504;-83,7541;0,0;0,0;0,0;48,8621574;27,49722504;-98,05668701;0,0;0,0;0,0;-23,8621574;27,49722504;83,7541;0,0;0,0;-0,0;48,8621574;-27,49722504;98,05668701;0,0;0,0;0,0;23,8621574;27,49722504;83,7541;0,0;0,0;0,0;48,8621574;27,49722504;98,05668701;0,0
300080;Q;beam_x;60x80;0,0;-0,0;-54,97670502;-11,49987932;-190,18354611;0,0;0,0;0,0;104,97670502;11,49987932;-209,69997898;0,0;0,0;0,0;-54,97670502;11,49987932;190,18354611;0,0;0,0;-0,0;104,97670502;-11,49987932;209,69997898;0,0;0,0;0,0;54,97670502;11,49987932;190,18354611;0,0;0,0;0,0;104,97670502;11,49987932;209,69997898;0,0
300081;Q;beam_x;60x80;0,0;-0,0;-30,78842718;37,67895545;-103,48448039;0,0;0,0;0,0;55,78842718;-37,67895545;-112,9576555;0,0;0,0;0,0;-30,78842718;-37,67895545;103,48448039;0,0;0,0;-0,0;55,78842718;37,67895545;112,9576555;0,0;0,0;0,0;30,78842718;37,67895545;103,48448039;0,0;0,0;0,0;55,78842718;37,67895545;112,9576555;0,0
300082;Q;beam_x;60x80;0,0;-0,0;-14,49291729;-21,20435536;-95,97441183;0,0;0,0;0,0;34,97152389;21,20435536;34,39118256;0,0;0,0;0,0;-14,49291729;21,20435536;95,97441183;0,0;0,0;-0,0;34,97152389;-21,20435536;-34,39118256;0,0;0,0;0,0;14,49291729;21,20435536;95,97441183;0,0;0,0;0,0;34,97152389;21,20435536;34,39118256;0,0
300083;Q;beam_x;60x80;0,0;-0,0;-89,3987658;-16,80553753;-48,3051712;0,0;0,0;0,0;110,0418592;16,80553753;-201,99281316;0,0;0,0;0,0;-89,3987658;16,80553753;48,3051712;0,0;0,0;-0,0;110,0418592;-16,80553753;201,99281316;0,0;0,0;0,0;89,3987658;16,80553753;48,3051712;0,0;0,0;0,0;110,0418592;16,80553753;201,99281316;0,0
300084;Q;beam_x;60x80;0,0;-0,0;-54,24573771;-18,15682226;-177,10057657;0,0;0,0;0,0;76,03328751;18,15682226;14,90319016;0,0;0,0;0,0;-54,24573771;18,15682226;177,10057657;0,0;0,0;-0,0;76,03328751;-18,15682226;-14,90319016;0,0;0,0;0,0;54,24573771;18,15682226;177,10057657;0,0;0,0;0,0;76,03328751;18,15682226;14,90319016;0,0
300085;Q;beam_x;60x80;0,0;-0,0;-102,53571116;1,09259008;-29,02826324;0,0;0,0;0,0;124,49826136;-1,09259008;-255,89937227;0,0;0,0;0,0;-102,53571116;-1,09259008;29,02826324;0,0;0,0;-0,0;124,49826136;1,09259008;255,89937227;0,0;0,0;0,0;102,53571116;1,09259008;29,02826324;0,0;0,0;0,0;124,49826136;1,09259008;255,89937227;0,0
300086;Q;beam_x;60x80;0,0;-0,0;-34,23552745;28,72072026;-100,06140083;0,0;0,0;0,0;59,23552745;-28,72072026;-133,61623642;0,0;0,0;0,0;-34,23552745;-28,72072026;100,06140083;0,0;0,0;-0,0;59,23552745;28,72072026;133,61623642;0,0;0,0;0,0;34,23552745;28,72072026;100,06140083;0,0;0,0;0,0;59,23552745;28,72072026;133,61623642;0,0
300087;Q;beam_x;60x80;0,0;-0,0;-35,29552095;-7,49386336;-128,14724882;0,0;0,0;0,0;78,84392095;7,49386336;-157,20135595;0,0;0,0;0,0;-35,29552095;7,49386336;128,14724882;0,0;0,0;-0,0;78,84392095;-7,49386336;157,20135595;0,0;0,0;0,0;35,29552095;7,49386336;128,14724882;0,0;0,0;0,0;78,84392095;7,49386336;157,20135595;0,0
300088;Q;beam_x;60x80;0,0;-0,0;-57,06089016;-8,53454406;-181,91378751;0,0;0,0;0,0;107,06089016;8,53454406;-228,39066329;0,0;0,0;0,0;-57,06089016;8,53454406;181,91378751;0,0;0,0;-0,0;107,06089016;-8,53454406;228,39066329;0,0;0,0;0,0;57,06089016;8,53454406;181,91378751;0,0;0,0;0,0;107,06089016;8,53454406;228,39066329;0,0
300089;Q;beam_x;60x80;0,0;-0,0;-32,15511377;28,69572468;-98,16196088;0,0;0,0;0,0;57,15511377;-28,69572468;-125,11360794;0,0;0,0;0,0;-32,15511377;-28,69572468;98,16196088;0,0;0,0;-0,0;57,15511377;28,69572468;125,11360794;0,0;0,0;0,0;32,15511377;28,69572468;98,16196088;0,0;0,0;0,0;57,15511377;28,69572468;125,11360794;0,0
300090;Q;beam_x;60x80;-0,0;0,0;-23,18420674;-22,47310192;-80,31447447;-0,0;0,0;-0,0;48,18420674;22,47310192;-98,10655924;-0,0;0,0;-0,0;-23,18420674;22,47310192;80,31447447;-0,0;0,0;0,0;48,18420674;-22,47310192;98,10655924;-0,0;0,0;0,0;23,18420674;22,47310192;80,31447447;0,0;0,0;0,0;48,18420674;22,47310192;98,10655924;0,0
300091;Q;beam_x;60x80;-0,0;0,0;-55,61181992;-11,43268031;-188,33648441;-0,0;0,0;-0,0;105,61181992;11,43268031;-214,72261519;-0,0;0,0;-0,0;-55,61181992;11,43268031;188,33648441;-0,0;0,0;0,0;105,61181992;-11,43268031;214,72261519;-0,0;0,0;0,0;55,61181992;11,43268031;188,33648441;0,0;0,0;0,0;105,61181992;11,43268031;214,72261519;0,0
300092;Q;beam_x;60x80;-0,0;0,0;-31,46223542;29,6556278;-102,58836131;-0,0;0,0;-0,0;56,46223542;-29,6556278;-117,22281577;-0,0;0,0;-0,0;-31,46223542;-29,6556278;102,58836131;-0,0;0,0;0,0;56,46223542;29,6556278;117,22281577;-0,0;0,0;0,0;31,46223542;29,6556278;102,58836131;0,0;0,0;0,0;56,46223542;29,6556278;117,22281577;0,0
300093;Q;beam_x;60x80;0,0;-0,0;21,61294359;15,98807515;-36,61518784;0,0;-0,0;0,0;-9,70734359;-15,98807515;80,46358989;0,0;0,0;0,0;21,61294359;-15,98807515;36,61518784;0,0;0,0;-0,0;-9,70734359;15,98807515;-80,46358989;0,0;0,0;0,0;21,61294359;15,98807515;36,61518784;0,0;0,0;0,0;9,70734359;15,98807515;80,46358989;0,0
300094;Q;beam_x;60x80;-0,0;0,0;-30,4623732;-23,63674872;-79,6837659;-0,0;0,0;-0,0;51,7223732;23,63674872;-125,7781001;-0,0;0,0;-0,0;-30,4623732;23,63674872;79,6837659;-0,0;0,0;0,0;51,7223732;-23,63674872;125,7781001;-0,0;0,0;0,0;30,4623732;23,63674872;79,6837659;0,0;0,0;0,0;51,7223732;23,63674872;125,7781001;0,0
300095;Q;beam_x;60x80;0,0;-0,0;68,53317622;17,08378535;-15,14370952;0,0;-0,0;0,0;-43,98277622;-17,08378535;172,66604293;0,0;0,0;0,0;68,53317622;-17,08378535;15,14370952;0,0;0,0;-0,0;-43,98277622;17,08378535;-172,66604293;0,0;0,0;0,0;68,53317622;17,08378535;15,14370952;0,0;0,0;0,0;43,98277622;17,08378535;172,66604293;0,0
300096;Q;beam_x;60x80;-0,0;0,0;-60,55173908;-11,0342237;-175,27290211;-0,0;0,0;-0,0;104,39173908;11,0342237;-237,08579331;-0,0;0,0;-0,0;-60,55173908;11,0342237;175,27290211;-0,0;0,0;0,0;104,39173908;-11,0342237;237,08579331;-0,0;0,0;0,0;60,55173908;11,0342237;175,27290211;0,0;0,0;0,0;104,39173908;11,0342237;237,08579331;0,0
300097;Q;beam_x;60x80;-0,0;0,0;-35,1692883;30,27748145;-99,89112514;-0,0;0,0;-0,0;60,1692883;-30,27748145;-138,45531634;-0,0;0,0;-0,0;-35,1692883;-30,27748145;99,89112514;-0,0;0,0;0,0;60,1692883;30,27748145;138,45531634;-0,0;0,0;0,0;35,1692883;30,27748145;99,89112514;0,0;0,0;0,0;60,1692883;30,27748145;138,45531634;0,0
300098;Q;beam_x;60x80;0,0;-0,0;-24,61641869;-20,55768003;-108,54394446;0,0;0,0;0,0;82,32921869;20,55768003;-158,82014897;0,0;0,0;0,0;-24,61641869;20,55768003;108,54394446;0,0;0,0;-0,0;82,32921869;-20,55768003;158,82014897;0,0;0,0;0,0;24,61641869;20,55768003;108,54394446;0,0;0,0;0,0;82,32921869;20,55768003;158,82014897;0,0
300099;Q;beam_x;60x80;0,0;-0,0;-59,30727686;-8,14953515;-185,80662242;0,0;0,0;0,0;109,30727686;8,14953515;-235,72976185;0,0;0,0;0,0;-59,30727686;8,14953515;185,80662242;0,0;0,0;-0,0;109,30727686;-8,14953515;235,72976185;0,0;0,0;0,0;59,30727686;8,14953515;185,80662242;0,0;0,0;0,0;109,30727686;8,14953515;235,72976185;0,0
300100;Q;beam_x;60x80;0,0;-0,0;-33,15466163;30,30377232;-98,99272609;0,0;0,0;0,0;58,15466163;-30,30377232;-129,28058205;0,0;0,0;0,0;-33,15466163;-30,30377232;98,99272609;0,0;0,0;-0,0;58,15466163;30,30377232;129,28058205;0,0;0,0;0,0;33,15466163;30,30377232;98,99272609;0,0;0,0;0,0;58,15466163;30,30377232;129,28058205;0,0
300101;Q;beam_x;60x80;0,0;-0,0;-25,28588922;-25,04783471;-82,65712399;0,0;0,0;0,0;50,28588922;25,04783471;-106,27232213;0,0;0,0;0,0;-25,28588922;25,04783471;82,65712399;0,0;0,0;-0,0;50,28588922;-25,04783471;106,27232213;0,0;0,0;0,0;25,28588922;25,04783471;82,65712399;0,0;0,0;0,0;50,28588922;25,04783471;106,27232213;0,0
300102;Q;beam_x;60x80;0,0;-0,0;-55,89963167;-12,13495854;-186,17986145;0,0;0,0;0,0;105,89963167;12,13495854;-218,3182969;0,0;0,0;0,0;-55,89963167;12,13495854;186,17986145;0,0;0,0;-0,0;105,89963167;-12,13495854;218,3182969;0,0;0,0;0,0;55,89963167;12,13495854;186,17986145;0,0;0,0;0,0;105,89963167;12,13495854;218,3182969;0,0
300103;Q;beam_x;60x80;0,0;-0,0;-32,57542859;31,99624191;-103,05749056;0,0;0,0;0,0;57,57542859;-31,99624191;-122,31965238;0,0;0,0;0,0;-32,57542859;-31,99624191;103,05749056;0,0;0,0;-0,0;57,57542859;31,99624191;122,31965238;0,0;0,0;0,0;32,57542859;31,99624191;103,05749056;0,0;0,0;0,0;57,57542859;31,99624191;122,31965238;0,0
300104;Q;beam_x;60x80;-0,0;0,0;-1,79355859;-4,03028007;-12,2317779;-0,0;0,0;-0,0;7,92100859;4,03028007;0,3314331;-0,0;0,0;-0,0;-1,79355859;4,03028007;12,2317779;-0,0;0,0;0,0;7,92100859;-4,03028007;-0,3314331;-0,0;0,0;0,0;1,79355859;4,03028007;12,2317779;0,0;0,0;0,0;7,92100859;4,03028007;0,3314331;0,0
300105;Q;beam_x;60x80;-0,0;0,0;-4,99501984;-2,10849702;-26,98661653;-0,0;0,0;-0,0;17,24991984;2,10849702;-0,26343458;-0,0;0,0;-0,0;-4,99501984;2,10849702;26,98661653;-0,0;0,0;0,0;17,24991984;-2,10849702;0,26343458;-0,0;0,0;0,0;4,99501984;2,10849702;26,98661653;0,0;0,0;0,0;17,24991984;2,10849702;0,26343458;0,0
300106;Q;beam_x;60x80;-0,0;0,0;-2,84472336;10,92584888;-14,89279304;-0,0;0,0;-0,0;8,97217336;-10,92584888;0,41709455;-0,0;0,0;-0,0;-2,84472336;-10,92584888;14,89279304;-0,0;0,0;0,0;8,97217336;10,92584888;-0,41709455;-0,0;0,0;0,0;2,84472336;10,92584888;14,89279304;0,0;0,0;0,0;8,97217336;10,92584888;0,41709455;0,0
300107;Q;beam_x;60x80;0,0;-0,0;-27,11411439;-26,47968076;-76,06687079;0,0;0,0;0,0;52,11411439;26,47968076;-122,00370116;0,0;0,0;0,0;-27,11411439;26,47968076;76,06687079;0,0;0,0;-0,0;52,11411439;-26,47968076;122,00370116;0,0;0,0;0,0;27,11411439;26,47968076;76,06687079;0,0;0,0;0,0;52,11411439;26,47968076;122,00370116;0,0
300108;Q;beam_x;60x80;0,0;-0,0;-61,41619219;-9,90053249;-186,99179551;0,0;0,0;0,0;111,41619219;9,90053249;-245,08916543;0,0;0,0;0,0;-61,41619219;9,90053249;186,99179551;0,0;0,0;-0,0;111,41619219;-9,90053249;245,08916543;0,0;0,0;0,0;61,41619219;9,90053249;186,99179551;0,0;0,0;0,0;111,41619219;9,90053249;245,08916543;0,0
300109;Q;beam_x;60x80;0,0;-0,0;-34,84497324;24,68822688;-101,00415436;0,0;0,0;0,0;59,84497324;-24,68822688;-135,72071186;0,0;0,0;0,0;-34,84497324;-24,68822688;101,00415436;0,0;0,0;-0,0;59,84497324;24,68822688;135,72071186;0,0;0,0;0,0;34,84497324;24,68822688;101,00415436;0,0;0,0;0,0;59,84497324;24,68822688;135,72071186;0,0
300110;Q;beam_x;60x80;0,0;-0,0;-23,42719409;-18,15857211;-109,99630038;0,0;0,0;0,0;81,13999409;18,15857211;-151,42167006;0,0;0,0;0,0;-23,42719409;18,15857211;109,99630038;0,0;0,0;-0,0;81,13999409;-18,15857211;151,42167006;0,0;0,0;0,0;23,42719409;18,15857211;109,99630038;0,0;0,0;0,0;81,13999409;18,15857211;151,42167006;0,0
300111;Q;beam_x;60x80;0,0;-0,0;-60,26131551;-5,27944477;-188,69962103;0,0;0,0;0,0;110,26131551;5,27944477;-237,60695653;0,0;0,0;0,0;-60,26131551;5,27944477;188,69962103;0,0;0,0;-0,0;110,26131551;-5,27944477;237,60695653;0,0;0,0;0,0;60,26131551;5,27944477;188,69962103;0,0;0,0;0,0;110,26131551;5,27944477;237,60695653;0,0
300112;Q;beam_x;60x80;0,0;-0,0;-32,03566093;24,37933401;-96,05757284;0,0;0,0;0,0;57,03566093;-24,37933401;-126,62073181;0,0;0,0;0,0;-32,03566093;-24,37933401;96,05757284;0,0;0,0;-0,0;57,03566093;24,37933401;126,62073181;0,0;0,0;0,0;32,03566093;24,37933401;96,05757284;0,0;0,0;0,0;57,03566093;24,37933401;126,62073181;0,0
300113;Q;beam_x;60x80;-0,0;0,0;-22,53282444;-21,8290456;-82,67150056;-0,0;0,0;-0,0;47,53282444;21,8290456;-92,49262162;-0,0;0,0;-0,0;-22,53282444;21,8290456;82,67150056;-0,0;0,0;0,0;47,53282444;-21,8290456;92,49262162;-0,0;0,0;0,0;22,53282444;21,8290456;82,67150056;0,0;0,0;0,0;47,53282444;21,8290456;92,49262162;0,0
300114;Q;beam_x;60x80;-0,0;0,0;-53,81597443;-10,79895246;-192,7736156;-0,0;0,0;-0,0;103,81597443;10,79895246;-201,30625655;-0,0;0,0;-0,0;-53,81597443;10,79895246;192,7736156;-0,0;0,0;0,0;103,81597443;-10,79895246;201,30625655;-0,0;0,0;0,0;53,81597443;10,79895246;192,7736156;0,0;0,0;0,0;103,81597443;10,79895246;201,30625655;0,0
300115;Q;beam_x;60x80;-0,0;0,0;-30,43398166;27,83295645;-105,4618097;-0,0;0,0;-0,0;55,43398166;-27,83295645;-109,20809861;-0,0;0,0;-0,0;-30,43398166;-27,83295645;105,4618097;-0,0;0,0;0,0;55,43398166;27,83295645;109,20809861;-0,0;0,0;0,0;30,43398166;27,83295645;105,4618097;0,0;0,0;0,0;55,43398166;27,83295645;109,20809861;0,0
300116;Q;beam_x;60x80;0,0;-0,0;2,75853239;2,51744697;-0,10877773;0,0;0,0;0,0;3,36891761;-2,51744697;-0,63894416;0,0;0,0;0,0;2,75853239;-2,51744697;0,10877773;0,0;0,0;-0,0;3,36891761;2,51744697;0,63894416;0,0;0,0;0,0;2,75853239;2,51744697;0,10877773;0,0;0,0;0,0;3,36891761;2,51744697;0,63894416;0,0
300117;Q;beam_x;60x80;0,0;-0,0;8,50088237;1,83630886;2,02555109;0,0;0,0;0,0;3,75401763;-1,83630886;3,78935821;0,0;0,0;0,0;8,50088237;-1,83630886;-2,02555109;0,0;0,0;-0,0;3,75401763;1,83630886;-3,78935821;0,0;0,0;0,0;8,50088237;1,83630886;2,02555109;0,0;0,0;0,0;3,75401763;1,83630886;3,78935821;0,0
300118;Q;beam_x;60x80;0,0;-0,0;2,89808875;5,34803201;-0,49690049;0,0;0,0;0,0;3,22936125;-5,34803201;0,09109168;0,0;0,0;0,0;2,89808875;-5,34803201;0,49690049;0,0;0,0;-0,0;3,22936125;5,34803201;-0,09109168;0,0;0,0;0,0;2,89808875;5,34803201;0,49690049;0,0;0,0;0,0;3,22936125;5,34803201;0,09109168;0,0
300119;Q;beam_x;60x80;0,0;-0,0;-55,4039048;-49,53638972;151,83961539;-0,0;0,0;0,0;80,91370873;49,53638972;188,95441844;-0,0;0,0;-0,0;-55,4039048;-49,53638972;151,83961539;-0,0;0,0;0,0;80,91370873;49,53638972;188,95441844;-0,0;0,0;0,0;55,4039048;49,53638972;151,83961539;0,0;0,0;0,0;80,91370873;49,53638972;188,95441844;0,0
300120;Q;beam_x;60x80;0,0;-0,0;-20,11830102;-21,4699018;74,61949022;-0,0;0,0;0,0;45,11830102;21,4699018;88,47201487;-0,0;0,0;-0,0;-20,11830102;-21,4699018;74,61949022;-0,0;0,0;0,0;45,11830102;21,4699018;88,47201487;-0,0;0,0;0,0;20,11830102;21,4699018;74,61949022;0,0;0,0;0,0;45,11830102;21,4699018;88,47201487;0,0
300121;Q;beam_x;60x80;0,0;-0,0;-107,24771947;2,96064455;303,61070322;-0,0;0,0;0,0;166,16683712;-2,96064455;379,92568826;-0,0;0,0;-0,0;-107,24771947;2,96064455;303,61070322;-0,0;0,0;0,0;166,16683712;-2,96064455;379,92568826;-0,0;0,0;0,0;107,24771947;2,96064455;303,61070322;0,0;0,0;0,0;166,16683712;2,96064455;379,92568826;0,0
300122;Q;beam_x;60x80;0,0;-0,0;-53,20495117;-9,27510173;182,31663383;-0,0;0,0;0,0;103,20495117;9,27510173;208,70812202;-0,0;0,0;-0,0;-53,20495117;-9,27510173;182,31663383;-0,0;0,0;0,0;103,20495117;9,27510173;208,70812202;-0,0;0,0;0,0;53,20495117;9,27510173;182,31663383;0,0;0,0;0,0;103,20495117;9,27510173;208,70812202;0,0
300123;Q;beam_x;60x80;0,0;-0,0;-40,94586502;-8,44702965;109,28202641;-0,0;0,0;0,0;68,77825252;8,44702965;96,45069399;-0,0;0,0;-0,0;-40,94586502;-8,44702965;109,28202641;-0,0;0,0;0,0;68,77825252;8,44702965;96,45069399;-0,0;0,0;0,0;40,94586502;8,44702965;109,28202641;0,0;0,0;0,0;68,77825252;8,44702965;96,45069399;0,0
300124;Q;beam_x;60x80;0,0;-0,0;-34,04956982;40,01690824;118,62334629;-0,0;0,0;0,0;71,16866982;-40,01690824;144,42225281;-0,0;0,0;-0,0;-34,04956982;40,01690824;118,62334629;-0,0;0,0;0,0;71,16866982;-40,01690824;144,42225281;-0,0;0,0;0,0;34,04956982;40,01690824;118,62334629;0,0;0,0;0,0;71,16866982;40,01690824;144,42225281;0,0
300125;Q;beam_x;60x80;-0,0;0,0;-32,31322566;27,38620396;-97,59615347;-0,0;0,0;-0,0;57,31322566;-27,38620396;-126,46997483;-0,0;0,0;-0,0;-32,31322566;-27,38620396;97,59615347;-0,0;0,0;0,0;57,31322566;27,38620396;126,46997483;-0,0;0,0;0,0;32,31322566;27,38620396;97,59615347;0,0;0,0;0,0;57,31322566;27,38620396;126,46997483;0,0
300126;Q;beam_x;60x80;0,0;-0,0;-56,28629191;-52,62246324;155,51522216;-0,0;0,0;0,0;81,79609583;52,62246324;189,69074721;-0,0;0,0;-0,0;-56,28629191;-52,62246324;155,51522216;-0,0;0,0;0,0;81,79609583;52,62246324;189,69074721;-0,0;0,0;0,0;56,28629191;52,62246324;155,51522216;0,0;0,0;0,0;81,79609583;52,62246324;189,69074721;0,0
300127;Q;beam_x;60x80;0,0;-0,0;-104,9405473;2,17392273;301,47205051;-0,0;0,0;0,0;163,85966495;-2,17392273;370,5284801;-0,0;0,0;-0,0;-104,9405473;2,17392273;301,47205051;-0,0;0,0;0,0;163,85966495;-2,17392273;370,5284801;-0,0;0,0;0,0;104,9405473;2,17392273;301,47205051;0,0;0,0;0,0;163,85966495;2,17392273;370,5284801;0,0
300128;Q;beam_x;60x80;0,0;-0,0;-32,71861998;42,22145287;118,35178383;-0,0;0,0;0,0;69,83771998;-42,22145287;138,03906609;-0,0;0,0;-0,0;-32,71861998;42,22145287;118,35178383;-0,0;0,0;0,0;69,83771998;-42,22145287;138,03906609;-0,0;0,0;0,0;32,71861998;42,22145287;118,35178383;0,0;0,0;0,0;69,83771998;42,22145287;138,03906609;0,0
300129;Q;beam_x;60x80;0,0;-0,0;-21,41992228;-24,20117382;77,74425719;-0,0;0,0;0,0;46,41992228;24,20117382;91,85535419;-0,0;0,0;-0,0;-21,41992228;-24,20117382;77,74425719;-0,0;0,0;0,0;46,41992228;24,20117382;91,85535419;-0,0;0,0;0,0;21,41992228;24,20117382;77,74425719;0,0;0,0;0,0;46,41992228;24,20117382;91,85535419;0,0
300130;Q;beam_x;60x80;0,0;-0,0;-53,0354634;-10,40962526;180,45657209;-0,0;0,0;0,0;103,0354634;10,40962526;209,7207449;-0,0;0,0;-0,0;-53,0354634;-10,40962526;180,45657209;-0,0;0,0;0,0;103,0354634;10,40962526;209,7207449;-0,0;0,0;0,0;53,0354634;10,40962526;180,45657209;0,0;0,0;0,0;103,0354634;10,40962526;209,7207449;0,0
300131;Q;beam_x;60x80;0,0;-0,0;-33,00883762;29,55359827;-100,33009541;0,0;0,0;0,0;58,00883762;-29,55359827;-127,2140927;0,0;0,0;0,0;-33,00883762;-29,55359827;100,33009541;0,0;0,0;-0,0;58,00883762;29,55359827;127,2140927;0,0;0,0;0,0;33,00883762;29,55359827;100,33009541;0,0;0,0;0,0;58,00883762;29,55359827;127,2140927;0,0
300132;Q;beam_x;60x80;0,0;0,0;-41,95160279;-9,36908398;107,35221747;0,0;0,0;-0,0;69,78399029;9,36908398;102,15201957;0,0;0,0;0,0;-41,95160279;-9,36908398;107,35221747;0,0;0,0;-0,0;69,78399029;9,36908398;102,15201957;0,0;0,0;0,0;41,95160279;9,36908398;107,35221747;0,0;0,0;0,0;69,78399029;9,36908398;102,15201957;0,0
300133;Q;beam_x;60x80;0,0;0,0;-56,47520134;-53,58447154;159,12516302;0,0;0,0;-0,0;81,98500526;53,58447154;187,02535347;0,0;0,0;0,0;-56,47520134;-53,58447154;159,12516302;0,0;0,0;-0,0;81,98500526;53,58447154;187,02535347;0,0;0,0;0,0;56,47520134;53,58447154;159,12516302;0,0;0,0;0,0;81,98500526;53,58447154;187,02535347;0,0
300134;Q;beam_x;60x80;0,0;0,0;-103,1929905;2,08287998;302,52352835;0,0;0,0;-0,0;162,11210815;-2,08287998;360,73921826;0,0;0,0;0,0;-103,1929905;2,08287998;302,52352835;0,0;0,0;-0,0;162,11210815;-2,08287998;360,73921826;0,0;0,0;0,0;103,1929905;2,08287998;302,52352835;0,0;0,0;0,0;162,11210815;2,08287998;360,73921826;0,0
300135;Q;beam_x;60x80;0,0;0,0;-32,30563865;42,33349633;120,63274178;0,0;0,0;-0,0;69,42473865;-42,33349633;133,69320149;0,0;0,0;0,0;-32,30563865;42,33349633;120,63274178;0,0;0,0;-0,0;69,42473865;-42,33349633;133,69320149;0,0;0,0;0,0;32,30563865;42,33349633;120,63274178;0,0;0,0;0,0;69,42473865;42,33349633;133,69320149;0,0
300136;Q;beam_x;60x80;0,0;-0,0;-21,66560167;-25,46313285;78,51649608;-0,0;0,0;0,0;46,66560167;25,46313285;92,31151227;-0,0;0,0;-0,0;-21,66560167;-25,46313285;78,51649608;-0,0;0,0;0,0;46,66560167;25,46313285;92,31151227;-0,0;0,0;0,0;21,66560167;25,46313285;78,51649608;0,0;0,0;0,0;46,66560167;25,46313285;92,31151227;0,0
300137;Q;beam_x;60x80;0,0;-0,0;-52,41539338;-10,61966957;178,78535796;-0,0;0,0;0,0;102,41539338;10,61966957;208,29160896;-0,0;0,0;-0,0;-52,41539338;-10,61966957;178,78535796;-0,0;0,0;0,0;102,41539338;10,61966957;208,29160896;-0,0;0,0;0,0;52,41539338;10,61966957;178,78535796;0,0;0,0;0,0;102,41539338;10,61966957;208,29160896;0,0
300138;Q;beam_x;60x80;-0,0;0,0;-33,78816987;29,7537018;-101,12489076;-0,0;0,0;-0,0;58,78816987;-29,7537018;-130,31595861;-0,0;0,0;-0,0;-33,78816987;-29,7537018;101,12489076;-0,0;0,0;0,0;58,78816987;29,7537018;130,31595861;-0,0;0,0;0,0;33,78816987;29,7537018;101,12489076;0,0;0,0;0,0;58,78816987;29,7537018;130,31595861;0,0
300139;Q;beam_x;60x80;0,0;-0,0;-41,44717063;-9,55578023;106,65768349;-0,0;0,0;0,0;69,27955813;9,55578023;100,95493294;-0,0;0,0;-0,0;-41,44717063;-9,55578023;106,65768349;-0,0;0,0;0,0;69,27955813;9,55578023;100,95493294;-0,0;0,0;0,0;41,44717063;9,55578023;106,65768349;0,0;0,0;0,0;69,27955813;9,55578023;100,95493294;0,0
300140;Q;beam_x;60x80;0,0;-0,0;-57,04463805;-55,59951081;161,28604931;-0,0;0,0;0,0;82,55444197;55,59951081;187,71165075;-0,0;0,0;-0,0;-57,04463805;-55,59951081;161,28604931;-0,0;0,0;0,0;82,55444197;55,59951081;187,71165075;-0,0;0,0;0,0;57,04463805;55,59951081;161,28604931;0,0;0,0;0,0;82,55444197;55,59951081;187,71165075;0,0
300141;Q;beam_x;60x80;0,0;-0,0;-101,75052648;1,87109265;299,91927787;-0,0;0,0;0,0;160,66964412;-1,87109265;356,13114863;-0,0;0,0;-0,0;-101,75052648;1,87109265;299,91927787;-0,0;0,0;0,0;160,66964412;-1,87109265;356,13114863;-0,0;0,0;0,0;101,75052648;1,87109265;299,91927787;0,0;0,0;0,0;160,66964412;1,87109265;356,13114863;0,0
300142;Q;beam_x;60x80;0,0;-0,0;-30,75875414;44,76855729;118,23012951;-0,0;0,0;0,0;67,87785414;-44,76855729;128,36139121;-0,0;0,0;-0,0;-30,75875414;44,76855729;118,23012951;-0,0;0,0;0,0;67,87785414;-44,76855729;128,36139121;-0,0;0,0;0,0;30,75875414;44,76855729;118,23012951;0,0;0,0;0,0;67,87785414;44,76855729;128,36139121;0,0
300143;Q;beam_x;60x80;0,0;0,0;-21,95962057;-27,05299188;80,98763361;0,0;0,0;-0,0;46,95962057;27,05299188;91,31046925;0,0;0,0;0,0;-21,95962057;-27,05299188;80,98763361;0,0;0,0;-0,0;46,95962057;27,05299188;91,31046925;0,0;0,0;0,0;21,95962057;27,05299188;80,98763361;0,0;0,0;0,0;46,95962057;27,05299188;91,31046925;0,0
300144;Q;beam_x;60x80;0,0;0,0;-52,04611102;-11,21019328;178,45117549;0,0;0,0;-0,0;102,04611102;11,21019328;206,77937962;0,0;0,0;0,0;-52,04611102;-11,21019328;178,45117549;0,0;0,0;-0,0;102,04611102;11,21019328;206,77937962;0,0;0,0;0,0;52,04611102;11,21019328;178,45117549;0,0;0,0;0,0;102,04611102;11,21019328;206,77937962;0,0
300145;Q;beam_x;60x80;0,0;-0,0;-34,55980804;32,3046952;-104,20579695;0,0;0,0;0,0;59,55980804;-32,3046952;-131,09324324;0,0;0,0;0,0;-34,55980804;-32,3046952;104,20579695;0,0;0,0;-0,0;59,55980804;32,3046952;131,09324324;0,0;0,0;0,0;34,55980804;32,3046952;104,20579695;0,0;0,0;0,0;59,55980804;32,3046952;131,09324324;0,0
300146;Q;beam_x;60x80;0,0;-0,0;-41,63005389;-9,81938539;105,01365783;-0,0;0,0;0,0;69,46244139;9,81938539;103,28477081;-0,0;0,0;-0,0;-41,63005389;-9,81938539;105,01365783;-0,0;0,0;0,0;69,46244139;9,81938539;103,28477081;-0,0;0,0;0,0;41,63005389;9,81938539;105,01365783;0,0;0,0;0,0;69,46244139;9,81938539;103,28477081;0,0
300147;Q;beam_x;60x80;0,0;-0,0;-53,88716722;-52,31754303;161,77895539;-0,0;0,0;0,0;79,39697114;52,31754303;171,43139051;-0,0;0,0;-0,0;-53,88716722;-52,31754303;161,77895539;-0,0;0,0;0,0;79,39697114;52,31754303;171,43139051;-0,0;0,0;0,0;53,88716722;52,31754303;161,77895539;0,0;0,0;0,0;79,39697114;52,31754303;171,43139051;0,0
300148;Q;beam_x;60x80;0,0;-0,0;-123,0132405;-10,74787057;359,77699447;-0,0;0,0;0,0;174,03284834;10,74787057;382,83822762;-0,0;0,0;-0,0;-123,0132405;-10,74787057;359,77699447;-0,0;0,0;0,0;174,03284834;10,74787057;382,83822762;-0,0;0,0;0,0;123,0132405;10,74787057;359,77699447;0,0;0,0;0,0;174,03284834;10,74787057;382,83822762;0,0
300149;Q;beam_x;60x80;0,0;-0,0;-50,68256569;52,34510134;164,52712578;-0,0;0,0;0,0;76,66256569;-52,34510134;153,83570265;-0,0;0,0;-0,0;-50,68256569;52,34510134;164,52712578;-0,0;0,0;0,0;76,66256569;-52,34510134;153,83570265;-0,0;0,0;0,0;50,68256569;52,34510134;164,52712578;0,0;0,0;0,0;76,66256569;52,34510134;153,83570265;0,0
300150;Q;beam_x;60x80;0,0;-0,0;-20,19091219;-24,32203587;73,39967473;-0,0;0,0;0,0;45,19091219;24,32203587;90,05488623;-0,0;0,0;-0,0;-20,19091219;-24,32203587;73,39967473;-0,0;0,0;0,0;45,19091219;24,32203587;90,05488623;-0,0;0,0;0,0;20,19091219;24,32203587;73,39967473;0,0;0,0;0,0;45,19091219;24,32203587;90,05488623;0,0
300151;Q;beam_x;60x80;0,0;-0,0;-49,31590994;-9,44233773;174,88126467;-0,0;0,0;0,0;99,31590994;9,44233773;196,69828504;-0,0;0,0;-0,0;-49,31590994;-9,44233773;174,88126467;-0,0;0,0;0,0;99,31590994;9,44233773;196,69828504;-0,0;0,0;0,0;49,31590994;9,44233773;174,88126467;0,0;0,0;0,0;99,31590994;9,44233773;196,69828504;0,0
300152;Q;beam_x;60x80;0,0;-0,0;-34,33748607;22,03562505;-94,49057388;0,0;0,0;0,0;59,33748607;-22,03562505;-139,69685646;0,0;0,0;0,0;-34,33748607;-22,03562505;94,49057388;0,0;0,0;-0,0;59,33748607;22,03562505;139,69685646;0,0;0,0;0,0;34,33748607;22,03562505;94,49057388;0,0;0,0;0,0;59,33748607;22,03562505;139,69685646;0,0
300153;Q;beam_x;60x80;0,0;-0,0;6,68320438;-7,19040381;46,07263956;-0,0;0,0;0,0;7,37929562;7,19040381;-44,7674685;-0,0;0,0;-0,0;6,68320438;-7,19040381;46,07263956;-0,0;0,0;0,0;7,37929562;7,19040381;-44,7674685;-0,0;0,0;0,0;6,68320438;7,19040381;46,07263956;0,0;0,0;0,0;7,37929562;7,19040381;44,7674685;0,0
300154;Q;beam_x;60x80;0,0;0,0;-35,46591726;-15,80644793;48,22357139;0,0;0,0;-0,0;49,52841726;15,80644793;111,14080583;0,0;0,0;0,0;-35,46591726;-15,80644793;48,22357139;0,0;0,0;-0,0;49,52841726;15,80644793;111,14080583;0,0;0,0;0,0;35,46591726;15,80644793;48,22357139;0,0;0,0;0,0;49,52841726;15,80644793;111,14080583;0,0
300155;Q;beam_x;60x80;0,0;-0,0;-39,23623099;-9,6000531;118,10889478;-0,0;0,0;0,0;67,06861849;9,6000531;81,212698;-0,0;0,0;-0,0;-39,23623099;-9,6000531;118,10889478;-0,0;0,0;0,0;67,06861849;9,6000531;81,212698;-0,0;0,0;0,0;39,23623099;9,6000531;118,10889478;0,0;0,0;0,0;67,06861849;9,6000531;81,212698;0,0
300156;Q;beam_x;60x80;0,0;-0,0;5,93131332;11,12752008;62,57571446;-0,0;0,0;0,0;8,13118668;-11,12752008;-58,45095191;-0,0;0,0;-0,0;5,93131332;11,12752008;62,57571446;-0,0;0,0;0,0;8,13118668;-11,12752008;-58,45095191;-0,0;0,0;0,0;5,93131332;11,12752008;62,57571446;0,0;0,0;0,0;8,13118668;11,12752008;58,45095191;0,0
300157;Q;beam_x;60x80;0,0;0,0;-46,46546527;26,5067261;60,25570037;0,0;0,0;-0,0;60,52796527;-26,5067261;140,3569819;0,0;0,0;0,0;-46,46546527;26,5067261;60,25570037;0,0;0,0;-0,0;60,52796527;-26,5067261;140,3569819;0,0;0,0;0,0;46,46546527;26,5067261;60,25570037;0,0;0,0;0,0;60,52796527;26,5067261;140,3569819;0,0
300158;Q;beam_y;60x80;0,0;0,0;-3,10407234;-68,59939214;2,05456862;-0,0;-0,0;0,0;45,00002993;-33,98260595;-2,05456862;-0,0;0,0;-0,0;-3,10407234;2,05456862;68,59939214;-0,0;0,0;0,0;45,00002993;-2,05456862;33,98260595;-0,0;0,0;0,0;3,10407234;2,05456862;68,59939214;0,0;0,0;0,0;45,00002993;2,05456862;33,98260595;0,0
300159;Q;beam_y;60x80;0,0;0,0;-38,87789024;-57,06604831;-2,57889583;-0,0;-0,0;0,0;64,99220392;-97,96006723;2,57889583;-0,0;0,0;-0,0;-38,87789024;-2,57889583;57,06604831;-0,0;0,0;0,0;64,99220392;2,57889583;97,96006723;-0,0;0,0;0,0;38,87789024;2,57889583;57,06604831;0,0;0,0;0,0;64,99220392;2,57889583;97,96006723;0,0
300160;Q;beam_y;60x80;0,0;0,0;-0,46979567;-65,42438449;-11,62511594;-0,0;-0,0;0,0;44,22797685;-29,89361541;11,62511594;-0,0;0,0;-0,0;-0,46979567;-11,62511594;65,42438449;-0,0;0,0;0,0;44,22797685;11,62511594;29,89361541;-0,0;0,0;0,0;0,46979567;11,62511594;65,42438449;0,0;0,0;0,0;44,22797685;11,62511594;29,89361541;0,0
300161;Q;beam_y;60x80;0,0;0,0;-15,82740261;-22,81935161;-4,07861185;-0,0;-0,0;0,0;43,4737418;-65,68760641;4,07861185;-0,0;0,0;-0,0;-15,82740261;-4,07861185;22,81935161;-0,0;0,0;0,0;43,4737418;4,07861185;65,68760641;-0,0;0,0;0,0;15,82740261;4,07861185;22,81935161;0,0;0,0;0,0;43,4737418;4,07861185;65,68760641;0,0
300162;Q;beam_y;60x80;0,0;0,0;-3,56351162;-68,64811294;2,31538459;-0,0;-0,0;0,0;45,4594692;-35,89339366;-2,31538459;-0,0;0,0;-0,0;-3,56351162;2,31538459;68,64811294;-0,0;0,0;0,0;45,4594692;-2,31538459;35,89339366;-0,0;0,0;0,0;3,56351162;2,31538459;68,64811294;0,0;0,0;0,0;45,4594692;2,31538459;35,89339366;0,0
300163;Q;beam_y;60x80;-0,0;0,0;-33,70976131;-56,9537946;-7,2908852;0,0;0,0;0,0;59,82407498;-82,64545606;7,2908852;0,0;0,0;0,0;-33,70976131;-7,2908852;56,9537946;0,0;0,0;-0,0;59,82407498;7,2908852;82,64545606;0,0;0,0;0,0;33,70976131;7,2908852;56,9537946;0,0;0,0;0,0;59,82407498;7,2908852;82,64545606;0,0
300164;Q;beam_y;60x80;0,0;0,0;-1,17773565;-66,00064099;-11,41800069;-0,0;-0,0;0,0;44,93591683;-32,33672295;11,41800069;-0,0;0,0;-0,0;-1,17773565;-11,41800069;66,00064099;-0,0;0,0;0,0;44,93591683;11,41800069;32,33672295;-0,0;0,0;0,0;1,17773565;11,41800069;66,00064099;0,0;0,0;0,0;44,93591683;11,41800069;32,33672295;0,0
300165;Q;beam_y;60x80;-0,0;0,0;-14,82927207;-26,28104043;-3,27272108;0,0;0,0;0,0;42,47561126;-59,24649793;3,27272108;0,0;0,0;0,0;-14,82927207;-3,27272108;26,28104043;0,0;0,0;-0,0;42,47561126;3,27272108;59,24649793;0,0;0,0;0,0;14,82927207;3,27272108;26,28104043;0,0;0,0;0,0;42,47561126;3,27272108;59,24649793;0,0
300166;Q;beam_y;60x80;0,0;0,0;-4,09149812;-69,16532187;2,00233067;-0,0;-0,0;0,0;45,98745571;-37,62804717;-2,00233067;-0,0;0,0;-0,0;-4,09149812;2,00233067;69,16532187;-0,0;0,0;0,0;45,98745571;-2,00233067;37,62804717;-0,0;0,0;0,0;4,09149812;2,00233067;69,16532187;0,0;0,0;0,0;45,98745571;2,00233067;37,62804717;0,0
300167;Q;beam_y;60x80;0,0;0,0;-31,19863959;-56,94524776;-8,37156729;-0,0;-0,0;0,0;57,31295326;-75,15830455;8,37156729;-0,0;0,0;-0,0;-31,19863959;-8,37156729;56,94524776;-0,0;0,0;0,0;57,31295326;8,37156729;75,15830455;-0,0;0,0;0,0;31,19863959;8,37156729;56,94524776;0,0;0,0;0,0;57,31295326;8,37156729;75,15830455;0,0
300168;Q;beam_y;60x80;0,0;0,0;-1,66358901;-67,06528553;-11,34486022;-0,0;-0,0;0,0;45,42177019;-33,34424296;11,34486022;-0,0;0,0;-0,0;-1,66358901;-11,34486022;67,06528553;-0,0;0,0;0,0;45,42177019;11,34486022;33,34424296;-0,0;0,0;0,0;1,66358901;11,34486022;67,06528553;0,0;0,0;0,0;45,42177019;11,34486022;33,34424296;0,0
300169;Q;beam_y;60x80;0,0;0,0;-14,22707027;-28,35213475;-3,2715759;-0,0;-0,0;0,0;41,87340946;-55,37783126;3,2715759;-0,0;0,0;-0,0;-14,22707027;-3,2715759;28,35213475;-0,0;0,0;0,0;41,87340946;3,2715759;55,37783126;-0,0;0,0;0,0;14,22707027;3,2715759;28,35213475;0,0;0,0;0,0;41,87340946;3,2715759;55,37783126;0,0
300170;Q;beam_y;60x80;0,0;0,0;-4,01275229;-68,4490273;1,99161361;0,0;0,0;0,0;45,90870987;-38,00849075;-1,99161361;0,0;0,0;0,0;-4,01275229;1,99161361;68,4490273;0,0;0,0;0,0;45,90870987;-1,99161361;38,00849075;0,0;0,0;0,0;4,01275229;1,99161361;68,4490273;0,0;0,0;0,0;45,90870987;1,99161361;38,00849075;0,0
300171;Q;beam_y;60x80;0,0;0,0;-28,77123537;-56,50332704;-10,89661868;-0,0;-0,0;0,0;54,88554904;-68,3544237;10,89661868;-0,0;0,0;-0,0;-28,77123537;-10,89661868;56,50332704;-0,0;0,0;0,0;54,88554904;10,89661868;68,3544237;-0,0;0,0;0,0;28,77123537;10,89661868;56,50332704;0,0;0,0;0,0;54,88554904;10,89661868;68,3544237;0,0
300172;Q;beam_y;60x80;0,0;0,0;-2,29067012;-67,38040319;-11,37247788;0,0;0,0;0,0;46,0488513;-35,70362623;11,37247788;0,0;0,0;0,0;-2,29067012;-11,37247788;67,38040319;0,0;0,0;0,0;46,0488513;11,37247788;35,70362623;0,0;0,0;0,0;2,29067012;11,37247788;67,38040319;0,0;0,0;0,0;46,0488513;11,37247788;35,70362623;0,0
300173;Q;beam_y;60x80;0,0;0,0;-13,75482931;-30,013579;-2,56042394;-0,0;-0,0;0,0;41,4011685;-52,30674773;2,56042394;-0,0;0,0;-0,0;-13,75482931;-2,56042394;30,013579;-0,0;0,0;0,0;41,4011685;2,56042394;52,30674773;-0,0;0,0;0,0;13,75482931;2,56042394;30,013579;0,0;0,0;0,0;41,4011685;2,56042394;52,30674773;0,0
300174;Q;beam_y;60x80;0,0;0,0;3,56167899;-58,77336262;1,80474846;-0,0;-0,0;0,0;38,33427859;-15,37920602;-1,80474846;-0,0;0,0;-0,0;3,56167899;1,80474846;58,77336262;-0,0;0,0;0,0;38,33427859;-1,80474846;15,37920602;-0,0;0,0;0,0;3,56167899;1,80474846;58,77336262;0,0;0,0;0,0;38,33427859;1,80474846;15,37920602;0,0
300175;Q;beam_y;60x80;0,0;0,0;-36,80527799;-52,34714113;-2,09257814;-0,0;-0,0;0,0;62,91959167;-96,49222683;2,09257814;-0,0;0,0;-0,0;-36,80527799;-2,09257814;52,34714113;-0,0;0,0;0,0;62,91959167;2,09257814;96,49222683;-0,0;0,0;0,0;36,80527799;2,09257814;52,34714113;0,0;0,0;0,0;62,91959167;2,09257814;96,49222683;0,0
300176;Q;beam_y;60x80;0,0;0,0;-0,84556296;-71,24122845;-20,8666389;-0,0;-0,0;0,0;44,60374414;-25,67941892;20,8666389;-0,0;0,0;-0,0;-0,84556296;-20,8666389;71,24122845;-0,0;0,0;0,0;44,60374414;20,8666389;25,67941892;-0,0;0,0;0,0;0,84556296;20,8666389;71,24122845;0,0;0,0;0,0;44,60374414;20,8666389;25,67941892;0,0
300177;Q;beam_y;60x80;0,0;0,0;-15,94166549;-24,57703687;-1,04120237;-0,0;-0,0;0,0;43,58800468;-64,27099586;1,04120237;-0,0;0,0;-0,0;-15,94166549;-1,04120237;24,57703687;-0,0;0,0;0,0;43,58800468;1,04120237;64,27099586;-0,0;0,0;0,0;15,94166549;1,04120237;24,57703687;0,0;0,0;0,0;43,58800468;1,04120237;64,27099586;0,0
