seccion;P_kN;paso;phi_1_m;M_kNm
columna_70x70;0,0;1;5,999999999999999e-06;4,858462761137972
columna_70x70;0,0;2;1,1999999999999999e-05;9,71527579188561
columna_70x70;0,0;3;1,8e-05;14,570438055254522
columna_70x70;0,0;4;2,3999999999999997e-05;19,423948513033558
columna_70x70;0,0;5;3e-05;24,27580612578644
columna_70x70;0,0;6;3,6e-05;29,126009852849982
columna_70x70;0,0;7;4,2000000000000004e-05;33,97455865233168
columna_70x70;0,0;8;4,8e-05;38,82145148110765
columna_70x70;0,0;9;5,400000000000001e-05;43,66668729482074
columna_70x70;0,0;10;6,000000000000001e-05;48,5102650478779
columna_70x70;0,0;11;6,6e-05;53,35218369344857
columna_70x70;0,0;12;7,200000000000002e-05;58,19244218346221
columna_70x70;0,0;13;7,800000000000001e-05;63,03103946860603
columna_70x70;0,0;14;8,400000000000001e-05;67,86797449832329
columna_70x70;0,0;15;9e-05;72,70324622081071
columna_70x70;0,0;16;9,599999999999999e-05;77,53685358301668
columna_70x70;0,0;17;0,00010199999999999999;82,36879553063851
columna_70x70;0,0;18;0,00010799999999999998;87,19907100812068
columna_70x70;0,0;19;0,00011399999999999997;92,02767895865294
columna_70x70;0,0;20;0,00011999999999999996;96,85461832416742
columna_70x70;0,0;21;0,00012599999999999997;101,67988804533694
columna_70x70;0,0;22;0,00013199999999999996;106,50348706157246
columna_70x70;0,0;23;0,00013799999999999994;111,32541431102138
columna_70x70;0,0;24;0,00014399999999999995;116,14566873056464
columna_70x70;0,0;25;0,00014999999999999993;120,96424925581532
columna_70x70;0,0;26;0,00015599999999999992;125,78115482111565
columna_70x70;0,0;27;0,00016199999999999995;130,59638435953536
columna_70x70;0,0;28;0,00016799999999999996;135,40993680286874
columna_70x70;0,0;29;0,00017399999999999995;140,2218110816339
columna_70x70;0,0;30;0,00017999999999999998;145,03200612506825
columna_70x70;0,0;31;0,000186;149,8405208611284
columna_70x70;0,0;32;0,00019199999999999998;154,64735421648714
columna_70x70;0,0;33;0,00019800000000000002;159,45250511653012
columna_70x70;0,0;34;0,00020400000000000003;164,25597248535576
columna_70x70;0,0;35;0,00021;169,0577552457703
columna_70x70;0,0;36;0,00021600000000000005;173,85785231928895
columna_70x70;0,0;37;0,00022200000000000006;178,65626262612986
columna_70x70;0,0;38;0,00022800000000000004;183,45298508521466
columna_70x70;0,0;39;0,00023400000000000008;188,24801861416498
columna_70x70;0,0;40;0,0002400000000000001;193,04136212930007
columna_70x70;0,0;41;0,00024600000000000007;197,8330145456354
columna_70x70;0,0;42;0,0002520000000000001;202,2547952881263
columna_70x70;0,0;43;0,0002580000000000001;206,5079941029922
columna_70x70;0,0;44;0,00026400000000000013;210,75975524480313
columna_70x70;0,0;45;0,0002700000000000001;215,010077825227
columna_70x70;0,0;46;0,00027600000000000015;218,82005696022165
columna_70x70;0,0;47;0,00028200000000000013;222,57933800257888
columna_70x70;0,0;48;0,00028800000000000017;226,33740409723282
columna_70x70;0,0;49;0,00029400000000000015;230,09425452266595
columna_70x70;0,0;50;0,00030000000000000014;233,60436150585568
columna_70x70;0,0;51;0,0003060000000000002;236,91539577110063
columna_70x70;0,0;52;0,0003120000000000002;240,22541055769662
columna_70x70;0,0;53;0,00031800000000000025;243,53440528472262
columna_70x70;0,0;54;0,0003240000000000002;246,8423793706376
columna_70x70;0,0;55;0,0003300000000000002;249,93453586524078
columna_70x70;0,0;56;0,00033600000000000025;252,83993061110522
columna_70x70;0,0;57;0,00034200000000000024;255,7444758981814
columna_70x70;0,0;58;0,0003480000000000003;258,64817126254337
columna_70x70;0,0;59;0,0003540000000000003;261,55101623979084
columna_70x70;0,0;60;0,00036000000000000024;264,4530103650489
columna_70x70;0,0;61;0,0003660000000000003;267,1032831983974
columna_70x70;0,0;62;0,0003720000000000003;269,64390608169714
columna_70x70;0,0;63;0,0003780000000000003;272,1838265857983
columna_70x70;0,0;64;0,00038400000000000033;274,7230443435081
columna_70x70;0,0;65;0,00039000000000000037;277,2615589872729
columna_70x70;0,0;66;0,0003960000000000003;279,79937010450743
columna_70x70;0,0;67;0,00040200000000000034;282,3364774163135
columna_70x70;0,0;68;0,0004080000000000004;284,6021579878007
columna_70x70;0,0;69;0,00041400000000000036;286,8170350142528
columna_70x70;0,0;70;0,0004200000000000004;289,0313360887939
columna_70x70;0,0;71;0,0004260000000000004;291,2450609233392
columna_70x70;0,0;72;0,00043200000000000036;293,4582092298113
columna_70x70;0,0;73;0,0004380000000000004;295,6707807198623
columna_70x70;0,0;74;0,00044400000000000044;297,8827751048737
columna_70x70;0,0;75;0,0004500000000000005;300,0941920959579
columna_70x70;0,0;76;0,00045600000000000046;302,1006298199118
columna_70x70;0,0;77;0,00046200000000000044;304,0268751582496
columna_70x70;0,0;78;0,0004680000000000005;305,95265246972644
columna_70x70;0,0;79;0,00047400000000000046;307,87796153080814
columna_70x70;0,0;80;0,0004800000000000005;309,8028021180198
columna_70x70;0,0;81;0,00048600000000000054;311,727174007689
columna_70x70;0,0;82;0,0004920000000000005;313,65107697594203
columna_70x70;0,0;83;0,0004980000000000005;315,57451079870515
columna_70x70;0,0;84;0,0005040000000000005;317,4974752517036
columna_70x70;0,0;85;0,0005100000000000005;319,41997011046135
columna_70x70;0,0;86;0,0005160000000000005;321,0972584174912
columna_70x70;0,0;87;0,0005220000000000005;322,769623475679
columna_70x70;0,0;88;0,0005280000000000006;324,44161173472304
columna_70x70;0,0;89;0,0005340000000000006;326,1132230230121
columna_70x70;0,0;90;0,0005400000000000007;327,78445716903354
columna_70x70;0,0;91;0,0005460000000000006;329,4553140011288
columna_70x70;0,0;92;0,0005520000000000006;331,12579334749114
columna_70x70;0,0;93;0,0005580000000000007;332,7958950361699
columna_70x70;0,0;94;0,0005640000000000006;334,46561889506563
columna_70x70;0,0;95;0,0005700000000000006;336,1349647519337
columna_70x70;0,0;96;0,0005760000000000007;337,8039324343805
columna_70x70;0,0;97;0,0005820000000000006;339,43798204008834
columna_70x70;0,0;98;0,0005880000000000006;340,8897276519051
columna_70x70;0,0;99;0,0005940000000000007;342,34117309342184
columna_70x70;0,0;100;0,0006000000000000007;343,792318234391
columna_70x70;0,0;101;0,0006060000000000007;345,2431609071463
columna_70x70;0,0;102;0,0006120000000000007;346,6937050571614
columna_70x70;0,0;103;0,0006180000000000006;348,1439485159017
columna_70x70;0,0;104;0,0006240000000000006;349,5938911529146
columna_70x70;0,0;105;0,0006300000000000007;351,0435328376416
columna_70x70;0,0;106;0,0006360000000000007;352,4928734394169
columna_70x70;0,0;107;0,0006420000000000008;353,9419128274681
columna_70x70;0,0;108;0,0006480000000000007;355,39065087091484
columna_70x70;0,0;109;0,0006540000000000007;356,8390874387733
columna_70x70;0,0;110;0,0006600000000000008;358,2872223999501
columna_70x70;0,0;111;0,0006660000000000008;359,7350556232459
columna_70x70;0,0;112;0,0006720000000000008;361,07290115903464
columna_70x70;0,0;113;0,0006780000000000009;362,33446388698036
columna_70x70;0,0;114;0,0006840000000000007;363,595789889469
columna_70x70;0,0;115;0,0006900000000000007;364,8568790687494
columna_70x70;0,0;116;0,0006960000000000008;366,1177313271793
columna_70x70;0,0;117;0,0007020000000000008;367,3783465670446
columna_70x70;0,0;118;0,0007080000000000008;368,6387246905546
columna_70x70;0,0;119;0,0007140000000000009;369,89886559984336
columna_70x70;0,0;120;0,0007200000000000008;371,158769196969
columna_70x70;0,0;121;0,0007260000000000008;372,4184353839141
columna_70x70;0,0;122;0,0007320000000000009;373,6778640625869
columna_70x70;0,0;123;0,0007380000000000009;374,9370551348177
columna_70x70;0,0;124;0,000744000000000001;376,1960085023632
columna_70x70;0,0;125;0,000750000000000001;377,4547240669017
columna_70x70;0,0;126;0,0007560000000000008;378,71320173003807
columna_70x70;0,0;127;0,0007620000000000008;379,9714413932984
columna_70x70;0,0;128;0,0007680000000000009;381,2294429581346
columna_70x70;0,0;129;0,0007740000000000009;382,4872063259214
columna_70x70;0,0;130;0,000780000000000001;383,69487553904486
columna_70x70;0,0;131;0,000786000000000001;384,79522821168155
columna_70x70;0,0;132;0,0007920000000000009;385,8953962598835
columna_70x70;0,0;133;0,000798000000000001;386,9953796110183
columna_70x70;0,0;134;0,000804000000000001;388,09517819256104
columna_70x70;0,0;135;0,000810000000000001;389,1947919319352
columna_70x70;0,0;136;0,0008160000000000011;390,2942207565106
columna_70x70;0,0;137;0,0008220000000000011;391,39346459360223
columna_70x70;0,0;138;0,0008280000000000009;392,49252337047307
columna_70x70;0,0;139;0,000834000000000001;393,5913970143323
columna_70x70;0,0;140;0,000840000000000001;394,69008545233413
columna_70x70;0,0;141;0,000846000000000001;395,7885886115787
columna_70x70;0,0;142;0,0008520000000000011;396,88690641911643
columna_70x70;0,0;143;0,0008580000000000011;397,985038801938
columna_70x70;0,0;144;0,000864000000000001;399,0829856869841
columna_70x70;0,0;145;0,0008700000000000011;400,18074700114073
columna_70x70;0,0;146;0,0008760000000000011;401,2783226712393
columna_70x70;0,0;147;0,0008820000000000012;402,3757126240563
columna_70x70;0,0;148;0,0008880000000000012;403,47290466353155
columna_70x70;0,0;149;0,0008940000000000011;404,56992296519377
columna_70x70;0,0;150;0,0009000000000000011;405,66675532956316
columna_70x70;0,0;151;0,0009060000000000011;406,7634016832211
columna_70x70;0,0;152;0,0009120000000000011;407,8598619526729
columna_70x70;0,0;153;0,0009180000000000012;408,9561360643698
columna_70x70;0,0;154;0,0009240000000000012;409,9342556672857
columna_70x70;0,0;155;0,0009300000000000012;410,8999566060603
columna_70x70;0,0;156;0,0009360000000000012;411,86551510625173
columna_70x70;0,0;157;0,0009420000000000012;412,8309311143896
columna_70x70;0,0;158;0,0009480000000000013;413,79620457710314
columna_70x70;0,0;159;0,0009540000000000013;414,76133544098496
columna_70x70;0,0;160;0,0009600000000000012;415,72632365258943
columna_70x70;0,0;161;0,0009660000000000013;416,69116915843387
columna_70x70;0,0;162;0,0009720000000000012;417,6558719049975
columna_70x70;0,0;163;0,0009780000000000012;418,6204318387242
columna_70x70;0,0;164;0,0009840000000000014;419,5848489060179
columna_70x70;0,0;165;0,0009900000000000013;420,54912305324603
columna_70x70;0,0;166;0,0009960000000000012;421,51325422673966
columna_70x70;0,0;167;0,0010020000000000014;422,4772423727896
columna_70x70;0,0;168;0,0010080000000000013;423,4410874376518
columna_70x70;0,0;169;0,0010140000000000012;424,4047893675424
columna_70x70;0,0;170;0,0010200000000000014;425,3683481086407
columna_70x70;0,0;171;0,0010260000000000013;426,33176360708916
columna_70x70;0,0;172;0,0010320000000000014;427,29503580899035
columna_70x70;0,0;173;0,0010380000000000014;428,25816466041016
columna_70x70;0,0;174;0,0010440000000000015;429,2211501073769
columna_70x70;0,0;175;0,0010500000000000015;430,1839920958806
columna_70x70;0,0;176;0,0010560000000000014;431,14669057187365
columna_70x70;0,0;177;0,0010620000000000013;432,109245481269
columna_70x70;0,0;178;0,0010680000000000015;433,0716567699438
columna_70x70;0,0;179;0,0010740000000000014;434,033924383736
columna_70x70;0,0;180;0,0010800000000000015;434,9960482684453
columna_70x70;0,0;181;0,0010860000000000015;435,95802836983245
columna_70x70;0,0;182;0,0010920000000000014;436,9198646336223
columna_70x70;0,0;183;0,0010980000000000015;437,8815570054994
columna_70x70;0,0;184;0,0011040000000000015;438,8302766165086
columna_70x70;0,0;185;0,0011100000000000016;439,6861102684423
columna_70x70;0,0;186;0,0011160000000000015;440,54183517340323
columna_70x70;0,0;187;0,0011220000000000015;441,3974512924429
columna_70x70;0,0;188;0,0011280000000000014;442,25295858670376
columna_70x70;0,0;189;0,0011340000000000015;443,1083570173022
columna_70x70;0,0;190;0,0011400000000000015;443,9636465453271
columna_70x70;0,0;191;0,0011460000000000016;444,81882713184194
columna_70x70;0,0;192;0,0011520000000000015;445,6738987378852
columna_70x70;0,0;193;0,0011580000000000015;446,52886132446946
columna_70x70;0,0;194;0,0011640000000000016;447,3837148525778
columna_70x70;0,0;195;0,0011700000000000016;448,23845928317036
columna_70x70;0,0;196;0,0011760000000000017;449,09309457718007
columna_70x70;0,0;197;0,0011820000000000016;449,9476206955147
columna_70x70;0,0;198;0,0011880000000000018;450,8020375990541
columna_70x70;0,0;199;0,0011940000000000015;451,6563452486516
columna_70x70;0,0;200;0,0012000000000000016;452,51054360513655
columna_70x70;0,0;201;0,0012060000000000016;453,36463262930994
columna_70x70;0,0;202;0,0012120000000000017;454,21861228194774
columna_70x70;0,0;203;0,0012180000000000016;455,07248252379725
columna_70x70;0,0;204;0,0012240000000000016;455,92624331558244
columna_70x70;0,0;205;0,0012300000000000013;456,77989461799893
columna_70x70;0,0;206;0,0012360000000000012;457,633436391717
columna_70x70;0,0;207;0,0012420000000000011;458,48686859737916
columna_70x70;0,0;208;0,001248000000000001;459,3401911956015
columna_70x70;0,0;209;0,001254000000000001;460,1934041469751
columna_70x70;0,0;210;0,001260000000000001;461,04650741206285
columna_70x70;0,0;211;0,0012660000000000006;461,8995009514019
columna_70x70;0,0;212;0,0012720000000000006;462,75238472550257
columna_70x70;0,0;213;0,0012780000000000005;463,60515869484794
columna_70x70;0,0;214;0,0012840000000000004;464,4578228198957
columna_70x70;0,0;215;0,0012900000000000003;465,31037706107674
columna_70x70;0,0;216;0,0012959999999999998;466,1627766580874
columna_70x70;0,0;217;0,0013019999999999998;467,01511102306205
columna_70x70;0,0;218;0,0013079999999999997;467,8673353852143
columna_70x70;0,0;219;0,0013139999999999996;468,71944970495707
columna_70x70;0,0;220;0,0013199999999999996;469,57145394258714
columna_70x70;0,0;221;0,0013259999999999995;470,42334805837373
columna_70x70;0,0;222;0,0013319999999999992;471,2751320125599
columna_70x70;0,0;223;0,0013379999999999991;472,12680576536127
columna_70x70;0,0;224;0,001343999999999999;472,9783692769665
columna_70x70;0,0;225;0,001349999999999999;473,82982250753884
columna_70x70;0,0;226;0,001355999999999999;474,6558084474677
columna_70x70;0,0;227;0,0013619999999999988;475,4240815339039
columna_70x70;0,0;228;0,0013679999999999986;476,1922722905552
columna_70x70;0,0;229;0,0013739999999999985;476,96038068907455
columna_70x70;0,0;230;0,0013799999999999982;477,7284067011895
columna_70x70;0,0;231;0,0013859999999999981;478,49635029860997
columna_70x70;0,0;232;0,001391999999999998;479,26421145302476
columna_70x70;0,0;233;0,0013979999999999978;480,03199013610816
columna_70x70;0,0;234;0,0014039999999999977;480,7996863195151
columna_70x70;0,0;235;0,0014099999999999976;481,56729997488065
columna_70x70;0,0;236;0,0014159999999999976;482,33483107382347
columna_70x70;0,0;237;0,0014219999999999975;483,1022795879434
columna_70x70;0,0;238;0,0014279999999999974;483,8696454888212
columna_70x70;0,0;239;0,0014339999999999971;484,63692874802086
columna_70x70;0,0;240;0,001439999999999997;485,40412933708797
columna_70x70;0,0;241;0,001445999999999997;486,17124722754716
columna_70x70;0,0;242;0,001451999999999997;486,9382823909079
columna_70x70;0,0;243;0,0014579999999999968;487,7052347986602
columna_70x70;0,0;244;0,0014639999999999963;488,4721044222744
columna_70x70;0,0;245;0,0014699999999999963;489,2388912332054
columna_70x70;0,0;246;0,0014759999999999962;490,0055952028855
columna_70x70;0,0;247;0,0014819999999999961;490,7722163027327
columna_70x70;0,0;248;0,001487999999999996;491,53875450414336
columna_70x70;0,0;249;0,001493999999999996;492,30520977849875
columna_70x70;0,0;250;0,0014999999999999957;493,0715820971573
columna_70x70;0,0;251;0,0015059999999999956;493,8378714314635
columna_70x70;0,0;252;0,0015119999999999956;494,60407775273933
columna_70x70;0,0;253;0,0015179999999999955;495,37020103228963
columna_70x70;0,0;254;0,0015239999999999954;496,13624124140364
columna_70x70;0,0;255;0,0015299999999999953;496,90219835134747
columna_70x70;0,0;256;0,001535999999999995;497,66807233337096
columna_70x70;0,0;257;0,001541999999999995;498,4338631587048
columna_70x70;0,0;258;0,001547999999999995;499,1995707985602
columna_70x70;0,0;259;0,0015539999999999946;499,96519522413325
columna_70x70;0,0;260;0,0015599999999999946;500,73073640659624
columna_70x70;0,0;261;0,0015659999999999943;501,49619431710767
columna_70x70;0,0;262;0,0015719999999999942;502,26156892680353
columna_70x70;0,0;263;0,0015779999999999941;503,0268602068023
columna_70x70;0,0;264;0,001583999999999994;503,7920681282052
columna_70x70;0,0;265;0,001589999999999994;504,5571926620932
columna_70x70;0,0;266;0,001595999999999994;505,3222337795282
columna_70x70;0,0;267;0,0016019999999999936;506,0871914515546
columna_70x70;0,0;268;0,0016079999999999935;506,85206564919696
columna_70x70;0,0;269;0,0016139999999999935;507,61685634346054
columna_70x70;0,0;270;0,0016199999999999934;508,38156350533404
columna_70x70;0,0;271;0,0016259999999999933;509,14618710578515
columna_70x70;0,0;272;0,0016319999999999933;509,9107271157629
columna_70x70;0,0;273;0,0016379999999999928;510,6751835061987
columna_70x70;0,0;274;0,0016439999999999927;511,4395562480036
columna_70x70;0,0;275;0,0016499999999999926;512,2038453120706
columna_70x70;0,0;276;0,0016559999999999925;512,9680506692732
columna_70x70;0,0;277;0,0016619999999999925;513,7321722904662
columna_70x70;0,0;278;0,0016679999999999922;514,4962101464847
columna_70x70;0,0;279;0,0016739999999999921;515,2601642081472
columna_70x70;0,0;280;0,001679999999999992;516,0240344462497
columna_70x70;0,0;281;0,001685999999999992;516,7878208315723
columna_70x70;0,0;282;0,001691999999999992;517,5515233348725
columna_70x70;0,0;283;0,0016979999999999918;518,3151419268934
columna_70x70;0,0;284;0,0017039999999999915;519,0786765783549
columna_70x70;0,0;285;0,0017099999999999915;519,8421272599592
columna_70x70;0,0;286;0,0017159999999999914;520,5433376798071
columna_70x70;0,0;287;0,0017219999999999911;521,2441767031775
columna_70x70;0,0;288;0,0017279999999999908;521,9449536342328
columna_70x70;0,0;289;0,0017339999999999908;522,6456684522761
columna_70x70;0,0;290;0,0017399999999999907;523,346321136674
columna_70x70;0,0;291;0,0017459999999999906;524,0469116667789
columna_70x70;0,0;292;0,0017519999999999905;524,7474400219297
columna_70x70;0,0;293;0,0017579999999999905;525,4479061814544
columna_70x70;0,0;294;0,0017639999999999904;526,1483101246669
columna_70x70;0,0;295;0,0017699999999999901;526,848651830868
columna_70x70;0,0;296;0,00177599999999999;527,5489312793476
columna_70x70;0,0;297;0,00178199999999999;528,2491484493793
columna_70x70;0,0;298;0,00178799999999999;528,9493033202282
columna_70x70;0,0;299;0,0017939999999999898;529,6493958711425
columna_70x70;0,0;300;0,0017999999999999898;530,3494260813592
columna_70x70;0,0;301;0,0018059999999999893;531,0493939301015
columna_70x70;0,0;302;0,0018119999999999892;531,7492993965825
columna_70x70;0,0;303;0,0018179999999999891;532,449142459999
columna_70x70;0,0;304;0,001823999999999989;533,1489230995363
columna_70x70;0,0;305;0,0018299999999999888;533,8486412943665
columna_70x70;0,0;306;0,0018359999999999887;534,548297023649
columna_70x70;0,0;307;0,0018419999999999886;535,2478902665296
columna_70x70;0,0;308;0,0018479999999999885;535,9474210021423
columna_70x70;0,0;309;0,0018539999999999885;536,646889209607
columna_70x70;0,0;310;0,0018599999999999884;537,34629486803
columna_70x70;0,0;311;0,0018659999999999883;538,0456379565068
columna_70x70;0,0;312;0,001871999999999988;538,7449184541169
columna_70x70;0,0;313;0,001877999999999988;539,4441363399302
columna_70x70;0,0;314;0,001883999999999988;540,143291593
columna_70x70;0,0;315;0,0018899999999999878;540,8423841923687
columna_70x70;0,0;316;0,0018959999999999873;541,5414141170654
columna_70x70;0,0;317;0,0019019999999999873;542,2403813461057
columna_70x70;0,0;318;0,0019079999999999872;542,9392858584908
columna_70x70;0,0;319;0,0019139999999999871;543,6381276332121
columna_70x70;0,0;320;0,001919999999999987;544,3369066492451
columna_70x70;0,0;321;0,001925999999999987;545,0356228855518
columna_70x70;0,0;322;0,0019319999999999867;545,7342763210829
columna_70x70;0,0;323;0,0019379999999999866;546,4328669347758
columna_70x70;0,0;324;0,0019439999999999865;547,131394705553
columna_70x70;0,0;325;0,0019499999999999865;547,8298596123267
columna_70x70;0,0;326;0,0019559999999999864;548,5282616339907
columna_70x70;0,0;327;0,0019619999999999863;549,2266007494326
columna_70x70;0,0;328;0,0019679999999999863;549,924744872117
columna_70x70;0,0;329;0,001973999999999986;550,6229581385202
columna_70x70;0,0;330;0,0019799999999999857;551,3211084353578
columna_70x70;0,0;331;0,0019859999999999856;552,0191957413839
columna_70x70;0,0;332;0,0019919999999999855;552,7172200354179
columna_70x70;0,0;333;0,0019979999999999855;553,4151812962623
columna_70x70;0,0;334;0,0020039999999999854;554,1130795027093
columna_70x70;0,0;335;0,0020099999999999853;554,8109146335352
columna_70x70;0,0;336;0,002015999999999985;555,5086866675057
columna_70x70;0,0;337;0,0020219999999999847;556,2063955833711
columna_70x70;0,0;338;0,0020279999999999847;556,9040413598682
columna_70x70;0,0;339;0,0020339999999999846;557,6016239757224
columna_70x70;0,0;340;0,0020399999999999845;558,2991434096449
columna_70x70;0,0;341;0,0020459999999999845;558,9965996403309
columna_70x70;0,0;342;0,0020519999999999844;559,6939926464673
columna_70x70;0,0;343;0,0020579999999999843;560,3913224067223
columna_70x70;0,0;344;0,002063999999999984;561,0885888997544
columna_70x70;0,0;345;0,0020699999999999837;561,7857921042067
columna_70x70;0,0;346;0,0020759999999999837;562,4829319987097
columna_70x70;0,0;347;0,0020819999999999836;563,1800085618803
columna_70x70;0,0;348;0,0020879999999999835;563,8770217723212
columna_70x70;0,0;349;0,0020939999999999835;564,5739716086225
columna_70x70;0,0;350;0,0020999999999999834;565,2708580493603
columna_70x70;0,0;351;0,0021059999999999833;565,9676810730979
columna_70x70;0,0;352;0,0021119999999999832;566,6644406583853
columna_70x70;0,0;353;0,0021179999999999827;567,3611367837547
columna_70x70;0,0;354;0,0021239999999999827;568,0577694277331
columna_70x70;0,0;355;0,0021299999999999826;568,7543385688248
columna_70x70;0,0;356;0,0021359999999999825;569,4508441855266
columna_70x70;0,0;357;0,0021419999999999825;570,1472862563211
columna_70x70;0,0;358;0,002147999999999982;570,8436647596739
columna_70x70;0,0;359;0,002153999999999982;571,5399796740395
columna_70x70;0,0;360;0,002159999999999982;572,236230977859
columna_70x70;0,0;361;0,0021659999999999817;572,9324186495595
columna_70x70;0,0;362;0,0021719999999999817;573,628542667554
columna_70x70;0,0;363;0,0021779999999999816;574,3246030102416
columna_70x70;0,0;364;0,0021839999999999815;575,0205996560086
columna_70x70;0,0;365;0,0021899999999999815;575,7165325832267
columna_70x70;0,0;366;0,0021959999999999814;576,4124017702542
columna_70x70;0,0;367;0,0022019999999999813;577,108207195437
columna_70x70;0,0;368;0,0022079999999999812;577,8039488371045
columna_70x70;0,0;369;0,002213999999999981;578,4996266735749
columna_70x70;0,0;370;0,0022199999999999807;579,1952406831517
columna_70x70;0,0;371;0,0022259999999999806;579,8907908441242
columna_70x70;0,0;372;0,0022319999999999805;580,5862771347685
columna_70x70;0,0;373;0,0022379999999999805;581,2816995333459
columna_70x70;0,0;374;0,0022439999999999804;581,9770580181068
columna_70x70;0,0;375;0,00224999999999998;582,6457925080541
columna_70x70;0,0;376;0,00225599999999998;583,2969723530765
columna_70x70;0,0;377;0,0022619999999999797;583,9481051316227
columna_70x70;0,0;378;0,0022679999999999797;584,5991908281552
columna_70x70;0,0;379;0,0022739999999999796;585,2502294271881
columna_70x70;0,0;380;0,0022799999999999795;585,9012209132248
columna_70x70;0,0;381;0,0022859999999999795;586,5521652707614
columna_70x70;0,0;382;0,0022919999999999794;587,2030624842799
columna_70x70;0,0;383;0,0022979999999999793;587,8539125382591
columna_70x70;0,0;384;0,0023039999999999792;588,5047154171626
columna_70x70;0,0;385;0,002309999999999979;589,155471105448
columna_70x70;0,0;386;0,002315999999999979;589,8061795875609
columna_70x70;0,0;387;0,0023219999999999786;590,4568408479383
columna_70x70;0,0;388;0,0023279999999999785;591,1074548710089
columna_70x70;0,0;389;0,0023339999999999785;591,7580216411884
columna_70x70;0,0;390;0,0023399999999999784;592,4085411428869
columna_70x70;0,0;391;0,0023459999999999783;593,0590133605003
columna_70x70;0,0;392;0,002351999999999978;593,7094382784201
columna_70x70;0,0;393;0,0023579999999999777;594,3598158810233
columna_70x70;0,0;394;0,0023639999999999777;595,0987222558421
columna_70x70;0,0;395;0,0023699999999999776;595,8476673787197
columna_70x70;0,0;396;0,0023759999999999775;596,5965583185964
columna_70x70;0,0;397;0,0023819999999999775;597,3453950564186
columna_70x70;0,0;398;0,0023879999999999774;598,0941775731866
columna_70x70;0,0;399;0,0023939999999999773;598,8429058498884
columna_70x70;0,0;400;0,0023999999999999772;599,5915798675005
columna_70x70;0,0;401;0,0024059999999999767;600,3401996069846
columna_70x70;0,0;402;0,0024119999999999767;601,0887650492925
columna_70x70;0,0;403;0,0024179999999999766;601,837276175362
columna_70x70;0,0;404;0,0024239999999999765;602,5857329661186
columna_70x70;0,0;405;0,0024299999999999764;603,3341354024758
columna_70x70;0,0;406;0,0024359999999999764;604,0824834653334
columna_70x70;0,0;407;0,0024419999999999763;604,8307771355804
columna_70x70;0,0;408;0,0024479999999999767;605,5790163940916
columna_70x70;0,0;409;0,0024539999999999766;606,3272012217296
columna_70x70;0,0;410;0,002459999999999977;607,0753315993448
columna_70x70;0,0;411;0,002465999999999977;607,8234075077745
columna_70x70;0,0;412;0,0024719999999999773;608,571428927844
columna_70x70;0,0;413;0,002477999999999977;609,3193958403642
columna_70x70;0,0;414;0,0024839999999999775;610,0673082261367
columna_70x70;0,0;415;0,0024899999999999775;610,8151660659481
columna_70x70;0,0;416;0,002495999999999978;611,5856342883735
columna_70x70;0,0;417;0,002501999999999978;612,4199129635739
columna_70x70;0,0;418;0,002507999999999978;613,2541300099541
columna_70x70;0,0;419;0,002513999999999978;614,0882854045585
columna_70x70;0,0;420;0,0025199999999999784;614,9223791244902
columna_70x70;0,0;421;0,0025259999999999783;615,7564111468362
columna_70x70;0,0;422;0,0025319999999999787;616,590381448668
columna_70x70;0,0;423;0,0025379999999999786;617,4242900070393
columna_70x70;0,0;424;0,002543999999999979;618,2581367989911
columna_70x70;0,0;425;0,002549999999999979;619,091921801547
columna_70x70;0,0;426;0,0025559999999999793;619,9256449917136
columna_70x70;0,0;427;0,0025619999999999792;620,7593063464815
columna_70x70;0,0;428;0,0025679999999999796;621,5929058428287
columna_70x70;0,0;429;0,0025739999999999795;622,4264434577129
columna_70x70;0,0;430;0,0025799999999999794;623,2599191680781
columna_70x70;0,0;431;0,00258599999999998;624,0933329508504
columna_70x70;0,0;432;0,0025919999999999797;624,9266847829424
columna_70x70;0,0;433;0,0025979999999999805;625,7599746412494
columna_70x70;0,0;434;0,00260399999999998;626,5932025026499
columna_70x70;0,0;435;0,002609999999999981;627,4263683440072
columna_70x70;0,0;436;0,0026159999999999808;628,2594721421679
columna_70x70;0,0;437;0,002621999999999981;629,0925138739636
columna_70x70;0,0;438;0,002627999999999981;629,9254935162064
columna_70x70;0,0;439;0,0026339999999999814;630,7584110456971
columna_70x70;0,0;440;0,0026399999999999813;631,5912664392173
columna_70x70;0,0;441;0,0026459999999999813;632,4240596735333
columna_70x70;0,0;442;0,0026519999999999816;633,3017413528205
columna_70x70;0,0;443;0,0026579999999999816;634,209681637896
columna_70x70;0,0;444;0,002663999999999982;635,1175525415506
columna_70x70;0,0;445;0,002669999999999982;636,0253540365435
columna_70x70;0,0;446;0,002675999999999982;636,9330860956953
columna_70x70;0,0;447;0,002681999999999982;637,8407486918071
columna_70x70;0,0;448;0,0026879999999999825;638,7483417976566
columna_70x70;0,0;449;0,0026939999999999824;639,655865386008
columna_70x70;0,0;450;0,0026999999999999824;640,5633194296013
columna_70x70;0,0;451;0,0027059999999999827;641,4707039011585
columna_70x70;0,0;452;0,0027119999999999827;642,3780187733792
columna_70x70;0,0;453;0,002717999999999983;643,2852640189458
columna_70x70;0,0;454;0,002723999999999983;644,1924396105198
columna_70x70;0,0;455;0,0027299999999999837;645,0995455207419
columna_70x70;0,0;456;0,0027359999999999832;646,0065817222329
columna_70x70;0,0;457;0,002741999999999984;646,9135481875967
columna_70x70;0,0;458;0,002747999999999984;647,8204448894119
columna_70x70;0,0;459;0,0027539999999999843;648,7272718002406
columna_70x70;0,0;460;0,0027599999999999843;649,6340288926239
columna_70x70;0,0;461;0,002765999999999984;650,5407161390832
columna_70x70;0,0;462;0,0027719999999999845;651,4473335121183
columna_70x70;0,0;463;0,0027779999999999845;652,3538809842112
columna_70x70;0,0;464;0,002783999999999985;653,26035852782
columna_70x70;0,0;465;0,0027899999999999848;654,166766115389
columna_70x70;0,0;466;0,002795999999999985;655,0731037193351
columna_70x70;0,0;467;0,002801999999999985;655,9793713120589
columna_70x70;0,0;468;0,0028079999999999854;656,8855688659402
columna_70x70;0,0;469;0,0028139999999999853;657,791696353338
columna_70x70;0,0;470;0,0028199999999999857;658,6977537465926
columna_70x70;0,0;471;0,0028259999999999856;659,6198288389123
columna_70x70;0,0;472;0,0028319999999999856;660,590617998886
columna_70x70;0,0;473;0,002837999999999986;661,5613297851766
columna_70x70;0,0;474;0,002843999999999986;662,5319641659045
columna_70x70;0,0;475;0,0028499999999999862;663,5025211092582
columna_70x70;0,0;476;0,002855999999999986;664,4730005833986
columna_70x70;0,0;477;0,002861999999999987;665,4434025564625
columna_70x70;0,0;478;0,002867999999999987;666,4137269965656
columna_70x70;0,0;479;0,0028739999999999872;667,3839738717979
columna_70x70;0,0;480;0,002879999999999987;668,3541431502214
columna_70x70;0,0;481;0,0028859999999999875;669,3242347998782
columna_70x70;0,0;482;0,0028919999999999875;670,2942487887855
columna_70x70;0,0;483;0,0028979999999999874;671,2641850849325
columna_70x70;0,0;484;0,0029039999999999878;672,2340436562886
columna_70x70;0,0;485;0,0029099999999999877;673,2038244707965
columna_70x70;0,0;486;0,002915999999999988;674,1735274963714
columna_70x70;0,0;487;0,002921999999999988;675,1431527009114
columna_70x70;0,0;488;0,0029279999999999883;676,1127000522824
columna_70x70;0,0;489;0,0029339999999999883;677,0821695183288
columna_70x70;0,0;490;0,0029399999999999886;678,0515610668738
columna_70x70;0,0;491;0,0029459999999999886;679,0208746657083
columna_70x70;0,0;492;0,002951999999999989;679,9901102826047
columna_70x70;0,0;493;0,002957999999999989;680,9592678853094
columna_70x70;0,0;494;0,0029639999999999888;681,9283474415414
columna_70x70;0,0;495;0,002969999999999989;682,8973489189992
columna_70x70;0,0;496;0,002975999999999989;683,8662722853519
columna_70x70;0,0;497;0,00298199999999999;684,8351175082483
columna_70x70;0,0;498;0,0029879999999999894;685,8038845553097
columna_70x70;0,0;499;0,00299399999999999;686,7725733941307
columna_70x70;0,0;500;0,00299999999999999;687,7411839922863
columna_70x70;0,0;501;0,0030059999999999905;688,7097163173227
columna_70x70;0,0;502;0,0030119999999999904;689,6781703367591
columna_70x70;0,0;503;0,0030179999999999907;690,6465460180973
columna_70x70;0,0;504;0,0030239999999999907;691,6148433288063
columna_70x70;0,0;505;0,0030299999999999906;692,6025368970459
columna_70x70;0,0;506;0,003035999999999991;693,6259759007631
columna_70x70;0,0;507;0,003041999999999991;694,6493292725276
columna_70x70;0,0;508;0,0030479999999999913;695,6725969754365
columna_70x70;0,0;509;0,003053999999999991;696,6957789726573
columna_70x70;0,0;510;0,0030599999999999915;697,718875227326
columna_70x70;0,0;511;0,0030659999999999915;698,7418857025498
columna_70x70;0,0;512;0,003071999999999992;699,7648103614075
columna_70x70;0,0;513;0,0030779999999999918;700,7876491669449
columna_70x70;0,0;514;0,0030839999999999917;701,8104020821843
columna_70x70;0,0;515;0,003089999999999992;702,8330690701135
columna_70x70;0,0;516;0,003095999999999992;703,8556500936927
columna_70x70;0,0;517;0,0031019999999999924;704,8781451158526
columna_70x70;0,0;518;0,0031079999999999923;705,9005540994942
columna_70x70;0,0;519;0,003113999999999993;706,9228770074893
columna_70x70;0,0;520;0,0031199999999999926;707,9451138026795
columna_70x70;0,0;521;0,0031259999999999934;708,9672644478777
columna_70x70;0,0;522;0,0031319999999999933;709,9893289058662
columna_70x70;0,0;523;0,0031379999999999937;711,0113071393964
columna_70x70;0,0;524;0,0031439999999999936;712,0331991111938
columna_70x70;0,0;525;0,0031499999999999935;713,0550047839505
columna_70x70;0,0;526;0,003155999999999994;714,0767241203305
columna_70x70;0,0;527;0,003161999999999994;715,0983570829655
columna_70x70;0,0;528;0,003167999999999994;716,1199036344631
columna_70x70;0,0;529;0,003173999999999994;717,1413637373927
columna_70x70;0,0;530;0,0031799999999999945;718,1627373543016
columna_70x70;0,0;531;0,0031859999999999944;719,1840244477024
columna_70x70;0,0;532;0,0031919999999999948;720,2052249800796
columna_70x70;0,0;533;0,0031979999999999947;721,226338913886
columna_70x70;0,0;534;0,003203999999999995;722,2473662115474
columna_70x70;0,0;535;0,003209999999999995;723,2683068354548
columna_70x70;0,0;536;0,003215999999999995;724,2891607479742
columna_70x70;0,0;537;0,0032219999999999953;725,309927911436
columna_70x70;0,0;538;0,003227999999999995;726,3306082881465
columna_70x70;0,0;539;0,0032339999999999956;727,3512018403763
columna_70x70;0,0;540;0,0032399999999999955;728,3717085303683
columna_70x70;0,0;541;0,0032459999999999963;729,3921283203352
columna_70x70;0,0;542;0,003251999999999996;730,4124611724601
columna_70x70;0,0;543;0,0032579999999999966;731,4327070488906
columna_70x70;0,0;544;0,0032639999999999965;732,452865911751
columna_70x70;0,0;545;0,003269999999999997;733,5078445535263
columna_70x70;0,0;546;0,003275999999999997;734,5743571570237
columna_70x70;0,0;547;0,0032819999999999967;735,6407755760974
columna_70x70;0,0;548;0,003287999999999997;736,7070997683916
columna_70x70;0,0;549;0,003293999999999997;737,7733296916227
columna_70x70;0,0;550;0,0032999999999999974;738,8394653034708
columna_70x70;0,0;551;0,0033059999999999973;739,9055065615802
columna_70x70;0,0;552;0,0033119999999999977;740,9714534235607
columna_70x70;0,0;553;0,0033179999999999976;742,0373058469853
columna_70x70;0,0;554;0,003323999999999998;743,1030637893946
columna_70x70;0,0;555;0,003329999999999998;744,1687272082959
columna_70x70;0,0;556;0,0033359999999999983;745,2342960611553
columna_70x70;0,0;557;0,003341999999999998;746,2997703054069
columna_70x70;0,0;558;0,003347999999999998;747,3617581402918
columna_70x70;0,0;559;0,0033539999999999985;748,4154615845091
columna_70x70;0,0;560;0,0033599999999999984;749,4690837866211
columna_70x70;0,0;561;0,003365999999999999;750,5226247078253
columna_70x70;0,0;562;0,0033719999999999987;751,57608430938
columna_70x70;0,0;563;0,0033779999999999995;752,6294625525115
columna_70x70;0,0;564;0,0033839999999999994;753,6827593984078
columna_70x70;0,0;565;0,00339;754,7359748082255
columna_70x70;0,0;566;0,0033959999999999997;755,7891087430869
columna_70x70;0,0;567;0,003402;756,8421611640774
columna_70x70;0,0;568;0,003408;757,8951320322516
columna_70x70;0,0;569;0,003414;758,9480213086257
columna_70x70;0,0;570;0,0034200000000000003;760,0008289541864
columna_70x70;0,0;571;0,0034260000000000002;761,0535549298796
columna_70x70;0,0;572;0,0034320000000000006;762,1061991966227
columna_70x70;0,0;573;0,0034380000000000005;763,1587617152938
columna_70x70;0,0;574;0,003444000000000001;764,2112424467372
columna_70x70;0,0;575;0,003450000000000001;765,2636413517672
columna_70x70;0,0;576;0,003456000000000001;766,3159583911576
columna_70x70;0,0;577;0,003462000000000001;767,3681935256466
columna_70x70;0,0;578;0,003468000000000001;768,4203467159441
columna_70x70;0,0;579;0,0034740000000000014;769,4724179227206
columna_70x70;0,0;580;0,0034800000000000013;770,5244071066115
columna_70x70;0,0;581;0,0034860000000000017;771,576314228219
columna_70x70;0,0;582;0,0034920000000000016;772,6281392481073
columna_70x70;0,0;583;0,0034980000000000024;773,6798821268084
columna_70x70;0,0;584;0,003504000000000002;774,7315428248199
columna_70x70;0,0;585;0,0035100000000000027;775,7831213026012
columna_70x70;0,0;586;0,0035160000000000026;776,834617520579
columna_70x70;0,0;587;0,003522000000000003;777,886031439141
columna_70x70;0,0;588;0,003528000000000003;778,9373630186449
columna_70x70;0,0;589;0,003534000000000003;779,9886122194101
columna_70x70;0,0;590;0,003540000000000003;781,0397790017203
columna_70x70;0,0;591;0,003546000000000003;782,10952753674
columna_70x70;0,0;592;0,0035520000000000035;783,2005071390985
columna_70x70;0,0;593;0,0035580000000000034;784,2913970529196
columna_70x70;0,0;594;0,003564000000000004;785,3821972334864
columna_70x70;0,0;595;0,0035700000000000037;786,4729076361482
columna_70x70;0,0;596;0,003576000000000004;787,5635282162058
columna_70x70;0,0;597;0,003582000000000004;788,6540589289267
columna_70x70;0,0;598;0,0035880000000000044;789,7444997295319
columna_70x70;0,0;599;0,0035940000000000043;790,8348505732026
columna_70x70;0,0;600;0,0036000000000000042;791,9251114150801
columna_70x70;0,0;601;0,0036060000000000046;793,0152822102616
columna_70x70;0,0;602;0,0036120000000000045;794,1053629138062
columna_70x70;0,0;603;0,003618000000000005;795,1953534807309
columna_70x70;0,0;604;0,003624000000000005;796,2852538660077
columna_70x70;0,0;605;0,0036300000000000056;797,375064024572
columna_70x70;0,0;606;0,0036360000000000055;798,4647839113156
columna_70x70;0,0;607;0,003642000000000006;799,5544134810888
columna_70x70;0,0;608;0,003648000000000006;800,6439526887002
columna_70x70;0,0;609;0,003654000000000006;801,7334014889145
columna_70x70;0,0;610;0,003660000000000006;802,8227598364585
columna_70x70;0,0;611;0,003666000000000006;803,9120276860176
columna_70x70;0,0;612;0,0036720000000000064;805,0012049922286
columna_70x70;0,0;613;0,0036780000000000064;806,0902917096944
columna_70x70;0,0;614;0,0036840000000000067;807,1792877929701
columna_70x70;0,0;615;0,0036900000000000066;808,2681931965737
columna_70x70;0,0;616;0,003696000000000007;809,3570078749757
columna_70x70;0,0;617;0,003702000000000007;810,445731782609
columna_70x70;0,0;618;0,0037080000000000073;811,5343648738631
columna_70x70;0,0;619;0,0037140000000000072;812,622907103083
columna_70x70;0,0;620;0,0037200000000000076;813,7113584245725
columna_70x70;0,0;621;0,0037260000000000075;814,7997187925967
columna_70x70;0,0;622;0,0037320000000000074;815,8879881613716
columna_70x70;0,0;623;0,003738000000000008;816,9761664850757
columna_70x70;0,0;624;0,0037440000000000077;818,0642537178445
columna_70x70;0,0;625;0,0037500000000000085;819,1522498137688
columna_70x70;0,0;626;0,003756000000000008;820,2401547268977
columna_70x70;0,0;627;0,003762000000000009;821,327968411238
columna_70x70;0,0;628;0,0037680000000000088;822,4156908207534
columna_70x70;0,0;629;0,003774000000000009;823,5033219093623
columna_70x70;0,0;630;0,003780000000000009;824,590861630947
columna_70x70;0,0;631;0,0037860000000000094;825,6783099393401
columna_70x70;0,0;632;0,0037920000000000093;826,765666788335
columna_70x70;0,0;633;0,0037980000000000093;827,8529321316782
columna_70x70;0,0;634;0,0038040000000000096;828,940105923078
columna_70x70;0,0;635;0,0038100000000000096;830,0271881161943
columna_70x70;0,0;636;0,00381600000000001;831,11417866465
columna_70x70;0,0;637;0,00382200000000001;832,2010775220181
columna_70x70;0,0;638;0,00382800000000001;833,2878649866276
columna_70x70;0,0;639;0,00383400000000001;834,374554561387
columna_70x70;0,0;640;0,0038400000000000105;835,4611521274369
columna_70x70;0,0;641;0,0038460000000000104;836,5476576374268
columna_70x70;0,0;642;0,0038520000000000104;837,6340710440682
columna_70x70;0,0;643;0,0038580000000000107;838,7203923000224
columna_70x70;0,0;644;0,0038640000000000107;839,8066213579056
columna_70x70;0,0;645;0,003870000000000011;840,8927581702876
columna_70x70;0,0;646;0,003876000000000011;841,9825005696505
columna_70x70;0,0;647;0,0038820000000000117;843,1009499773911
columna_70x70;0,0;648;0,0038880000000000112;844,2192999471598
columna_70x70;0,0;649;0,003894000000000012;845,3375504262257
columna_70x70;0,0;650;0,003900000000000012;846,4557013619063
columna_70x70;0,0;651;0,0039060000000000123;847,5737527014745
columna_70x70;0,0;652;0,003912000000000012;848,6917043921417
columna_70x70;0,0;653;0,003918000000000012;849,8095563810773
columna_70x70;0,0;654;0,0039240000000000125;850,9273086153881
columna_70x70;0,0;655;0,0039300000000000125;852,0449610421356
columna_70x70;0,0;656;0,003936000000000012;853,1625136083245
columna_70x70;0,0;657;0,003942000000000012;854,2799662609092
columna_70x70;0,0;658;0,003948000000000013;855,3973189467885
columna_70x70;0,0;659;0,003954000000000013;856,5145716128097
columna_70x70;0,0;660;0,003960000000000014;857,6317242057703
columna_70x70;0,0;661;0,003966000000000014;858,7487766724075
columna_70x70;0,0;662;0,003972000000000014;859,8657289594137
columna_70x70;0,0;663;0,003978000000000014;860,9825810134199
columna_70x70;0,0;664;0,003984000000000014;862,0993327810113
columna_70x70;0,0;665;0,003990000000000014;863,215984208713
columna_70x70;0,0;666;0,003996000000000014;864,3325352430015
columna_70x70;0,0;667;0,004002000000000014;865,4489858302975
columna_70x70;0,0;668;0,004008000000000014;866,5653359169687
columna_70x70;0,0;669;0,004014000000000015;867,6815854493282
columna_70x70;0,0;670;0,004020000000000015;868,7977343736363
columna_70x70;0,0;671;0,004026000000000015;869,9137826360992
columna_70x70;0,0;672;0,004032000000000015;871,0297301828715
columna_70x70;0,0;673;0,0040380000000000155;872,1455769600473
columna_70x70;0,0;674;0,0040440000000000155;873,2613229136722
columna_70x70;0,0;675;0,004050000000000015;874,3769679897373
columna_70x70;0,0;676;0,004056000000000015;875,4924166398299
columna_70x70;0,0;677;0,004062000000000015;876,6078599463704
columna_70x70;0,0;678;0,004068000000000016;877,723202213192
columna_70x70;0,0;679;0,004074000000000016;878,8384433859572
columna_70x70;0,0;680;0,004080000000000017;879,9535834103852
columna_70x70;0,0;681;0,004086000000000017;881,0686222321393
columna_70x70;0,0;682;0,004092000000000017;882,1835597968259
columna_70x70;0,0;683;0,0040980000000000166;883,2983960500006
columna_70x70;0,0;684;0,004104000000000017;884,413130937161
columna_70x70;0,0;685;0,004110000000000017;885,5277644037492
columna_70x70;0,0;686;0,004116000000000017;886,6422963951559
columna_70x70;0,0;687;0,004122000000000017;887,7567268567132
columna_70x70;0,0;688;0,004128000000000017;888,8710557337014
columna_70x70;0,0;689;0,004134000000000018;889,9852829713391
columna_70x70;0,0;690;0,004140000000000018;891,0994085147986
columna_70x70;0,0;691;0,004146000000000018;892,2134323091873
columna_70x70;0,0;692;0,004152000000000018;893,3273542995637
columna_70x70;0,0;693;0,0041580000000000185;894,44117443093
columna_70x70;0,0;694;0,004164000000000018;895,5548926482284
columna_70x70;0,0;695;0,004170000000000018;896,6685088963486
columna_70x70;0,0;696;0,004176000000000018;897,7820231201237
columna_70x70;0,0;697;0,004182000000000018;898,8954352643335
columna_70x70;0,0;698;0,004188000000000019;900,0087452736959
columna_70x70;0,0;699;0,004194000000000019;901,1219530928771
columna_70x70;0,0;700;0,00420000000000002;902,2350586664844
columna_70x70;0,0;701;0,004206000000000019;903,348061939074
columna_70x70;0,0;702;0,0042120000000000195;904,4609628551376
columna_70x70;0,0;703;0,0042180000000000195;905,5737613591187
columna_70x70;0,0;704;0,00422400000000002;906,6864573953981
columna_70x70;0,0;705;0,00423000000000002;907,7990509083003
columna_70x70;0,0;706;0,00423600000000002;908,9115418420987
columna_70x70;0,0;707;0,00424200000000002;910,0239301410022
columna_70x70;0,0;708;0,00424800000000002;911,1362157491712
columna_70x70;0,0;709;0,004254000000000021;912,2483986107013
columna_70x70;0,0;710;0,004260000000000021;913,3604786696354
columna_70x70;0,0;711;0,004266000000000021;914,4724558699563
columna_70x70;0,0;712;0,004272000000000021;915,584330155594
columna_70x70;0,0;713;0,004278000000000021;916,6961014704173
columna_70x70;0,0;714;0,004284000000000021;917,8130996437235
columna_70x70;0,0;715;0,004290000000000021;918,950452565548
columna_70x70;0,0;716;0,004296000000000021;920,0876955277415
columna_70x70;0,0;717;0,004302000000000021;921,2248284687798
columna_70x70;0,0;718;0,004308000000000022;922,3618513271845
columna_70x70;0,0;719;0,004314000000000022;923,4987640414199
columna_70x70;0,0;720;0,004320000000000022;924,6355665498792
columna_70x70;0,0;721;0,004326000000000022;925,7722587908962
columna_70x70;0,0;722;0,0043320000000000225;926,9088407027365
columna_70x70;0,0;723;0,004338000000000022;928,0453122236046
columna_70x70;0,0;724;0,004344000000000023;929,1816732916348
columna_70x70;0,0;725;0,004350000000000023;930,3179238449026
columna_70x70;0,0;726;0,004356000000000023;931,4540638214129
columna_70x70;0,0;727;0,004362000000000023;932,5900931591073
columna_70x70;0,0;728;0,004368000000000023;933,7260117958648
columna_70x70;0,0;729;0,004374000000000024;934,8618196694963
columna_70x70;0,0;730;0,004380000000000024;935,9975167177471
columna_70x70;0,0;731;0,0043860000000000236;937,1331028782969
columna_70x70;0,0;732;0,0043920000000000235;938,2685780887629
columna_70x70;0,0;733;0,004398000000000024;939,40394228669
columna_70x70;0,0;734;0,004404000000000024;940,5391954095643
columna_70x70;0,0;735;0,004410000000000024;941,6743373948007
columna_70x70;0,0;736;0,004416000000000024;942,8093681797513
columna_70x70;0,0;737;0,004422000000000025;943,9442877017005
columna_70x70;0,0;738;0,004428000000000025;945,079095897867
columna_70x70;0,0;739;0,004434000000000025;946,213792705404
columna_70x70;0,0;740;0,004440000000000025;947,348378061392
columna_70x70;0,0;741;0,004446000000000025;948,4828519028551
columna_70x70;0,0;742;0,004452000000000025;949,6172141667427
columna_70x70;0,0;743;0,004458000000000025;950,7514647899405
columna_70x70;0,0;744;0,004464000000000026;951,8856037092681
columna_70x70;0,0;745;0,004470000000000026;953,0196308614748
columna_70x70;0,0;746;0,004476000000000026;954,1535461832476
columna_70x70;0,0;747;0,004482000000000026;955,2873496112002
columna_70x70;0,0;748;0,004488000000000027;956,4210410818848
columna_70x70;0,0;749;0,004494000000000027;957,5546205317826
columna_70x70;0,0;750;0,0045000000000000265;958,6880878973074
columna_70x70;0,0;751;0,0045060000000000265;959,8214431148085
columna_70x70;0,0;752;0,004512000000000026;960,9546861205625
columna_70x70;0,0;753;0,004518000000000027;962,0878168507836
columna_70x70;0,0;754;0,004524000000000027;963,2208352416131
columna_70x70;0,0;755;0,004530000000000027;964,3537412291279
columna_70x70;0,0;756;0,004536000000000027;965,4865347493349
columna_70x70;0,0;757;0,004542000000000028;966,6192157381709
columna_70x70;0,0;758;0,004548000000000028;967,7517841315085
columna_70x70;0,0;759;0,004554000000000028;968,8842398651511
columna_70x70;0,0;760;0,004560000000000028;970,0165828748286
columna_70x70;0,0;761;0,0045660000000000275;971,1488130962076
columna_70x70;0,0;762;0,004572000000000028;972,2809304648855
columna_70x70;0,0;763;0,004578000000000028;973,4129349163857
columna_70x70;0,0;764;0,004584000000000029;974,5448263861697
columna_70x70;0,0;765;0,004590000000000028;975,6766048096233
columna_70x70;0,0;766;0,004596000000000029;976,8082701220693
columna_70x70;0,0;767;0,004602000000000029;977,9398222587546
columna_70x70;0,0;768;0,00460800000000003;979,0712611548627
columna_70x70;0,0;769;0,0046140000000000295;980,2025867455035
columna_70x70;0,0;770;0,0046200000000000295;981,333798965718
columna_70x70;0,0;771;0,004626000000000029;982,4648977504797
columna_70x70;0,0;772;0,004632000000000029;983,595883034688
columna_70x70;0,0;773;0,00463800000000003;984,7267547531777
columna_70x70;0,0;774;0,00464400000000003;985,8575128407072
columna_70x70;0,0;775;0,00465000000000003;986,9881572319713
columna_70x70;0,0;776;0,00465600000000003;988,1186878615866
columna_70x70;0,0;777;0,004662000000000031;989,249104664109
columna_70x70;0,0;778;0,004668000000000031;990,3794075740146
columna_70x70;0,0;779;0,0046740000000000306;991,5095965257141
columna_70x70;0,0;780;0,0046800000000000305;992,6396714535474
columna_70x70;0,0;781;0,00468600000000003;993,7696322917819
columna_70x70;0,0;782;0,004692000000000031;994,6916328321156
columna_70x70;0,0;783;0,004698000000000031;994,9617332830579
columna_70x70;0,0;784;0,004704000000000031;995,231808876361
columna_70x70;0,0;785;0,004710000000000031;995,501859604714
columna_70x70;0,0;786;0,004716000000000032;995,7718854606942
columna_70x70;0,0;787;0,004722000000000032;996,0418864369135
columna_70x70;0,0;788;0,0047280000000000325;996,3118625259764
columna_70x70;0,0;789;0,0047340000000000325;996,5818137204861
columna_70x70;0,0;790;0,004740000000000032;996,8517400130393
columna_70x70;0,0;791;0,004746000000000032;997,1216413962289
columna_70x70;0,0;792;0,004752000000000032;997,3915178626454
columna_70x70;0,0;793;0,004758000000000033;997,6613694048764
columna_70x70;0,0;794;0,004764000000000033;997,9311960155001
columna_70x70;0,0;795;0,004770000000000033;998,200997687093
columna_70x70;0,0;796;0,004776000000000033;998,4722641858691
columna_70x70;0,0;797;0,004782000000000034;998,7721991949726
columna_70x70;0,0;798;0,0047880000000000335;999,0721063857574
columna_70x70;0,0;799;0,0047940000000000335;999,3719857495356
columna_70x70;0,0;800;0,004800000000000033;999,6718372776587
columna_70x70;0,0;801;0,004806000000000034;999,9716609614692
columna_70x70;0,0;802;0,004812000000000034;1000,2714567923034
columna_70x70;0,0;803;0,004818000000000034;1000,5712247614977
columna_70x70;0,0;804;0,004824000000000034;1000,870964860379
columna_70x70;0,0;805;0,004830000000000034;1001,1706770802709
columna_70x70;0,0;806;0,004836000000000035;1001,4703614124907
columna_70x70;0,0;807;0,004842000000000035;1001,7700178483539
columna_70x70;0,0;808;0,0048480000000000354;1002,0696463791686
columna_70x70;0,0;809;0,004854000000000035;1002,369246996236
columna_70x70;0,0;810;0,004860000000000035;1002,6688196908567
columna_70x70;0,0;811;0,004866000000000035;1002,9683644543219
columna_70x70;0,0;812;0,004872000000000036;1003,2678812779221
columna_70x70;0,0;813;0,004878000000000036;1003,5673701529378
columna_70x70;0,0;814;0,004884000000000035;1003,8668310706489
columna_70x70;0,0;815;0,004890000000000036;1004,166264022327
columna_70x70;0,0;816;0,004896000000000036;1004,4656689992405
columna_70x70;0,0;817;0,004902000000000036;1004,7650459926522
columna_70x70;0,0;818;0,004908000000000036;1005,0643949938201
columna_70x70;0,0;819;0,004914000000000036;1005,3637159939968
columna_70x70;0,0;820;0,004920000000000036;1005,6630089844296
columna_70x70;0,0;821;0,004926000000000036;1005,9622739563614
columna_70x70;0,0;822;0,004932000000000036;1006,2615109010288
columna_70x70;0,0;823;0,004938000000000037;1006,560719809665
columna_70x70;0,0;824;0,004944000000000037;1006,8599006734948
columna_70x70;0,0;825;0,004950000000000037;1007,1590534837447
columna_70x70;0,0;826;0,004956000000000037;1007,458178231627
columna_70x70;0,0;827;0,004962000000000037;1007,7572749083562
columna_70x70;0,0;828;0,0049680000000000375;1008,0563435051391
columna_70x70;0,0;829;0,004974000000000037;1008,355384013176
columna_70x70;0,0;830;0,004980000000000037;1008,6543964236633
columna_70x70;0,0;831;0,004986000000000037;1008,9533807277948
columna_70x70;0,0;832;0,004992000000000038;1009,2523369167528
columna_70x70;0,0;833;0,004998000000000038;1009,5512649817217
columna_70x70;0,0;834;0,005004000000000039;1009,8501649138758
columna_70x70;0,0;835;0,005010000000000038;1010,1490367043865
columna_70x70;0,0;836;0,005016000000000038;1010,447880344418
columna_70x70;0,0;837;0,005022000000000039;1010,7466958251329
columna_70x70;0,0;838;0,005028000000000039;1011,0454831376836
columna_70x70;0,0;839;0,0050340000000000384;1011,344242273224
columna_70x70;0,0;840;0,005040000000000039;1011,6429732228966
columna_70x70;0,0;841;0,005046000000000039;1011,94167597784
columna_70x70;0,0;842;0,00505200000000004;1012,2403505291908
columna_70x70;0,0;843;0,005058000000000039;1012,5389968680785
columna_70x70;0,0;844;0,00506400000000004;1012,8376149856256
columna_70x70;0,0;845;0,00507000000000004;1013,1362048729522
columna_70x70;0,0;846;0,00507600000000004;1013,4347665211724
columna_70x70;0,0;847;0,00508200000000004;1013,7332999213934
columna_70x70;0,0;848;0,00508800000000004;1014,0318050647204
columna_70x70;0,0;849;0,00509400000000004;1014,3302819422506
columna_70x70;0,0;850;0,00510000000000004;1014,6287305450771
columna_70x70;0,0;851;0,00510600000000004;1014,9271508642876
columna_70x70;0,0;852;0,005112000000000041;1015,225542890965
columna_70x70;0,0;853;0,005118000000000042;1015,5239066161854
columna_70x70;0,0;854;0,005124000000000041;1015,8222420310209
columna_70x70;0,0;855;0,005130000000000041;1016,1205491265401
columna_70x70;0,0;856;0,005136000000000042;1016,4188278938016
columna_70x70;0,0;857;0,005142000000000041;1016,7170783238654
columna_70x70;0,0;858;0,005148000000000041;1017,0153004077811
columna_70x70;0,0;859;0,005154000000000042;1017,3134941365936
columna_70x70;0,0;860;0,005160000000000042;1017,6116595013435
columna_70x70;0,0;861;0,005166000000000042;1017,9097964930668
columna_70x70;0,0;862;0,005172000000000042;1018,207905102792
columna_70x70;0,0;863;0,005178000000000043;1018,5059853215463
columna_70x70;0,0;864;0,005184000000000043;1018,8040371403488
columna_70x70;0,0;865;0,005190000000000043;1019,1020605502108
columna_70x70;0,0;866;0,005196000000000043;1019,4000555421434
columna_70x70;0,0;867;0,005202000000000043;1019,6980221071497
columna_70x70;0,0;868;0,0052080000000000425;1019,9959602362289
columna_70x70;0,0;869;0,005214000000000043;1020,2938699203744
columna_70x70;0,0;870;0,005220000000000043;1020,591751150571
columna_70x70;0,0;871;0,005226000000000044;1020,8896039178032
columna_70x70;0,0;872;0,005232000000000043;1021,1874282130481
columna_70x70;0,0;873;0,005238000000000044;1021,4852240272777
columna_70x70;0,0;874;0,005244000000000044;1021,7829913514564
columna_70x70;0,0;875;0,0052500000000000446;1022,0807301765469
columna_70x70;0,0;876;0,005256000000000044;1022,378440493505
columna_70x70;0,0;877;0,005262000000000044;1022,6761222932798
columna_70x70;0,0;878;0,005268000000000045;1022,973775566818
columna_70x70;0,0;879;0,005274000000000044;1023,2714003050577
columna_70x70;0,0;880;0,005280000000000045;1023,5689964989359
columna_70x70;0,0;881;0,005286000000000045;1023,8665641393787
columna_70x70;0,0;882;0,005292000000000046;1024,1641032173109
columna_70x70;0,0;883;0,005298000000000045;1024,461613723653
columna_70x70;0,0;884;0,005304000000000046;1024,7811016837873
columna_70x70;0,0;885;0,005310000000000046;1025,1023825587565
columna_70x70;0,0;886;0,005316000000000046;1025,4236320445007
columna_70x70;0,0;887;0,0053220000000000454;1025,744850130643
columna_70x70;0,0;888;0,005328000000000046;1026,066036806838
columna_70x70;0,0;889;0,005334000000000046;1026,3871920627394
columna_70x70;0,0;890;0,005340000000000046;1026,7083158879925
columna_70x70;0,0;891;0,005346000000000046;1027,0294082722314
columna_70x70;0,0;892;0,005352000000000047;1027,3504692050933
columna_70x70;0,0;893;0,005358000000000047;1027,6714986762008
columna_70x70;0,0;894;0,005364000000000047;1027,9924966751735
columna_70x70;0,0;895;0,005370000000000047;1028,3134631916255
columna_70x70;0,0;896;0,005376000000000047;1028,6343982151625
columna_70x70;0,0;897;0,005382000000000048;1028,9553017353853
columna_70x70;0,0;898;0,005388000000000047;1029,2761737418882
columna_70x70;0,0;899;0,005394000000000048;1029,5970142242581
columna_70x70;0,0;900;0,005400000000000048;1029,9178231720764
columna_70x70;0,0;901;0,005406000000000047;1030,238600574919
columna_70x70;0,0;902;0,005412000000000048;1030,5593464223532
columna_70x70;0,0;903;0,005418000000000049;1030,8800607039411
columna_70x70;0,0;904;0,005424000000000049;1031,2007434092384
columna_70x70;0,0;905;0,0054300000000000485;1031,5213945277947
columna_70x70;0,0;906;0,005436000000000048;1031,8420140491528
columna_70x70;0,0;907;0,005442000000000049;1032,1626019628488
columna_70x70;0,0;908;0,005448000000000049;1032,4831582584118
columna_70x70;0,0;909;0,005454000000000049;1032,8036829253688
columna_70x70;0,0;910;0,005460000000000049;1033,1241759532322
columna_70x70;0,0;911;0,00546600000000005;1033,4446373315168
columna_70x70;0,0;912;0,005472000000000049;1033,7650670497248
columna_70x70;0,0;913;0,00547800000000005;1034,0854650973542
columna_70x70;0,0;914;0,00548400000000005;1034,4058314638974
columna_70x70;0,0;915;0,00549000000000005;1034,726166138837
columna_70x70;0,0;916;0,0054960000000000495;1035,0464691116545
columna_70x70;0,0;917;0,00550200000000005;1035,366740371819
columna_70x70;0,0;918;0,005508000000000051;1035,6869799087979
columna_70x70;0,0;919;0,005514000000000051;1036,0071877120497
columna_70x70;0,0;920;0,00552000000000005;1036,3273637710263
columna_70x70;0,0;921;0,005526000000000051;1036,6475080751748
columna_70x70;0,0;922;0,005532000000000052;1036,9676206139343
columna_70x70;0,0;923;0,005538000000000051;1037,2877013767375
columna_70x70;0,0;924;0,0055440000000000515;1037,6077503530114
columna_70x70;0,0;925;0,005550000000000051;1037,9277675321744
columna_70x70;0,0;926;0,005556000000000052;1038,2477529036425
columna_70x70;0,0;927;0,005562000000000051;1038,567706456821
columna_70x70;0,0;928;0,005568000000000052;1038,8876281811106
columna_70x70;0,0;929;0,005574000000000052;1039,2075180659035
columna_70x70;0,0;930;0,005580000000000053;1039,5273761005906
columna_70x70;0,0;931;0,005586000000000052;1039,8472022745516
columna_70x70;0,0;932;0,005592000000000053;1040,1669965771584
columna_70x70;0,0;933;0,005598000000000053;1040,4867589977803
columna_70x70;0,0;934;0,0056040000000000525;1040,8064895257776
columna_70x70;0,0;935;0,0056100000000000524;1041,1261881505054
columna_70x70;0,0;936;0,005616000000000053;1041,4458548613122
columna_70x70;0,0;937;0,005622000000000054;1041,7654896475378
columna_70x70;0,0;938;0,005628000000000053;1042,0850924985175
columna_70x70;0,0;939;0,005634000000000053;1042,4046634035801
columna_70x70;0,0;940;0,005640000000000054;1042,7242023520478
columna_70x70;0,0;941;0,005646000000000053;1043,043709333233
columna_70x70;0,0;942;0,005652000000000054;1043,3631843364446
columna_70x70;0,0;943;0,0056580000000000545;1043,6826273509862
columna_70x70;0,0;944;0,005664000000000054;1044,0020383661513
columna_70x70;0,0;945;0,0056700000000000535;1044,321417371228
columna_70x70;0,0;946;0,005676000000000054;1044,6407643554994
columna_70x70;0,0;947;0,005682000000000055;1044,9600793082384
columna_70x70;0,0;948;0,005688000000000055;1045,2793622187164
columna_70x70;0,0;949;0,005694000000000055;1045,5986130761928
columna_70x70;0,0;950;0,005700000000000055;1045,9178318699242
columna_70x70;0,0;951;0,005706000000000056;1046,237018589159
columna_70x70;0,0;952;0,005712000000000055;1046,556173223136
columna_70x70;0,0;953;0,0057180000000000555;1046,8752957610936
columna_70x70;0,0;954;0,005724000000000055;1047,1943861922607
columna_70x70;0,0;955;0,005730000000000056;1047,5134445058577
columna_70x70;0,0;956;0,005736000000000055;1047,832470691098
columna_70x70;0,0;957;0,005742000000000056;1048,1514647371916
columna_70x70;0,0;958;0,005748000000000056;1048,4704266333404
columna_70x70;0,0;959;0,005754000000000057;1048,7893563687385
columna_70x70;0,0;960;0,005760000000000056;1049,1082539325744
columna_70x70;0,0;961;0,005766000000000057;1049,4271193140294
columna_70x70;0,0;962;0,0057720000000000575;1049,7459525022782
columna_70x70;0,0;963;0,0057780000000000565;1050,064753486489
columna_70x70;0,0;964;0,0057840000000000565;1050,383522255824
columna_70x70;0,0;965;0,005790000000000057;1050,7022587994345
columna_70x70;0,0;966;0,005796000000000058;1051,0209631064715
columna_70x70;0,0;967;0,005802000000000057;1051,3396351660733
columna_70x70;0,0;968;0,005808000000000058;1051,6582749673742
columna_70x70;0,0;969;0,005814000000000058;1051,9768824995035
columna_70x70;0,0;970;0,005820000000000059;1052,295457751582
columna_70x70;0,0;971;0,005826000000000058;1052,6140007127212
columna_70x70;0,0;972;0,0058320000000000585;1052,9325113720297
columna_70x70;0,0;973;0,005838000000000058;1053,2509897186071
columna_70x70;0,0;974;0,005844000000000058;1053,5694357415452
columna_70x70;0,0;975;0,005850000000000058;1053,8878494299342
columna_70x70;0,0;976;0,005856000000000059;1054,2062307728515
columna_70x70;0,0;977;0,005862000000000059;1054,5245797593693
columna_70x70;0,0;978;0,005868000000000059;1054,842896378555
columna_70x70;0,0;979;0,005874000000000059;1055,1611806194664
columna_70x70;0,0;980;0,00588000000000006;1055,4794324711572
columna_70x70;0,0;981;0,0058860000000000605;1055,7976519226727
columna_70x70;0,0;982;0,0058920000000000595;1056,1158389630527
columna_70x70;0,0;983;0,0058980000000000594;1056,4339935813266
columna_70x70;0,0;984;0,00590400000000006;1056,752115766522
columna_70x70;0,0;985;0,005910000000000059;1057,0702055076529
columna_70x70;0,0;986;0,00591600000000006;1057,388262793735
columna_70x70;0,0;987;0,005922000000000061;1057,70628761377
columna_70x70;0,0;988;0,005928000000000061;1058,0242799567568
columna_70x70;0,0;989;0,005934000000000061;1058,3422398116834
columna_70x70;0,0;990;0,005940000000000061;1058,643240764567
columna_70x70;0,0;991;0,0059460000000000615;1058,942917961274
columna_70x70;0,0;992;0,005952000000000061;1059,2425719143987
columna_70x70;0,0;993;0,005958000000000061;1059,5422026160002
columna_70x70;0,0;994;0,005964000000000061;1059,8559440965248
columna_70x70;0,0;995;0,005970000000000062;1060,1753981274144
columna_70x70;0,0;996;0,005976000000000061;1060,4948262846071
columna_70x70;0,0;997;0,005982000000000062;1060,8142285589015
columna_70x70;0,0;998;0,005988000000000062;1061,1336049411264
columna_70x70;0,0;999;0,005994000000000063;1061,4529554221049
columna_70x70;0,0;1000;0,006000000000000062;1061,772279992655
columna_70x70;0,0;1001;0,0060060000000000625;1062,091578643585
columna_70x70;0,0;1002;0,006012000000000062;1062,4108513657022
columna_70x70;0,0;1003;0,006018000000000063;1062,7300981498013
columna_70x70;0,0;1004;0,006024000000000062;1063,0493189866802
columna_70x70;0,0;1005;0,006030000000000063;1063,3685138671199
columna_70x70;0,0;1006;0,006036000000000064;1063,6876827819042
columna_70x70;0,0;1007;0,006042000000000063;1064,006825721805
columna_70x70;0,0;1008;0,006048000000000064;1064,3259426775899
columna_70x70;0,0;1009;0,006054000000000064;1064,6450336400246
columna_70x70;0,0;1010;0,0060600000000000645;1064,9640985998612
columna_70x70;0,0;1011;0,0060660000000000635;1065,2831375478504
columna_70x70;0,0;1012;0,006072000000000064;1065,602150474736
columna_70x70;0,0;1013;0,006078000000000064;1065,921137371257
columna_70x70;0,0;1014;0,006084000000000065;1066,240098228141
columna_70x70;0,0;1015;0,006090000000000064;1066,5590330361154
columna_70x70;0,0;1016;0,006096000000000065;1066,8779417858998
columna_70x70;0,0;1017;0,006102000000000065;1067,196824468203
columna_70x70;0,0;1018;0,006108000000000065;1067,5156810737385
columna_70x70;0,0;1019;0,006114000000000065;1067,8345115931986
columna_70x70;0,0;1020;0,0061200000000000655;1068,1533160172833
columna_70x70;0,0;1021;0,006126000000000065;1068,4720943366779
columna_70x70;0,0;1022;0,006132000000000065;1068,7908465420658
columna_70x70;0,0;1023;0,006138000000000065;1069,1095726241224
columna_70x70;0,0;1024;0,006144000000000066;1069,4282725735163
columna_70x70;0,0;1025;0,006150000000000067;1069,7469463809089
columna_70x70;0,0;1026;0,006156000000000066;1070,06559403696
columna_70x70;0,0;1027;0,006162000000000067;1070,3842155323205
columna_70x70;0,0;1028;0,006168000000000067;1070,7028108576344
columna_70x70;0,0;1029;0,006174000000000066;1071,0213800035363
columna_70x70;0,0;1030;0,0061800000000000665;1071,3399229606637
columna_70x70;0,0;1031;0,006186000000000067;1071,6584397196395
columna_70x70;0,0;1032;0,006192000000000067;1071,9769302710852
columna_70x70;0,0;1033;0,006198000000000067;1072,2953946056114
columna_70x70;0,0;1034;0,006204000000000067;1072,613832713825
columna_70x70;0,0;1035;0,006210000000000068;1072,9322445863288
columna_70x70;0,0;1036;0,006216000000000068;1073,2506302137178
columna_70x70;0,0;1037;0,006222000000000068;1073,5689895865773
columna_70x70;0,0;1038;0,006228000000000068;1073,8873226954913
columna_70x70;0,0;1039;0,0062340000000000685;1074,2056295310338
columna_70x70;0,0;1040;0,0062400000000000675;1074,5239100837741
columna_70x70;0,0;1041;0,006246000000000068;1074,8421643442764
columna_70x70;0,0;1042;0,006252000000000068;1075,1603923030964
columna_70x70;0,0;1043;0,006258000000000069;1075,4785939507854
columna_70x70;0,0;1044;0,006264000000000068;1075,7967692778877
columna_70x70;0,0;1045;0,006270000000000069;1076,1149182749377
columna_70x70;0,0;1046;0,00627600000000007;1076,4330409324689
columna_70x70;0,0;1047;0,00628200000000007;1076,751137241006
columna_70x70;0,0;1048;0,006288000000000069;1077,069207191069
columna_70x70;0,0;1049;0,0062940000000000695;1077,3872507731674
columna_70x70;0,0;1050;0,00630000000000007;1077,7052679778085
columna_70x70;0,0;1051;0,006306000000000069;1078,0232587954922
columna_70x70;0,0;1052;0,00631200000000007;1078,341223216713
columna_70x70;0,0;1053;0,00631800000000007;1078,6591612319528
columna_70x70;0,0;1054;0,006324000000000071;1078,977072831695
columna_70x70;0,0;1055;0,00633000000000007;1079,2949580064153
columna_70x70;0,0;1056;0,006336000000000071;1079,6128167465774
columna_70x70;0,0;1057;0,006342000000000071;1079,9306490426452
columna_70x70;0,0;1058;0,0063480000000000715;1080,248454885071
columna_70x70;0,0;1059;0,0063540000000000705;1080,5662342643056
columna_70x70;0,0;1060;0,006360000000000071;1080,883987170788
columna_70x70;0,0;1061;0,006366000000000071;1081,2017135949561
columna_70x70;0,0;1062;0,006372000000000071;1081,5194135272384
columna_70x70;0,0;1063;0,006378000000000071;1081,8370869580563
columna_70x70;0,0;1064;0,006384000000000072;1082,154733877827
columna_70x70;0,0;1065;0,006390000000000073;1082,472354276959
columna_70x70;0,0;1066;0,006396000000000072;1082,7899481458549
columna_70x70;0,0;1067;0,006402000000000072;1083,1075154749142
columna_70x70;0,0;1068;0,0064080000000000725;1083,425056254525
columna_70x70;0,0;1069;0,006414000000000073;1083,7425704750706
columna_70x70;0,0;1070;0,006420000000000072;1084,060058126929
columna_70x70;0,0;1071;0,006426000000000073;1084,3775192004705
columna_70x70;0,0;1072;0,006432000000000073;1084,69495368606
columna_70x70;0,0;1073;0,006438000000000072;1085,012361574055
columna_70x70;0,0;1074;0,006444000000000073;1085,3297428548044
columna_70x70;0,0;1075;0,006450000000000074;1085,6470975186562
columna_70x70;0,0;1076;0,006456000000000074;1085,9644255559458
columna_70x70;0,0;1077;0,006462000000000074;1086,2817269570087
columna_70x70;0,0;1078;0,0064680000000000735;1086,5990017121653
columna_70x70;0,0;1079;0,006474000000000074;1086,9162498117337
columna_70x70;0,0;1080;0,006480000000000073;1087,233471246031
columna_70x70;0,0;1081;0,006486000000000074;1087,5506660053568
columna_70x70;0,0;1082;0,006492000000000074;1087,8678340800159
columna_70x70;0,0;1083;0,006498000000000075;1088,1849754602956
columna_70x70;0,0;1084;0,006504000000000074;1088,5020901364833
columna_70x70;0,0;1085;0,006510000000000075;1088,819178098858
columna_70x70;0,0;1086;0,006516000000000075;1089,1362393376908
columna_70x70;0,0;1087;0,0065220000000000755;1089,453273843252
columna_70x70;0,0;1088;0,0065280000000000745;1089,732216299514
columna_70x70;0,0;1089;0,006534000000000075;1089,8386525102837
columna_70x70;0,0;1090;0,006540000000000076;1089,9450767122623
columna_70x70;0,0;1091;0,006546000000000075;1090,0514889023082
columna_70x70;0,0;1092;0,006552000000000075;1090,1578890772928
columna_70x70;0,0;1093;0,006558000000000076;1090,2642772340844
columna_70x70;0,0;1094;0,006564000000000077;1090,3706533695529
columna_70x70;0,0;1095;0,006570000000000076;1090,4770174805644
columna_70x70;0,0;1096;0,006576000000000077;1090,5833695639835
columna_70x70;0,0;1097;0,0065820000000000765;1090,6897096166765
columna_70x70;0,0;1098;0,006588000000000077;1090,796037635505
columna_70x70;0,0;1099;0,006594000000000076;1090,9023536173286
columna_70x70;0,0;1100;0,006600000000000077;1091,008657559008
columna_70x70;0,0;1101;0,006606000000000077;1091,1149494574
columna_70x70;0,0;1102;0,006612000000000077;1091,2212293093623
columna_70x70;0,0;1103;0,006618000000000077;1091,3274971117505
columna_70x70;0,0;1104;0,006624000000000078;1091,4337528614153
columna_70x70;0,0;1105;0,006630000000000078;1091,539996555212
columna_70x70;0,0;1106;0,006636000000000078;1091,6462281899874
columna_70x70;0,0;1107;0,0066420000000000775;1091,7524477625916
columna_70x70;0,0;1108;0,006648000000000078;1091,8586552698757
columna_70x70;0,0;1109;0,006654000000000079;1091,9648507086765
columna_70x70;0,0;1110;0,006660000000000078;1092,0710340758485
columna_70x70;0,0;1111;0,006666000000000078;1092,1772053682278
columna_70x70;0,0;1112;0,006672000000000079;1092,283364582659
columna_70x70;0,0;1113;0,006678000000000078;1092,3895117159823
columna_70x70;0,0;1114;0,006684000000000079;1092,4956467650284
columna_70x70;0,0;1115;0,0066900000000000796;1092,6017697266439
columna_70x70;0,0;1116;0,0066960000000000795;1092,7078805976587
columna_70x70;0,0;1117;0,006702000000000079;1092,8139793749076
columna_70x70;0,0;1118;0,006708000000000079;1092,9200660552226
columna_70x70;0,0;1119;0,00671400000000008;1093,0261406354336
columna_70x70;0,0;1120;0,00672000000000008;1093,1322031123705
columna_70x70;0,0;1121;0,00672600000000008;1093,2382534828598
columna_70x70;0,0;1122;0,00673200000000008;1093,3442917437271
columna_70x70;0,0;1123;0,006738000000000081;1093,4503178917985
columna_70x70;0,0;1124;0,00674400000000008;1093,5563319238959
columna_70x70;0,0;1125;0,006750000000000081;1093,6623338368404
columna_70x70;0,0;1126;0,0067560000000000805;1093,7683236274513
columna_70x70;0,0;1127;0,006762000000000081;1093,8744471750879
columna_70x70;0,0;1128;0,00676800000000008;1093,9984798656458
columna_70x70;0,0;1129;0,006774000000000081;1094,1224987926719
columna_70x70;0,0;1130;0,006780000000000081;1094,2465039523538
columna_70x70;0,0;1131;0,006786000000000082;1094,370495340902
columna_70x70;0,0;1132;0,006792000000000081;1094,494472954525
columna_70x70;0,0;1133;0,006798000000000082;1094,6184367894261
columna_70x70;0,0;1134;0,0068040000000000826;1094,7423868418107
columna_70x70;0,0;1135;0,006810000000000082;1094,8663231078806
columna_70x70;0,0;1136;0,006816000000000082;1094,9902455838323
columna_70x70;0,0;1137;0,006822000000000082;1095,1141542658675
columna_70x70;0,0;1138;0,006828000000000083;1095,2380491501792
columna_70x70;0,0;1139;0,006834000000000082;1095,361930232961
columna_70x70;0,0;1140;0,006840000000000083;1095,4857975104082
columna_70x70;0,0;1141;0,006846000000000083;1095,6096509787048
columna_70x70;0,0;1142;0,006852000000000084;1095,7334906340457
columna_70x70;0,0;1143;0,006858000000000083;1095,8573164726122
columna_70x70;0,0;1144;0,006864000000000084;1095,9811284905886
columna_70x70;0,0;1145;0,0068700000000000835;1096,1049266841583
columna_70x70;0,0;1146;0,0068760000000000834;1096,228711049502
columna_70x70;0,0;1147;0,006882000000000083;1096,352481582795
columna_70x70;0,0;1148;0,006888000000000084;1096,476238280216
columna_70x70;0,0;1149;0,006894000000000084;1096,5999811379365
columna_70x70;0,0;1150;0,006900000000000084;1096,7237101521316
columna_70x70;0,0;1151;0,006906000000000084;1096,8474253189697
columna_70x70;0,0;1152;0,006912000000000085;1096,9711266346205
columna_70x70;0,0;1153;0,0069180000000000855;1097,0948140952478
columna_70x70;0,0;1154;0,006924000000000085;1097,2184876970184
columna_70x70;0,0;1155;0,006930000000000085;1097,3421474360941
columna_70x70;0,0;1156;0,006936000000000085;1097,4657933086335
columna_70x70;0,0;1157;0,006942000000000084;1097,589425310797
columna_70x70;0,0;1158;0,006948000000000085;1097,7130434387404
columna_70x70;0,0;1159;0,006954000000000086;1097,8366476886165
columna_70x70;0,0;1160;0,006960000000000086;1097,960238056581
columna_70x70;0,0;1161;0,006966000000000086;1098,0838145387813
columna_70x70;0,0;1162;0,006972000000000086;1098,2073771313653
columna_70x70;0,0;1163;0,0069780000000000866;1098,3309258304828
columna_70x70;0,0;1164;0,0069840000000000865;1098,4544606322756
columna_70x70;0,0;1165;0,006990000000000086;1098,5779815328874
columna_70x70;0,0;1166;0,006996000000000086;1098,70148852846
columna_70x70;0,0;1167;0,007002000000000087;1098,8249816151267
columna_70x70;0,0;1168;0,007008000000000086;1098,9484607890274
columna_70x70;0,0;1169;0,007014000000000087;1099,0719260462995
columna_70x70;0,0;1170;0,007020000000000087;1099,1953773830699
columna_70x70;0,0;1171;0,007026000000000088;1099,3188147954709
columna_70x70;0,0;1172;0,007032000000000087;1099,4422382796345
columna_70x70;0,0;1173;0,007038000000000088;1099,5656478316794
columna_70x70;0,0;1174;0,007044000000000088;1099,6890434477382
columna_70x70;0,0;1175;0,007050000000000088;1099,812425123929
columna_70x70;0,0;1176;0,007056000000000087;1099,9357928563734
columna_70x70;0,0;1177;0,007062000000000088;1100,0591466411888
columna_70x70;0,0;1178;0,007068000000000089;1100,1824864744915
columna_70x70;0,0;1179;0,007074000000000088;1100,3058123523992
columna_70x70;0,0;1180;0,007080000000000089;1100,4291242710194
columna_70x70;0,0;1181;0,007086000000000089;1100,5524222264662
columna_70x70;0,0;1182;0,0070920000000000896;1100,6757062148451
columna_70x70;0,0;1183;0,007098000000000089;1100,7989762322627
columna_70x70;0,0;1184;0,007104000000000089;1100,9222322748262
columna_70x70;0,0;1185;0,007110000000000089;1101,045474338635
columna_70x70;0,0;1186;0,00711600000000009;1101,1687024197931
columna_70x70;0,0;1187;0,007122000000000089;1101,2919165143896
columna_70x70;0,0;1188;0,00712800000000009;1101,4151166185313
columna_70x70;0,0;1189;0,00713400000000009;1101,5383027283076
columna_70x70;0,0;1190;0,00714000000000009;1101,6614748398094
columna_70x70;0,0;1191;0,00714600000000009;1101,7846329491306
columna_70x70;0,0;1192;0,007152000000000091;1101,9077770523515
columna_70x70;0,0;1193;0,007158000000000091;1102,0309071455683
columna_70x70;0,0;1194;0,0071640000000000904;1102,1540232248587
columna_70x70;0,0;1195;0,00717000000000009;1102,2771252863051
columna_70x70;0,0;1196;0,007176000000000091;1102,4002133259899
columna_70x70;0,0;1197;0,00718200000000009;1102,5232873399875
columna_70x70;0,0;1198;0,007188000000000091;1102,6463473243764
columna_70x70;0,0;1199;0,007194000000000092;1102,7693932752284
columna_70x70;0,0;1200;0,007200000000000092;1102,8924251886158
columna_70x70;0,0;1201;0,007206000000000091;1103,0154430606099
columna_70x70;0,0;1202;0,007212000000000092;1103,1384468872752
columna_70x70;0,0;1203;0,007218000000000092;1103,26143666468
columna_70x70;0,0;1204;0,007224000000000092;1103,384412388886
columna_70x70;0,0;1205;0,007230000000000092;1103,5073740559553
columna_70x70;0,0;1206;0,007236000000000092;1103,6303216619485
columna_70x70;0,0;1207;0,007242000000000093;1103,7532552029202
columna_70x70;0,0;1208;0,007248000000000092;1103,8761746749278
columna_70x70;0,0;1209;0,007254000000000093;1103,9990800740231
columna_70x70;0,0;1210;0,007260000000000093;1104,1219713962587
columna_70x70;0,0;1211;0,0072660000000000936;1104,2448486376818
columna_70x70;0,0;1212;0,007272000000000093;1104,3677117943416
columna_70x70;0,0;1213;0,007278000000000093;1104,4905608622798
columna_70x70;0,0;1214;0,007284000000000093;1104,6133958375408
columna_70x70;0,0;1215;0,007290000000000094;1104,7362167161666
columna_70x70;0,0;1216;0,007296000000000093;1104,8590234941967
columna_70x70;0,0;1217;0,007302000000000094;1104,9818161676642
columna_70x70;0,0;1218;0,007308000000000095;1105,1045947326052
columna_70x70;0,0;1219;0,007314000000000094;1105,227359185054
columna_70x70;0,0;1220;0,007320000000000094;1105,3501095210377
columna_70x70;0,0;1221;0,007326000000000095;1105,4728457365868
columna_70x70;0,0;1222;0,007332000000000095;1105,5955678277273
columna_70x70;0,0;1223;0,0073380000000000944;1105,7182757904834
columna_70x70;0,0;1224;0,007344000000000095;1105,8409696208757
columna_70x70;0,0;1225;0,007350000000000095;1105,9636493149258
columna_70x70;0,0;1226;0,007356000000000096;1106,0863148686508
columna_70x70;0,0;1227;0,007362000000000095;1106,2089662780645
columna_70x70;0,0;1228;0,007368000000000096;1106,3316035391842
columna_70x70;0,0;1229;0,007374000000000096;1106,4542266480205
columna_70x70;0,0;1230;0,007380000000000096;1106,5768356005815
columna_70x70;0,0;1231;0,007386000000000096;1106,6994303928773
columna_70x70;0,0;1232;0,007392000000000096;1106,8220110209077
columna_70x70;0,0;1233;0,007398000000000096;1106,9445774806818
columna_70x70;0,0;1234;0,007404000000000096;1107,0671297681968
columna_70x70;0,0;1235;0,007410000000000096;1107,1896678794546
columna_70x70;0,0;1236;0,007416000000000097;1107,31219181045
columna_70x70;0,0;1237;0,007422000000000098;1107,4347015571796
columna_70x70;0,0;1238;0,007428000000000097;1107,5571971156323
columna_70x70;0,0;1239;0,007434000000000097;1107,6796784818025
columna_70x70;0,0;1240;0,007440000000000098;1107,8021456516763
columna_70x70;0,0;1241;0,007446000000000097;1107,9245986212413
columna_70x70;0,0;1242;0,0074520000000000974;1108,047037386481
columna_70x70;0,0;1243;0,007458000000000098;1108,1694619433802
columna_70x70;0,0;1244;0,007464000000000098;1108,2918722879149
columna_70x70;0,0;1245;0,007470000000000098;1108,4142684160634
columna_70x70;0,0;1246;0,007476000000000098;1108,536650323802
columna_70x70;0,0;1247;0,007482000000000099;1108,6590180071075
columna_70x70;0,0;1248;0,007488000000000099;1108,7813714619476
columna_70x70;0,0;1249;0,007494000000000099;1108,9037106842916
columna_70x70;0,0;1250;0,007500000000000099;1109,0260356701096
columna_70x70;0,0;1251;0,007506000000000099;1109,1483464153616
columna_70x70;0,0;1252;0,0075120000000000985;1109,270642916015
columna_70x70;0,0;1253;0,007518000000000099;1109,3929251680297
columna_70x70;0,0;1254;0,007524000000000099;1109,5151931673645
columna_70x70;0,0;1255;0,0075300000000001;1109,6374469099737
columna_70x70;0,0;1256;0,007536000000000099;1109,7596863918143
columna_70x70;0,0;1257;0,0075420000000001;1109,8819116088373
columna_70x70;0,0;1258;0,0075480000000001;1110,0041225569953
columna_70x70;0,0;1259;0,0075540000000001006;1110,1263192322301
columna_70x70;0,0;1260;0,0075600000000001;1110,248501630494
columna_70x70;0,0;1261;0,0075660000000001;1110,3706697477267
columna_70x70;0,0;1262;0,007572000000000101;1110,4928235798723
columna_70x70;0,0;1263;0,0075780000000001;1110,614963122867
columna_70x70;0,0;1264;0,007584000000000101;1110,7370883726524
columna_70x70;0,0;1265;0,007590000000000101;1110,859199325157
columna_70x70;0,0;1266;0,007596000000000102;1110,9812959763212
columna_70x70;0,0;1267;0,007602000000000101;1111,103378322072
columna_70x70;0,0;1268;0,007608000000000102;1111,2254463583374
columna_70x70;0,0;1269;0,007614000000000102;1111,347500081045
columna_70x70;0,0;1270;0,007620000000000102;1111,4695394861192
columna_70x70;0,0;1271;0,0076260000000001014;1111,5915645694788
columna_70x70;0,0;1272;0,007632000000000102;1111,7135753270481
columna_70x70;0,0;1273;0,007638000000000102;1111,8355717547431
columna_70x70;0,0;1274;0,007644000000000102;1111,9575538484787
columna_70x70;0,0;1275;0,007650000000000102;1112,0795216041718
columna_70x70;0,0;1276;0,007656000000000103;1112,2014750177277
columna_70x70;0,0;1277;0,007662000000000103;1112,3234140850593
columna_70x70;0,0;1278;0,007668000000000103;1112,445338802071
columna_70x70;0,0;1279;0,007674000000000103;1112,5672491646733
columna_70x70;0,0;1280;0,007680000000000103;1112,6891451687623
columna_70x70;0,0;1281;0,007686000000000104;1112,81102681024
columna_70x70;0,0;1282;0,007692000000000103;1112,9328940850064
columna_70x70;0,0;1283;0,007698000000000104;1113,0547469889548
columna_70x70;0,0;1284;0,007704000000000104;1113,1765855179806
columna_70x70;0,0;1285;0,007710000000000103;1113,2984096679766
columna_70x70;0,0;1286;0,007716000000000104;1113,4202194348288
columna_70x70;0,0;1287;0,007722000000000105;1113,542014814428
columna_70x70;0,0;1288;0,007728000000000105;1113,663795802657
columna_70x70;0,0;1289;0,0077340000000001045;1113,7855623953988
columna_70x70;0,0;1290;0,0077400000000001044;1113,9073145885345
columna_70x70;0,0;1291;0,007746000000000105;1114,0290523779404
columna_70x70;0,0;1292;0,007752000000000105;1114,1507757594982
columna_70x70;0,0;1293;0,007758000000000105;1114,2832105123643
columna_70x70;0,0;1294;0,007764000000000105;1114,4166494707945
columna_70x70;0,0;1295;0,007770000000000106;1114,5515330023304
columna_70x70;0,0;1296;0,007776000000000105;1114,6864005305263
columna_70x70;0,0;1297;0,007782000000000106;1114,821252050597
columna_70x70;0,0;1298;0,007788000000000106;1114,9560875577797
columna_70x70;0,0;1299;0,007794000000000106;1115,0909070473028
columna_70x70;0,0;1300;0,0078000000000001055;1115,2257105144
columna_70x70;0,0;1301;0,007806000000000106;1115,3604979542943
columna_70x70;0,0;1302;0,007812000000000107;1115,4952693622163
columna_70x70;0,0;1303;0,007818000000000108;1115,6300247333845
columna_70x70;0,0;1304;0,007824000000000107;1115,7647640630182
columna_70x70;0,0;1305;0,007830000000000108;1115,8994873463355
columna_70x70;0,0;1306;0,007836000000000107;1116,0341945785501
columna_70x70;0,0;1307;0,007842000000000106;1116,1688857548725
columna_70x70;0,0;1308;0,007848000000000107;1116,3035608705118
columna_70x70;0,0;1309;0,007854000000000107;1116,438219920677
columna_70x70;0,0;1310;0,007860000000000108;1116,572862900564
columna_70x70;0,0;1311;0,007866000000000107;1116,7074898053813
columna_70x70;0,0;1312;0,007872000000000108;1116,842100630323
columna_70x70;0,0;1313;0,007878000000000109;1116,9766953705855
columna_70x70;0,0;1314;0,007884000000000108;1117,1112740213607
columna_70x70;0,0;1315;0,007890000000000109;1117,2458365778407
columna_70x70;0,0;1316;0,007896000000000108;1117,380383035209
columna_70x70;0,0;1317;0,007902000000000109;1117,5149133886528
columna_70x70;0,0;1318;0,007908000000000108;1117,6494276333526
columna_70x70;0,0;1319;0,007914000000000108;1117,783925764488
columna_70x70;0,0;1320;0,00792000000000011;1117,9184077772375
columna_70x70;0,0;1321;0,00792600000000011;1118,052873666772
columna_70x70;0,0;1322;0,007932000000000109;1118,1873234282632
columna_70x70;0,0;1323;0,00793800000000011;1118,3217570568795
columna_70x70;0,0;1324;0,00794400000000011;1118,4561745477856
columna_70x70;0,0;1325;0,00795000000000011;1118,590575896148
columna_70x70;0,0;1326;0,007956000000000109;1118,724961097123
columna_70x70;0,0;1327;0,00796200000000011;1118,859330145871
columna_70x70;0,0;1328;0,00796800000000011;1118,9936830375434
columna_70x70;0,0;1329;0,00797400000000011;1119,1280197672936
columna_70x70;0,0;1330;0,00798000000000011;1119,262340330273
columna_70x70;0,0;1331;0,007986000000000111;1119,3966447216255
columna_70x70;0,0;1332;0,007992000000000112;1119,5309329364952
columna_70x70;0,0;1333;0,007998000000000111;1119,6652049700265
columna_70x70;0,0;1334;0,008004000000000112;1119,7994608173524
columna_70x70;0,0;1335;0,00801000000000011;1119,933700473612
columna_70x70;0,0;1336;0,008016000000000112;1120,067923933938
columna_70x70;0,0;1337;0,00802200000000011;1120,20213119346
columna_70x70;0,0;1338;0,008028000000000111;1120,3363222473042
columna_70x70;0,0;1339;0,008034000000000112;1120,4704970905982
columna_70x70;0,0;1340;0,008040000000000111;1120,6046557184616
columna_70x70;0,0;1341;0,008046000000000112;1120,7387981260147
columna_70x70;0,0;1342;0,008052000000000113;1120,872924308373
columna_70x70;0,0;1343;0,008058000000000114;1121,00703426065
columna_70x70;0,0;1344;0,008064000000000113;1121,141127977958
columna_70x70;0,0;1345;0,008070000000000112;1121,2752054554044
columna_70x70;0,0;1346;0,008076000000000113;1121,4092666880933
columna_70x70;0,0;1347;0,008082000000000112;1121,5433116711283
columna_70x70;0,0;1348;0,008088000000000112;1121,677340399612
columna_70x70;0,0;1349;0,008094000000000113;1121,8113528686388
columna_70x70;0,0;1350;0,008100000000000114;1121,945349073301
columna_70x70;0,0;1351;0,008106000000000113;1122,0793290086945
columna_70x70;0,0;1352;0,008112000000000114;1122,2132926699037
columna_70x70;0,0;1353;0,008118000000000115;1122,3472400520193
columna_70x70;0,0;1354;0,008124000000000114;1122,4811711501206
columna_70x70;0,0;1355;0,008130000000000115;1122,6150859592894
columna_70x70;0,0;1356;0,008136000000000114;1122,7489844746049
columna_70x70;0,0;1357;0,008142000000000114;1122,8828666911388
columna_70x70;0,0;1358;0,008148000000000113;1123,016732603966
columna_70x70;0,0;1359;0,008154000000000114;1123,1505822081538
columna_70x70;0,0;1360;0,008160000000000115;1123,2844154987697
columna_70x70;0,0;1361;0,008166000000000116;1123,4182324708777
columna_70x70;0,0;1362;0,008172000000000115;1123,5520331195376
columna_70x70;0,0;1363;0,008178000000000116;1123,6858174398092
columna_70x70;0,0;1364;0,008184000000000115;1123,8195854267467
columna_70x70;0,0;1365;0,008190000000000116;1123,9533370754014
columna_70x70;0,0;1366;0,008196000000000115;1124,0870723808252
columna_70x70;0,0;1367;0,008202000000000115;1124,2207913380646
columna_70x70;0,0;1368;0,008208000000000116;1124,3544939421618
columna_70x70;0,0;1369;0,008214000000000115;1124,4881801881577
columna_70x70;0,0;1370;0,008220000000000116;1124,6218500710972
columna_70x70;0,0;1371;0,008226000000000117;1124,7555035860066
columna_70x70;0,0;1372;0,008232000000000118;1124,8891407279243
columna_70x70;0,0;1373;0,008238000000000117;1125,02276149188
columna_70x70;0,0;1374;0,008244000000000118;1125,1563658728976
columna_70x70;0,0;1375;0,008250000000000117;1125,2899538660054
columna_70x70;0,0;1376;0,008256000000000117;1125,423525466224
columna_70x70;0,0;1377;0,008262000000000116;1125,55708066857
columna_70x70;0,0;1378;0,008268000000000117;1125,6906194680607
columna_70x70;0,0;1379;0,008274000000000118;1125,8241418597072
columna_70x70;0,0;1380;0,008280000000000117;1125,9576478385252
columna_70x70;0,0;1381;0,008286000000000118;1126,0911373995139
columna_70x70;0,0;1382;0,008292000000000119;1126,2246105376835
columna_70x70;0,0;1383;0,008298000000000118;1126,358067248034
columna_70x70;0,0;1384;0,008304000000000119;1126,4915075255622
columna_70x70;0,0;1385;0,008310000000000118;1126,624931365268
columna_70x70;0,0;1386;0,008316000000000118;1126,7583387621414
columna_70x70;0,0;1387;0,00832200000000012;1126,8917297111745
columna_70x70;0,0;1388;0,008328000000000118;1127,025104207352
columna_70x70;0,0;1389;0,008334000000000119;1127,1584622456614
columna_70x70;0,0;1390;0,00834000000000012;1127,2918038210798
columna_70x70;0,0;1391;0,008346000000000119;1127,4251289285924
columna_70x70;0,0;1392;0,00835200000000012;1127,55843756317
columna_70x70;0,0;1393;0,00835800000000012;1127,6917297197867
columna_70x70;0,0;1394;0,00836400000000012;1127,8250053934137
columna_70x70;0,0;1395;0,00837000000000012;1127,958264579017
columna_70x70;0,0;1396;0,00837600000000012;1128,0915072715623
columna_70x70;0,0;1397;0,00838200000000012;1128,2247334660085
columna_70x70;0,0;1398;0,008388000000000121;1128,357943157318
columna_70x70;0,0;1399;0,00839400000000012;1128,4911363404444
columna_70x70;0,0;1400;0,008400000000000121;1128,6243130103392
columna_70x70;0,0;1401;0,008406000000000122;1128,7574731619543
columna_70x70;0,0;1402;0,00841200000000012;1128,8906167902344
columna_70x70;0,0;1403;0,008418000000000122;1129,0237438901281
columna_70x70;0,0;1404;0,00842400000000012;1129,1568544565719
columna_70x70;0,0;1405;0,008430000000000121;1129,2899484845059
columna_70x70;0,0;1406;0,00843600000000012;1129,4230259688668
columna_70x70;0,0;1407;0,008442000000000121;1129,556086904586
columna_70x70;0,0;1408;0,008448000000000122;1129,6891312865926
columna_70x70;0,0;1409;0,008454000000000123;1129,8221591098134
columna_70x70;0,0;1410;0,008460000000000122;1129,9551703691725
columna_70x70;0,0;1411;0,008466000000000123;1130,0881650595913
columna_70x70;0,0;1412;0,008472000000000124;1130,2211431759872
columna_70x70;0,0;1413;0,008478000000000123;1130,3541047132746
columna_70x70;0,0;1414;0,008484000000000123;1130,4870496663661
columna_70x70;0,0;1415;0,008490000000000122;1130,6199780301724
columna_70x70;0,0;1416;0,008496000000000123;1130,7528897995956
columna_70x70;0,0;1417;0,008502000000000122;1130,885784969545
columna_70x70;0,0;1418;0,008508000000000123;1131,0186635349173
columna_70x70;0,0;1419;0,008514000000000124;1131,1515254906108
columna_70x70;0,0;1420;0,008520000000000125;1131,284370831516
columna_70x70;0,0;1421;0,008526000000000124;1131,4171995525314
columna_70x70;0,0;1422;0,008532000000000125;1131,5500116485405
columna_70x70;0,0;1423;0,008538000000000124;1131,6828071144319
columna_70x70;0,0;1424;0,008544000000000124;1131,8155859450874
columna_70x70;0,0;1425;0,008550000000000123;1131,9483481353839
columna_70x70;0,0;1426;0,008556000000000124;1132,081093680205
columna_70x70;0,0;1427;0,008562000000000125;1132,2138225744197
columna_70x70;0,0;1428;0,008568000000000124;1132,3465348128982
columna_70x70;0,0;1429;0,008574000000000125;1132,4792303905087
columna_70x70;0,0;1430;0,008580000000000126;1132,611909302121
columna_70x70;0,0;1431;0,008586000000000127;1132,7445715425906
columna_70x70;0,0;1432;0,008592000000000126;1132,8772171067797
columna_70x70;0,0;1433;0,008598000000000126;1133,0098459895457
columna_70x70;0,0;1434;0,008604000000000125;1133,1424581857395
columna_70x70;0,0;1435;0,008610000000000124;1133,2750536902104
columna_70x70;0,0;1436;0,008616000000000125;1133,4076324978096
columna_70x70;0,0;1437;0,008622000000000126;1133,5401946033776
columna_70x70;0,0;1438;0,008628000000000127;1133,6727400017564
columna_70x70;0,0;1439;0,008634000000000126;1133,8052686877859
columna_70x70;0,0;1440;0,008640000000000127;1133,9377806562984
columna_70x70;0,0;1441;0,008646000000000128;1134,070275902128
columna_70x70;0,0;1442;0,008652000000000127;1134,2027544201028
columna_70x70;0,0;1443;0,008658000000000127;1134,3352162050526
columna_70x70;0,0;1444;0,008664000000000126;1134,4676612517947
columna_70x70;0,0;1445;0,008670000000000127;1134,6000895551529
columna_70x70;0,0;1446;0,008676000000000126;1134,7325011099456
columna_70x70;0,0;1447;0,008682000000000127;1134,8648959109837
columna_70x70;0,0;1448;0,008688000000000128;1134,9972739530801
columna_70x70;0,0;1449;0,008694000000000129;1135,1296352310444
columna_70x70;0,0;1450;0,008700000000000128;1135,2619797396803
columna_70x70;0,0;1451;0,008706000000000129;1135,3943074737883
columna_70x70;0,0;1452;0,00871200000000013;1135,52661842817
columna_70x70;0,0;1453;0,008718000000000128;1135,6589125976225
columna_70x70;0,0;1454;0,008724000000000127;1135,7911899769363
columna_70x70;0,0;1455;0,008730000000000128;1135,9234505609015
columna_70x70;0,0;1456;0,008736000000000129;1136,0556943443069
columna_70x70;0,0;1457;0,008742000000000128;1136,187921321934
columna_70x70;0,0;1458;0,008748000000000129;1136,3201314885691
columna_70x70;0,0;1459;0,00875400000000013;1136,4523248389835
columna_70x70;0,0;1460;0,00876000000000013;1136,584501367955
columna_70x70;0,0;1461;0,00876600000000013;1136,7166610702557
columna_70x70;0,0;1462;0,00877200000000013;1136,848803940656
columna_70x70;0,0;1463;0,00877800000000013;1136,9809299739172
columna_70x70;0,0;1464;0,00878400000000013;1137,1130391648064
columna_70x70;0,0;1465;0,00879000000000013;1137,2451315080814
columna_70x70;0,0;1466;0,00879600000000013;1137,3772069984968
columna_70x70;0,0;1467;0,008802000000000131;1137,5092656308111
columna_70x70;0,0;1468;0,00880800000000013;1137,6413073997712
columna_70x70;0,0;1469;0,00881400000000013;1137,7733323001244
columna_70x70;0,0;1470;0,008820000000000132;1137,905340326617
columna_70x70;0,0;1471;0,008826000000000132;1138,0373314739886
columna_70x70;0,0;1472;0,008832000000000131;1138,1693057369775
columna_70x70;0,0;1473;0,00883800000000013;1138,3012631103197
columna_70x70;0,0;1474;0,008844000000000131;1138,433203588747
columna_70x70;0,0;1475;0,00885000000000013;1138,5651271669867
columna_70x70;0,0;1476;0,008856000000000131;1138,697033839769
columna_70x70;0,0;1477;0,008862000000000132;1138,828923601813
columna_70x70;0,0;1478;0,008868000000000133;1138,9607964478382
columna_70x70;0,0;1479;0,008874000000000132;1139,0926523725634
columna_70x70;0,0;1480;0,008880000000000133;1139,2244913706993
columna_70x70;0,0;1481;0,008886000000000133;1139,3563134369613
columna_70x70;0,0;1482;0,008892000000000132;1139,4881185660506
columna_70x70;0,0;1483;0,008898000000000133;1139,6199067526773
columna_70x70;0,0;1484;0,008904000000000132;1139,7516779915366
columna_70x70;0,0;1485;0,008910000000000133;1139,8834322773307
columna_70x70;0,0;1486;0,008916000000000132;1140,0151696047544
columna_70x70;0,0;1487;0,008922000000000133;1140,146889968498
columna_70x70;0,0;1488;0,008928000000000134;1140,2785933632504
columna_70x70;0,0;1489;0,008934000000000135;1140,4102797836988
columna_70x70;0,0;1490;0,008940000000000134;1140,541949224523
columna_70x70;0,0;1491;0,008946000000000134;1140,6736016804025
columna_70x70;0,0;1492;0,008952000000000133;1140,8052371460155
columna_70x70;0,0;1493;0,008958000000000134;1140,9368556160355
columna_70x70;0,0;1494;0,008964000000000133;1141,0684570851301
columna_70x70;0,0;1495;0,008970000000000134;1141,2000415479688
columna_70x70;0,0;1496;0,008976000000000135;1141,3316089992127
columna_70x70;0,0;1497;0,008982000000000134;1141,4631594335222
columna_70x70;0,0;1498;0,008988000000000135;1141,5946928455567
columna_70x70;0,0;1499;0,008994000000000136;1141,7262092299713
columna_70x70;0,0;1500;0,009000000000000136;1141,8577085814131
columna_70x70;0,0;1501;0,009006000000000135;1141,9891908945333
columna_70x70;0,0;1502;0,009012000000000136;1142,1206561639751
columna_70x70;0,0;1503;0,009018000000000135;1142,2521043843822
columna_70x70;0,0;1504;0,009024000000000136;1142,3835355503907
columna_70x70;0,0;1505;0,009030000000000135;1142,5149496566378
columna_70x70;0,0;1506;0,009036000000000136;1142,6463466977532
columna_70x70;0,0;1507;0,009042000000000137;1142,777726668368
columna_70x70;0,0;1508;0,009048000000000136;1142,9090895631082
columna_70x70;0,0;1509;0,009054000000000137;1143,0404353765957
columna_70x70;0,0;1510;0,009060000000000137;1143,1717641034497
columna_70x70;0,0;1511;0,009066000000000136;1143,3030757382871
columna_70x70;0,0;1512;0,009072000000000137;1143,4343702757208
columna_70x70;0,0;1513;0,009078000000000136;1143,565647710361
columna_70x70;0,0;1514;0,009084000000000137;1143,6969080368144
columna_70x70;0,0;1515;0,009090000000000138;1143,8281512496847
columna_70x70;0,0;1516;0,009096000000000137;1143,9593773435704
columna_70x70;0,0;1517;0,009102000000000138;1144,090586313072
columna_70x70;0,0;1518;0,009108000000000139;1144,2217781527813
columna_70x70;0,0;1519;0,009114000000000138;1144,352952857289
columna_70x70;0,0;1520;0,009120000000000138;1144,4848805535717
columna_70x70;0,0;1521;0,00912600000000014;1144,6250995055232
columna_70x70;0,0;1522;0,009132000000000138;1144,765299809666
columna_70x70;0,0;1523;0,009138000000000139;1144,9054814599087
columna_70x70;0,0;1524;0,009144000000000138;1145,0456444501929
columna_70x70;0,0;1525;0,009150000000000139;1145,1857887744484
columna_70x70;0,0;1526;0,00915600000000014;1145,3259144266078
columna_70x70;0,0;1527;0,009162000000000139;1145,466021400596
columna_70x70;0,0;1528;0,00916800000000014;1145,6061096903331
columna_70x70;0,0;1529;0,00917400000000014;1145,7461792897407
columna_70x70;0,0;1530;0,00918000000000014;1145,88623019273
columna_70x70;0,0;1531;0,00918600000000014;1146,0262623932156
columna_70x70;0,0;1532;0,00919200000000014;1146,1662758851028
columna_70x70;0,0;1533;0,00919800000000014;1146,3062706622961
columna_70x70;0,0;1534;0,00920400000000014;1146,4462467186918
columna_70x70;0,0;1535;0,00921000000000014;1146,5862040481925
columna_70x70;0,0;1536;0,00921600000000014;1146,7261426446858
columna_70x70;0,0;1537;0,009222000000000142;1146,8660625020611
columna_70x70;0,0;1538;0,00922800000000014;1147,005963614204
columna_70x70;0,0;1539;0,009234000000000141;1147,1458459749947
columna_70x70;0,0;1540;0,009240000000000142;1147,285709578313
columna_70x70;0,0;1541;0,009246000000000141;1147,4255544180298
columna_70x70;0,0;1542;0,009252000000000142;1147,5653804880167
columna_70x70;0,0;1543;0,009258000000000141;1147,7051877821368
columna_70x70;0,0;1544;0,009264000000000142;1147,8449762942578
columna_70x70;0,0;1545;0,009270000000000141;1147,9847460182345
columna_70x70;0,0;1546;0,009276000000000142;1148,1244969479228
columna_70x70;0,0;1547;0,009282000000000143;1148,2642290771744
columna_70x70;0,0;1548;0,009288000000000143;1148,4039423998342
columna_70x70;0,0;1549;0,009294000000000142;1148,5436369097483
columna_70x70;0,0;1550;0,009300000000000143;1148,6833126007552
columna_70x70;0,0;1551;0,009306000000000142;1148,8229694666923
columna_70x70;0,0;1552;0,009312000000000143;1148,9626075013898
columna_70x70;0,0;1553;0,009318000000000142;1149,1022266986774
columna_70x70;0,0;1554;0,009324000000000143;1149,2418270523808
columna_70x70;0,0;1555;0,009330000000000144;1149,3814085563188
columna_70x70;0,0;1556;0,009336000000000143;1149,5209712043074
columna_70x70;0,0;1557;0,009342000000000144;1149,6605149901638
columna_70x70;0,0;1558;0,009348000000000144;1149,8000399076939
columna_70x70;0,0;1559;0,009354000000000145;1149,9395459507039
columna_70x70;0,0;1560;0,009360000000000144;1150,0790331129967
columna_70x70;0,0;1561;0,009366000000000145;1150,21850138837
columna_70x70;0,0;1562;0,009372000000000144;1150,3579507706172
columna_70x70;0,0;1563;0,009378000000000143;1150,4973812535293
columna_70x70;0,0;1564;0,009384000000000144;1150,6367928308923
columna_70x70;0,0;1565;0,009390000000000145;1150,7761854964892
columna_70x70;0,0;1566;0,009396000000000146;1150,9155592440982
columna_70x70;0,0;1567;0,009402000000000145;1151,054914067496
columna_70x70;0,0;1568;0,009408000000000145;1151,1942499604515
columna_70x70;0,0;1569;0,009414000000000146;1151,333566916734
columna_70x70;0,0;1570;0,009420000000000145;1151,472864930105
columna_70x70;0,0;1571;0,009426000000000146;1151,6121439943256
columna_70x70;0,0;1572;0,009432000000000145;1151,7514041031507
columna_70x70;0,0;1573;0,009438000000000146;1151,8906452503334
columna_70x70;0,0;1574;0,009444000000000145;1152,0298674296203
columna_70x70;0,0;1575;0,009450000000000146;1152,1690706347542
columna_70x70;0,0;1576;0,009456000000000147;1152,3082548594798
columna_70x70;0,0;1577;0,009462000000000147;1152,4474200975303
columna_70x70;0,0;1578;0,009468000000000146;1152,5865663426384
columna_70x70;0,0;1579;0,009474000000000147;1152,7256935885337
columna_70x70;0,0;1580;0,009480000000000148;1152,86480182894
columna_70x70;0,0;1581;0,009486000000000147;1153,00389105758
columna_70x70;0,0;1582;0,009492000000000146;1153,1366778838799
columna_70x70;0,0;1583;0,009498000000000147;1153,26415850957
columna_70x70;0,0;1584;0,009504000000000148;1153,391626401751
columna_70x70;0,0;1585;0,009510000000000147;1153,519081556114
columna_70x70;0,0;1586;0,009516000000000148;1153,6465239683716
columna_70x70;0,0;1587;0,009522000000000148;1153,7739536342278
columna_70x70;0,0;1588;0,00952800000000015;1153,9013705493874
columna_70x70;0,0;1589;0,009534000000000148;1154,028774709552
columna_70x70;0,0;1590;0,009540000000000149;1154,1561661104201
columna_70x70;0,0;1591;0,009546000000000148;1154,2835447476878
columna_70x70;0,0;1592;0,009552000000000149;1154,4109106170476
columna_70x70;0,0;1593;0,009558000000000148;1154,5382637141906
columna_70x70;0,0;1594;0,009564000000000149;1154,6656040348046
columna_70x70;0,0;1595;0,00957000000000015;1154,7929315745757
columna_70x70;0,0;1596;0,009576000000000149;1154,9202463291842
columna_70x70;0,0;1597;0,00958200000000015;1155,0475482943107
columna_70x70;0,0;1598;0,00958800000000015;1155,1748374656318
columna_70x70;0,0;1599;0,009594000000000151;1155,3021138388258
columna_70x70;0,0;1600;0,00960000000000015;1155,429377409558
columna_70x70;0,0;1601;0,00960600000000015;1155,5566281734998
columna_70x70;0,0;1602;0,00961200000000015;1155,6838661263196
columna_70x70;0,0;1603;0,009618000000000149;1155,8110912636805
columna_70x70;0,0;1604;0,00962400000000015;1155,938303581238
columna_70x70;0,0;1605;0,00963000000000015;1156,0655030746557
columna_70x70;0,0;1606;0,009636000000000151;1156,1926897395879
columna_70x70;0,0;1607;0,00964200000000015;1156,3198635716874
columna_70x70;0,0;1608;0,009648000000000151;1156,4470245665996
columna_70x70;0,0;1609;0,009654000000000152;1156,574172719977
columna_70x70;0,0;1610;0,009660000000000151;1156,7013080274623
columna_70x70;0,0;1611;0,009666000000000152;1156,8284304846948
columna_70x70;0,0;1612;0,009672000000000151;1156,9555400873166
columna_70x70;0,0;1613;0,009678000000000152;1157,082636830963
columna_70x70;0,0;1614;0,00968400000000015;1157,2097207112656
columna_70x70;0,0;1615;0,009690000000000152;1157,3367917238575
columna_70x70;0,0;1616;0,009696000000000152;1157,4638498643653
columna_70x70;0,0;1617;0,009702000000000153;1157,5908951284132
columna_70x70;0,0;1618;0,009708000000000152;1157,7179275116237
columna_70x70;0,0;1619;0,009714000000000153;1157,8449470096202
columna_70x70;0,0;1620;0,009720000000000152;1157,9719536180146
columna_70x70;0,0;1621;0,009726000000000153;1158,0989473324237
columna_70x70;0,0;1622;0,009732000000000152;1158,2259281484583
columna_70x70;0,0;1623;0,009738000000000153;1158,352896061726
columna_70x70;0,0;1624;0,009744000000000154;1158,4798510678324
columna_70x70;0,0;1625;0,009750000000000153;1158,6067931623825
columna_70x70;0,0;1626;0,009756000000000153;1158,7337223409738
columna_70x70;0,0;1627;0,009762000000000154;1158,8606385992045
columna_70x70;0,0;1628;0,009768000000000153;1158,9875419326722
columna_70x70;0,0;1629;0,00977400000000015;1159,1144323369656
columna_70x70;0,0;1630;0,009780000000000151;1159,2413098076747
columna_70x70;0,0;1631;0,00978600000000015;1159,3681743403845
columna_70x70;0,0;1632;0,00979200000000015;1159,4950259306806
columna_70x70;0,0;1633;0,009798000000000147;1159,6218645741417
columna_70x70;0,0;1634;0,009804000000000148;1159,748690266348
columna_70x70;0,0;1635;0,009810000000000147;1159,8755030028713
columna_70x70;0,0;1636;0,009816000000000146;1160,0023027792868
columna_70x70;0,0;1637;0,009822000000000143;1160,1290895911625
columna_70x70;0,0;1638;0,009828000000000144;1160,2558634340644
columna_70x70;0,0;1639;0,009834000000000143;1160,3826243035592
columna_70x70;0,0;1640;0,009840000000000142;1160,5093721952048
columna_70x70;0,0;1641;0,00984600000000014;1160,6361071045608
columna_70x70;0,0;1642;0,00985200000000014;1160,762829027182
columna_70x70;0,0;1643;0,00985800000000014;1160,889537958622
columna_70x70;0,0;1644;0,009864000000000138;1161,0162338944283
columna_70x70;0,0;1645;0,009870000000000136;1161,1429168301504
columna_70x70;0,0;1646;0,009876000000000136;1161,2695867613318
columna_70x70;0,0;1647;0,009882000000000135;1161,396243683511
columna_70x70;0,0;1648;0,009888000000000135;1161,5228875922292
columna_70x70;0,0;1649;0,009894000000000132;1161,6495184830228
columna_70x70;0,0;1650;0,009900000000000133;1161,7761363514219
columna_70x70;0,0;1651;0,009906000000000132;1161,9027411929565
columna_70x70;0,0;1652;0,00991200000000013;1162,0293330031554
columna_70x70;0,0;1653;0,009918000000000128;1162,1559117775407
columna_70x70;0,0;1654;0,009924000000000129;1162,2824775116349
columna_70x70;0,0;1655;0,009930000000000128;1162,4090302009565
columna_70x70;0,0;1656;0,009936000000000127;1162,5355698410222
columna_70x70;0,0;1657;0,009942000000000124;1162,662096427342
columna_70x70;0,0;1658;0,009948000000000125;1162,7886099554266
columna_70x70;0,0;1659;0,009954000000000124;1162,9151104207842
columna_70x70;0,0;1660;0,009960000000000123;1163,0415978189185
columna_70x70;0,0;1661;0,00996600000000012;1163,1680721453308
columna_70x70;0,0;1662;0,009972000000000121;1163,2945333955186
columna_70x70;0,0;1663;0,00997800000000012;1163,4209815649774
columna_70x70;0,0;1664;0,00998400000000012;1163,5474166491995
columna_70x70;0,0;1665;0,009990000000000117;1163,6738386436773
columna_70x70;0,0;1666;0,009996000000000118;1163,8002475438946
columna_70x70;0,0;1667;0,010002000000000115;1163,9266433453358
columna_70x70;0,0;1668;0,010008000000000114;1164,0530260434832
columna_70x70;0,0;1669;0,010014000000000113;1164,1793956338145
columna_70x70;0,0;1670;0,010020000000000114;1164,3057521118048
columna_70x70;0,0;1671;0,010026000000000113;1164,4320954729264
columna_70x70;0,0;1672;0,010032000000000112;1164,5584257126493
columna_70x70;0,0;1673;0,010038000000000111;1164,684742826438
columna_70x70;0,0;1674;0,01004400000000011;1164,8110468097586
columna_70x70;0,0;1675;0,010050000000000107;1164,937337658071
columna_70x70;0,0;1676;0,010056000000000107;1165,0636153668322
columna_70x70;0,0;1677;0,010062000000000106;1165,189879931497
columna_70x70;0,0;1678;0,010068000000000106;1165,3161313475196
columna_70x70;0,0;1679;0,010074000000000105;1165,442369610347
columna_70x70;0,0;1680;0,010080000000000105;1165,5685947154257
columna_70x70;0,0;1681;0,010086000000000104;1165,694806658198
columna_70x70;0,0;1682;0,010092000000000103;1165,821005434107
columna_70x70;0,0;1683;0,0100980000000001;1165,9471910385864
columna_70x70;0,0;1684;0,010104000000000099;1166,0733634670746
columna_70x70;0,0;1685;0,010110000000000098;1166,1995227149996
columna_70x70;0,0;1686;0,010116000000000099;1166,3256687777891
columna_70x70;0,0;1687;0,010122000000000098;1166,4518016508734
columna_70x70;0,0;1688;0,010128000000000097;1166,5779213296714
columna_70x70;0,0;1689;0,010134000000000096;1166,7040278096028
columna_70x70;0,0;1690;0,010140000000000095;1166,8301210860852
columna_70x70;0,0;1691;0,010146000000000092;1166,9562011545345
columna_70x70;0,0;1692;0,010152000000000092;1167,0822680103577
columna_70x70;0,0;1693;0,01015800000000009;1167,2083216489643
columna_70x70;0,0;1694;0,010164000000000091;1167,33436206576
columna_70x70;0,0;1695;0,01017000000000009;1167,4603892561443
columna_70x70;0,0;1696;0,01017600000000009;1167,586403215518
columna_70x70;0,0;1697;0,010182000000000089;1167,7124039392763
columna_70x70;0,0;1698;0,010188000000000088;1167,8383914228132
columna_70x70;0,0;1699;0,010194000000000085;1167,9643656615171
columna_70x70;0,0;1700;0,010200000000000084;1168,090326650777
columna_70x70;0,0;1701;0,010206000000000083;1168,2162743859742
columna_70x70;0,0;1702;0,010212000000000084;1168,3422088624914
columna_70x70;0,0;1703;0,010218000000000083;1168,4681300757077
columna_70x70;0,0;1704;0,010224000000000082;1168,5940380209959
columna_70x70;0,0;1705;0,010230000000000081;1168,7199326937289
columna_70x70;0,0;1706;0,01023600000000008;1168,8458140892767
columna_70x70;0,0;1707;0,010242000000000077;1168,9716822030034
columna_70x70;0,0;1708;0,010248000000000076;1169,0975370302724
columna_70x70;0,0;1709;0,010254000000000076;1169,223378566445
columna_70x70;0,0;1710;0,010260000000000076;1169,349206806879
columna_70x70;0,0;1711;0,010266000000000075;1169,475021746926
columna_70x70;0,0;1712;0,010272000000000074;1169,6008233819384
columna_70x70;0,0;1713;0,010278000000000074;1169,726611707263
columna_70x70;0,0;1714;0,010284000000000073;1169,8523867182466
columna_70x70;0,0;1715;0,01029000000000007;1169,97814841023
columna_70x70;0,0;1716;0,010296000000000069;1170,1038967785494
columna_70x70;0,0;1717;0,010302000000000068;1170,2296318185481
columna_70x70;0,0;1718;0,010308000000000069;1170,3553535255512
columna_70x70;0,0;1719;0,010314000000000068;1170,4810618948902
columna_70x70;0,0;1720;0,010320000000000067;1170,6067569218937
columna_70x70;0,0;1721;0,010326000000000066;1170,7324386018854
columna_70x70;0,0;1722;0,010332000000000065;1170,858106930184
columna_70x70;0,0;1723;0,010338000000000062;1170,983761902108
columna_70x70;0,0;1724;0,010344000000000061;1171,1094035129743
columna_70x70;0,0;1725;0,01035000000000006;1171,235031758089
columna_70x70;0,0;1726;0,010356000000000061;1171,360646632765
columna_70x70;0,0;1727;0,01036200000000006;1171,4862481323069
columna_70x70;0,0;1728;0,01036800000000006;1171,611836252016
columna_70x70;0,0;1729;0,010374000000000059;1171,7374109871923
columna_70x70;0,0;1730;0,010380000000000058;1171,8629723331308
columna_70x70;0,0;1731;0,010386000000000055;1171,9885202851256
columna_70x70;0,0;1732;0,010392000000000054;1172,1140548384665
columna_70x70;0,0;1733;0,010398000000000053;1172,2395759884412
columna_70x70;0,0;1734;0,010404000000000054;1172,270945416649
columna_70x70;0,0;1735;0,010410000000000053;1172,301752350399
columna_70x70;0,0;1736;0,010416000000000052;1172,332553540791
columna_70x70;0,0;1737;0,010422000000000051;1172,3633489864435
columna_70x70;0,0;1738;0,01042800000000005;1172,394138685987
columna_70x70;0,0;1739;0,010434000000000047;1172,4249226380448
columna_70x70;0,0;1740;0,010440000000000046;1172,455700841247
columna_70x70;0,0;1741;0,010446000000000046;1172,4864732942142
columna_70x70;0,0;1742;0,010452000000000046;1172,51723999558
columna_70x70;0,0;1743;0,010458000000000045;1172,548000943959
columna_70x70;0,0;1744;0,010464000000000044;1172,5787561379836
columna_70x70;0,0;1745;0,010470000000000044;1172,6095055762698
columna_70x70;0,0;1746;0,010476000000000043;1172,6402492574466
columna_70x70;0,0;1747;0,01048200000000004;1172,6709871801315
columna_70x70;0,0;1748;0,010488000000000039;1172,7017193429494
columna_70x70;0,0;1749;0,010494000000000038;1172,7324457445166
columna_70x70;0,0;1750;0,010500000000000039;1172,7631663834577
columna_70x70;0,0;1751;0,010506000000000038;1172,7938812583898
columna_70x70;0,0;1752;0,010512000000000037;1172,8245903679344
columna_70x70;0,0;1753;0,010518000000000036;1172,8552937107092
columna_70x70;0,0;1754;0,010524000000000035;1172,8859912853281
columna_70x70;0,0;1755;0,010530000000000032;1172,916683090413
columna_70x70;0,0;1756;0,010536000000000031;1172,9473691245787
columna_70x70;0,0;1757;0,01054200000000003;1172,9780493864378
columna_70x70;0,0;1758;0,010548000000000031;1173,0087238746119
columna_70x70;0,0;1759;0,01055400000000003;1173,0393925877097
columna_70x70;0,0;1760;0,01056000000000003;1173,0700555243484
columna_70x70;0,0;1761;0,010566000000000028;1173,1007126831412
columna_70x70;0,0;1762;0,010572000000000028;1173,1313640627
columna_70x70;0,0;1763;0,010578000000000025;1173,1620096616364
columna_70x70;0,0;1764;0,010584000000000024;1173,192649478566
columna_70x70;0,0;1765;0,010590000000000023;1173,223283512093
columna_70x70;0,0;1766;0,010596000000000024;1173,2539117608314
columna_70x70;0,0;1767;0,010602000000000023;1173,2845342233893
columna_70x70;0,0;1768;0,010608000000000022;1173,3151508983785
columna_70x70;0,0;1769;0,010614000000000021;1173,3457617844065
columna_70x70;0,0;1770;0,01062000000000002;1173,3763668800789
columna_70x70;0,0;1771;0,010626000000000017;1173,4069661840026
columna_70x70;0,0;1772;0,010632000000000016;1173,437559694789
columna_70x70;0,0;1773;0,010638000000000015;1173,468147411038
columna_70x70;0,0;1774;0,010644000000000016;1173,4987293313598
columna_70x70;0,0;1775;0,010650000000000015;1173,5293054543529
columna_70x70;0,0;1776;0,010656000000000014;1173,5598757786274
columna_70x70;0,0;1777;0,010662000000000013;1173,5904403027819
columna_70x70;0,0;1778;0,010668000000000013;1173,6209990254238
columna_70x70;0,0;1779;0,01067400000000001;1173,651551945152
columna_70x70;0,0;1780;0,010680000000000009;1173,6820990605684
columna_70x70;0,0;1781;0,010686000000000008;1173,7126403702746
columna_70x70;0,0;1782;0,010692000000000009;1173,7431758728683
columna_70x70;0,0;1783;0,010698000000000008;1173,7737055669518
columna_70x70;0,0;1784;0,010704000000000007;1173,8042294511251
columna_70x70;0,0;1785;0,010710000000000006;1173,8347475239825
columna_70x70;0,0;1786;0,010716000000000005;1173,8652597841235
columna_70x70;0,0;1787;0,010722000000000002;1173,895766230146
columna_70x70;0,0;1788;0,010728000000000001;1173,9262668606436
columna_70x70;0,0;1789;0,010734;1173,9567616742163
columna_70x70;0,0;1790;0,010740000000000001;1173,987250669456
columna_70x70;0,0;1791;0,010746;1174,0177338449594
columna_70x70;0,0;1792;0,010752;1174,0482111993167
columna_70x70;0,0;1793;0,010757999999999998;1174,0786827311267
columna_70x70;0,0;1794;0,010763999999999998;1174,109148438974
columna_70x70;0,0;1795;0,010769999999999995;1174,139608321459
columna_70x70;0,0;1796;0,010775999999999994;1174,1700623771658
columna_70x70;0,0;1797;0,010781999999999993;1174,2005106046931
columna_70x70;0,0;1798;0,010787999999999994;1174,2309530026214
columna_70x70;0,0;1799;0,010793999999999993;1174,2613895695467
columna_70x70;0,0;1800;0,010799999999999992;1174,2918203040576
columna_70x70;0,0;1801;0,010805999999999991;1174,3222452047373
columna_70x70;0,0;1802;0,01081199999999999;1174,352664270179
columna_70x70;0,0;1803;0,010817999999999987;1174,3830774989651
columna_70x70;0,0;1804;0,010823999999999986;1174,4134848896838
columna_70x70;0,0;1805;0,010829999999999985;1174,443886440919
columna_70x70;0,0;1806;0,010835999999999986;1174,4742821512593
columna_70x70;0,0;1807;0,010841999999999985;1174,504672019285
columna_70x70;0,0;1808;0,010847999999999984;1174,5350560435809
columna_70x70;0,0;1809;0,010853999999999983;1174,56543422273
columna_70x70;0,0;1810;0,010859999999999983;1174,5958065553175
columna_70x70;0,0;1811;0,01086599999999998;1174,6261730399196
columna_70x70;0,0;1812;0,010871999999999979;1174,656533675122
columna_70x70;0,0;1813;0,010877999999999978;1174,6868884595015
columna_70x70;0,0;1814;0,010883999999999979;1174,7172373916405
columna_70x70;0,0;1815;0,010889999999999978;1174,747580470114
columna_70x70;0,0;1816;0,010895999999999977;1174,777917693507
columna_70x70;0,0;1817;0,010901999999999976;1174,808249060392
columna_70x70;0,0;1818;0,010907999999999975;1174,8385745693477
columna_70x70;0,0;1819;0,010913999999999972;1174,8688942189528
columna_70x70;0,0;1820;0,010919999999999971;1174,899208007779
columna_70x70;0,0;1821;0,01092599999999997;1174,929515934402
columna_70x70;0,0;1822;0,010931999999999971;1174,9598179974016
columna_70x70;0,0;1823;0,01093799999999997;1174,9904065339915
columna_70x70;0,0;1824;0,01094399999999997;1175,0293887352066
columna_70x70;0,0;1825;0,010949999999999968;1175,0683641957478
columna_70x70;0,0;1826;0,010955999999999968;1175,1073329138776
columna_70x70;0,0;1827;0,010961999999999965;1175,1462948878723
columna_70x70;0,0;1828;0,010967999999999964;1175,1852501159979
columna_70x70;0,0;1829;0,010973999999999963;1175,2241985965338
columna_70x70;0,0;1830;0,010979999999999964;1175,2631403277462
columna_70x70;0,0;1831;0,010985999999999963;1175,3020753079088
columna_70x70;0,0;1832;0,010991999999999962;1175,3410035352892
columna_70x70;0,0;1833;0,010997999999999961;1175,379925008158
columna_70x70;0,0;1834;0,01100399999999996;1175,4188397247813
columna_70x70;0,0;1835;0,011009999999999957;1175,457747683426
columna_70x70;0,0;1836;0,011015999999999956;1175,4966488823602
columna_70x70;0,0;1837;0,011021999999999955;1175,5355433198483
columna_70x70;0,0;1838;0,011027999999999956;1175,5744309941551
columna_70x70;0,0;1839;0,011033999999999955;1175,6133119035467
columna_70x70;0,0;1840;0,011039999999999954;1175,6521860462797
columna_70x70;0,0;1841;0,011045999999999953;1175,6910534206224
columna_70x70;0,0;1842;0,011051999999999952;1175,7299140248335
columna_70x70;0,0;1843;0,01105799999999995;1175,7687678571745
columna_70x70;0,0;1844;0,011063999999999949;1175,8076149159017
columna_70x70;0,0;1845;0,011069999999999948;1175,8464551992784
columna_70x70;0,0;1846;0,011075999999999949;1175,8852887055602
columna_70x70;0,0;1847;0,011081999999999948;1175,9241154330061
columna_70x70;0,0;1848;0,011087999999999947;1175,96293537987
columna_70x70;0,0;1849;0,011093999999999946;1176,0017485444057
columna_70x70;0,0;1850;0,011099999999999945;1176,0405549248726
columna_70x70;0,0;1851;0,011105999999999942;1176,0793545195206
columna_70x70;0,0;1852;0,011111999999999941;1176,1181473266058
columna_70x70;0,0;1853;0,01111799999999994;1176,156933344377
columna_70x70;0,0;1854;0,011123999999999941;1176,1957125710871
columna_70x70;0,0;1855;0,01112999999999994;1176,2344850049858
columna_70x70;0,0;1856;0,01113599999999994;1176,2732506443242
columna_70x70;0,0;1857;0,011141999999999938;1176,3120094873505
columna_70x70;0,0;1858;0,011147999999999937;1176,3507615323085
columna_70x70;0,0;1859;0,011153999999999935;1176,3895067774506
columna_70x70;0,0;1860;0,011159999999999934;1176,4282452210211
columna_70x70;0,0;1861;0,011165999999999933;1176,4669768612664
columna_70x70;0,0;1862;0,011171999999999934;1176,5057016964276
columna_70x70;0,0;1863;0,011177999999999933;1176,5444197247489
columna_70x70;0,0;1864;0,011183999999999932;1176,5831309444773
columna_70x70;0,0;1865;0,011189999999999931;1176,6218353538504
columna_70x70;0,0;1866;0,01119599999999993;1176,6605329511103
columna_70x70;0,0;1867;0,011201999999999927;1176,6992237345
columna_70x70;0,0;1868;0,011207999999999926;1176,7379077022542
columna_70x70;0,0;1869;0,011213999999999925;1176,7765848526165
columna_70x70;0,0;1870;0,011219999999999926;1176,8152551838182
columna_70x70;0,0;1871;0,011225999999999925;1176,8539186941027
columna_70x70;0,0;1872;0,011231999999999924;1176,8925753817005
columna_70x70;0,0;1873;0,011237999999999923;1176,9312252448517
columna_70x70;0,0;1874;0,011243999999999922;1176,9698682817843
columna_70x70;0,0;1875;0,01124999999999992;1177,008504490737
columna_70x70;0,0;1876;0,011255999999999919;1177,0471338699415
columna_70x70;0,0;1877;0,011261999999999918;1177,085756417629
columna_70x70;0,0;1878;0,011267999999999919;1177,124372132028
columna_70x70;0,0;1879;0,011273999999999918;1177,1629810113732
columna_70x70;0,0;1880;0,011279999999999917;1177,2015830538878
columna_70x70;0,0;1881;0,011285999999999916;1177,2401782578067
columna_70x70;0,0;1882;0,011291999999999915;1177,2787666213503
columna_70x70;0,0;1883;0,011297999999999912;1177,3173481427514
columna_70x70;0,0;1884;0,011303999999999911;1177,3559228202312
columna_70x70;0,0;1885;0,01130999999999991;1177,3944906520176
columna_70x70;0,0;1886;0,011315999999999911;1177,43305163633
columna_70x70;0,0;1887;0,01132199999999991;1177,4716057713986
columna_70x70;0,0;1888;0,01132799999999991;1177,5101530554396
columna_70x70;0,0;1889;0,011333999999999908;1177,548693486677
columna_70x70;0,0;1890;0,011339999999999907;1177,5872270633288
columna_70x70;0,0;1891;0,011345999999999905;1177,62575378362
columna_70x70;0,0;1892;0,011351999999999904;1177,6642736457636
columna_70x70;0,0;1893;0,011357999999999903;1177,7027866479793
columna_70x70;0,0;1894;0,011363999999999904;1177,7412927884857
columna_70x70;0,0;1895;0,011369999999999903;1177,7797920654996
columna_70x70;0,0;1896;0,011375999999999902;1177,8182844772318
columna_70x70;0,0;1897;0,011381999999999901;1177,8567700219023
columna_70x70;0,0;1898;0,0113879999999999;1177,8952486977196
columna_70x70;0,0;1899;0,011393999999999897;1177,9337205028996
columna_70x70;0,0;1900;0,011399999999999896;1177,972185435653
columna_70x70;0,0;1901;0,011405999999999895;1178,010643494192
columna_70x70;0,0;1902;0,011411999999999896;1178,049094676725
columna_70x70;0,0;1903;0,011417999999999895;1178,0875389814619
columna_70x70;0,0;1904;0,011423999999999894;1178,1259764066112
columna_70x70;0,0;1905;0,011429999999999893;1178,1644069503805
columna_70x70;0,0;1906;0,011435999999999892;1178,2028306109771
columna_70x70;0,0;1907;0,01144199999999989;1178,2412473866048
columna_70x70;0,0;1908;0,011447999999999889;1178,279657275471
columna_70x70;0,0;1909;0,011453999999999888;1178,3180602757745
columna_70x70;0,0;1910;0,011459999999999889;1178,356456385726
columna_70x70;0,0;1911;0,011465999999999888;1178,3948456035214
columna_70x70;0,0;1912;0,011471999999999887;1178,4332279273647
columna_70x70;0,0;1913;0,011477999999999886;1178,4716033554564
columna_70x70;0,0;1914;0,011483999999999885;1178,5099718859967
columna_70x70;0,0;1915;0,011489999999999882;1178,548333517181
columna_70x70;0,0;1916;0,011495999999999881;1178,5866882472133
columna_70x70;0,0;1917;0,01150199999999988;1178,6250360742833
columna_70x70;0,0;1918;0,011507999999999881;1178,6633769965922
columna_70x70;0,0;1919;0,01151399999999988;1178,7017110123338
columna_70x70;0,0;1920;0,01151999999999988;1178,7400381196994
columna_70x70;0,0;1921;0,011525999999999878;1178,778358316888
columna_70x70;0,0;1922;0,011531999999999877;1178,8166716020894
columna_70x70;0,0;1923;0,011537999999999875;1178,854977973494
columna_70x70;0,0;1924;0,011543999999999874;1178,893277429295
columna_70x70;0,0;1925;0,011549999999999873;1178,9315699676808
columna_70x70;0,0;1926;0,011555999999999874;1178,9698555868392
columna_70x70;0,0;1927;0,011561999999999873;1179,0081342849612
columna_70x70;0,0;1928;0,011567999999999872;1179,046406060232
columna_70x70;0,0;1929;0,01157399999999987;1179,0846709108373
columna_70x70;0,0;1930;0,01157999999999987;1179,1229288349666
columna_70x70;0,0;1931;0,011585999999999867;1179,161179830799
columna_70x70;0,0;1932;0,011591999999999866;1179,1994238965228
columna_70x70;0,0;1933;0,011597999999999865;1179,237661030318
columna_70x70;0,0;1934;0,011603999999999866;1179,2758912303677
columna_70x70;0,0;1935;0,011609999999999865;1179,3141144948522
columna_70x70;0,0;1936;0,011615999999999864;1179,3523308219524
columna_70x70;0,0;1937;0,011621999999999863;1179,3905402098462
columna_70x70;0,0;1938;0,011627999999999862;1179,4287426567141
columna_70x70;0,0;1939;0,01163399999999986;1179,4669381607293
columna_70x70;0,0;1940;0,011639999999999859;1179,505126720074
columna_70x70;0,0;1941;0,011645999999999858;1179,543308332921
columna_70x70;0,0;1942;0,011651999999999859;1179,5814829974452
columna_70x70;0,0;1943;0,011657999999999858;1179,6196507118204
columna_70x70;0,0;1944;0,011663999999999857;1179,657811474218
columna_70x70;0,0;1945;0,011669999999999856;1179,695965282812
columna_70x70;0,0;1946;0,011675999999999855;1179,7341121357756
columna_70x70;0,0;1947;0,011681999999999852;1179,7722520312748
columna_70x70;0,0;1948;0,011687999999999851;1179,8103849674808
columna_70x70;0,0;1949;0,01169399999999985;1179,8485109425594
columna_70x70;0,0;1950;0,011699999999999851;1179,886629954685
columna_70x70;0,0;1951;0,01170599999999985;1179,9247420020176
columna_70x70;0,0;1952;0,01171199999999985;1179,9628470827276
columna_70x70;0,0;1953;0,011717999999999848;1180,0009451949743
columna_70x70;0,0;1954;0,011723999999999847;1180,0390363369281
columna_70x70;0,0;1955;0,011729999999999845;1180,0771205067476
columna_70x70;0,0;1956;0,011735999999999844;1180,115197702597
columna_70x70;0,0;1957;0,011741999999999843;1180,1532679226343
columna_70x70;0,0;1958;0,011747999999999844;1180,1913311650262
columna_70x70;0,0;1959;0,011753999999999843;1180,2293874279244
columna_70x70;0,0;1960;0,011759999999999842;1180,2674367094928
columna_70x70;0,0;1961;0,01176599999999984;1180,3054790078882
columna_70x70;0,0;1962;0,01177199999999984;1180,3435143212666
columna_70x70;0,0;1963;0,011777999999999837;1180,3815426477813
columna_70x70;0,0;1964;0,011783999999999836;1180,4195639855923
columna_70x70;0,0;1965;0,011789999999999835;1180,4575783328496
columna_70x70;0,0;1966;0,011795999999999836;1180,495585687708
columna_70x70;0,0;1967;0,011801999999999835;1180,5335860483194
columna_70x70;0,0;1968;0,011807999999999834;1180,5715794128328
columna_70x70;0,0;1969;0,011813999999999833;1180,6095657794012
columna_70x70;0,0;1970;0,011819999999999832;1180,6475451461763
columna_70x70;0,0;1971;0,01182599999999983;1180,6855175113003
columna_70x70;0,0;1972;0,011831999999999829;1180,7234828729265
columna_70x70;0,0;1973;0,011837999999999828;1180,761441229195
columna_70x70;0,0;1974;0,011843999999999829;1180,799392578259
columna_70x70;0,0;1975;0,011849999999999828;1180,8373369182589
columna_70x70;0,0;1976;0,011855999999999827;1180,8752742473414
columna_70x70;0,0;1977;0,011861999999999826;1180,9132045636436
columna_70x70;0,0;1978;0,011867999999999825;1180,951127865315
columna_70x70;0,0;1979;0,011873999999999822;1180,9890441504933
columna_70x70;0,0;1980;0,011879999999999821;1181,0269534173171
columna_70x70;0,0;1981;0,01188599999999982;1181,0648556639283
columna_70x70;0,0;1982;0,011891999999999821;1181,1027508884663
columna_70x70;0,0;1983;0,01189799999999982;1181,1406390890643
columna_70x70;0,0;1984;0,01190399999999982;1181,1785202638625
columna_70x70;0,0;1985;0,011909999999999818;1181,2163944109932
columna_70x70;0,0;1986;0,011915999999999817;1181,2542615285956
columna_70x70;0,0;1987;0,011921999999999815;1181,2921216147986
columna_70x70;0,0;1988;0,011927999999999814;1181,3299746677383
columna_70x70;0,0;1989;0,011933999999999813;1181,367820685546
columna_70x70;0,0;1990;0,011939999999999814;1181,4056596663522
columna_70x70;0,0;1991;0,011945999999999813;1181,4434916082885
columna_70x70;0,0;1992;0,011951999999999812;1181,4813165094804
columna_70x70;0,0;1993;0,01195799999999981;1181,5191343680613
columna_70x70;0,0;1994;0,01196399999999981;1181,5569451821525
columna_70x70;0,0;1995;0,011969999999999807;1181,5947489498853
columna_70x70;0,0;1996;0,011975999999999806;1181,63254566938
columna_70x70;0,0;1997;0,011981999999999805;1181,6703353387666
columna_70x70;0,0;1998;0,011987999999999806;1181,7081179561667
columna_70x70;0,0;1999;0,011993999999999805;1181,7458935197012
columna_70x70;0,0;2000;0,011999999999999804;1181,7836620274957
columna_70x70;0,0;2001;0,012005999999999803;1181,8214234776647
columna_70x70;0,0;2002;0,012011999999999802;1181,8591778683324
columna_70x70;0,0;2003;0,0120179999999998;1181,8969251976187
columna_70x70;0,0;2004;0,012023999999999799;1181,9346654636383
columna_70x70;0,0;2005;0,012029999999999798;1181,9723986645072
columna_70x70;0,0;2006;0,012035999999999799;1182,010124798348
columna_70x70;0,0;2007;0,012041999999999798;1182,0478438632695
columna_70x70;0,0;2008;0,012047999999999797;1182,0855558573876
columna_70x70;0,0;2009;0,012053999999999796;1182,1232607788163
columna_70x70;0,0;2010;0,012059999999999795;1182,160958625669
columna_70x70;0,0;2011;0,012065999999999792;1182,198649396054
columna_70x70;0,0;2012;0,012071999999999791;1182,2363330880821
columna_70x70;0,0;2013;0,01207799999999979;1182,2740096998668
columna_70x70;0,0;2014;0,012083999999999791;1182,3116792295111
columna_70x70;0,0;2015;0,01208999999999979;1182,3493416751269
columna_70x70;0,0;2016;0,01209599999999979;1182,386997034817
columna_70x70;0,0;2017;0,012101999999999788;1182,4246453066928
columna_70x70;0,0;2018;0,012107999999999787;1182,4622864888518
columna_70x70;0,0;2019;0,012113999999999785;1182,4999205794027
columna_70x70;0,0;2020;0,012119999999999784;1182,537547576449
columna_70x70;0,0;2021;0,012125999999999783;1182,5751674780881
columna_70x70;0,0;2022;0,012131999999999784;1182,6127802824262
columna_70x70;0,0;2023;0,012137999999999783;1182,6503859875577
columna_70x70;0,0;2024;0,012143999999999782;1182,6879845915867
columna_70x70;0,0;2025;0,01214999999999978;1182,7255760926068
columna_70x70;0,0;2026;0,01215599999999978;1182,76316048872
columna_70x70;0,0;2027;0,012161999999999777;1182,8007377780189
columna_70x70;0,0;2028;0,012167999999999776;1182,8383079586004
columna_70x70;0,0;2029;0,012173999999999775;1182,8758710285597
columna_70x70;0,0;2030;0,012179999999999776;1182,9134269859858
columna_70x70;0,0;2031;0,012185999999999775;1182,9509758289744
columna_70x70;0,0;2032;0,012191999999999774;1182,9885175556178
columna_70x70;0,0;2033;0,012197999999999773;1183,0260521640057
columna_70x70;0,0;2034;0,012203999999999772;1183,0635796522247
columna_70x70;0,0;2035;0,01220999999999977;1183,1011000183669
columna_70x70;0,0;2036;0,012215999999999769;1183,1386132605205
columna_70x70;0,0;2037;0,012221999999999768;1183,1761193767688
columna_70x70;0,0;2038;0,012227999999999769;1183,2136183651996
columna_70x70;0,0;2039;0,012233999999999768;1183,251110223895
columna_70x70;0,0;2040;0,012239999999999767;1183,2885949509434
columna_70x70;0,0;2041;0,012245999999999766;1183,3260725444234
columna_70x70;0,0;2042;0,012251999999999765;1183,3635430024192
columna_70x70;0,0;2043;0,012257999999999762;1183,401006323011
columna_70x70;0,0;2044;0,012263999999999761;1183,438462504277
columna_70x70;0,0;2045;0,01226999999999976;1183,475911544299
columna_70x70;0,0;2046;0,012275999999999761;1183,5133534411534
columna_70x70;0,0;2047;0,01228199999999976;1183,5507881929173
columna_70x70;0,0;2048;0,01228799999999976;1183,5882157976675
columna_70x70;0,0;2049;0,012293999999999758;1183,6256362534773
columna_70x70;0,0;2050;0,012299999999999757;1183,6630495584236
columna_70x70;0,0;2051;0,012305999999999755;1183,700455710576
columna_70x70;0,0;2052;0,012311999999999754;1183,7378547080111
columna_70x70;0,0;2053;0,012317999999999753;1183,7752465487938
columna_70x70;0,0;2054;0,012323999999999754;1183,8126312309996
columna_70x70;0,0;2055;0,012329999999999753;1183,8500087526972
columna_70x70;0,0;2056;0,012335999999999752;1183,8873791119522
columna_70x70;0,0;2057;0,01234199999999975;1183,9247423068362
columna_70x70;0,0;2058;0,01234799999999975;1183,962098335412
columna_70x70;0,0;2059;0,012353999999999747;1183,9994471957434
columna_70x70;0,0;2060;0,012359999999999746;1184,0367888859007
columna_70x70;0,0;2061;0,012365999999999745;1184,0741234039403
columna_70x70;0,0;2062;0,012371999999999746;1184,1114507479301
columna_70x70;0,0;2063;0,012377999999999745;1184,1487709159294
columna_70x70;0,0;2064;0,012383999999999744;1184,1860839059977
columna_70x70;0,0;2065;0,012389999999999743;1184,2233897161966
columna_70x70;0,0;2066;0,012395999999999742;1184,2606883445817
columna_70x70;0,0;2067;0,01240199999999974;1184,2979797892162
columna_70x70;0,0;2068;0,012407999999999739;1184,3352640481492
columna_70x70;0,0;2069;0,012413999999999738;1184,3725411194412
columna_70x70;0,0;2070;0,012419999999999739;1184,4098110011464
columna_70x70;0,0;2071;0,012425999999999738;1184,447073691316
columna_70x70;0,0;2072;0,012431999999999737;1184,4843291880038
columna_70x70;0,0;2073;0,012437999999999736;1184,5215774892629
columna_70x70;0,0;2074;0,012443999999999735;1184,5588185931422
columna_70x70;0,0;2075;0,012449999999999732;1184,5960524976927
columna_70x70;0,0;2076;0,012455999999999731;1184,6332792009628
columna_70x70;0,0;2077;0,01246199999999973;1184,6704987009973
columna_70x70;0,0;2078;0,012467999999999731;1184,7077109958466
columna_70x70;0,0;2079;0,01247399999999973;1184,7449160835552
columna_70x70;0,0;2080;0,01247999999999973;1184,7821139621672
columna_70x70;0,0;2081;0,012485999999999728;1184,8193046297285
columna_70x70;0,0;2082;0,012491999999999727;1184,8564880842773
columna_70x70;0,0;2083;0,012497999999999725;1184,893664323858
columna_70x70;0,0;2084;0,012503999999999724;1184,9308333465126
columna_70x70;0,0;2085;0,012509999999999723;1184,9679951502806
columna_70x70;0,0;2086;0,012515999999999724;1185,0051497332006
columna_70x70;0,0;2087;0,012521999999999723;1185,042297093306
columna_70x70;0,0;2088;0,012527999999999722;1185,0794372286387
columna_70x70;0,0;2089;0,01253399999999972;1185,1165701372345
columna_70x70;0,0;2090;0,01253999999999972;1185,1536958171248
columna_70x70;0,0;2091;0,012545999999999717;1185,190814266346
columna_70x70;0,0;2092;0,012551999999999716;1185,2279254829286
columna_70x70;0,0;2093;0,012557999999999715;1185,2650294649093
columna_70x70;0,0;2094;0,012563999999999716;1185,3021262103111
columna_70x70;0,0;2095;0,012569999999999715;1185,3392157171702
columna_70x70;0,0;2096;0,012575999999999714;1185,3762979835121
columna_70x70;0,0;2097;0,012581999999999713;1185,4133730073693
columna_70x70;0,0;2098;0,012587999999999712;1185,4504407867603
columna_70x70;0,0;2099;0,01259399999999971;1185,4875013197188
columna_70x70;0,0;2100;0,012599999999999709;1185,5245546042631
columna_70x70;0,0;2101;0,012605999999999708;1185,5616006384237
columna_70x70;0,0;2102;0,012611999999999709;1185,5986394202164
columna_70x70;0,0;2103;0,012617999999999708;1185,6356709476704
columna_70x70;0,0;2104;0,012623999999999707;1185,6726952187976
columna_70x70;0,0;2105;0,012629999999999706;1185,7097122316259
columna_70x70;0,0;2106;0,012635999999999705;1185,7467219841694
columna_70x70;0,0;2107;0,012641999999999702;1185,7837244744474
columna_70x70;0,0;2108;0,012647999999999701;1185,8207197004722
columna_70x70;0,0;2109;0,0126539999999997;1185,8577076602692
columna_70x70;0,0;2110;0,012659999999999701;1185,8946883518431
columna_70x70;0,0;2111;0,0126659999999997;1185,9316617732165
columna_70x70;0,0;2112;0,012671999999999699;1185,9686279223922
columna_70x70;0,0;2113;0,012677999999999698;1186,0055867973904
columna_70x70;0,0;2114;0,012683999999999697;1186,0425383962145
columna_70x70;0,0;2115;0,012689999999999695;1186,0794827168822
columna_70x70;0,0;2116;0,012695999999999694;1186,1164197573946
columna_70x70;0,0;2117;0,012701999999999693;1186,1533495157653
columna_70x70;0,0;2118;0,012707999999999693;1186,1902719899942
columna_70x70;0,0;2119;0,012713999999999693;1186,2271871780918
columna_70x70;0,0;2120;0,012719999999999692;1186,2640950780612
columna_70x70;0,0;2121;0,01272599999999969;1186,3009956879073
columna_70x70;0,0;2122;0,01273199999999969;1186,3378890056297
columna_70x70;0,0;2123;0,012737999999999687;1186,374775029234
columna_70x70;0,0;2124;0,012743999999999686;1186,4116537567143
columna_70x70;0,0;2125;0,012749999999999685;1186,4485251860765
columna_70x70;0,0;2126;0,012755999999999686;1186,485389315315
columna_70x70;0,0;2127;0,012761999999999685;1186,522246142429
columna_70x70;0,0;2128;0,012767999999999684;1186,559095665413
columna_70x70;0,0;2129;0,012773999999999683;1186,5959378822645
columna_70x70;0,0;2130;0,012779999999999682;1186,6327727909752
columna_70x70;0,0;2131;0,01278599999999968;1186,6696003895427
columna_70x70;0,0;2132;0,012791999999999679;1186,706420675953
columna_70x70;0,0;2133;0,012797999999999678;1186,7432336482036
columna_70x70;0,0;2134;0,012803999999999678;1186,7800393042783
columna_70x70;0,0;2135;0,012809999999999678;1186,8168376421727
columna_70x70;0,0;2136;0,012815999999999677;1186,8536286598705
columna_70x70;0,0;2137;0,012821999999999676;1186,89041235536
columna_70x70;0,0;2138;0,012827999999999675;1186,9271887266273
columna_70x70;0,0;2139;0,012833999999999672;1186,9639577716578
columna_70x70;0,0;2140;0,012839999999999671;1187,000719488433
columna_70x70;0,0;2141;0,01284599999999967;1187,0374738749397
columna_70x70;0,0;2142;0,012851999999999671;1187,0742209291577
columna_70x70;0,0;2143;0,01285799999999967;1187,1109606490677
columna_70x70;0,0;2144;0,012863999999999669;1187,1476930326494
columna_70x70;0,0;2145;0,012869999999999668;1187,1844180778837
columna_70x70;0,0;2146;0,012875999999999667;1187,2211357827439
columna_70x70;0,0;2147;0,012881999999999665;1187,2578461452115
columna_70x70;0,0;2148;0,012887999999999664;1187,294549163258
columna_70x70;0,0;2149;0,012893999999999663;1187,3312448348631
columna_70x70;0,0;2150;0,012899999999999663;1187,367933157994
columna_70x70;0,0;2151;0,012905999999999663;1187,4046141306276
columna_70x70;0,0;2152;0,012911999999999662;1187,4412877507373
columna_70x70;0,0;2153;0,01291799999999966;1187,477954016286
columna_70x70;0,0;2154;0,01292399999999966;1187,514612925249
columna_70x70;0,0;2155;0,012929999999999657;1187,551264475594
columna_70x70;0,0;2156;0,012935999999999656;1187,587908665286
columna_70x70;0,0;2157;0,012941999999999655;1187,6245454922944
columna_70x70;0,0;2158;0,012947999999999656;1187,661174954581
columna_70x70;0,0;2159;0,012953999999999655;1187,6977970501125
columna_70x70;0,0;2160;0,012959999999999654;1187,7344117768548
columna_70x70;0,0;2161;0,012965999999999653;1187,771019132761
columna_70x70;0,0;2162;0,012971999999999652;1187,8076191157977
columna_70x70;0,0;2163;0,01297799999999965;1187,8442117239272
columna_70x70;0,0;2164;0,012983999999999649;1187,8807969551035
columna_70x70;0,0;2165;0,012989999999999648;1187,917374807289
columna_70x70;0,0;2166;0,012995999999999648;1187,9539452784345
columna_70x70;0,0;2167;0,013001999999999648;1187,9905083665005
columna_70x70;0,0;2168;0,013007999999999647;1188,0270640694446
columna_70x70;0,0;2169;0,013013999999999646;1188,0636123852116
columna_70x70;0,0;2170;0,013019999999999645;1188,1001533117585
columna_70x70;0,0;2171;0,013025999999999642;1188,1366868470395
columna_70x70;0,0;2172;0,013031999999999641;1188,1732129890001
columna_70x70;0,0;2173;0,01303799999999964;1188,2097317355942
columna_70x70;0,0;2174;0,013043999999999641;1188,2462430847668
columna_70x70;0,0;2175;0,01304999999999964;1188,2827470344664
columna_70x70;0,0;2176;0,013055999999999639;1188,3192435826375
columna_70x70;0,0;2177;0,013061999999999638;1188,3557327272301
columna_70x70;0,0;2178;0,013067999999999637;1188,392214466181
columna_70x70;0,0;2179;0,013073999999999635;1188,4286887974395
columna_70x70;0,0;2180;0,013079999999999634;1188,4651557189443
columna_70x70;0,0;2181;0,013085999999999633;1188,5016152286387
columna_70x70;0,0;2182;0,013091999999999633;1188,538067324459
columna_70x70;0,0;2183;0,013097999999999633;1188,5745120043464
columna_70x70;0,0;2184;0,013103999999999632;1188,6109492662356
columna_70x70;0,0;2185;0,01310999999999963;1188,647379108068
columna_70x70;0,0;2186;0,01311599999999963;1188,6838015277788
columna_70x70;0,0;2187;0,013121999999999627;1188,7202165232954
columna_70x70;0,0;2188;0,013127999999999626;1188,7566240925566
columna_70x70;0,0;2189;0,013133999999999625;1188,7930242334953
columna_70x70;0,0;2190;0,013139999999999626;1188,829416944044
columna_70x70;0,0;2191;0,013145999999999625;1188,865802222126
columna_70x70;0,0;2192;0,013151999999999624;1188,902180065675
columna_70x70;0,0;2193;0,013157999999999623;1188,9385504726195
columna_70x70;0,0;2194;0,013163999999999622;1188,9749134408844
columna_70x70;0,0;2195;0,01316999999999962;1189,0112689683979
columna_70x70;0,0;2196;0,013175999999999619;1189,0476170530815
columna_70x70;0,0;2197;0,013181999999999618;1189,0839576928636
columna_70x70;0,0;2198;0,013187999999999618;1189,1202908856615
columna_70x70;0,0;2199;0,013193999999999617;1189,1566166294015
columna_70x70;0,0;2200;0,013199999999999617;1189,1929349219993
columna_70x70;0,0;2201;0,013205999999999616;1189,229245761378
columna_70x70;0,0;2202;0,013211999999999615;1189,2655491454539
columna_70x70;0,0;2203;0,013217999999999612;1189,3018450721447
columna_70x70;0,0;2204;0,013223999999999611;1189,338133539365
columna_70x70;0,0;2205;0,01322999999999961;1189,3744145450341
columna_70x70;0,0;2206;0,013235999999999611;1189,410688087059
columna_70x70;0,0;2207;0,01324199999999961;1189,4469541633612
columna_70x70;0,0;2208;0,013247999999999609;1189,4832127718428
columna_70x70;0,0;2209;0,013253999999999608;1189,5194639104257
columna_70x70;0,0;2210;0,013259999999999607;1189,5557075770066
columna_70x70;0,0;2211;0,013265999999999604;1189,5919437695047
columna_70x70;0,0;2212;0,013271999999999604;1189,6281724858216
columna_70x70;0,0;2213;0,013277999999999603;1189,6643937238669
columna_70x70;0,0;2214;0,013283999999999603;1189,7006074815406
columna_70x70;0,0;2215;0,013289999999999602;1189,7368137567541
columna_70x70;0,0;2216;0,013295999999999602;1189,773012547403
columna_70x70;0,0;2217;0,0133019999999996;1189,8092038513967
columna_70x70;0,0;2218;0,0133079999999996;1189,8453876666285
columna_70x70;0,0;2219;0,013313999999999597;1189,881563991003
columna_70x70;0,0;2220;0,013319999999999596;1189,9177328224157
columna_70x70;0,0;2221;0,013325999999999595;1189,9538941587687
columna_70x70;0,0;2222;0,013331999999999596;1189,990047997952
columna_70x70;0,0;2223;0,013337999999999595;1190,0261943378684
columna_70x70;0,0;2224;0,013343999999999594;1190,0623331764054
columna_70x70;0,0;2225;0,013349999999999593;1190,0984645114584
columna_70x70;0,0;2226;0,013355999999999592;1190,1345883409185
columna_70x70;0,0;2227;0,01336199999999959;1190,1707046626798
columna_70x70;0,0;2228;0,013367999999999589;1190,2068134746282
columna_70x70;0,0;2229;0,013373999999999588;1190,2429147746564
columna_70x70;0,0;2230;0,013379999999999588;1190,2790085606466
columna_70x70;0,0;2231;0,013385999999999587;1190,3150948304913
columna_70x70;0,0;2232;0,013391999999999587;1190,351173582075
columna_70x70;0,0;2233;0,013397999999999586;1190,3872448132759
columna_70x70;0,0;2234;0,013403999999999585;1190,4233085219814
columna_70x70;0,0;2235;0,013409999999999582;1190,4593647060751
columna_70x70;0,0;2236;0,013415999999999581;1190,495413363433
columna_70x70;0,0;2237;0,01342199999999958;1190,5314544919404
columna_70x70;0,0;2238;0,013427999999999581;1190,5674880894715
columna_70x70;0,0;2239;0,01343399999999958;1190,6081896903356
columna_70x70;0,0;2240;0,013439999999999579;1190,649567323537
columna_70x70;0,0;2241;0,013445999999999578;1190,6909365846623
columna_70x70;0,0;2242;0,013451999999999577;1190,7322974712513
columna_70x70;0,0;2243;0,013457999999999574;1190,7736499808718
columna_70x70;0,0;2244;0,013463999999999574;1190,814994111077
columna_70x70;0,0;2245;0,013469999999999573;1190,8563298594281
columna_70x70;0,0;2246;0,013475999999999573;1190,897657223474
columna_70x70;0,0;2247;0,013481999999999572;1190,9389762007763
columna_70x70;0,0;2248;0,013487999999999572;1190,980286788883
columna_70x70;0,0;2249;0,01349399999999957;1191,0215889853512
columna_70x70;0,0;2250;0,01349999999999957;1191,0628827877229
columna_70x70;0,0;2251;0,013505999999999567;1191,1041681935565
columna_70x70;0,0;2252;0,013511999999999566;1191,1454452003914
columna_70x70;0,0;2253;0,013517999999999565;1191,1867138057798
columna_70x70;0,0;2254;0,013523999999999566;1191,227974007264
columna_70x70;0,0;2255;0,013529999999999565;1191,2692258023897
columna_70x70;0,0;2256;0,013535999999999564;1191,3104691886945
columna_70x70;0,0;2257;0,013541999999999563;1191,3517041637251
columna_70x70;0,0;2258;0,013547999999999562;1191,3929307250169
columna_70x70;0,0;2259;0,01355399999999956;1191,4341488701134
columna_70x70;0,0;2260;0,013559999999999559;1191,4753585965432
columna_70x70;0,0;2261;0,013565999999999558;1191,5165599018517
columna_70x70;0,0;2262;0,013571999999999558;1191,5577527835653
columna_70x70;0,0;2263;0,013577999999999557;1191,598937239223
columna_70x70;0,0;2264;0,013583999999999556;1191,6401132663511
columna_70x70;0,0;2265;0,013589999999999556;1191,6812808624854
columna_70x70;0,0;2266;0,013595999999999555;1191,7224400251494
columna_70x70;0,0;2267;0,013601999999999552;1191,763590751875
columna_70x70;0,0;2268;0,013607999999999551;1191,804733040185
columna_70x70;0,0;2269;0,01361399999999955;1191,8458668876087
columna_70x70;0,0;2270;0,013619999999999551;1191,8869922916622
columna_70x70;0,0;2271;0,01362599999999955;1191,9281092498775
columna_70x70;0,0;2272;0,013631999999999549;1191,9692177597665
columna_70x70;0,0;2273;0,013637999999999548;1192,0103178188558
columna_70x70;0,0;2274;0,013643999999999547;1192,051409424658
columna_70x70;0,0;2275;0,013649999999999544;1192,0924925746936
columna_70x70;0,0;2276;0,013655999999999544;1192,1335672664748
columna_70x70;0,0;2277;0,013661999999999543;1192,1746334975187
columna_70x70;0,0;2278;0,013667999999999543;1192,2156912653368
columna_70x70;0,0;2279;0,013673999999999542;1192,256740567442
columna_70x70;0,0;2280;0,013679999999999541;1192,297781401339
columna_70x70;0,0;2281;0,01368599999999954;1192,3388137645447
columna_70x70;0,0;2282;0,01369199999999954;1192,379837654557
columna_70x70;0,0;2283;0,013697999999999537;1192,4208530688918
columna_70x70;0,0;2284;0,013703999999999536;1192,4618600050437
columna_70x70;0,0;2285;0,013709999999999535;1192,5028584605247
columna_70x70;0,0;2286;0,013715999999999536;1192,5438484328286
columna_70x70;0,0;2287;0,013721999999999535;1192,584829919464
columna_70x70;0,0;2288;0,013727999999999534;1192,6258029179228
columna_70x70;0,0;2289;0,013733999999999533;1192,6667674257087
columna_70x70;0,0;2290;0,013739999999999532;1192,7077234403125
columna_70x70;0,0;2291;0,01374599999999953;1192,7486709592342
columna_70x70;0,0;2292;0,013751999999999528;1192,7896099799625
columna_70x70;0,0;2293;0,013757999999999528;1192,8305404999935
columna_70x70;0,0;2294;0,013763999999999528;1192,871462516816
columna_70x70;0,0;2295;0,013769999999999527;1192,912376027921
columna_70x70;0,0;2296;0,013775999999999526;1192,9532810307942
columna_70x70;0,0;2297;0,013781999999999526;1192,9941775229245
columna_70x70;0,0;2298;0,013787999999999525;1193,0350655017965
columna_70x70;0,0;2299;0,013793999999999522;1193,075944964896
columna_70x70;0,0;2300;0,013799999999999521;1193,1168159097003
columna_70x70;0,0;2301;0,01380599999999952;1193,157678333697
columna_70x70;0,0;2302;0,01381199999999952;1193,1985322343587
columna_70x70;0,0;2303;0,01381799999999952;1193,2393776091728
columna_70x70;0,0;2304;0,013823999999999519;1193,2802144556088
columna_70x70;0,0;2305;0,013829999999999518;1193,3210427711479
columna_70x70;0,0;2306;0,013835999999999517;1193,3618625532577
columna_70x70;0,0;2307;0,013841999999999514;1193,4026737994184
columna_70x70;0,0;2308;0,013847999999999513;1193,4434765070955
columna_70x70;0,0;2309;0,013853999999999513;1193,4842706737638
columna_70x70;0,0;2310;0,013859999999999513;1193,5250562968877
columna_70x70;0,0;2311;0,013865999999999512;1193,5658333739382
columna_70x70;0,0;2312;0,013871999999999511;1193,6066019023776
columna_70x70;0,0;2313;0,01387799999999951;1193,647361879675
columna_70x70;0,0;2314;0,01388399999999951;1193,6881133032891
columna_70x70;0,0;2315;0,013889999999999507;1193,7288561706841
columna_70x70;0,0;2316;0,013895999999999506;1193,7695904793188
columna_70x70;0,0;2317;0,013901999999999505;1193,8103162266534
columna_70x70;0,0;2318;0,013907999999999506;1193,8510334101456
columna_70x70;0,0;2319;0,013913999999999505;1193,8917420272503
columna_70x70;0,0;2320;0,013919999999999504;1193,9324420754194
columna_70x70;0,0;2321;0,013925999999999503;1193,9731335521142
columna_70x70;0,0;2322;0,013931999999999502;1194,0138164547782
columna_70x70;0,0;2323;0,0139379999999995;1194,054490780869
columna_70x70;0,0;2324;0,013943999999999498;1194,09515652783
columna_70x70;0,0;2325;0,013949999999999498;1194,1358136931133
columna_70x70;0,0;2326;0,013955999999999498;1194,1764622741582
columna_70x70;0,0;2327;0,013961999999999497;1194,21710226842
columna_70x70;0,0;2328;0,013967999999999496;1194,257733673333
columna_70x70;0,0;2329;0,013973999999999496;1194,2983564863446
columna_70x70;0,0;2330;0,013979999999999495;1194,338970704891
columna_70x70;0,0;2331;0,013985999999999492;1194,3795763264166
columna_70x70;0,0;2332;0,013991999999999491;1194,4201733483542
columna_70x70;0,0;2333;0,01399799999999949;1194,460761768144
columna_70x70;0,0;2334;0,01400399999999949;1194,5013415832168
columna_70x70;0,0;2335;0,01400999999999949;1194,5419127910104
columna_70x70;0,0;2336;0,014015999999999489;1194,5824753889542
columna_70x70;0,0;2337;0,014021999999999488;1194,6230293744816
columna_70x70;0,0;2338;0,014027999999999487;1194,6635747450175
columna_70x70;0,0;2339;0,014033999999999484;1194,7041114979927
columna_70x70;0,0;2340;0,014039999999999483;1194,7446396308333
columna_70x70;0,0;2341;0,014045999999999483;1194,7851591409658
columna_70x70;0,0;2342;0,014051999999999483;1194,8256700258075
columna_70x70;0,0;2343;0,014057999999999482;1194,8661722827887
columna_70x70;0,0;2344;0,014063999999999481;1194,9066659093237
columna_70x70;0,0;2345;0,01406999999999948;1194,947150902838
columna_70x70;0,0;2346;0,01407599999999948;1194,987627260742
columna_70x70;0,0;2347;0,014081999999999477;1195,0280949804583
columna_70x70;0,0;2348;0,014087999999999476;1195,0685540593975
columna_70x70;0,0;2349;0,014093999999999475;1195,1090044949756
columna_70x70;0,0;2350;0,014099999999999476;1195,1494462846028
columna_70x70;0,0;2351;0,014105999999999475;1195,1898794256929
columna_70x70;0,0;2352;0,014111999999999474;1195,2303039156518
columna_70x70;0,0;2353;0,014117999999999473;1195,2707197518882
columna_70x70;0,0;2354;0,014123999999999472;1195,3111269318108
columna_70x70;0,0;2355;0,01412999999999947;1195,351525452819
columna_70x70;0,0;2356;0,014135999999999468;1195,3919153123209
columna_70x70;0,0;2357;0,014141999999999467;1195,4322965077183
columna_70x70;0,0;2358;0,014147999999999468;1195,4726690364078
columna_70x70;0,0;2359;0,014153999999999467;1195,513032895793
columna_70x70;0,0;2360;0,014159999999999466;1195,5533880832677
columna_70x70;0,0;2361;0,014165999999999465;1195,593734596233
columna_70x70;0,0;2362;0,014171999999999465;1195,6340724320778
columna_70x70;0,0;2363;0,014177999999999462;1195,6744015882
columna_70x70;0,0;2364;0,014183999999999461;1195,714722061987
columna_70x70;0,0;2365;0,01418999999999946;1195,7550338508368
columna_70x70;0,0;2366;0,01419599999999946;1195,7953369521283
columna_70x70;0,0;2367;0,01420199999999946;1195,8356313632564
columna_70x70;0,0;2368;0,014207999999999459;1195,8759170816018
columna_70x70;0,0;2369;0,014213999999999458;1195,916194104555
columna_70x70;0,0;2370;0,014219999999999457;1195,9564624294935
columna_70x70;0,0;2371;0,014225999999999454;1195,996722053803
columna_70x70;0,0;2372;0,014231999999999453;1196,0369729748593
columna_70x70;0,0;2373;0,014237999999999452;1196,0772151900444
columna_70x70;0,0;2374;0,014243999999999453;1196,117448696735
columna_70x70;0,0;2375;0,014249999999999452;1196,1576734923053
columna_70x70;0,0;2376;0,014255999999999451;1196,1978895741322
columna_70x70;0,0;2377;0,01426199999999945;1196,2380969395874
columna_70x70;0,0;2378;0,01426799999999945;1196,2782955860391
columna_70x70;0,0;2379;0,014273999999999447;1196,318485510863
columna_70x70;0,0;2380;0,014279999999999446;1196,3586667114216
columna_70x70;0,0;2381;0,014285999999999445;1196,3988391850864
columna_70x70;0,0;2382;0,014291999999999446;1196,4390029292188
columna_70x70;0,0;2383;0,014297999999999445;1196,4783407060268
columna_70x70;0,0;2384;0,014303999999999444;1196,5153632694821
columna_70x70;0,0;2385;0,014309999999999443;1196,5523787981017
columna_70x70;0,0;2386;0,014315999999999442;1196,5909551828477
columna_70x70;0,0;2387;0,01432199999999944;1196,6310769352494
columna_70x70;0,0;2388;0,014327999999999438;1196,6711899428685
columna_70x70;0,0;2389;0,014333999999999437;1196,7112942030462
columna_70x70;0,0;2390;0,014339999999999438;1196,7513897131341
columna_70x70;0,0;2391;0,014345999999999437;1196,791476470488
columna_70x70;0,0;2392;0,014351999999999436;1196,8315544724542
columna_70x70;0,0;2393;0,014357999999999435;1196,8716237163856
columna_70x70;0,0;2394;0,014363999999999435;1196,9116841996283
columna_70x70;0,0;2395;0,014369999999999432;1196,9517359195313
columna_70x70;0,0;2396;0,014375999999999431;1196,9917788734408
columna_70x70;0,0;2397;0,01438199999999943;1197,031813058692
columna_70x70;0,0;2398;0,01438799999999943;1197,0718384726324
columna_70x70;0,0;2399;0,01439399999999943;1197,1118551126056
columna_70x70;0,0;2400;0,014399999999999429;1197,151862975945
columna_70x70;0,0;2401;0,014405999999999428;1197,191862059993
columna_70x70;0,0;2402;0,014411999999999427;1197,2318523620802
columna_70x70;0,0;2403;0,014417999999999424;1197,2718338795473
columna_70x70;0,0;2404;0,014423999999999423;1197,311806609721
columna_70x70;0,0;2405;0,014429999999999422;1197,3517705499394
columna_70x70;0,0;2406;0,014435999999999423;1197,3917256975244
columna_70x70;0,0;2407;0,014441999999999422;1197,4316720498123
columna_70x70;0,0;2408;0,014447999999999421;1197,4716096041252
columna_70x70;0,0;2409;0,01445399999999942;1197,5115383577906
columna_70x70;0,0;2410;0,01445999999999942;1197,5514583081317
columna_70x70;0,0;2411;0,014465999999999417;1197,5913694524727
columna_70x70;0,0;2412;0,014471999999999416;1197,6312717881299
columna_70x70;0,0;2413;0,014477999999999415;1197,6711653124287
columna_70x70;0,0;2414;0,014483999999999416;1197,7110500226831
columna_70x70;0,0;2415;0,014489999999999415;1197,7509259162102
columna_70x70;0,0;2416;0,014495999999999414;1197,790792990325
columna_70x70;0,0;2417;0,014501999999999413;1197,8306512423428
columna_70x70;0,0;2418;0,014507999999999412;1197,8705006695702
columna_70x70;0,0;2419;0,01451399999999941;1197,9103412693255
columna_70x70;0,0;2420;0,014519999999999408;1197,9501730389081
columna_70x70;0,0;2421;0,014525999999999407;1197,989995975635
columna_70x70;0,0;2422;0,014531999999999408;1198,0298100768036
columna_70x70;0,0;2423;0,014537999999999407;1198,069615339725
columna_70x70;0,0;2424;0,014543999999999406;1198,109411761696
columna_70x70;0,0;2425;0,014549999999999405;1198,1491993400216
columna_70x70;0,0;2426;0,014555999999999404;1198,1889780719991
columna_70x70;0,0;2427;0,014561999999999402;1198,2287479549288
columna_70x70;0,0;2428;0,014567999999999401;1198,2685089861054
columna_70x70;0,0;2429;0,0145739999999994;1198,3082611628263
columna_70x70;0,0;2430;0,0145799999999994;1198,3480044823807
columna_70x70;0,0;2431;0,0145859999999994;1198,3877389420652
columna_70x70;0,0;2432;0,014591999999999399;1198,427464539167
columna_70x70;0,0;2433;0,014597999999999398;1198,4671812709787
columna_70x70;0,0;2434;0,014603999999999397;1198,5068891347819
columna_70x70;0,0;2435;0,014609999999999394;1198,5465881278692
columna_70x70;0,0;2436;0,014615999999999393;1198,5862782475192
columna_70x70;0,0;2437;0,014621999999999392;1198,625959491019
columna_70x70;0,0;2438;0,014627999999999393;1198,6656318556454
columna_70x70;0,0;2439;0,014633999999999392;1198,705295338683
columna_70x70;0,0;2440;0,014639999999999391;1198,7449499374031
columna_70x70;0,0;2441;0,01464599999999939;1198,784595649091
columna_70x70;0,0;2442;0,01465199999999939;1198,8242324710145
columna_70x70;0,0;2443;0,014657999999999387;1198,863860400453
columna_70x70;0,0;2444;0,014663999999999386;1198,903479434672
columna_70x70;0,0;2445;0,014669999999999385;1198,9430895709463
columna_70x70;0,0;2446;0,014675999999999386;1198,9826908065427
columna_70x70;0,0;2447;0,014681999999999385;1199,02228313873
columna_70x70;0,0;2448;0,014687999999999384;1199,0618665647712
columna_70x70;0,0;2449;0,014693999999999383;1199,101441081935
columna_70x70;0,0;2450;0,014699999999999382;1199,1410066874785
columna_70x70;0,0;2451;0,01470599999999938;1199,1805633786678
columna_70x70;0,0;2452;0,014711999999999378;1199,2201111527588
columna_70x70;0,0;2453;0,014717999999999377;1199,2596500070097
columna_70x70;0,0;2454;0,014723999999999378;1199,2991799386778
columna_70x70;0,0;2455;0,014729999999999377;1199,3387009450203
columna_70x70;0,0;2456;0,014735999999999376;1199,378213023283
columna_70x70;0,0;2457;0,014741999999999375;1199,4177161707264
columna_70x70;0,0;2458;0,014747999999999374;1199,457210384595
columna_70x70;0,0;2459;0,014753999999999372;1199,4966956621388
columna_70x70;0,0;2460;0,01475999999999937;1199,5361720006047
columna_70x70;0,0;2461;0,01476599999999937;1199,575639397238
columna_70x70;0,0;2462;0,01477199999999937;1199,615097849284
columna_70x70;0,0;2463;0,01477799999999937;1199,654547353982
columna_70x70;0,0;2464;0,014783999999999369;1199,6939879085728
columna_70x70;0,0;2465;0,014789999999999368;1199,7334195102983
columna_70x70;0,0;2466;0,014795999999999367;1199,772842156393
columna_70x70;0,0;2467;0,014801999999999364;1199,8122558440937
columna_70x70;0,0;2468;0,014807999999999363;1199,8516605706373
columna_70x70;0,0;2469;0,014813999999999362;1199,8910563332522
columna_70x70;0,0;2470;0,014819999999999363;1199,9304431291694
columna_70x70;0,0;2471;0,014825999999999362;1199,969820955624
columna_70x70;0,0;2472;0,014831999999999361;1200,0091898098374
columna_70x70;0,0;2473;0,01483799999999936;1200,0485496890421
columna_70x70;0,0;2474;0,01484399999999936;1200,0879005904558
columna_70x70;0,0;2475;0,014849999999999357;1200,1272425113095
columna_70x70;0,0;2476;0,014855999999999356;1200,1665754488185
columna_70x70;0,0;2477;0,014861999999999355;1200,205899400207
columna_70x70;0,0;2478;0,014867999999999356;1200,2452143626879
columna_70x70;0,0;2479;0,014873999999999355;1200,284520333486
columna_70x70;0,0;2480;0,014879999999999354;1200,3238173098077
columna_70x70;0,0;2481;0,014885999999999353;1200,363105288875
columna_70x70;0,0;2482;0,014891999999999352;1200,402384267893
columna_70x70;0,0;2483;0,01489799999999935;1200,4416542440767
columna_70x70;0,0;2484;0,014903999999999348;1200,4809152146322
columna_70x70;0,0;2485;0,014909999999999347;1200,5201671767682
columna_70x70;0,0;2486;0,014915999999999348;1200,5594101276884
columna_70x70;0,0;2487;0,014921999999999347;1200,598644064599
columna_70x70;0,0;2488;0,014927999999999346;1200,6378689846995
columna_70x70;0,0;2489;0,014933999999999345;1200,6770848851959
columna_70x70;0,0;2490;0,014939999999999344;1200,7162917632788
columna_70x70;0,0;2491;0,014945999999999342;1200,755489616156
columna_70x70;0,0;2492;0,01495199999999934;1200,7946784410153
columna_70x70;0,0;2493;0,01495799999999934;1200,8338582350557
columna_70x70;0,0;2494;0,01496399999999934;1200,8730289954656
columna_70x70;0,0;2495;0,01496999999999934;1200,9121907194408
columna_70x70;0,0;2496;0,014975999999999339;1200,9513434041655
columna_70x70;0,0;2497;0,014981999999999338;1200,9904870468356
columna_70x70;0,0;2498;0,014987999999999337;1201,0296216446282
columna_70x70;0,0;2499;0,014993999999999334;1201,0687471947322
columna_70x70;0,0;2500;0,014999999999999333;1201,1078636943298
columna_70x70;0,0;2501;0,015005999999999332;1201,146971140605
columna_70x70;0,0;2502;0,015011999999999333;1201,1860695307337
columna_70x70;0,0;2503;0,015017999999999332;1201,2251588618963
columna_70x70;0,0;2504;0,015023999999999331;1201,264239131266
columna_70x70;0,0;2505;0,01502999999999933;1201,3033103360222
columna_70x70;0,0;2506;0,01503599999999933;1201,3423724733334
columna_70x70;0,0;2507;0,015041999999999327;1201,3814255403752
columna_70x70;0,0;2508;0,015047999999999326;1201,420469534318
columna_70x70;0,0;2509;0,015053999999999325;1201,4595044523248
columna_70x70;0,0;2510;0,015059999999999326;1201,4985302915636
columna_70x70;0,0;2511;0,015065999999999325;1201,5375470492052
columna_70x70;0,0;2512;0,015071999999999324;1201,5765547224032
columna_70x70;0,0;2513;0,015077999999999323;1201,6155533083304
columna_70x70;0,0;2514;0,015083999999999322;1201,6545428041377
columna_70x70;0,0;2515;0,01508999999999932;1201,6935232069904
columna_70x70;0,0;2516;0,015095999999999318;1201,732494514039
columna_70x70;0,0;2517;0,015101999999999317;1201,771456722444
columna_70x70;0,0;2518;0,015107999999999318;1201,8104098293534
columna_70x70;0,0;2519;0,015113999999999317;1201,8493538319242
columna_70x70;0,0;2520;0,015119999999999316;1201,8882887273044
columna_70x70;0,0;2521;0,015125999999999315;1201,9272145126424
columna_70x70;0,0;2522;0,015131999999999314;1201,966131185084
columna_70x70;0,0;2523;0,015137999999999312;1202,0050387417766
columna_70x70;0,0;2524;0,01514399999999931;1202,043937179861
columna_70x70;0,0;2525;0,01514999999999931;1202,082826496481
columna_70x70;0,0;2526;0,01515599999999931;1202,121706688779
columna_70x70;0,0;2527;0,01516199999999931;1202,160577753889
columna_70x70;0,0;2528;0,015167999999999309;1202,1994396889477
columna_70x70;0,0;2529;0,015173999999999308;1202,2382924910955
columna_70x70;0,0;2530;0,015179999999999307;1202,2771361574635
columna_70x70;0,0;2531;0,015185999999999304;1202,3159706851804
columna_70x70;0,0;2532;0,015191999999999303;1202,3547960713793
columna_70x70;0,0;2533;0,015197999999999302;1202,3936123131907
columna_70x70;0,0;2534;0,015203999999999303;1202,4324194077362
columna_70x70;0,0;2535;0,015209999999999302;1202,4712173521473
columna_70x70;0,0;2536;0,015215999999999301;1202,5100061435414
columna_70x70;0,0;2537;0,0152219999999993;1202,5487857790458
columna_70x70;0,0;2538;0,0152279999999993;1202,5875562557767
columna_70x70;0,0;2539;0,015233999999999297;1202,6263175708536
columna_70x70;0,0;2540;0,015239999999999296;1202,6650697213945
columna_70x70;0,0;2541;0,015245999999999295;1202,7038127045148
columna_70x70;0,0;2542;0,015251999999999296;1202,7425465173237
columna_70x70;0,0;2543;0,015257999999999295;1202,78127115694
columna_70x70;0,0;2544;0,015263999999999294;1202,8199866204675
columna_70x70;0,0;2545;0,015269999999999293;1202,8586929050168
columna_70x70;0,0;2546;0,015275999999999292;1202,8973900076933
columna_70x70;0,0;2547;0,01528199999999929;1202,9360779256072
columna_70x70;0,0;2548;0,015287999999999288;1202,9747566558538
columna_70x70;0,0;2549;0,015293999999999287;1203,0134261955436
columna_70x70;0,0;2550;0,015299999999999288;1203,0520865417675
columna_70x70;0,0;2551;0,015305999999999287;1203,0907376916318
columna_70x70;0,0;2552;0,015311999999999286;1203,129379642227
columna_70x70;0,0;2553;0,015317999999999285;1203,1680123906513
columna_70x70;0,0;2554;0,015323999999999284;1203,206635933996
columna_70x70;0,0;2555;0,015329999999999282;1203,2452502693552
columna_70x70;0,0;2556;0,01533599999999928;1203,283855393815
columna_70x70;0,0;2557;0,01534199999999928;1203,3224513044665
columna_70x70;0,0;2558;0,01534799999999928;1203,3610379983934
columna_70x70;0,0;2559;0,01535399999999928;1203,3996154726847
columna_70x70;0,0;2560;0,015359999999999279;1203,4381837244173
columna_70x70;0,0;2561;0,015365999999999278;1203,476742750677
columna_70x70;0,0;2562;0,015371999999999277;1203,5152925485386
columna_70x70;0,0;2563;0,015377999999999274;1203,5538331150872
columna_70x70;0,0;2564;0,015383999999999273;1203,5923644473908
columna_70x70;0,0;2565;0,015389999999999272;1203,6308865425308
columna_70x70;0,0;2566;0,015395999999999273;1203,6693993975734
columna_70x70;0,0;2567;0,015401999999999272;1203,7079030095952
columna_70x70;0,0;2568;0,015407999999999271;1203,7463973756608
columna_70x70;0,0;2569;0,01541399999999927;1203,7848824928417
columna_70x70;0,0;2570;0,01541999999999927;1203,8233583581987
columna_70x70;0,0;2571;0,015425999999999267;1203,8618249688018
columna_70x70;0,0;2572;0,015431999999999266;1203,9002823217077
columna_70x70;0,0;2573;0,015437999999999265;1203,9387304139818
columna_70x70;0,0;2574;0,015443999999999266;1203,9771692426777
columna_70x70;0,0;2575;0,015449999999999265;1204,0155988048587
columna_70x70;0,0;2576;0,015455999999999264;1204,0540190975742
columna_70x70;0,0;2577;0,015461999999999263;1204,092430117883
columna_70x70;0,0;2578;0,015467999999999262;1204,1308318628314
columna_70x70;0,0;2579;0,01547399999999926;1204,1692243294751
columna_70x70;0,0;2580;0,015479999999999258;1204,2076075148584
columna_70x70;0,0;2581;0,015485999999999257;1204,2459814160309
columna_70x70;0,0;2582;0,015491999999999258;1204,2843460300369
columna_70x70;0,0;2583;0,015497999999999257;1204,3227013539165
columna_70x70;0,0;2584;0,015503999999999256;1204,361047384713
columna_70x70;0,0;2585;0,015509999999999255;1204,3993841194701
columna_70x70;0,0;2586;0,015515999999999254;1204,4377115552186
columna_70x70;0,0;2587;0,015521999999999252;1204,4760296890026
columna_70x70;0,0;2588;0,01552799999999925;1204,5143385178471
columna_70x70;0,0;2589;0,01553399999999925;1204,552638038796
columna_70x70;0,0;2590;0,01553999999999925;1204,5909282488692
columna_70x70;0,0;2591;0,01554599999999925;1204,629209145105
columna_70x70;0,0;2592;0,015551999999999249;1204,6674807245251
columna_70x70;0,0;2593;0,015557999999999248;1204,7057429841577
columna_70x70;0,0;2594;0,015563999999999247;1204,7439959210253
columna_70x70;0,0;2595;0,015569999999999244;1204,7822395321514
columna_70x70;0,0;2596;0,015575999999999243;1204,8204738145566
columna_70x70;0,0;2597;0,015581999999999242;1204,858698765258
columna_70x70;0,0;2598;0,015587999999999243;1204,8969143812722
columna_70x70;0,0;2599;0,015593999999999242;1204,9351206596175
columna_70x70;0,0;2600;0,015599999999999241;1204,9733175973033
columna_70x70;0,0;2601;0,01560599999999924;1205,0115051913442
columna_70x70;0,0;2602;0,01561199999999924;1205,0496834387473
columna_70x70;0,0;2603;0,015617999999999237;1205,087852336522
columna_70x70;0,0;2604;0,015623999999999236;1205,1260118816772
columna_70x70;0,0;2605;0,015629999999999235;1205,1641620712135
columna_70x70;0,0;2606;0,015635999999999234;1205,2023029021377
columna_70x70;0,0;2607;0,015641999999999233;1205,2404343714431
columna_70x70;0,0;2608;0,015647999999999232;1205,2785564761346
columna_70x70;0,0;2609;0,015653999999999234;1205,3166692132115
columna_70x70;0,0;2610;0,015659999999999234;1205,354772579664
columna_70x70;0,0;2611;0,01566599999999923;1205,3928665724904
columna_70x70;0,0;2612;0,015671999999999228;1205,4309511886788
columna_70x70;0,0;2613;0,015677999999999227;1205,4690264252245
columna_70x70;0,0;2614;0,015683999999999226;1205,50709227911
columna_70x70;0,0;2615;0,015689999999999225;1205,5451487473279
columna_70x70;0,0;2616;0,015695999999999224;1205,5831958268568
columna_70x70;0,0;2617;0,015701999999999227;1205,621233514685
columna_70x70;0,0;2618;0,015707999999999226;1205,6592618077902
columna_70x70;0,0;2619;0,01571399999999922;1205,6972807031552
columna_70x70;0,0;2620;0,01571999999999922;1205,7352901977551
columna_70x70;0,0;2621;0,01572599999999922;1205,7732902885657
columna_70x70;0,0;2622;0,01573199999999922;1205,8112809725615
columna_70x70;0,0;2623;0,015737999999999218;1205,8492622467172
columna_70x70;0,0;2624;0,015743999999999217;1205,8872341079982
columna_70x70;0,0;2625;0,01574999999999922;1205,9251965533786
columna_70x70;0,0;2626;0,01575599999999922;1205,9631495798208
columna_70x70;0,0;2627;0,015761999999999214;1206,0010931842942
columna_70x70;0,0;2628;0,015767999999999213;1206,0390273637581
columna_70x70;0,0;2629;0,015773999999999212;1206,0769521151776
columna_70x70;0,0;2630;0,01577999999999921;1206,1148674355065
columna_70x70;0,0;2631;0,01578599999999921;1206,15277332171
columna_70x70;0,0;2632;0,01579199999999921;1206,1906697707373
columna_70x70;0,0;2633;0,015797999999999212;1206,2285567795484
columna_70x70;0,0;2634;0,01580399999999921;1206,2664343450908
columna_70x70;0,0;2635;0,015809999999999207;1206,3043024643184
columna_70x70;0,0;2636;0,015815999999999206;1206,342161134177
columna_70x70;0,0;2637;0,015821999999999205;1206,3800103516166
columna_70x70;0,0;2638;0,015827999999999204;1206,4178501135793
columna_70x70;0,0;2639;0,015833999999999203;1206,4556804170113
columna_70x70;0,0;2640;0,015839999999999202;1206,49350125885
columna_70x70;0,0;2641;0,015845999999999204;1206,5313126360384
columna_70x70;0,0;2642;0,015851999999999204;1206,569114545513
columna_70x70;0,0;2643;0,0158579999999992;1206,6069069842104
columna_70x70;0,0;2644;0,015863999999999198;1206,6446899490604
columna_70x70;0,0;2645;0,015869999999999197;1206,6824634370028
columna_70x70;0,0;2646;0,015875999999999196;1206,7202274449623
columna_70x70;0,0;2647;0,015881999999999195;1206,7579819698703
columna_70x70;0,0;2648;0,015887999999999194;1206,79572700865
columna_70x70;0,0;2649;0,015893999999999197;1206,8334625582308
columna_70x70;0,0;2650;0,015899999999999196;1206,8711886155304
columna_70x70;0,0;2651;0,01590599999999919;1206,9089051774768
columna_70x70;0,0;2652;0,01591199999999919;1206,9466122409833
columna_70x70;0,0;2653;0,01591799999999919;1206,9843098029696
columna_70x70;0,0;2654;0,01592399999999919;1207,0219978603513
columna_70x70;0,0;2655;0,015929999999999188;1207,0596764100403
columna_70x70;0,0;2656;0,015935999999999187;1207,0973454489522
columna_70x70;0,0;2657;0,01594199999999919;1207,1350049739956
columna_70x70;0,0;2658;0,01594799999999919;1207,1726549820767
columna_70x70;0,0;2659;0,015953999999999184;1207,2102954701045
columna_70x70;0,0;2660;0,015959999999999183;1207,2479264349793
columna_70x70;0,0;2661;0,015965999999999182;1207,285547873608
columna_70x70;0,0;2662;0,01597199999999918;1207,323159782893
columna_70x70;0,0;2663;0,01597799999999918;1207,360762159726
columna_70x70;0,0;2664;0,01598399999999918;1207,3983550010084
columna_70x70;0,0;2665;0,015989999999999182;1207,4359383036362
columna_70x70;0,0;2666;0,01599599999999918;1207,4735120645
columna_70x70;0,0;2667;0,016001999999999177;1207,511076280495
columna_70x70;0,0;2668;0,016007999999999176;1207,548630948505
columna_70x70;0,0;2669;0,016013999999999175;1207,5861760654236
columna_70x70;0,0;2670;0,016019999999999174;1207,623711628133
columna_70x70;0,0;2671;0,016025999999999173;1207,661237633518
columna_70x70;0,0;2672;0,016031999999999172;1207,6987540784598
columna_70x70;0,0;2673;0,016037999999999174;1207,7362609598397
columna_70x70;0,0;2674;0,016043999999999174;1207,7737582745344
columna_70x70;0,0;2675;0,01604999999999917;1207,811246019423
columna_70x70;0,0;2676;0,016055999999999168;1207,848724191378
columna_70x70;0,0;2677;0,016061999999999167;1207,886192787271
columna_70x70;0,0;2678;0,016067999999999166;1207,923651803974
columna_70x70;0,0;2679;0,016073999999999165;1207,961101238355
columna_70x70;0,0;2680;0,016079999999999164;1207,9985410872835
columna_70x70;0,0;2681;0,016085999999999167;1208,0359713476219
columna_70x70;0,0;2682;0,016091999999999166;1208,0733920162313
columna_70x70;0,0;2683;0,01609799999999916;1208,1108030899788
columna_70x70;0,0;2684;0,01610399999999916;1208,1482045657185
columna_70x70;0,0;2685;0,01610999999999916;1208,1855964403114
columna_70x70;0,0;2686;0,01611599999999916;1208,2229787106082
columna_70x70;0,0;2687;0,016121999999999158;1208,2603513734687
columna_70x70;0,0;2688;0,016127999999999157;1208,297714425738
columna_70x70;0,0;2689;0,01613399999999916;1208,335067864273
columna_70x70;0,0;2690;0,01613999999999916;1208,3724116859148
columna_70x70;0,0;2691;0,016145999999999154;1208,4097458875144
columna_70x70;0,0;2692;0,016151999999999153;1208,4470704659104
columna_70x70;0,0;2693;0,016157999999999152;1208,4843854179526
columna_70x70;0,0;2694;0,01616399999999915;1208,5216907404742
columna_70x70;0,0;2695;0,01616999999999915;1208,558986430318
columna_70x70;0,0;2696;0,01617599999999915;1208,5962724843162
columna_70x70;0,0;2697;0,016181999999999152;1208,633548899306
columna_70x70;0,0;2698;0,01618799999999915;1208,670815672121
columna_70x70;0,0;2699;0,016193999999999147;1208,7080727995894
columna_70x70;0,0;2700;0,016199999999999146;1208,7453202785382
columna_70x70;0,0;2701;0,016205999999999145;1208,7825581057996
columna_70x70;0,0;2702;0,016211999999999144;1208,8197862781929
columna_70x70;0,0;2703;0,016217999999999143;1208,8570047925452
columna_70x70;0,0;2704;0,016223999999999142;1208,8942136456744
columna_70x70;0,0;2705;0,016229999999999144;1208,9314128344038
columna_70x70;0,0;2706;0,016235999999999143;1208,9686023555423
columna_70x70;0,0;2707;0,01624199999999914;1209,005782205915
columna_70x70;0,0;2708;0,016247999999999138;1209,0429523823257
columna_70x70;0,0;2709;0,016253999999999137;1209,080112881595
columna_70x70;0,0;2710;0,016259999999999136;1209,1172637005243
columna_70x70;0,0;2711;0,016265999999999135;1209,1544048359244
columna_70x70;0,0;2712;0,016271999999999134;1209,1915362845994
columna_70x70;0,0;2713;0,016277999999999137;1209,228658043355
columna_70x70;0,0;2714;0,016283999999999136;1209,2657701089909
columna_70x70;0,0;2715;0,01628999999999913;1209,3028724783069
columna_70x70;0,0;2716;0,01629599999999913;1209,3399651481
columna_70x70;0,0;2717;0,01630199999999913;1209,3770481151664
columna_70x70;0,0;2718;0,01630799999999913;1209,414121376301
columna_70x70;0,0;2719;0,016313999999999128;1209,4511849282947
columna_70x70;0,0;2720;0,016319999999999127;1209,4882387679347
columna_70x70;0,0;2721;0,01632599999999913;1209,5252828920136
columna_70x70;0,0;2722;0,01633199999999913;1209,5623172973108
columna_70x70;0,0;2723;0,016337999999999124;1209,59934198062
columna_70x70;0,0;2724;0,016343999999999123;1209,6363569387117
columna_70x70;0,0;2725;0,016349999999999122;1209,6733621683754
columna_70x70;0,0;2726;0,01635599999999912;1209,7103576663808
columna_70x70;0,0;2727;0,01636199999999912;1209,7473434295114
columna_70x70;0,0;2728;0,01636799999999912;1209,7843194545358
columna_70x70;0,0;2729;0,016373999999999122;1209,8212857382289
columna_70x70;0,0;2730;0,01637999999999912;1209,8582422773577
columna_70x70;0,0;2731;0,016385999999999117;1209,895189068695
columna_70x70;0,0;2732;0,016391999999999116;1209,9321261090026
columna_70x70;0,0;2733;0,016397999999999115;1209,9690533950468
columna_70x70;0,0;2734;0,016403999999999114;1210,0059709235888
columna_70x70;0,0;2735;0,016409999999999113;1210,0428786913897
columna_70x70;0,0;2736;0,016415999999999112;1210,079776695208
columna_70x70;0,0;2737;0,016421999999999114;1210,116664931797
columna_70x70;0,0;2738;0,016427999999999113;1210,153543397911
columna_70x70;0,0;2739;0,01643399999999911;1210,1904120903075
columna_70x70;0,0;2740;0,016439999999999108;1210,227271005729
columna_70x70;0,0;2741;0,016445999999999107;1210,2641201409317
columna_70x70;0,0;2742;0,016451999999999106;1210,3009594926546
columna_70x70;0,0;2743;0,016457999999999105;1210,3377890576476
columna_70x70;0,0;2744;0,016463999999999104;1210,3746088326463
columna_70x70;0,0;2745;0,016469999999999107;1210,4114188143988
columna_70x70;0,0;2746;0,016475999999999106;1210,4482189996359
columna_70x70;0,0;2747;0,0164819999999991;1210,4850093851007
columna_70x70;0,0;2748;0,0164879999999991;1210,5217899675208
columna_70x70;0,0;2749;0,0164939999999991;1210,5585607436324
columna_70x70;0,0;2750;0,0164999999999991;1210,5953217101635
columna_70x70;0,0;2751;0,016505999999999098;1210,6320728638439
columna_70x70;0,0;2752;0,016511999999999097;1210,668814201398
columna_70x70;0,0;2753;0,0165179999999991;1210,7055457195506
columna_70x70;0,0;2754;0,0165239999999991;1210,742267415024
columna_70x70;0,0;2755;0,016529999999999094;1210,7789792845376
columna_70x70;0,0;2756;0,016535999999999093;1210,8156813248124
columna_70x70;0,0;2757;0,016541999999999092;1210,8523735325582
columna_70x70;0,0;2758;0,01654799999999909;1210,8890559044921
columna_70x70;0,0;2759;0,01655399999999909;1210,9257284373284
columna_70x70;0,0;2760;0,01655999999999909;1210,962391127773
columna_70x70;0,0;2761;0,016565999999999092;1210,9990439725377
columna_70x70;0,0;2762;0,01657199999999909;1211,0356869683235
columna_70x70;0,0;2763;0,016577999999999087;1211,0723201118408
columna_70x70;0,0;2764;0,016583999999999086;1211,1089433997827
columna_70x70;0,0;2765;0,016589999999999085;1211,1455568288566
columna_70x70;0,0;2766;0,016595999999999084;1211,182160395756
columna_70x70;0,0;2767;0,016601999999999083;1211,2187540971768
columna_70x70;0,0;2768;0,016607999999999082;1211,255337929813
columna_70x70;0,0;2769;0,016613999999999084;1211,2919118903587
columna_70x70;0,0;2770;0,016619999999999083;1211,3284759754995
columna_70x70;0,0;2771;0,01662599999999908;1211,3650301819234
columna_70x70;0,0;2772;0,016631999999999078;1211,4015745063177
columna_70x70;0,0;2773;0,016637999999999077;1211,4381089453625
columna_70x70;0,0;2774;0,016643999999999076;1211,4746334957451
columna_70x70;0,0;2775;0,016649999999999075;1211,5111481541364
columna_70x70;0,0;2776;0,016655999999999074;1211,547652917217
columna_70x70;0,0;2777;0,016661999999999077;1211,5841477816673
columna_70x70;0,0;2778;0,016667999999999076;1211,6206327441507
columna_70x70;0,0;2779;0,01667399999999907;1211,6571078013474
columna_70x70;0,0;2780;0,01667999999999907;1211,693572949918
columna_70x70;0,0;2781;0,01668599999999907;1211,7300281865364
columna_70x70;0,0;2782;0,01669199999999907;1211,7664735078602
columna_70x70;0,0;2783;0,016697999999999068;1211,8029089105594
columna_70x70;0,0;2784;0,016703999999999067;1211,8393343912885
columna_70x70;0,0;2785;0,01670999999999907;1211,8757499467113
columna_70x70;0,0;2786;0,01671599999999907;1211,9121555734782
columna_70x70;0,0;2787;0,016721999999999064;1211,9485512682481
columna_70x70;0,0;2788;0,016727999999999063;1211,984937027671
columna_70x70;0,0;2789;0,016733999999999062;1212,0170838444096
columna_70x70;0,0;2790;0,01673999999999906;1212,0466415137278
columna_70x70;0,0;2791;0,01674599999999906;1212,0761934249606
columna_70x70;0,0;2792;0,01675199999999906;1212,1057395760567
columna_70x70;0,0;2793;0,016757999999999062;1212,1352799649694
columna_70x70;0,0;2794;0,01676399999999906;1212,164814589655
columna_70x70;0,0;2795;0,016769999999999056;1212,1943434480631
columna_70x70;0,0;2796;0,016775999999999056;1212,223866538146
columna_70x70;0,0;2797;0,016781999999999055;1212,2533838578556
columna_70x70;0,0;2798;0,016787999999999054;1212,282895405137
columna_70x70;0,0;2799;0,016793999999999053;1212,3124011779414
columna_70x70;0,0;2800;0,016799999999999052;1212,341901174209
columna_70x70;0,0;2801;0,016805999999999054;1212,37139539189
columna_70x70;0,0;2802;0,016811999999999053;1212,4008838289215
columna_70x70;0,0;2803;0,01681799999999905;1212,4303664832512
columna_70x70;0,0;2804;0,016823999999999048;1212,459843352815
columna_70x70;0,0;2805;0,016829999999999047;1212,489314435554
columna_70x70;0,0;2806;0,016835999999999046;1212,518779729404
columna_70x70;0,0;2807;0,016841999999999045;1212,5482392323033
columna_70x70;0,0;2808;0,016847999999999044;1212,5776929421843
columna_70x70;0,0;2809;0,016853999999999047;1212,607140856981
columna_70x70;0,0;2810;0,016859999999999046;1212,6365829746262
columna_70x70;0,0;2811;0,01686599999999904;1212,6660192930515
columna_70x70;0,0;2812;0,01687199999999904;1212,6954498101813
columna_70x70;0,0;2813;0,01687799999999904;1212,7248745239497
columna_70x70;0,0;2814;0,01688399999999904;1212,7542934322782
columna_70x70;0,0;2815;0,016889999999999038;1212,7837065330948
columna_70x70;0,0;2816;0,016895999999999037;1212,813113824325
columna_70x70;0,0;2817;0,01690199999999904;1212,8425153038838
columna_70x70;0,0;2818;0,01690799999999904;1212,8719109696967
columna_70x70;0,0;2819;0,016913999999999034;1212,9013008196848
columna_70x70;0,0;2820;0,016919999999999033;1212,9306848517626
columna_70x70;0,0;2821;0,016925999999999032;1212,9600630638517
columna_70x70;0,0;2822;0,01693199999999903;1212,9894354538594
columna_70x70;0,0;2823;0,01693799999999903;1213,0188020197081
columna_70x70;0,0;2824;0,01694399999999903;1213,048162759305
columna_70x70;0,0;2825;0,016949999999999032;1213,077517670564
columna_70x70;0,0;2826;0,01695599999999903;1213,1068667513919
columna_70x70;0,0;2827;0,016961999999999026;1213,136209999699
columna_70x70;0,0;2828;0,016967999999999026;1213,165547413392
columna_70x70;0,0;2829;0,016973999999999025;1213,1948789903756
columna_70x70;0,0;2830;0,016979999999999024;1213,2242047285533
columna_70x70;0,0;2831;0,016985999999999023;1213,2535246258303
columna_70x70;0,0;2832;0,016991999999999022;1213,2828386801045
columna_70x70;0,0;2833;0,016997999999999024;1213,312146889278
columna_70x70;0,0;2834;0,017003999999999023;1213,3414492512497
columna_70x70;0,0;2835;0,01700999999999902;1213,370745763915
columna_70x70;0,0;2836;0,017015999999999018;1213,4000364251685
columna_70x70;0,0;2837;0,017021999999999017;1213,4293212329078
columna_70x70;0,0;2838;0,017027999999999016;1213,45860018502
columna_70x70;0,0;2839;0,017033999999999015;1213,487873279403
columna_70x70;0,0;2840;0,017039999999999014;1213,5171405139458
columna_70x70;0,0;2841;0,017045999999999017;1213,5464018865284
columna_70x70;0,0;2842;0,017051999999999016;1213,5756573950466
columna_70x70;0,0;2843;0,01705799999999901;1213,6049070373838
columna_70x70;0,0;2844;0,01706399999999901;1213,6341508114233
columna_70x70;0,0;2845;0,01706999999999901;1213,6633887150501
columna_70x70;0,0;2846;0,01707599999999901;1213,6926207461402
columna_70x70;0,0;2847;0,017081999999999008;1213,7218469025786
columna_70x70;0,0;2848;0,017087999999999007;1213,7510671822422
columna_70x70;0,0;2849;0,01709399999999901;1213,7802815830066
columna_70x70;0,0;2850;0,01709999999999901;1213,8094901027487
columna_70x70;0,0;2851;0,017105999999999004;1213,838692739343
columna_70x70;0,0;2852;0,017111999999999003;1213,8678894906623
columna_70x70;0,0;2853;0,017117999999999002;1213,897080354576
columna_70x70;0,0;2854;0,017123999999999;1213,9262653289575
columna_70x70;0,0;2855;0,017129999999999;1213,9554444116689
columna_70x70;0,0;2856;0,017135999999999;1213,9846176005813
columna_70x70;0,0;2857;0,017141999999999002;1214,0137848935597
columna_70x70;0,0;2858;0,017147999999999;1214,0429462884692
columna_70x70;0,0;2859;0,017153999999998996;1214,072101783171
columna_70x70;0,0;2860;0,017159999999998996;1214,1012513755247
columna_70x70;0,0;2861;0,017165999999998995;1214,1303950633935
columna_70x70;0,0;2862;0,017171999999998994;1214,1595328446328
columna_70x70;0,0;2863;0,017177999999998993;1214,188664717102
columna_70x70;0,0;2864;0,017183999999998992;1214,217790678652
columna_70x70;0,0;2865;0,017189999999998994;1214,2469107271404
columna_70x70;0,0;2866;0,017195999999998993;1214,276024860418
columna_70x70;0,0;2867;0,01720199999999899;1214,3051330763349
columna_70x70;0,0;2868;0,017207999999998988;1214,3342353727426
columna_70x70;0,0;2869;0,017213999999998987;1214,363331747488
columna_70x70;0,0;2870;0,017219999999998986;1214,3924221984166
columna_70x70;0,0;2871;0,017225999999998985;1214,4215067233765
columna_70x70;0,0;2872;0,017231999999998984;1214,4505853202077
columna_70x70;0,0;2873;0,017237999999998987;1214,479657986753
columna_70x70;0,0;2874;0,017243999999998986;1214,5087247208548
columna_70x70;0,0;2875;0,01724999999999898;1214,5377855203517
columna_70x70;0,0;2876;0,01725599999999898;1214,5668403830787
columna_70x70;0,0;2877;0,01726199999999898;1214,5958893068764
columna_70x70;0,0;2878;0,01726799999999898;1214,6249322895744
columna_70x70;0,0;2879;0,017273999999998978;1214,6539693290115
columna_70x70;0,0;2880;0,017279999999998977;1214,6830004230176
columna_70x70;0,0;2881;0,01728599999999898;1214,7120255694192
columna_70x70;0,0;2882;0,01729199999999898;1214,7410447660475
columna_70x70;0,0;2883;0,017297999999998974;1214,7700580107328
columna_70x70;0,0;2884;0,017303999999998973;1214,7990653012957
columna_70x70;0,0;2885;0,017309999999998972;1214,8280666355643
columna_70x70;0,0;2886;0,01731599999999897;1214,8570620113594
columna_70x70;0,0;2887;0,01732199999999897;1214,8860514265036
columna_70x70;0,0;2888;0,01732799999999897;1214,9150348788162
columna_70x70;0,0;2889;0,017333999999998972;1214,9440123661147
columna_70x70;0,0;2890;0,01733999999999897;1214,972983886218
columna_70x70;0,0;2891;0,017345999999998966;1215,00194943694
columna_70x70;0,0;2892;0,017351999999998965;1215,030909016097
columna_70x70;0,0;2893;0,017357999999998965;1215,0598626214946
columna_70x70;0,0;2894;0,017363999999998964;1215,08881025095
columna_70x70;0,0;2895;0,017369999999998963;1215,1177519022706
columna_70x70;0,0;2896;0,01737599999999896;1215,1466875732667
columna_70x70;0,0;2897;0,017381999999998964;1215,175617261739
columna_70x70;0,0;2898;0,017387999999998963;1215,2045409654954
columna_70x70;0,0;2899;0,01739399999999896;1215,233458682341
columna_70x70;0,0;2900;0,017399999999998958;1215,2623704100758
columna_70x70;0,0;2901;0,017405999999998957;1215,2912761465006
columna_70x70;0,0;2902;0,017411999999998956;1215,3201758894124
columna_70x70;0,0;2903;0,017417999999998955;1215,3490696366118
columna_70x70;0,0;2904;0,017423999999998954;1215,377957385889
columna_70x70;0,0;2905;0,017429999999998957;1215,4068391350443
columna_70x70;0,0;2906;0,017435999999998956;1215,4357148818694
columna_70x70;0,0;2907;0,01744199999999895;1215,464584624153
columna_70x70;0,0;2908;0,01744799999999895;1215,4934483596835
columna_70x70;0,0;2909;0,01745399999999895;1215,5223060862525
columna_70x70;0,0;2910;0,01745999999999895;1215,5511578016458
columna_70x70;0,0;2911;0,017465999999998948;1215,580003503648
columna_70x70;0,0;2912;0,017471999999998947;1215,6088431900416
columna_70x70;0,0;2913;0,01747799999999895;1215,6376768586094
columna_70x70;0,0;2914;0,01748399999999895;1215,6665045071366
columna_70x70;0,0;2915;0,017489999999998944;1215,6953261333929
columna_70x70;0,0;2916;0,017495999999998943;1215,7241417351595
columna_70x70;0,0;2917;0,017501999999998942;1215,7529513102165
columna_70x70;0,0;2918;0,01750799999999894;1215,781754856333
columna_70x70;0,0;2919;0,01751399999999894;1215,810552371286
columna_70x70;0,0;2920;0,01751999999999894;1215,8393438528424
columna_70x70;0,0;2921;0,01752599999999894;1215,868129298775
columna_70x70;0,0;2922;0,01753199999999894;1215,8969087068497
columna_70x70;0,0;2923;0,017537999999998936;1215,925682074835
columna_70x70;0,0;2924;0,017543999999998935;1215,9566162656156
columna_70x70;0,0;2925;0,017549999999998935;1215,9888427495728
columna_70x70;0,0;2926;0,017555999999998934;1216,0210623484456
columna_70x70;0,0;2927;0,017561999999998933;1216,0532750595812
columna_70x70;0,0;2928;0,01756799999999893;1216,085480880332
columna_70x70;0,0;2929;0,017573999999998934;1216,1176798080473
columna_70x70;0,0;2930;0,017579999999998933;1216,149871840077
columna_70x70;0,0;2931;0,01758599999999893;1216,1820569737617
columna_70x70;0,0;2932;0,017591999999998928;1216,2142352064495
columna_70x70;0,0;2933;0,017597999999998927;1216,2464065354884
columna_70x70;0,0;2934;0,017603999999998926;1216,278570958212
columna_70x70;0,0;2935;0,017609999999998925;1216,310728471963
columna_70x70;0,0;2936;0,017615999999998924;1216,3428790740763
columna_70x70;0,0;2937;0,017621999999998927;1216,3750227618887
columna_70x70;0,0;2938;0,017627999999998926;1216,4071595327316
columna_70x70;0,0;2939;0,01763399999999892;1216,4392893839376
columna_70x70;0,0;2940;0,01763999999999892;1216,4714123128338
columna_70x70;0,0;2941;0,01764599999999892;1216,5035283167504
columna_70x70;0,0;2942;0,01765199999999892;1216,5356373930108
columna_70x70;0,0;2943;0,017657999999998918;1216,567739538939
columna_70x70;0,0;2944;0,017663999999998917;1216,5998347518569
columna_70x70;0,0;2945;0,01766999999999892;1216,6319230290842
columna_70x70;0,0;2946;0,01767599999999892;1216,664004367938
columna_70x70;0,0;2947;0,017681999999998914;1216,6960787657342
columna_70x70;0,0;2948;0,017687999999998913;1216,7281462197868
columna_70x70;0,0;2949;0,017693999999998912;1216,760206727407
columna_70x70;0,0;2950;0,01769999999999891;1216,792260285906
columna_70x70;0,0;2951;0,01770599999999891;1216,8243068925908
columna_70x70;0,0;2952;0,01771199999999891;1216,8563465447658
columna_70x70;0,0;2953;0,01771799999999891;1216,8883792397394
columna_70x70;0,0;2954;0,01772399999999891;1216,9204049748098
columna_70x70;0,0;2955;0,017729999999998906;1216,9524237472776
columna_70x70;0,0;2956;0,017735999999998905;1216,9844355544417
columna_70x70;0,0;2957;0,017741999999998904;1217,0164403936008
columna_70x70;0,0;2958;0,017747999999998904;1217,0484382620443
columna_70x70;0,0;2959;0,017753999999998903;1217,0804291570682
columna_70x70;0,0;2960;0,0177599999999989;1217,112413075961
columna_70x70;0,0;2961;0,017765999999998904;1217,1443900160111
columna_70x70;0,0;2962;0,017771999999998903;1217,1763599745063
columna_70x70;0,0;2963;0,0177779999999989;1217,208322948729
columna_70x70;0,0;2964;0,017783999999998898;1217,2402789359642
columna_70x70;0,0;2965;0,017789999999998897;1217,2722279334894
columna_70x70;0,0;2966;0,017795999999998896;1217,304169938585
columna_70x70;0,0;2967;0,017801999999998895;1217,336104948528
columna_70x70;0,0;2968;0,017807999999998894;1217,3680329605902
columna_70x70;0,0;2969;0,017813999999998897;1217,3999539720492
columna_70x70;0,0;2970;0,017819999999998896;1217,4318679801688
columna_70x70;0,0;2971;0,01782599999999889;1217,4637749822225
columna_70x70;0,0;2972;0,01783199999999889;1217,4956749754747
columna_70x70;0,0;2973;0,01783799999999889;1217,5275679571926
columna_70x70;0,0;2974;0,01784399999999889;1217,5594539246342
columna_70x70;0,0;2975;0,017849999999998888;1217,5913328750644
columna_70x70;0,0;2976;0,017855999999998887;1217,6232048057404
columna_70x70;0,0;2977;0,01786199999999889;1217,6550697139176
columna_70x70;0,0;2978;0,017867999999998888;1217,6869275968518
columna_70x70;0,0;2979;0,017873999999998884;1217,718778451795
columna_70x70;0,0;2980;0,017879999999998883;1217,7506222759976
columna_70x70;0,0;2981;0,017885999999998882;1217,78245906671
columna_70x70;0,0;2982;0,01789199999999888;1217,8142888211746
columna_70x70;0,0;2983;0,01789799999999888;1217,8461115366408
columna_70x70;0,0;2984;0,01790399999999888;1217,8779272103486
columna_70x70;0,0;2985;0,01790999999999888;1217,9097358395388
columna_70x70;0,0;2986;0,01791599999999888;1217,9415374214498
columna_70x70;0,0;2987;0,017921999999998876;1217,9733319533186
columna_70x70;0,0;2988;0,017927999999998875;1218,0051194323771
columna_70x70;0,0;2989;0,017933999999998874;1218,0368998558627
columna_70x70;0,0;2990;0,017939999999998874;1218,068673221
columna_70x70;0,0;2991;0,017945999999998873;1218,1004395250225
columna_70x70;0,0;2992;0,01795199999999887;1218,132198765152
columna_70x70;0,0;2993;0,017957999999998874;1218,1639509386155
columna_70x70;0,0;2994;0,017963999999998873;1218,195696042634
columna_70x70;0,0;2995;0,01796999999999887;1218,2274340744302
columna_70x70;0,0;2996;0,017975999999998868;1218,2591650312186
columna_70x70;0,0;2997;0,017981999999998867;1218,2908889102168
columna_70x70;0,0;2998;0,017987999999998866;1218,32260570864
columna_70x70;0,0;2999;0,017993999999998865;1218,3543154237007
columna_70x70;0,0;3000;0,017999999999998864;1218,3860180526035
columna_70x70;0,0;3001;0,018005999999998867;1218,4177135925609
columna_70x70;0,0;3002;0,018011999999998866;1218,4494020407817
columna_70x70;0,0;3003;0,01801799999999886;1218,4810833944625
columna_70x70;0,0;3004;0,01802399999999886;1218,512757650809
columna_70x70;0,0;3005;0,01802999999999886;1218,5444248070207
columna_70x70;0,0;3006;0,01803599999999886;1218,576084860297
columna_70x70;0,0;3007;0,018041999999998858;1218,6077378078276
columna_70x70;0,0;3008;0,018047999999998857;1218,639383646809
columna_70x70;0,0;3009;0,01805399999999886;1218,671022374437
columna_70x70;0,0;3010;0,018059999999998858;1218,7026539878939
columna_70x70;0,0;3011;0,018065999999998854;1218,7342784843713
columna_70x70;0,0;3012;0,018071999999998853;1218,7658958610525
columna_70x70;0,0;3013;0,018077999999998852;1218,7975061151235
columna_70x70;0,0;3014;0,01808399999999885;1218,8291092437612
columna_70x70;0,0;3015;0,01808999999999885;1218,8607052441466
columna_70x70;0,0;3016;0,01809599999999885;1218,8922941134563
columna_70x70;0,0;3017;0,01810199999999885;1218,923875848865
columna_70x70;0,0;3018;0,01810799999999885;1218,9554504475445
columna_70x70;0,0;3019;0,018113999999998846;1218,9870179066668
columna_70x70;0,0;3020;0,018119999999998845;1219,018578223399
columna_70x70;0,0;3021;0,018125999999998844;1219,0501313949094
columna_70x70;0,0;3022;0,018131999999998843;1219,081677418361
columna_70x70;0,0;3023;0,018137999999998843;1219,113216290915
columna_70x70;0,0;3024;0,01814399999999884;1219,1447480097327
columna_70x70;0,0;3025;0,018149999999998844;1219,1762725719732
columna_70x70;0,0;3026;0,018155999999998843;1219,2077899747871
columna_70x70;0,0;3027;0,01816199999999884;1219,2393002153358
columna_70x70;0,0;3028;0,018167999999998838;1219,2708032907642
columna_70x70;0,0;3029;0,018173999999998837;1219,3022991982273
columna_70x70;0,0;3030;0,018179999999998836;1219,3337879348671
columna_70x70;0,0;3031;0,018185999999998835;1219,3652694978327
columna_70x70;0,0;3032;0,018191999999998834;1219,396743884265
columna_70x70;0,0;3033;0,018197999999998837;1219,4282110913073
columna_70x70;0,0;3034;0,018203999999998836;1219,4596711160978
columna_70x70;0,0;3035;0,01820999999999883;1219,4911239557714
columna_70x70;0,0;3036;0,01821599999999883;1219,522569607463
columna_70x70;0,0;3037;0,01822199999999883;1219,554008068306
columna_70x70;0,0;3038;0,01822799999999883;1219,585439335432
columna_70x70;0,0;3039;0,018233999999998828;1219,616863405968
columna_70x70;0,0;3040;0,018239999999998827;1219,648280277039
columna_70x70;0,0;3041;0,01824599999999883;1219,67968994577
columna_70x70;0,0;3042;0,018251999999998828;1219,7110924092835
columna_70x70;0,0;3043;0,018257999999998824;1219,7424876646976
columna_70x70;0,0;3044;0,018263999999998823;1219,7719828353288
columna_70x70;0,0;3045;0,018269999999998822;1219,7868899788618
columna_70x70;0,0;3046;0,01827599999999882;1219,8017930040232
columna_70x70;0,0;3047;0,01828199999999882;1219,8166919092976
columna_70x70;0,0;3048;0,01828799999999882;1219,83158669317
columna_70x70;0,0;3049;0,01829399999999882;1219,8464773541286
columna_70x70;0,0;3050;0,01829999999999882;1219,8613638906595
columna_70x70;0,0;3051;0,018305999999998816;1219,8762463012447
columna_70x70;0,0;3052;0,018311999999998815;1219,8911245843703
columna_70x70;0,0;3053;0,018317999999998814;1219,9059987385183
columna_70x70;0,0;3054;0,018323999999998813;1219,9208687621708
columna_70x70;0,0;3055;0,018329999999998813;1219,9357346538075
columna_70x70;0,0;3056;0,01833599999999881;1219,9505964119094
columna_70x70;0,0;3057;0,018341999999998814;1219,965454034953
columna_70x70;0,0;3058;0,018347999999998813;1219,9803075214177
columna_70x70;0,0;3059;0,01835399999999881;1219,9951568697797
columna_70x70;0,0;3060;0,018359999999998808;1220,010002078515
columna_70x70;0,0;3061;0,018365999999998807;1220,0248431460986
columna_70x70;0,0;3062;0,018371999999998806;1220,0396800710027
columna_70x70;0,0;3063;0,018377999999998805;1220,0545128517012
columna_70x70;0,0;3064;0,018383999999998804;1220,0693414866664
columna_70x70;0,0;3065;0,018389999999998807;1220,0841659743678
columna_70x70;0,0;3066;0,018395999999998806;1220,0989863132745
columna_70x70;0,0;3067;0,0184019999999988;1220,1138025018583
columna_70x70;0,0;3068;0,0184079999999988;1220,1286145385825
columna_70x70;0,0;3069;0,0184139999999988;1220,1434224219174
columna_70x70;0,0;3070;0,0184199999999988;1220,1582261503263
columna_70x70;0,0;3071;0,018425999999998798;1220,1730257222755
columna_70x70;0,0;3072;0,018431999999998797;1220,1878211362284
columna_70x70;0,0;3073;0,0184379999999988;1220,202612390648
columna_70x70;0,0;3074;0,018443999999998798;1220,2173994839945
columna_70x70;0,0;3075;0,018449999999998794;1220,2321824147293
columna_70x70;0,0;3076;0,018455999999998793;1220,2469611813115
columna_70x70;0,0;3077;0,018461999999998792;1220,2617357822012
columna_70x70;0,0;3078;0,01846799999999879;1220,2765062158549
columna_70x70;0,0;3079;0,01847399999999879;1220,2912724807297
columna_70x70;0,0;3080;0,01847999999999879;1220,3060345752813
columna_70x70;0,0;3081;0,01848599999999879;1220,3207924979629
columna_70x70;0,0;3082;0,01849199999999879;1220,3355462472293
columna_70x70;0,0;3083;0,018497999999998786;1220,3502958215327
columna_70x70;0,0;3084;0,018503999999998785;1220,3650412193256
columna_70x70;0,0;3085;0,018509999999998784;1220,3797824390558
columna_70x70;0,0;3086;0,018515999999998783;1220,3945194791763
columna_70x70;0,0;3087;0,018521999999998782;1220,4092523381332
columna_70x70;0,0;3088;0,01852799999999878;1220,4239810143724
columna_70x70;0,0;3089;0,018533999999998784;1220,4387055063446
columna_70x70;0,0;3090;0,018539999999998783;1220,4534258124918
columna_70x70;0,0;3091;0,01854599999999878;1220,4681419312608
columna_70x70;0,0;3092;0,018551999999998778;1220,482853861093
columna_70x70;0,0;3093;0,018557999999998777;1220,4975616004301
columna_70x70;0,0;3094;0,018563999999998776;1220,512265147717
columna_70x70;0,0;3095;0,018569999999998775;1220,52696450139
columna_70x70;0,0;3096;0,018575999999998774;1220,5416596598916
columna_70x70;0,0;3097;0,018581999999998777;1220,5563506216565
columna_70x70;0,0;3098;0,018587999999998776;1220,5710373851225
columna_70x70;0,0;3099;0,01859399999999877;1220,5857199487273
columna_70x70;0,0;3100;0,01859999999999877;1220,6003983109074
columna_70x70;0,0;3101;0,01860599999999877;1220,6150724700951
columna_70x70;0,0;3102;0,01861199999999877;1220,6297424247211
columna_70x70;0,0;3103;0,018617999999998767;1220,64440817322
columna_70x70;0,0;3104;0,018623999999998767;1220,6590697140227
columna_70x70;0,0;3105;0,01862999999999877;1220,673727045559
columna_70x70;0,0;3106;0,018635999999998768;1220,688380166257
columna_70x70;0,0;3107;0,018641999999998764;1220,703029074545
columna_70x70;0,0;3108;0,018647999999998763;1220,7176737688496
columna_70x70;0,0;3109;0,018653999999998762;1220,7323142475962
columna_70x70;0,0;3110;0,01865999999999876;1220,7469505092115
columna_70x70;0,0;3111;0,01866599999999876;1220,7615825521161
columna_70x70;0,0;3112;0,01867199999999876;1220,776210374733
columna_70x70;0,0;3113;0,01867799999999876;1220,7908339754877
columna_70x70;0,0;3114;0,01868399999999876;1220,8054533527966
columna_70x70;0,0;3115;0,018689999999998756;1220,8200685050797
columna_70x70;0,0;3116;0,018695999999998755;1220,8346794307568
columna_70x70;0,0;3117;0,018701999999998754;1220,849286128244
columna_70x70;0,0;3118;0,018707999999998753;1220,8638885959585
columna_70x70;0,0;3119;0,018713999999998752;1220,8784868323153
columna_70x70;0,0;3120;0,01871999999999875;1220,8930808357281
columna_70x70;0,0;3121;0,018725999999998754;1220,907670604611
columna_70x70;0,0;3122;0,018731999999998753;1220,9222561373751
columna_70x70;0,0;3123;0,01873799999999875;1220,9368374324315
columna_70x70;0,0;3124;0,018743999999998748;1220,9514144881912
columna_70x70;0,0;3125;0,018749999999998747;1220,9659873030616
columna_70x70;0,0;3126;0,018755999999998746;1220,9805558754529
columna_70x70;0,0;3127;0,018761999999998745;1220,995120203769
columna_70x70;0,0;3128;0,018767999999998744;1221,0096802864164
columna_70x70;0,0;3129;0,018773999999998747;1221,0242361218025
columna_70x70;0,0;3130;0,018779999999998746;1221,0387877083278
columna_70x70;0,0;3131;0,01878599999999874;1221,0533350443957
columna_70x70;0,0;3132;0,01879199999999874;1221,067878128407
columna_70x70;0,0;3133;0,01879799999999874;1221,0824169587627
columna_70x70;0,0;3134;0,01880399999999874;1221,096951533865
columna_70x70;0,0;3135;0,018809999999998737;1221,111481852108
columna_70x70;0,0;3136;0,018815999999998737;1221,12600791189
columna_70x70;0,0;3137;0,01882199999999874;1221,1405297116085
columna_70x70;0,0;3138;0,018827999999998738;1221,1550472496574
columna_70x70;0,0;3139;0,018833999999998734;1221,1695605244306
columna_70x70;0,0;3140;0,018839999999998733;1221,1840695343215
columna_70x70;0,0;3141;0,018845999999998732;1221,1985742777229
columna_70x70;0,0;3142;0,01885199999999873;1221,2130747530223
columna_70x70;0,0;3143;0,01885799999999873;1221,227570958613
columna_70x70;0,0;3144;0,01886399999999873;1221,2420628928824
columna_70x70;0,0;3145;0,01886999999999873;1221,2565505542163
columna_70x70;0,0;3146;0,01887599999999873;1221,2710339410044
columna_70x70;0,0;3147;0,018881999999998726;1221,2855130516298
columna_70x70;0,0;3148;0,018887999999998725;1221,2999878844762
columna_70x70;0,0;3149;0,018893999999998724;1221,3144584379295
columna_70x70;0,0;3150;0,018899999999998723;1221,3289247103687
columna_70x70;0,0;3151;0,018905999999998722;1221,343386700177
columna_70x70;0,0;3152;0,01891199999999872;1221,357844405736
columna_70x70;0,0;3153;0,018917999999998724;1221,3722978254189
columna_70x70;0,0;3154;0,018923999999998723;1221,3867469576082
columna_70x70;0,0;3155;0,01892999999999872;1221,4011918006804
columna_70x70;0,0;3156;0,018935999999998718;1221,4156323530092
columna_70x70;0,0;3157;0,018941999999998717;1221,4300686129693
columna_70x70;0,0;3158;0,018947999999998716;1221,444500578935
columna_70x70;0,0;3159;0,018953999999998715;1221,4589282492793
columna_70x70;0,0;3160;0,018959999999998714;1221,4733516223716
columna_70x70;0,0;3161;0,018965999999998717;1221,4877706965826
columna_70x70;0,0;3162;0,018971999999998716;1221,5021854702825
columna_70x70;0,0;3163;0,01897799999999871;1221,516595941837
columna_70x70;0,0;3164;0,01898399999999871;1221,5310021096159
columna_70x70;0,0;3165;0,01898999999999871;1221,545403971983
columna_70x70;0,0;3166;0,01899599999999871;1221,5598015273022
columna_70x70;0,0;3167;0,019001999999998707;1221,5741947739396
columna_70x70;0,0;3168;0,019007999999998706;1221,588583710255
columna_70x70;0,0;3169;0,01901399999999871;1221,602968334611
columna_70x70;0,0;3170;0,019019999999998708;1221,6173486453692
columna_70x70;0,0;3171;0,019025999999998704;1221,6317246408862
columna_70x70;0,0;3172;0,019031999999998703;1221,6460963195218
columna_70x70;0,0;3173;0,019037999999998702;1221,6604636796317
columna_70x70;0,0;3174;0,0190439999999987;1221,6748267195721
columna_70x70;0,0;3175;0,0190499999999987;1221,6891854376975
columna_70x70;0,0;3176;0,0190559999999987;1221,703539832363
columna_70x70;0,0;3177;0,0190619999999987;1221,7178899019184
columna_70x70;0,0;3178;0,0190679999999987;1221,7322356447173
columna_70x70;0,0;3179;0,019073999999998696;1221,7465770591093
columna_70x70;0,0;3180;0,019079999999998695;1221,7609141434427
columna_70x70;0,0;3181;0,019085999999998694;1221,7752468960664
columna_70x70;0,0;3182;0,019091999999998693;1221,7895753153268
columna_70x70;0,0;3183;0,019097999999998692;1221,8038993995704
columna_70x70;0,0;3184;0,01910399999999869;1221,8182191471415
columna_70x70;0,0;3185;0,019109999999998694;1221,8325345563826
columna_70x70;0,0;3186;0,019115999999998693;1221,846845625639
columna_70x70;0,0;3187;0,01912199999999869;1221,8611523532481
columna_70x70;0,0;3188;0,019127999999998688;1221,875454737553
columna_70x70;0,0;3189;0,019133999999998687;1221,889752776891
columna_70x70;0,0;3190;0,019139999999998686;1221,9040464696016
columna_70x70;0,0;3191;0,019145999999998685;1221,9183358140199
columna_70x70;0,0;3192;0,019151999999998684;1221,9326208084824
columna_70x70;0,0;3193;0,019157999999998686;1221,946901451324
columna_70x70;0,0;3194;0,019163999999998686;1221,9611777408777
columna_70x70;0,0;3195;0,01916999999999868;1221,9754496754763
columna_70x70;0,0;3196;0,01917599999999868;1221,98971725345
columna_70x70;0,0;3197;0,01918199999999868;1222,0039804731284
columna_70x70;0,0;3198;0,01918799999999868;1222,0182393328432
columna_70x70;0,0;3199;0,019193999999998677;1222,0324938309172
columna_70x70;0,0;3200;0,019199999999998676;1222,0467439656827
columna_70x70;0,0;3201;0,01920599999999868;1222,0609897354611
columna_70x70;0,0;3202;0,019211999999998678;1222,075231138578
columna_70x70;0,0;3203;0,019217999999998674;1222,0894681733573
columna_70x70;0,0;3204;0,019223999999998673;1222,1037008381193
columna_70x70;0,0;3205;0,019229999999998672;1222,1179291311857
columna_70x70;0,0;3206;0,01923599999999867;1222,1321530508774
columna_70x70;0,0;3207;0,01924199999999867;1222,1463725955116
columna_70x70;0,0;3208;0,01924799999999867;1222,1605877634056
columna_70x70;0,0;3209;0,01925399999999867;1222,1747985528782
columna_70x70;0,0;3210;0,01925999999999867;1222,1890049622407
columna_70x70;0,0;3211;0,019265999999998666;1222,20320698981
columna_70x70;0,0;3212;0,019271999999998665;1222,2174046338978
columna_70x70;0,0;3213;0,019277999999998664;1222,231597892816
columna_70x70;0,0;3214;0,019283999999998663;1222,2457867648745
columna_70x70;0,0;3215;0,019289999999998662;1222,2599712483861
columna_70x70;0,0;3216;0,01929599999999866;1222,2741513416545
columna_70x70;0,0;3217;0,019301999999998664;1222,2883270429882
columna_70x70;0,0;3218;0,019307999999998663;1222,3024983506943
columna_70x70;0,0;3219;0,01931399999999866;1222,316665263077
columna_70x70;0,0;3220;0,019319999999998658;1222,330827778439
columna_70x70;0,0;3221;0,019325999999998657;1222,3449858950853
columna_70x70;0,0;3222;0,019331999999998656;1222,3591396113138
columna_70x70;0,0;3223;0,019337999999998655;1222,3732889254272
columna_70x70;0,0;3224;0,019343999999998654;1222,3874338357234
columna_70x70;0,0;3225;0,019349999999998656;1222,4015743405002
columna_70x70;0,0;3226;0,019355999999998656;1222,415710438056
columna_70x70;0,0;3227;0,01936199999999865;1222,4298421266824
columna_70x70;0,0;3228;0,01936799999999865;1222,4439694046778
columna_70x70;0,0;3229;0,01937399999999865;1222,4580922703328
columna_70x70;0,0;3230;0,01937999999999865;1222,4722107219404
columna_70x70;0,0;3231;0,019385999999998647;1222,4863247577907
columna_70x70;0,0;3232;0,019391999999998646;1222,5004343761752
columna_70x70;0,0;3233;0,01939799999999865;1222,514539575379
columna_70x70;0,0;3234;0,019403999999998648;1222,5286403536934
columna_70x70;0,0;3235;0,019409999999998644;1222,5427367094019
columna_70x70;0,0;3236;0,019415999999998643;1222,5568286407897
columna_70x70;0,0;3237;0,019421999999998642;1222,570916146141
columna_70x70;0,0;3238;0,01942799999999864;1222,5849992237377
columna_70x70;0,0;3239;0,01943399999999864;1222,599077871862
columna_70x70;0,0;3240;0,01943999999999864;1222,6131520887948
columna_70x70;0,0;3241;0,01944599999999864;1222,6272218728116
columna_70x70;0,0;3242;0,01945199999999864;1222,6412872221938
columna_70x70;0,0;3243;0,019457999999998636;1222,6553481352184
columna_70x70;0,0;3244;0,019463999999998635;1222,6694046101577
columna_70x70;0,0;3245;0,019469999999998634;1222,6834566452894
columna_70x70;0,0;3246;0,019475999999998633;1222,6975042388838
columna_70x70;0,0;3247;0,019481999999998632;1222,7115473892138
columna_70x70;0,0;3248;0,01948799999999863;1222,725586094551
columna_70x70;0,0;3249;0,019493999999998634;1222,7396203531634
columna_70x70;0,0;3250;0,019499999999998633;1222,753650163321
columna_70x70;0,0;3251;0,01950599999999863;1222,7676755232883
columna_70x70;0,0;3252;0,019511999999998628;1222,7816964313345
columna_70x70;0,0;3253;0,019517999999998627;1222,7957128857217
columna_70x70;0,0;3254;0,019523999999998626;1222,8097248847157
columna_70x70;0,0;3255;0,019529999999998625;1222,8237324265776
columna_70x70;0,0;3256;0,019535999999998627;1222,8377355095683
columna_70x70;0,0;3257;0,019541999999998626;1222,8517341319487
columna_70x70;0,0;3258;0,019547999999998626;1222,8657282919767
columna_70x70;0,0;3259;0,019553999999998625;1222,8797179879082
columna_70x70;0,0;3260;0,019559999999998624;1222,8937032180029
columna_70x70;0,0;3261;0,019565999999998623;1222,9076839805139
columna_70x70;0,0;3262;0,019571999999998622;1222,9216602736967
columna_70x70;0,0;3263;0,01957799999999862;1222,935632095801
columna_70x70;0,0;3264;0,01958399999999862;1222,9495994450822
columna_70x70;0,0;3265;0,01958999999999862;1222,9635623197873
columna_70x70;0,0;3266;0,019595999999998618;1222,9775207181663
columna_70x70;0,0;3267;0,019601999999998617;1222,9914746384675
columna_70x70;0,0;3268;0,019607999999998616;1223,0054240789395
columna_70x70;0,0;3269;0,019613999999998615;1223,0193690378242
columna_70x70;0,0;3270;0,019619999999998614;1223,0333095133674
columna_70x70;0,0;3271;0,019625999999998613;1223,0472455038107
columna_70x70;0,0;3272;0,019631999999998612;1223,0611770073992
columna_70x70;0,0;3273;0,01963799999999861;1223,0751040223713
columna_70x70;0,0;3274;0,01964399999999861;1223,089026546965
columna_70x70;0,0;3275;0,01964999999999861;1223,1029445794195
columna_70x70;0,0;3276;0,01965599999999861;1223,1168581179734
columna_70x70;0,0;3277;0,019661999999998608;1223,1307671608595
columna_70x70;0,0;3278;0,019667999999998607;1223,1446717063156
columna_70x70;0,0;3279;0,019673999999998606;1223,1585717525725
columna_70x70;0,0;3280;0,019679999999998605;1223,1724672978637
columna_70x70;0,0;3281;0,019685999999998604;1223,1863583404152
columna_70x70;0,0;3282;0,019691999999998603;1223,200244878463
columna_70x70;0,0;3283;0,019697999999998602;1223,214126910232
columna_70x70;0,0;3284;0,0197039999999986;1223,2280044339514
columna_70x70;0,0;3285;0,0197099999999986;1223,2418774478435
columna_70x70;0,0;3286;0,0197159999999986;1223,2557459501354
columna_70x70;0,0;3287;0,0197219999999986;1223,2696099390498
columna_70x70;0,0;3288;0,019727999999998597;1223,28346941281
columna_70x70;0,0;3289;0,019733999999998596;1223,2973243696356
columna_70x70;0,0;3290;0,019739999999998595;1223,3111748077463
columna_70x70;0,0;3291;0,019745999999998595;1223,3250207253582
columna_70x70;0,0;3292;0,019751999999998594;1223,3388621206934
columna_70x70;0,0;3293;0,019757999999998593;1223,352698991967
columna_70x70;0,0;3294;0,01976399999999859;1223,3665313373874
columna_70x70;0,0;3295;0,01976999999999859;1223,3803591551734
columna_70x70;0,0;3296;0,01977599999999859;1223,394182443537
columna_70x70;0,0;3297;0,01978199999999859;1223,4080012006907
columna_70x70;0,0;3298;0,019787999999998588;1223,421815424839
columna_70x70;0,0;3299;0,019793999999998587;1223,4356251141926
columna_70x70;0,0;3300;0,019799999999998586;1223,4494302669598
columna_70x70;0,0;3301;0,019805999999998585;1223,4632308813448
columna_70x70;0,0;3302;0,019811999999998584;1223,4770269555556
columna_70x70;0,0;3303;0,019817999999998583;1223,4908184877927
columna_70x70;0,0;3304;0,019823999999998582;1223,5046054762565
columna_70x70;0,0;3305;0,01982999999999858;1223,5183879191507
columna_70x70;0,0;3306;0,01983599999999858;1223,5321658146756
columna_70x70;0,0;3307;0,01984199999999858;1223,545939161028
columna_70x70;0,0;3308;0,01984799999999858;1223,5597079564045
columna_70x70;0,0;3309;0,019853999999998578;1223,5734721989998
columna_70x70;0,0;3310;0,019859999999998577;1223,5872318870138
columna_70x70;0,0;3311;0,019865999999998576;1223,600987018633
columna_70x70;0,0;3312;0,019871999999998575;1223,6147375920546
columna_70x70;0,0;3313;0,019877999999998574;1223,628483605465
columna_70x70;0,0;3314;0,019883999999998573;1223,6422250570583
columna_70x70;0,0;3315;0,019889999999998572;1223,6559619450193
columna_70x70;0,0;3316;0,01989599999999857;1223,6696942675353
columna_70x70;0,0;3317;0,01990199999999857;1223,6834220227927
columna_70x70;0,0;3318;0,01990799999999857;1223,6971452089772
columna_70x70;0,0;3319;0,019913999999998568;1223,7108638242694
columna_70x70;0,0;3320;0,019919999999998567;1223,7245778668537
columna_70x70;0,0;3321;0,019925999999998566;1223,7382873349054
columna_70x70;0,0;3322;0,019931999999998565;1223,75199222661
columna_70x70;0,0;3323;0,019937999999998565;1223,7656925401416
columna_70x70;0,0;3324;0,019943999999998564;1223,7793882736803
columna_70x70;0,0;3325;0,019949999999998563;1223,7930794253973
columna_70x70;0,0;3326;0,01995599999999856;1223,8067659934688
columna_70x70;0,0;3327;0,01996199999999856;1223,8204479760673
columna_70x70;0,0;3328;0,01996799999999856;1223,8341253713666
columna_70x70;0,0;3329;0,01997399999999856;1223,847798177534
columna_70x70;0,0;3330;0,019979999999998558;1223,861466392739
columna_70x70;0,0;3331;0,019985999999998557;1223,875130015149
columna_70x70;0,0;3332;0,019991999999998556;1223,888789042933
columna_70x70;0,0;3333;0,019997999999998555;1223,9024434742535
columna_70x70;0,0;3334;0,020003999999998558;1223,9160933072744
columna_70x70;0,0;3335;0,02000999999999855;1223,929738540158
columna_70x70;0,0;3336;0,02001599999999855;1223,9433791710674
columna_70x70;0,0;3337;0,02002199999999855;1223,9570151981593
columna_70x70;0,0;3338;0,02002799999999855;1223,970646619597
columna_70x70;0,0;3339;0,02003399999999855;1223,9842734335334
columna_70x70;0,0;3340;0,02003999999999855;1223,9978956381258
columna_70x70;0,0;3341;0,020045999999998548;1224,0115132315266
columna_70x70;0,0;3342;0,020051999999998547;1224,0251262118966
columna_70x70;0,0;3343;0,020057999999998546;1224,0387345773806
columna_70x70;0,0;3344;0,020063999999998545;1224,0523383261323
columna_70x70;0,0;3345;0,020069999999998544;1224,0659374562983
columna_70x70;0,0;3346;0,020075999999998543;1224,079531966032
columna_70x70;0,0;3347;0,020081999999998542;1224,0931218534752
columna_70x70;0,0;3348;0,02008799999999854;1224,1067071167759
columna_70x70;0,0;3349;0,020093999999998544;1224,1202877540766
columna_70x70;0,0;3350;0,020099999999998543;1224,1338637635224
columna_70x70;0,0;3351;0,020105999999998535;1224,1474351432514
columna_70x70;0,0;3352;0,020111999999998534;1224,1610018914087
columna_70x70;0,0;3353;0,020117999999998536;1224,1745640061297
columna_70x70;0,0;3354;0,020123999999998535;1224,1881214855518
columna_70x70;0,0;3355;0,020129999999998534;1224,2016743278125
columna_70x70;0,0;3356;0,020135999999998534;1224,2152225310474
columna_70x70;0,0;3357;0,020141999999998533;1224,2287660933894
columna_70x70;0,0;3358;0,02014799999999853;1224,2423050129692
columna_70x70;0,0;3359;0,02015399999999853;1224,2558392879178
columna_70x70;0,0;3360;0,02015999999999853;1224,2693689163689
columna_70x70;0,0;3361;0,02016599999999853;1224,2828938964467
columna_70x70;0,0;3362;0,020171999999998528;1224,2964142262792
columna_70x70;0,0;3363;0,020177999999998527;1224,3099299039911
columna_70x70;0,0;3364;0,020183999999998526;1224,3234409277095
columna_70x70;0,0;3365;0,02018999999999853;1224,3369472955555
columna_70x70;0,0;3366;0,020195999999998528;1224,3504490056498
columna_70x70;0,0;3367;0,02020199999999852;1224,3639460561126
columna_70x70;0,0;3368;0,02020799999999852;1224,377438445066
columna_70x70;0,0;3369;0,02021399999999852;1224,3909261706247
columna_70x70;0,0;3370;0,02021999999999852;1224,4044092309045
columna_70x70;0,0;3371;0,02022599999999852;1224,4178876240212
columna_70x70;0,0;3372;0,02023199999999852;1224,4313613480904
columna_70x70;0,0;3373;0,020237999999998518;1224,4448304012208
columna_70x70;0,0;3374;0,020243999999998517;1224,4582947815254
columna_70x70;0,0;3375;0,020249999999998516;1224,4717544871123
columna_70x70;0,0;3376;0,020255999999998515;1224,4852095160918
columna_70x70;0,0;3377;0,020261999999998514;1224,498659866567
columna_70x70;0,0;3378;0,020267999999998513;1224,5121055366476
columna_70x70;0,0;3379;0,020273999999998512;1224,5255465244359
columna_70x70;0,0;3380;0,02027999999999851;1224,5389828280324
columna_70x70;0,0;3381;0,020285999999998514;1224,5524144455408
columna_70x70;0,0;3382;0,020291999999998513;1224,5658413750618
columna_70x70;0,0;3383;0,020297999999998505;1224,5792636146914
columna_70x70;0,0;3384;0,020303999999998504;1224,5926811625302
columna_70x70;0,0;3385;0,020309999999998506;1224,6060940166697
columna_70x70;0,0;3386;0,020315999999998505;1224,6195021752087
columna_70x70;0,0;3387;0,020321999999998504;1224,6329056362385
columna_70x70;0,0;3388;0,020327999999998504;1224,6463043978506
columna_70x70;0,0;3389;0,020333999999998503;1224,6596984581365
columna_70x70;0,0;3390;0,0203399999999985;1224,6730878151836
columna_70x70;0,0;3391;0,0203459999999985;1224,686472467079
columna_70x70;0,0;3392;0,0203519999999985;1224,699852411914
columna_70x70;0,0;3393;0,0203579999999985;1224,7132276477687
columna_70x70;0,0;3394;0,020363999999998498;1224,726598172727
columna_70x70;0,0;3395;0,020369999999998497;1224,739963984872
columna_70x70;0,0;3396;0,020375999999998496;1224,753325082287
columna_70x70;0,0;3397;0,0203819999999985;1224,766681463046
columna_70x70;0,0;3398;0,020387999999998498;1224,7800331252315
columna_70x70;0,0;3399;0,02039399999999849;1224,7933800669173
columna_70x70;0,0;3400;0,02039999999999849;1224,8067222861823
columna_70x70;0,0;3401;0,02040599999999849;1224,8200597810962
columna_70x70;0,0;3402;0,02041199999999849;1224,8333925497338
columna_70x70;0,0;3403;0,02041799999999849;1224,8467205901636
columna_70x70;0,0;3404;0,02042399999999849;1224,860043900461
columna_70x70;0,0;3405;0,020429999999998488;1224,8733624786883
columna_70x70;0,0;3406;0,020435999999998487;1224,886676322915
columna_70x70;0,0;3407;0,020441999999998486;1224,8999854312053
columna_70x70;0,0;3408;0,020447999999998485;1224,9132898016276
columna_70x70;0,0;3409;0,020453999999998484;1224,9265894322398
columna_70x70;0,0;3410;0,020459999999998483;1224,9398843211043
columna_70x70;0,0;3411;0,020465999999998482;1224,9531744662802
columna_70x70;0,0;3412;0,02047199999999848;1224,9664598658294
columna_70x70;0,0;3413;0,020477999999998484;1224,9797405178065
columna_70x70;0,0;3414;0,020483999999998483;1224,9930164202676
columna_70x70;0,0;3415;0,020489999999998475;1225,0062875712676
columna_70x70;0,0;3416;0,020495999999998474;1225,019553968858
columna_70x70;0,0;3417;0,020501999999998476;1225,0328156110895
columna_70x70;0,0;3418;0,020507999999998475;1225,0460724960164
columna_70x70;0,0;3419;0,020513999999998474;1225,0593246216833
columna_70x70;0,0;3420;0,020519999999998473;1225,0725719861393
columna_70x70;0,0;3421;0,020525999999998473;1225,0858145874283
columna_70x70;0,0;3422;0,02053199999999847;1225,0990524235983
columna_70x70;0,0;3423;0,02053799999999847;1225,1122854926894
columna_70x70;0,0;3424;0,02054399999999847;1225,125513792743
columna_70x70;0,0;3425;0,02054999999999847;1225,1387373218
columna_70x70;0,0;3426;0,020555999999998468;1225,1519560779004
columna_70x70;0,0;3427;0,020561999999998467;1225,1651700590794
columna_70x70;0,0;3428;0,020567999999998466;1225,1783792633744
columna_70x70;0,0;3429;0,02057399999999847;1225,191583688818
columna_70x70;0,0;3430;0,020579999999998468;1225,2047833334466
columna_70x70;0,0;3431;0,02058599999999846;1225,217978195288
columna_70x70;0,0;3432;0,02059199999999846;1225,2311682723735
columna_70x70;0,0;3433;0,02059799999999846;1225,2443535627322
columna_70x70;0,0;3434;0,02060399999999846;1225,2575340643934
columna_70x70;0,0;3435;0,02060999999999846;1225,2707097753796
columna_70x70;0,0;3436;0,02061599999999846;1225,2838806937166
columna_70x70;0,0;3437;0,020621999999998458;1225,297046817426
columna_70x70;0,0;3438;0,020627999999998457;1225,310208144533
columna_70x70;0,0;3439;0,020633999999998456;1225,3233646730553
columna_70x70;0,0;3440;0,020639999999998455;1225,3365164010104
columna_70x70;0,0;3441;0,020645999999998454;1225,3496633264156
columna_70x70;0,0;3442;0,020651999999998453;1225,3628054472892
columna_70x70;0,0;3443;0,020657999999998452;1225,3759427616444
columna_70x70;0,0;3444;0,02066399999999845;1225,3890752674918
columna_70x70;0,0;3445;0,020669999999998453;1225,4022029628459
columna_70x70;0,0;3446;0,020675999999998453;1225,4153258457152
columna_70x70;0,0;3447;0,020681999999998445;1225,4284439141077
columna_70x70;0,0;3448;0,020687999999998444;1225,4415571660313
columna_70x70;0,0;3449;0,020693999999998446;1225,4546655994927
columna_70x70;0,0;3450;0,020699999999998445;1225,4677692124935
columna_70x70;0,0;3451;0,020705999999998444;1225,4808680030358
columna_70x70;0,0;3452;0,020711999999998443;1225,4939619691256
columna_70x70;0,0;3453;0,020717999999998443;1225,507051108757
columna_70x70;0,0;3454;0,02072399999999844;1225,520135419931
columna_70x70;0,0;3455;0,02072999999999844;1225,5332149006463
columna_70x70;0,0;3456;0,02073599999999844;1225,5462895488954
columna_70x70;0,0;3457;0,02074199999999844;1225,5593593626713
columna_70x70;0,0;3458;0,020747999999998438;1225,5724243399702
columna_70x70;0,0;3459;0,020753999999998437;1225,5854844787787
columna_70x70;0,0;3460;0,020759999999998436;1225,5985397770899
columna_70x70;0,0;3461;0,02076599999999844;1225,6115902328884
columna_70x70;0,0;3462;0,020771999999998438;1225,6246358441635
columna_70x70;0,0;3463;0,02077799999999843;1225,6376766088986
columna_70x70;0,0;3464;0,02078399999999843;1225,6507125250787
columna_70x70;0,0;3465;0,02078999999999843;1225,6637435906841
columna_70x70;0,0;3466;0,02079599999999843;1225,6767698036972
columna_70x70;0,0;3467;0,02080199999999843;1225,6897911620952
columna_70x70;0,0;3468;0,02080799999999843;1225,7028076638567
columna_70x70;0,0;3469;0,020813999999998428;1225,7158193069579
columna_70x70;0,0;3470;0,020819999999998427;1225,7288260893727
columna_70x70;0,0;3471;0,020825999999998426;1225,7418280090749
columna_70x70;0,0;3472;0,020831999999998425;1225,7548250640361
columna_70x70;0,0;3473;0,020837999999998424;1225,7678172522255
columna_70x70;0,0;3474;0,020843999999998423;1225,7808045716142
columna_70x70;0,0;3475;0,020849999999998422;1225,7937870201677
columna_70x70;0,0;3476;0,02085599999999842;1225,8067645958492
columna_70x70;0,0;3477;0,020861999999998423;1225,819737296626
columna_70x70;0,0;3478;0,020867999999998423;1225,832705120462
columna_70x70;0,0;3479;0,020873999999998415;1225,8456680653148
columna_70x70;0,0;3480;0,020879999999998414;1225,858626129146
columna_70x70;0,0;3481;0,020885999999998416;1225,8715793099116
columna_70x70;0,0;3482;0,020891999999998415;1225,8845276055724
columna_70x70;0,0;3483;0,020897999999998414;1225,8974710140806
columna_70x70;0,0;3484;0,020903999999998413;1225,91040953339
columna_70x70;0,0;3485;0,020909999999998412;1225,9233431614502
columna_70x70;0,0;3486;0,02091599999999841;1225,936271896218
columna_70x70;0,0;3487;0,02092199999999841;1225,9491957356372
columna_70x70;0,0;3488;0,02092799999999841;1225,962114677658
columna_70x70;0,0;3489;0,02093399999999841;1225,9750287202237
columna_70x70;0,0;3490;0,020939999999998408;1225,9879378612834
columna_70x70;0,0;3491;0,020945999999998407;1226,000842098774
columna_70x70;0,0;3492;0,020951999999998406;1226,0137414306425
columna_70x70;0,0;3493;0,02095799999999841;1226,0266358548247
columna_70x70;0,0;3494;0,020963999999998408;1226,0395253692643
columna_70x70;0,0;3495;0,0209699999999984;1226,0524099718905
columna_70x70;0,0;3496;0,0209759999999984;1226,0652896606455
columna_70x70;0,0;3497;0,0209819999999984;1226,0781644334602
columna_70x70;0,0;3498;0,0209879999999984;1226,0910342882657
columna_70x70;0,0;3499;0,0209939999999984;1226,1038992229946
columna_70x70;0,0;3500;0,0209999999999984;1226,116759235577
columna_70x70;0,0;3501;0,021005999999998397;1226,1296143239383
columna_70x70;0,0;3502;0,021011999999998397;1226,1424644860049
columna_70x70;0,0;3503;0,021017999999998396;1226,1553097197013
columna_70x70;0,0;3504;0,021023999999998395;1226,1681500229531
columna_70x70;0,0;3505;0,021029999999998394;1226,1809853936797
columna_70x70;0,0;3506;0,021035999999998393;1226,1938158297999
columna_70x70;0,0;3507;0,021041999999998392;1226,2066413292341
columna_70x70;0,0;3508;0,02104799999999839;1226,2194618898998
columna_70x70;0,0;3509;0,021053999999998393;1226,2322775097089
columna_70x70;0,0;3510;0,021059999999998393;1226,2450881865777
columna_70x70;0,0;3511;0,021065999999998385;1226,2578939184175
columna_70x70;0,0;3512;0,021071999999998384;1226,2706947031409
columna_70x70;0,0;3513;0,021077999999998386;1226,2834905386542
columna_70x70;0,0;3514;0,021083999999998385;1226,2962814228665
columna_70x70;0,0;3515;0,021089999999998384;1226,3090673536826
columna_70x70;0,0;3516;0,021095999999998383;1226,3218483290088
columna_70x70;0,0;3517;0,021101999999998382;1226,3346243467468
columna_70x70;0,0;3518;0,02110799999999838;1226,3473954047965
columna_70x70;0,0;3519;0,02111399999999838;1226,3601615010607
columna_70x70;0,0;3520;0,02111999999999838;1226,372922633434
columna_70x70;0,0;3521;0,02112599999999838;1226,3856787998145
columna_70x70;0,0;3522;0,021131999999998378;1226,3984299980996
columna_70x70;0,0;3523;0,021137999999998377;1226,4111762261787
columna_70x70;0,0;3524;0,021143999999998376;1226,4239174819454
columna_70x70;0,0;3525;0,02114999999999838;1226,436653763289
columna_70x70;0,0;3526;0,021155999999998377;1226,4493850681
columna_70x70;0,0;3527;0,02116199999999837;1226,4621113942674
columna_70x70;0,0;3528;0,02116799999999837;1226,4748327396699
columna_70x70;0,0;3529;0,02117399999999837;1226,4875491021967
columna_70x70;0,0;3530;0,02117999999999837;1226,5002604797285
columna_70x70;0,0;3531;0,02118599999999837;1226,5129668701452
columna_70x70;0,0;3532;0,02119199999999837;1226,5256682713289
columna_70x70;0,0;3533;0,021197999999998367;1226,5383646811554
columna_70x70;0,0;3534;0,021203999999998367;1226,5510560975001
columna_70x70;0,0;3535;0,021209999999998366;1226,5637425182363
columna_70x70;0,0;3536;0,021215999999998365;1226,5764239412406
columna_70x70;0,0;3537;0,021221999999998364;1226,5891003643799
columna_70x70;0,0;3538;0,021227999999998363;1226,6017717855284
columna_70x70;0,0;3539;0,021233999999998362;1226,6144382025495
columna_70x70;0,0;3540;0,02123999999999836;1226,627099613312
columna_70x70;0,0;3541;0,021245999999998363;1226,6397560156797
columna_70x70;0,0;3542;0,021251999999998362;1226,6524074075169
columna_70x70;0,0;3543;0,021257999999998355;1226,665053786684
columna_70x70;0,0;3544;0,021263999999998354;1226,6776951510421
columna_70x70;0,0;3545;0,021269999999998356;1226,690331498447
columna_70x70;0,0;3546;0,021275999999998355;1226,7029628267603
columna_70x70;0,0;3547;0,021281999999998354;1226,715589133833
columna_70x70;0,0;3548;0,021287999999998353;1226,728210417519
columna_70x70;0,0;3549;0,021293999999998352;1226,7408266756702
columna_70x70;0,0;3550;0,02129999999999835;1226,7534379061383
columna_70x70;0,0;3551;0,02130599999999835;1226,7660441067724
columna_70x70;0,0;3552;0,02131199999999835;1226,7786452754165
columna_70x70;0,0;3553;0,02131799999999835;1226,791241409917
columna_70x70;0,0;3554;0,021323999999998348;1226,8038325081197
columna_70x70;0,0;3555;0,021329999999998347;1226,8164185678659
columna_70x70;0,0;3556;0,021335999999998346;1226,828999586995
columna_70x70;0,0;3557;0,02134199999999835;1226,8415755633448
columna_70x70;0,0;3558;0,021347999999998347;1226,8541464947564
columna_70x70;0,0;3559;0,02135399999999834;1226,8667123790613
columna_70x70;0,0;3560;0,02135999999999834;1226,8792732140957
columna_70x70;0,0;3561;0,02136599999999834;1226,8918289976905
columna_70x70;0,0;3562;0,02137199999999834;1226,9043797276795
columna_70x70;0,0;3563;0,02137799999999834;1226,9169254018864
columna_70x70;0,0;3564;0,02138399999999834;1226,929466018143
columna_70x70;0,0;3565;0,021389999999998337;1226,9420015742755
columna_70x70;0,0;3566;0,021395999999998336;1226,9545320681048
columna_70x70;0,0;3567;0,021401999999998336;1226,9670574974548
columna_70x70;0,0;3568;0,021407999999998335;1226,9795778601454
columna_70x70;0,0;3569;0,021413999999998334;1226,9920931539962
columna_70x70;0,0;3570;0,021419999999998333;1227,0046033768267
columna_70x70;0,0;3571;0,021425999999998332;1227,0171085264499
columna_70x70;0,0;3572;0,02143199999999833;1227,0296086006808
columna_70x70;0,0;3573;0,021437999999998333;1227,0421035973332
columna_70x70;0,0;3574;0,021443999999998332;1227,0545935142159
columna_70x70;0,0;3575;0,021449999999998325;1227,067078349138
columna_70x70;0,0;3576;0,021455999999998324;1227,0795580999095
columna_70x70;0,0;3577;0,021461999999998326;1227,0920327643337
columna_70x70;0,0;3578;0,021467999999998325;1227,104502340217
columna_70x70;0,0;3579;0,021473999999998324;1227,1169668253606
columna_70x70;0,0;3580;0,021479999999998323;1227,1294262175636
columna_70x70;0,0;3581;0,021485999999998322;1227,1418805146275
columna_70x70;0,0;3582;0,02149199999999832;1227,1543297143498
columna_70x70;0,0;3583;0,02149799999999832;1227,1667738145268
columna_70x70;0,0;3584;0,02150399999999832;1227,1792128129505
columna_70x70;0,0;3585;0,02150999999999832;1227,1916467074134
columna_70x70;0,0;3586;0,021515999999998318;1227,2040754957072
columna_70x70;0,0;3587;0,021521999999998317;1227,2164991756204
columna_70x70;0,0;3588;0,021527999999998316;1227,2289177449416
columna_70x70;0,0;3589;0,02153399999999832;1227,241331201458
columna_70x70;0,0;3590;0,021539999999998317;1227,2537395429465
columna_70x70;0,0;3591;0,02154599999999831;1227,266142767198
columna_70x70;0,0;3592;0,02155199999999831;1227,278540871987
columna_70x70;0,0;3593;0,02155799999999831;1227,2909338550949
columna_70x70;0,0;3594;0,02156399999999831;1227,3033217142988
columna_70x70;0,0;3595;0,02156999999999831;1227,3157044473721
columna_70x70;0,0;3596;0,02157599999999831;1227,3280820520954
columna_70x70;0,0;3597;0,021581999999998307;1227,3404545262326
columna_70x70;0,0;3598;0,021587999999998306;1227,352821867558
columna_70x70;0,0;3599;0,021593999999998306;1227,3651840738382
columna_70x70;0,0;3600;0,021599999999998305;1227,3775411428442
columna_70x70;0,0;3601;0,021605999999998304;1227,3898930723374
columna_70x70;0,0;3602;0,021611999999998303;1227,4022398600819
columna_70x70;0,0;3603;0,021617999999998302;1227,414581503841
columna_70x70;0,0;3604;0,0216239999999983;1227,4269180013741
columna_70x70;0,0;3605;0,021629999999998303;1227,439249350438
columna_70x70;0,0;3606;0,021635999999998302;1227,451575548792
columna_70x70;0,0;3607;0,021641999999998295;1227,4638965941897
columna_70x70;0,0;3608;0,021647999999998294;1227,4762124843849
columna_70x70;0,0;3609;0,021653999999998296;1227,4885232171284
columna_70x70;0,0;3610;0,021659999999998295;1227,5008287901699
columna_70x70;0,0;3611;0,021665999999998294;1227,5131292012577
columna_70x70;0,0;3612;0,021671999999998293;1227,5254244481391
columna_70x70;0,0;3613;0,021677999999998292;1227,5377145285574
columna_70x70;0,0;3614;0,02168399999999829;1227,5499994402555
columna_70x70;0,0;3615;0,02168999999999829;1227,5622791809749
columna_70x70;0,0;3616;0,02169599999999829;1227,5745537484545
columna_70x70;0,0;3617;0,02170199999999829;1227,5868231404313
columna_70x70;0,0;3618;0,021707999999998288;1227,599087354645
columna_70x70;0,0;3619;0,021713999999998287;1227,611346388824
columna_70x70;0,0;3620;0,021719999999998286;1227,6236002407047
columna_70x70;0,0;3621;0,02172599999999829;1227,6358489080144
columna_70x70;0,0;3622;0,021731999999998287;1227,6480923884862
columna_70x70;0,0;3623;0,02173799999999828;1227,6603306798459
columna_70x70;0,0;3624;0,02174399999999828;1227,672563779816
columna_70x70;0,0;3625;0,02174999999999828;1227,684791686122
columna_70x70;0,0;3626;0,02175599999999828;1227,6970143964886
columna_70x70;0,0;3627;0,02176199999999828;1227,709231908629
columna_70x70;0,0;3628;0,02176799999999828;1227,7214442202676
columna_70x70;0,0;3629;0,021773999999998277;1227,7336513291211
columna_70x70;0,0;3630;0,021779999999998276;1227,7458532328992
columna_70x70;0,0;3631;0,021785999999998275;1227,7580499293194
columna_70x70;0,0;3632;0,021791999999998275;1227,7702414160917
columna_70x70;0,0;3633;0,021797999999998274;1227,7824276909244
columna_70x70;0,0;3634;0,021803999999998273;1227,7946087515268
columna_70x70;0,0;3635;0,021809999999998272;1227,8067845956023
columna_70x70;0,0;3636;0,02181599999999827;1227,81895522086
columna_70x70;0,0;3637;0,021821999999998273;1227,8311206249978
columna_70x70;0,0;3638;0,021827999999998272;1227,8432808057182
columna_70x70;0,0;3639;0,021833999999998265;1227,8554357607177
columna_70x70;0,0;3640;0,021839999999998264;1227,8675854876967
columna_70x70;0,0;3641;0,021845999999998266;1227,8797299843482
columna_70x70;0,0;3642;0,021851999999998265;1227,8918692483662
columna_70x70;0,0;3643;0,021857999999998264;1227,9040032774428
columna_70x70;0,0;3644;0,021863999999998263;1227,9161320692672
columna_70x70;0,0;3645;0,021869999999998262;1227,928255621527
columna_70x70;0,0;3646;0,02187599999999826;1227,9403739319102
columna_70x70;0,0;3647;0,02188199999999826;1227,9524869981005
columna_70x70;0,0;3648;0,02188799999999826;1227,9645948177795
columna_70x70;0,0;3649;0,02189399999999826;1227,9766973886276
columna_70x70;0,0;3650;0,021899999999998258;1227,9887947083269
columna_70x70;0,0;3651;0,021905999999998257;1228,0008867745535
columna_70x70;0,0;3652;0,021911999999998256;1228,0129735849796
columna_70x70;0,0;3653;0,02191799999999826;1228,0250551372822
columna_70x70;0,0;3654;0,021923999999998257;1228,0371314291322
columna_70x70;0,0;3655;0,02192999999999825;1228,049202458201
columna_70x70;0,0;3656;0,02193599999999825;1228,0612682221547
columna_70x70;0,0;3657;0,02194199999999825;1228,0733287186574
columna_70x70;0,0;3658;0,02194799999999825;1228,0853839453816
columna_70x70;0,0;3659;0,02195399999999825;1228,0974338999831
columna_70x70;0,0;3660;0,02195999999999825;1228,109478580123
columna_70x70;0,0;3661;0,021965999999998247;1228,121517983463
columna_70x70;0,0;3662;0,021971999999998246;1228,133552107659
columna_70x70;0,0;3663;0,021977999999998245;1228,1455809503655
columna_70x70;0,0;3664;0,021983999999998245;1228,1576045092388
columna_70x70;0,0;3665;0,021989999999998244;1228,1696227819298
columna_70x70;0,0;3666;0,021995999999998243;1228,1816357660873
columna_70x70;0,0;3667;0,02200199999999824;1228,1936434593579
columna_70x70;0,0;3668;0,02200799999999824;1228,2056458593902
columna_70x70;0,0;3669;0,022013999999998243;1228,2176429638296
columna_70x70;0,0;3670;0,022019999999998242;1228,2296347703157
columna_70x70;0,0;3671;0,022025999999998234;1228,2416212764902
columna_70x70;0,0;3672;0,022031999999998234;1228,2536024799915
columna_70x70;0,0;3673;0,022037999999998236;1228,2655783784555
columna_70x70;0,0;3674;0,022043999999998235;1228,2775489695232
columna_70x70;0,0;3675;0,022049999999998234;1228,2895142508212
columna_70x70;0,0;3676;0,022055999999998233;1228,3014742199837
columna_70x70;0,0;3677;0,022061999999998232;1228,313428874638
columna_70x70;0,0;3678;0,02206799999999823;1228,3253782124168
columna_70x70;0,0;3679;0,02207399999999823;1228,3373222309383
columna_70x70;0,0;3680;0,02207999999999823;1228,349260927835
columna_70x70;0,0;3681;0,02208599999999823;1228,361194300723
columna_70x70;0,0;3682;0,022091999999998228;1228,3731223472237
columna_70x70;0,0;3683;0,022097999999998227;1228,385045064955
columna_70x70;0,0;3684;0,022103999999998226;1228,3969624515364
columna_70x70;0,0;3685;0,02210999999999823;1228,4088745045801
columna_70x70;0,0;3686;0,022115999999998227;1228,4207812216976
columna_70x70;0,0;3687;0,02212199999999822;1228,4326826005004
columna_70x70;0,0;3688;0,02212799999999822;1228,4445786386002
columna_70x70;0,0;3689;0,02213399999999822;1228,4564693335997
columna_70x70;0,0;3690;0,02213999999999822;1228,46835468311
columna_70x70;0,0;3691;0,02214599999999822;1228,4802346847262
columna_70x70;0,0;3692;0,022151999999998218;1228,4921093360563
columna_70x70;0,0;3693;0,022157999999998217;1228,5039786346981
columna_70x70;0,0;3694;0,022163999999998216;1228,515842578248
columna_70x70;0,0;3695;0,022169999999998215;1228,5277011643013
columna_70x70;0,0;3696;0,022175999999998215;1228,5395543904542
columna_70x70;0,0;3697;0,022181999999998214;1228,5514022542955
columna_70x70;0,0;3698;0,022187999999998213;1228,5632447534192
columna_70x70;0,0;3699;0,02219399999999821;1228,5750818854092
columna_70x70;0,0;3700;0,02219999999999821;1228,5869136478539
columna_70x70;0,0;3701;0,022205999999998213;1228,5987400383358
columna_70x70;0,0;3702;0,022211999999998212;1228,6105610544403
columna_70x70;0,0;3703;0,022217999999998204;1228,622376693745
columna_70x70;0,0;3704;0,022223999999998204;1228,6341869538305
columna_70x70;0,0;3705;0,022229999999998206;1228,645991832271
columna_70x70;0,0;3706;0,022235999999998205;1228,6577913266433
columna_70x70;0,0;3707;0,022241999999998204;1228,669585434517
columna_70x70;0,0;3708;0,022247999999998203;1228,681374153467
columna_70x70;0,0;3709;0,022253999999998202;1228,6931574810626
columna_70x70;0,0;3710;0,0222599999999982;1228,704935414865
columna_70x70;0,0;3711;0,0222659999999982;1228,7167079524443
columna_70x70;0,0;3712;0,0222719999999982;1228,7284750913614
columna_70x70;0,0;3713;0,0222779999999982;1228,740236829177
columna_70x70;0,0;3714;0,022283999999998198;1228,751993163452
columna_70x70;0,0;3715;0,022289999999998197;1228,763744091744
columna_70x70;0,0;3716;0,022295999999998196;1228,7754896116057
columna_70x70;0,0;3717;0,022301999999998198;1228,7872297205924
columna_70x70;0,0;3718;0,022307999999998197;1228,7989644162565
columna_70x70;0,0;3719;0,02231399999999819;1228,810693696144
columna_70x70;0,0;3720;0,02231999999999819;1228,822417557805
columna_70x70;0,0;3721;0,02232599999999819;1228,8341359987867
columna_70x70;0,0;3722;0,02233199999999819;1228,845849016629
columna_70x70;0,0;3723;0,02233799999999819;1228,8575566088741
columna_70x70;0,0;3724;0,022343999999998188;1228,8692587730634
columna_70x70;0,0;3725;0,022349999999998187;1228,8809555067355
columna_70x70;0,0;3726;0,022355999999998186;1228,8926468074233
columna_70x70;0,0;3727;0,022361999999998185;1228,9043326726621
columna_70x70;0,0;3728;0,022367999999998184;1228,9160130999842
columna_70x70;0,0;3729;0,022373999999998184;1228,927688086917
columna_70x70;0,0;3730;0,022379999999998183;1228,9393576309917
columna_70x70;0,0;3731;0,02238599999999818;1228,951021729732
columna_70x70;0,0;3732;0,02239199999999818;1228,9626803806639
columna_70x70;0,0;3733;0,022397999999998183;1228,9743335813077
columna_70x70;0,0;3734;0,022403999999998182;1228,9859813291814
columna_70x70;0,0;3735;0,022409999999998174;1228,997623621805
columna_70x70;0,0;3736;0,022415999999998173;1229,0092604566962
columna_70x70;0,0;3737;0,022421999999998176;1229,0208918313674
columna_70x70;0,0;3738;0,022427999999998175;1229,0325177433306
columna_70x70;0,0;3739;0,022433999999998174;1229,0441381900935
columna_70x70;0,0;3740;0,022439999999998173;1229,0557531691702
columna_70x70;0,0;3741;0,022445999999998172;1229,0673626780615
columna_70x70;0,0;3742;0,02245199999999817;1229,078966714272
columna_70x70;0,0;3743;0,02245799999999817;1229,0905652753047
columna_70x70;0,0;3744;0,02246399999999817;1229,1021583586585
columna_70x70;0,0;3745;0,02246999999999817;1229,1137459618342
columna_70x70;0,0;3746;0,022475999999998168;1229,1253280823264
columna_70x70;0,0;3747;0,022481999999998167;1229,136904717625
columna_70x70;0,0;3748;0,022487999999998166;1229,1484758652289
columna_70x70;0,0;3749;0,022493999999998168;1229,1600415226224
columna_70x70;0,0;3750;0,022499999999998167;1229,1716016872986
columna_70x70;0,0;3751;0,02250599999999816;1229,1831563567368
columna_70x70;0,0;3752;0,02251199999999816;1229,1947055284272
columna_70x70;0,0;3753;0,02251799999999816;1229,2062491998474
columna_70x70;0,0;3754;0,02252399999999816;1229,217787368479
columna_70x70;0,0;3755;0,02252999999999816;1229,2293200318013
columna_70x70;0,0;3756;0,022535999999998158;1229,2408471872866
columna_70x70;0,0;3757;0,022541999999998157;1229,2523688324106
columna_70x70;0,0;3758;0,022547999999998156;1229,263884964645
columna_70x70;0,0;3759;0,022553999999998155;1229,275395581458
columna_70x70;0,0;3760;0,022559999999998154;1229,2869006803191
columna_70x70;0,0;3761;0,022565999999998154;1229,2984002586925
columna_70x70;0,0;3762;0,022571999999998153;1229,309894314043
columna_70x70;0,0;3763;0,02257799999999815;1229,3213828438304
columna_70x70;0,0;3764;0,02258399999999815;1229,3328658455157
columna_70x70;0,0;3765;0,022589999999998153;1229,3443433165548
columna_70x70;0,0;3766;0,022595999999998152;1229,3558152544053
columna_70x70;0,0;3767;0,022601999999998144;1229,3672816565158
columna_70x70;0,0;3768;0,022607999999998143;1229,378742520344
columna_70x70;0,0;3769;0,022613999999998146;1229,390197843332
columna_70x70;0,0;3770;0,022619999999998145;1229,4016476229324
columna_70x70;0,0;3771;0,022625999999998144;1229,4130918565888
columna_70x70;0,0;3772;0,022631999999998143;1229,424530541742
columna_70x70;0,0;3773;0,022637999999998142;1229,4359636758336
columna_70x70;0,0;3774;0,02264399999999814;1229,447391256305
columna_70x70;0,0;3775;0,02264999999999814;1229,4588132805886
columna_70x70;0,0;3776;0,02265599999999814;1229,4702297461236
columna_70x70;0,0;3777;0,02266199999999814;1229,4816406503382
columna_70x70;0,0;3778;0,022667999999998138;1229,4930459906652
columna_70x70;0,0;3779;0,022673999999998137;1229,5044457645317
columna_70x70;0,0;3780;0,022679999999998136;1229,515839969366
columna_70x70;0,0;3781;0,022685999999998138;1229,527228602589
columna_70x70;0,0;3782;0,022691999999998137;1229,5386116616266
columna_70x70;0,0;3783;0,02269799999999813;1229,549989143896
columna_70x70;0,0;3784;0,02270399999999813;1229,561361046816
columna_70x70;0,0;3785;0,02270999999999813;1229,5727273678024
columna_70x70;0,0;3786;0,02271599999999813;1229,584088104268
columna_70x70;0,0;3787;0,02272199999999813;1229,5954432536246
columna_70x70;0,0;3788;0,022727999999998128;1229,6067928132825
columna_70x70;0,0;3789;0,022733999999998127;1229,6181367806528
columna_70x70;0,0;3790;0,022739999999998126;1229,62947515313
columna_70x70;0,0;3791;0,022745999999998125;1229,640807928126
columna_70x70;0,0;3792;0,022751999999998124;1229,6521351030399
columna_70x70;0,0;3793;0,022757999999998123;1229,6634566752703
columna_70x70;0,0;3794;0,022763999999998123;1229,6747726422127
columna_70x70;0,0;3795;0,02276999999999812;1229,6860830012622
columna_70x70;0,0;3796;0,02277599999999812;1229,6973877498147
columna_70x70;0,0;3797;0,022781999999998123;1229,708686885255
columna_70x70;0,0;3798;0,022787999999998122;1229,7199804049742
columna_70x70;0,0;3799;0,022793999999998114;1229,7312683063574
columna_70x70;0,0;3800;0,022799999999998113;1229,742550586791
columna_70x70;0,0;3801;0,022805999999998116;1229,7538272436552
columna_70x70;0,0;3802;0,022811999999998115;1229,765098274328
columna_70x70;0,0;3803;0,022817999999998114;1229,776363676187
columna_70x70;0,0;3804;0,022823999999998113;1229,7876234466123
columna_70x70;0,0;3805;0,022829999999998112;1229,7988775829713
columna_70x70;0,0;3806;0,02283599999999811;1229,8101260826384
columna_70x70;0,0;3807;0,02284199999999811;1229,8213689429801
columna_70x70;0,0;3808;0,02284799999999811;1229,8326061613648
columna_70x70;0,0;3809;0,02285399999999811;1229,84383773516
columna_70x70;0,0;3810;0,022859999999998108;1229,8550636617213
columna_70x70;0,0;3811;0,022865999999998107;1229,866283938412
columna_70x70;0,0;3812;0,022871999999998106;1229,8774985625937
columna_70x70;0,0;3813;0,022877999999998108;1229,888707531619
columna_70x70;0,0;3814;0,022883999999998107;1229,89991084284
columna_70x70;0,0;3815;0,0228899999999981;1229,9111084936105
columna_70x70;0,0;3816;0,0228959999999981;1229,92230048128
columna_70x70;0,0;3817;0,0229019999999981;1229,9334868031938
columna_70x70;0,0;3818;0,0229079999999981;1229,944667456701
columna_70x70;0,0;3819;0,0229139999999981;1229,9558424391398
columna_70x70;0,0;3820;0,022919999999998098;1229,967011747854
columna_70x70;0,0;3821;0,022925999999998097;1229,978175380179
columna_70x70;0,0;3822;0,022931999999998096;1229,9893333334544
columna_70x70;0,0;3823;0,022937999999998095;1230,0004856050132
columna_70x70;0,0;3824;0,022943999999998094;1230,0116321921853
columna_70x70;0,0;3825;0,022949999999998093;1230,0227730923011
columna_70x70;0,0;3826;0,022955999999998093;1230,033908302691
columna_70x70;0,0;3827;0,02296199999999809;1230,0450378206772
columna_70x70;0,0;3828;0,02296799999999809;1230,0561616435825
columna_70x70;0,0;3829;0,022973999999998093;1230,067279768729
columna_70x70;0,0;3830;0,022979999999998092;1230,078392193435
columna_70x70;0,0;3831;0,022985999999998084;1230,0894989150167
columna_70x70;0,0;3832;0,022991999999998083;1230,100599930789
columna_70x70;0,0;3833;0,022997999999998086;1230,1116952380623
columna_70x70;0,0;3834;0,023003999999998085;1230,1227848341491
columna_70x70;0,0;3835;0,023009999999998084;1230,133868716353
columna_70x70;0,0;3836;0,023015999999998083;1230,1449468819824
columna_70x70;0,0;3837;0,023021999999998082;1230,1560193283383
columna_70x70;0,0;3838;0,02302799999999808;1230,1670860527229
columna_70x70;0,0;3839;0,02303399999999808;1230,178147052436
columna_70x70;0,0;3840;0,02303999999999808;1230,18920232477
columna_70x70;0,0;3841;0,02304599999999808;1230,200251867022
columna_70x70;0,0;3842;0,023051999999998078;1230,2112956764818
columna_70x70;0,0;3843;0,023057999999998077;1230,222333750441
columna_70x70;0,0;3844;0,023063999999998076;1230,2333660861857
columna_70x70;0,0;3845;0,023069999999998078;1230,2443926810004
columna_70x70;0,0;3846;0,023075999999998077;1230,2554135321707
columna_70x70;0,0;3847;0,02308199999999807;1230,2664286369743
columna_70x70;0,0;3848;0,02308799999999807;1230,2774379926907
columna_70x70;0,0;3849;0,02309399999999807;1230,2884415965939
columna_70x70;0,0;3850;0,02309999999999807;1230,2994394459613
columna_70x70;0,0;3851;0,02310599999999807;1230,3104315380629
columna_70x70;0,0;3852;0,023111999999998068;1230,3214178701667
columna_70x70;0,0;3853;0,023117999999998067;1230,3323984395392
columna_70x70;0,0;3854;0,023123999999998066;1230,3433732434485
columna_70x70;0,0;3855;0,023129999999998065;1230,3543422791531
columna_70x70;0,0;3856;0,023135999999998064;1230,3653055439165
columna_70x70;0,0;3857;0,023141999999998063;1230,376263034992
columna_70x70;0,0;3858;0,023147999999998062;1230,3872147496406
columna_70x70;0,0;3859;0,02315399999999806;1230,398160685111
columna_70x70;0,0;3860;0,02315999999999806;1230,409100838657
columna_70x70;0,0;3861;0,023165999999998063;1230,4200352075247
columna_70x70;0,0;3862;0,023171999999998062;1230,4309637889642
columna_70x70;0,0;3863;0,023177999999998054;1230,441886580216
columna_70x70;0,0;3864;0,023183999999998053;1230,4528035785238
columna_70x70;0,0;3865;0,023189999999998056;1230,4637147811243
columna_70x70;0,0;3866;0,023195999999998055;1230,4746201852586
columna_70x70;0,0;3867;0,023201999999998054;1230,4855197881584
columna_70x70;0,0;3868;0,023207999999998053;1230,496413587059
columna_70x70;0,0;3869;0,023213999999998052;1230,507301579187
columna_70x70;0,0;3870;0,02321999999999805;1230,5181837617733
columna_70x70;0,0;3871;0,02322599999999805;1230,5290601320416
columna_70x70;0,0;3872;0,02323199999999805;1230,5399306872157
columna_70x70;0,0;3873;0,02323799999999805;1230,5507954245159
columna_70x70;0,0;3874;0,023243999999998047;1230,5616543411636
columna_70x70;0,0;3875;0,023249999999998047;1230,572507434371
columna_70x70;0,0;3876;0,023255999999998046;1230,5833547013535
columna_70x70;0,0;3877;0,023261999999998048;1230,594196139323
columna_70x70;0,0;3878;0,023267999999998047;1230,605031745488
columna_70x70;0,0;3879;0,02327399999999804;1230,6158615170582
columna_70x70;0,0;3880;0,02327999999999804;1230,6266854512344
columna_70x70;0,0;3881;0,02328599999999804;1230,6375035452186
columna_70x70;0,0;3882;0,02329199999999804;1230,648315796214
columna_70x70;0,0;3883;0,02329799999999804;1230,6591222014154
columna_70x70;0,0;3884;0,023303999999998038;1230,669922758019
columna_70x70;0,0;3885;0,023309999999998037;1230,6807174632154
columna_70x70;0,0;3886;0,023315999999998036;1230,6915063141973
columna_70x70;0,0;3887;0,023321999999998035;1230,702289308151
columna_70x70;0,0;3888;0,023327999999998034;1230,7130664422643
columna_70x70;0,0;3889;0,023333999999998033;1230,7238377137173
columna_70x70;0,0;3890;0,023339999999998032;1230,7346031196955
columna_70x70;0,0;3891;0,02334599999999803;1230,7453626573715
columna_70x70;0,0;3892;0,02335199999999803;1230,7561163239266
columna_70x70;0,0;3893;0,023357999999998033;1230,7668641165308
columna_70x70;0,0;3894;0,023363999999998032;1230,7776060323567
columna_70x70;0,0;3895;0,023369999999998024;1230,7883420685741
columna_70x70;0,0;3896;0,023375999999998023;1230,799072222349
columna_70x70;0,0;3897;0,023381999999998026;1230,809796490843
columna_70x70;0,0;3898;0,023387999999998025;1230,8205148712236
columna_70x70;0,0;3899;0,023393999999998024;1230,8312273606448
columna_70x70;0,0;3900;0,023399999999998023;1230,8419339562638
columna_70x70;0,0;3901;0,023405999999998022;1230,8526346552371
columna_70x70;0,0;3902;0,02341199999999802;1230,863329454718
columna_70x70;0,0;3903;0,02341799999999802;1230,8740183518541
columna_70x70;0,0;3904;0,02342399999999802;1230,8847013437914
columna_70x70;0,0;3905;0,02342999999999802;1230,8953784276775
columna_70x70;0,0;3906;0,023435999999998017;1230,906049600653
columna_70x70;0,0;3907;0,023441999999998017;1230,9167148598592
columna_70x70;0,0;3908;0,023447999999998016;1230,9273742024338
columna_70x70;0,0;3909;0,023453999999998018;1230,9380276255085
columna_70x70;0,0;3910;0,023459999999998017;1230,948675126221
columna_70x70;0,0;3911;0,02346599999999801;1230,9593167016997
columna_70x70;0,0;3912;0,02347199999999801;1230,969952349069
columna_70x70;0,0;3913;0,02347799999999801;1230,980582065458
columna_70x70;0,0;3914;0,02348399999999801;1230,9912058479895
columna_70x70;0,0;3915;0,02348999999999801;1231,0018236937847
columna_70x70;0,0;3916;0,023495999999998008;1231,012435599959
columna_70x70;0,0;3917;0,023501999999998007;1231,0230415636283
columna_70x70;0,0;3918;0,023507999999998006;1231,0336415819063
columna_70x70;0,0;3919;0,023513999999998005;1231,0442356519043
columna_70x70;0,0;3920;0,023519999999998004;1231,0548237707314
columna_70x70;0,0;3921;0,023525999999998003;1231,065405935491
columna_70x70;0,0;3922;0,023531999999998002;1231,0759821432875
columna_70x70;0,0;3923;0,023537999999998;1231,086552391222
columna_70x70;0,0;3924;0,023543999999998;1231,097116676392
columna_70x70;0,0;3925;0,023549999999998003;1231,1076749958913
columna_70x70;0,0;3926;0,023555999999998002;1231,118227346818
columna_70x70;0,0;3927;0,023561999999997994;1231,1287737262614
columna_70x70;0,0;3928;0,023567999999997993;1231,1393141313076
columna_70x70;0,0;3929;0,023573999999997996;1231,149848559043
columna_70x70;0,0;3930;0,023579999999997995;1231,1603770065544
columna_70x70;0,0;3931;0,023585999999997994;1231,1708994709186
columna_70x70;0,0;3932;0,023591999999997993;1231,181415949217
columna_70x70;0,0;3933;0,023597999999997992;1231,19192643852
columna_70x70;0,0;3934;0,02360399999999799;1231,2024309359076
columna_70x70;0,0;3935;0,02360999999999799;1231,2129294384504
columna_70x70;0,0;3936;0,02361599999999799;1231,2234219432116
columna_70x70;0,0;3937;0,02362199999999799;1231,2339084472592
columna_70x70;0,0;3938;0,023627999999997987;1231,2443889476574
columna_70x70;0,0;3939;0,023633999999997986;1231,2548634414684
columna_70x70;0,0;3940;0,023639999999997986;1231,2653319257493
columna_70x70;0,0;3941;0,023645999999997988;1231,2757943975525
columna_70x70;0,0;3942;0,023651999999997987;1231,2862508539358
columna_70x70;0,0;3943;0,02365799999999798;1231,2967012919482
columna_70x70;0,0;3944;0,02366399999999798;1231,3071457086378
columna_70x70;0,0;3945;0,02366999999999798;1231,3175841010484
columna_70x70;0,0;3946;0,02367599999999798;1231,3280164662278
columna_70x70;0,0;3947;0,02368199999999798;1231,3384428012116
columna_70x70;0,0;3948;0,023687999999997978;1231,348863103042
columna_70x70;0,0;3949;0,023693999999997977;1231,3592773687494
columna_70x70;0,0;3950;0,023699999999997976;1231,3696855953713
columna_70x70;0,0;3951;0,023705999999997975;1231,3800877799354
columna_70x70;0,0;3952;0,023711999999997974;1231,3904839194702
columna_70x70;0,0;3953;0,023717999999997973;1231,4008740110005
columna_70x70;0,0;3954;0,023723999999997972;1231,4112580515507
columna_70x70;0,0;3955;0,02372999999999797;1231,4216360381376
columna_70x70;0,0;3956;0,02373599999999797;1231,4320079677805
columna_70x70;0,0;3957;0,023741999999997973;1231,4423738374944
columna_70x70;0,0;3958;0,023747999999997972;1231,4527336442939
columna_70x70;0,0;3959;0,023753999999997964;1231,4630873851827
columna_70x70;0,0;3960;0,023759999999997963;1231,473435057174
columna_70x70;0,0;3961;0,023765999999997966;1231,4837766572678
columna_70x70;0,0;3962;0,023771999999997965;1231,4941121824688
columna_70x70;0,0;3963;0,023777999999997964;1231,5044416297767
columna_70x70;0,0;3964;0,023783999999997963;1231,5147649961882
columna_70x70;0,0;3965;0,023789999999997962;1231,5250822786932
columna_70x70;0,0;3966;0,02379599999999796;1231,5353934742902
columna_70x70;0,0;3967;0,02380199999999796;1231,5456985799615
columna_70x70;0,0;3968;0,02380799999999796;1231,5559975926983
columna_70x70;0,0;3969;0,02381399999999796;1231,5662905094807
columna_70x70;0,0;3970;0,023819999999997957;1231,5765773272929
columna_70x70;0,0;3971;0,023825999999997956;1231,5868580431104
columna_70x70;0,0;3972;0,023831999999997956;1231,597132653913
columna_70x70;0,0;3973;0,023837999999997958;1231,6074011566684
columna_70x70;0,0;3974;0,023843999999997957;1231,6176635483541
columna_70x70;0,0;3975;0,02384999999999795;1231,6279198259315
columna_70x70;0,0;3976;0,02385599999999795;1231,6381699863696
columna_70x70;0,0;3977;0,02386199999999795;1231,6484140266314
columna_70x70;0,0;3978;0,02386799999999795;1231,6586519436746
columna_70x70;0,0;3979;0,02387399999999795;1231,6688837344561
columna_70x70;0,0;3980;0,023879999999997948;1231,6791093959341
columna_70x70;0,0;3981;0,023885999999997947;1231,6893289250597
columna_70x70;0,0;3982;0,023891999999997946;1231,6995423187798
columna_70x70;0,0;3983;0,023897999999997945;1231,7097495740427
columna_70x70;0,0;3984;0,023903999999997944;1231,7199506877935
columna_70x70;0,0;3985;0,023909999999997943;1231,7301456569733
columna_70x70;0,0;3986;0,023915999999997942;1231,7403344785191
columna_70x70;0,0;3987;0,02392199999999794;1231,750517149368
columna_70x70;0,0;3988;0,02392799999999794;1231,7606936664545
columna_70x70;0,0;3989;0,023933999999997943;1231,7708640267072
columna_70x70;0,0;3990;0,023939999999997942;1231,7810282270577
columna_70x70;0,0;3991;0,023945999999997934;1231,7911862644276
columna_70x70;0,0;3992;0,023951999999997933;1231,8013381357412
columna_70x70;0,0;3993;0,023957999999997936;1231,8114838379183
columna_70x70;0,0;3994;0,023963999999997935;1231,8216233678756
columna_70x70;0,0;3995;0,023969999999997934;1231,8317567225286
columna_70x70;0,0;3996;0,023975999999997933;1231,8418838987893
columna_70x70;0,0;3997;0,023981999999997932;1231,8520048935666
columna_70x70;0,0;3998;0,02398799999999793;1231,862119703765
columna_70x70;0,0;3999;0,02399399999999793;1231,8722283262903
columna_70x70;0,0;4000;0,02399999999999793;1231,882330758045
columna_70x70;0,0;4001;0,02400599999999793;1231,8924269959261
columna_70x70;0,0;4002;0,024011999999997927;1231,9025170368263
columna_70x70;0,0;4003;0,024017999999997926;1231,9126008776411
columna_70x70;0,0;4004;0,024023999999997925;1231,9226785152619
columna_70x70;0,0;4005;0,024029999999997928;1231,932749946574
columna_70x70;0,0;4006;0,024035999999997927;1231,9428151684624
columna_70x70;0,0;4007;0,02404199999999792;1231,9528741778074
columna_70x70;0,0;4008;0,024047999999997918;1231,962926971494
columna_70x70;0,0;4009;0,02405399999999792;1231,9729735463925
columna_70x70;0,0;4010;0,02405999999999792;1231,9830138993782
columna_70x70;0,0;4011;0,02406599999999792;1231,993048027322
columna_70x70;0,0;4012;0,024071999999997918;1232,0030759270946
columna_70x70;0,0;4013;0,024077999999997917;1232,013097595558
columna_70x70;0,0;4014;0,024083999999997916;1232,0231130295774
columna_70x70;0,0;4015;0,024089999999997915;1232,033122226011
columna_70x70;0,0;4016;0,024095999999997914;1232,0431251817156
columna_70x70;0,0;4017;0,024101999999997913;1232,0531218935457
columna_70x70;0,0;4018;0,024107999999997912;1232,0631123583557
columna_70x70;0,0;4019;0,02411399999999791;1232,0730965729924
columna_70x70;0,0;4020;0,02411999999999791;1232,083074534299
columna_70x70;0,0;4021;0,024125999999997913;1232,093046239121
columna_70x70;0,0;4022;0,024131999999997912;1232,1030116843006
columna_70x70;0,0;4023;0,024137999999997904;1232,1129708666729
columna_70x70;0,0;4024;0,024143999999997903;1232,1229237830744
columna_70x70;0,0;4025;0,024149999999997906;1232,1328704303355
columna_70x70;0,0;4026;0,024155999999997905;1232,142810805287
columna_70x70;0,0;4027;0,024161999999997904;1232,152744904754
columna_70x70;0,0;4028;0,024167999999997903;1232,1626727255587
columna_70x70;0,0;4029;0,024173999999997902;1232,1725942645246
columna_70x70;0,0;4030;0,0241799999999979;1232,18250951847
columna_70x70;0,0;4031;0,0241859999999979;1232,1924184842082
columna_70x70;0,0;4032;0,0241919999999979;1232,2023211585513
columna_70x70;0,0;4033;0,0241979999999979;1232,212217538309
columna_70x70;0,0;4034;0,024203999999997897;1232,222107620289
columna_70x70;0,0;4035;0,024209999999997896;1232,2319914012933
columna_70x70;0,0;4036;0,024215999999997895;1232,241868878125
columna_70x70;0,0;4037;0,024221999999997898;1232,2517400475824
columna_70x70;0,0;4038;0,024227999999997897;1232,2616049064563
columna_70x70;0,0;4039;0,02423399999999789;1232,2714634515435
columna_70x70;0,0;4040;0,024239999999997888;1232,2813156796321
columna_70x70;0,0;4041;0,02424599999999789;1232,291161587509
columna_70x70;0,0;4042;0,02425199999999789;1232,3010011719573
columna_70x70;0,0;4043;0,02425799999999789;1232,3108344297596
columna_70x70;0,0;4044;0,024263999999997888;1232,3206613576922
columna_70x70;0,0;4045;0,024269999999997887;1232,3304819525297
columna_70x70;0,0;4046;0,024275999999997886;1232,3402962110486
columna_70x70;0,0;4047;0,024281999999997885;1232,3501041300135
columna_70x70;0,0;4048;0,024287999999997884;1232,3599057061922
columna_70x70;0,0;4049;0,024293999999997883;1232,3697009363505
columna_70x70;0,0;4050;0,024299999999997882;1232,3794898172464
columna_70x70;0,0;4051;0,02430599999999788;1232,3892723456402
columna_70x70;0,0;4052;0,02431199999999788;1232,3990485182856
columna_70x70;0,0;4053;0,024317999999997883;1232,408818331933
columna_70x70;0,0;4054;0,024323999999997882;1232,4185817833354
columna_70x70;0,0;4055;0,024329999999997874;1232,4283388692372
columna_70x70;0,0;4056;0,024335999999997873;1232,4380895863806
columna_70x70;0,0;4057;0,024341999999997876;1232,4478339315076
columna_70x70;0,0;4058;0,024347999999997875;1232,4575719013544
columna_70x70;0,0;4059;0,024353999999997874;1232,4673034926564
columna_70x70;0,0;4060;0,024359999999997873;1232,4770287021454
columna_70x70;0,0;4061;0,024365999999997872;1232,4867475265498
columna_70x70;0,0;4062;0,02437199999999787;1232,4964599625941
columna_70x70;0,0;4063;0,02437799999999787;1232,5061660070025
columna_70x70;0,0;4064;0,02438399999999787;1232,5158656564968
columna_70x70;0,0;4065;0,024389999999997868;1232,5255589077904
columna_70x70;0,0;4066;0,024395999999997867;1232,535245757601
columna_70x70;0,0;4067;0,024401999999997866;1232,544926202634
columna_70x70;0,0;4068;0,024407999999997865;1232,5546002396018
columna_70x70;0,0;4069;0,024413999999997868;1232,5642678652096
columna_70x70;0,0;4070;0,024419999999997867;1232,5739290761587
columna_70x70;0,0;4071;0,02442599999999786;1232,5835838691476
columna_70x70;0,0;4072;0,024431999999997858;1232,5932322408737
columna_70x70;0,0;4073;0,02443799999999786;1232,6028741880293
columna_70x70;0,0;4074;0,02444399999999786;1232,612509707305
columna_70x70;0,0;4075;0,02444999999999786;1232,6221387953879
columna_70x70;0,0;4076;0,024455999999997858;1232,6317614489622
columna_70x70;0,0;4077;0,024461999999997857;1232,6413776647094
columna_70x70;0,0;4078;0,024467999999997856;1232,6509874393084
columna_70x70;0,0;4079;0,024473999999997855;1232,6605907694332
columna_70x70;0,0;4080;0,024479999999997854;1232,6701876517582
columna_70x70;0,0;4081;0,024485999999997853;1232,6797780829484
columna_70x70;0,0;4082;0,024491999999997852;1232,6893620596745
columna_70x70;0,0;4083;0,02449799999999785;1232,695726908788
columna_70x70;0,0;4084;0,02450399999999785;1232,6912318219959
columna_70x70;0,0;4085;0,024509999999997853;1232,6867342746273
columna_70x70;0,0;4086;0,024515999999997852;1232,6822342656583
columna_70x70;0,0;4087;0,024521999999997844;1232,677731794062
columna_70x70;0,0;4088;0,024527999999997843;1232,673226858815
columna_70x70;0,0;4089;0,024533999999997846;1232,6687194588885
columna_70x70;0,0;4090;0,024539999999997845;1232,664209593259
columna_70x70;0,0;4091;0,024545999999997844;1232,6596972608963
columna_70x70;0,0;4092;0,024551999999997843;1232,6551824607743
columna_70x70;0,0;4093;0,024557999999997842;1232,650665191862
columna_70x70;0,0;4094;0,02456399999999784;1232,6461454531325
columna_70x70;0,0;4095;0,02456999999999784;1232,6416232435517
columna_70x70;0,0;4096;0,02457599999999784;1232,6370985620888
columna_70x70;0,0;4097;0,024581999999997838;1232,6325714077132
columna_70x70;0,0;4098;0,024587999999997837;1232,6280417793928
columna_70x70;0,0;4099;0,024593999999997836;1232,6235096760902
columna_70x70;0,0;4100;0,024599999999997835;1232,6189750967753
columna_70x70;0,0;4101;0,024605999999997838;1232,614438040408
columna_70x70;0,0;4102;0,024611999999997837;1232,6098985059564
columna_70x70;0,0;4103;0,02461799999999783;1232,605356492379
columna_70x70;0,0;4104;0,024623999999997828;1232,6008119986443
columna_70x70;0,0;4105;0,02462999999999783;1232,5962650237107
columna_70x70;0,0;4106;0,02463599999999783;1232,5917155665368
columna_70x70;0,0;4107;0,02464199999999783;1232,5871636260856
columna_70x70;0,0;4108;0,024647999999997828;1232,5826092013144
columna_70x70;0,0;4109;0,024653999999997827;1232,5780522911818
columna_70x70;0,0;4110;0,024659999999997826;1232,5734928946492
columna_70x70;0,0;4111;0,024665999999997825;1232,5689310106675
columna_70x70;0,0;4112;0,024671999999997824;1232,5643666381961
columna_70x70;0,0;4113;0,024677999999997823;1232,5597997761888
columna_70x70;0,0;4114;0,024683999999997822;1232,555230423603
columna_70x70;0,0;4115;0,02468999999999782;1232,5506585793885
columna_70x70;0,0;4116;0,02469599999999782;1232,5460842424998
columna_70x70;0,0;4117;0,024701999999997823;1232,541507411889
columna_70x70;0,0;4118;0,024707999999997822;1232,5369280865082
columna_70x70;0,0;4119;0,024713999999997814;1232,5323462653066
columna_70x70;0,0;4120;0,024719999999997813;1232,5277619472333
columna_70x70;0,0;4121;0,024725999999997816;1232,5231751312365
columna_70x70;0,0;4122;0,024731999999997815;1232,518585816269
columna_70x70;0,0;4123;0,024737999999997814;1232,5139940012725
columna_70x70;0,0;4124;0,024743999999997813;1232,509399685197
columna_70x70;0,0;4125;0,024749999999997812;1232,5048028669858
columna_70x70;0,0;4126;0,02475599999999781;1232,5002035455855
columna_70x70;0,0;4127;0,02476199999999781;1232,4956017199393
columna_70x70;0,0;4128;0,02476799999999781;1232,49099738899
columna_70x70;0,0;4129;0,024773999999997808;1232,48639055168
columna_70x70;0,0;4130;0,024779999999997807;1232,4817812069516
columna_70x70;0,0;4131;0,024785999999997806;1232,4771693537464
columna_70x70;0,0;4132;0,024791999999997805;1232,4725549910033
columna_70x70;0,0;4133;0,024797999999997808;1232,4679381176588
columna_70x70;0,0;4134;0,024803999999997807;1232,4633187326579
columna_70x70;0,0;4135;0,0248099999999978;1232,4586968349315
columna_70x70;0,0;4136;0,024815999999997798;1232,4540724234193
columna_70x70;0,0;4137;0,0248219999999978;1232,4494454970575
columna_70x70;0,0;4138;0,0248279999999978;1232,4448160547806
columna_70x70;0,0;4139;0,0248339999999978;1232,440184095524
columna_70x70;0,0;4140;0,024839999999997798;1232,4355496182186
columna_70x70;0,0;4141;0,024845999999997797;1232,4309126217977
columna_70x70;0,0;4142;0,024851999999997796;1232,426273105197
columna_70x70;0,0;4143;0,024857999999997795;1232,421631067342
columna_70x70;0,0;4144;0,024863999999997794;1232,4169865071658
columna_70x70;0,0;4145;0,024869999999997793;1232,4123394235964
columna_70x70;0,0;4146;0,024875999999997792;1232,4076898155656
columna_70x70;0,0;4147;0,02488199999999779;1232,403037681997
columna_70x70;0,0;4148;0,02488799999999779;1232,3983830218206
columna_70x70;0,0;4149;0,024893999999997793;1232,3937258339595
columna_70x70;0,0;4150;0,024899999999997792;1232,3890661173414
columna_70x70;0,0;4151;0,024905999999997784;1232,384403870889
columna_70x70;0,0;4152;0,024911999999997783;1232,3797390935295
columna_70x70;0,0;4153;0,024917999999997786;1232,37507178418
columna_70x70;0,0;4154;0,024923999999997785;1232,370401941767
columna_70x70;0,0;4155;0,024929999999997784;1232,3657295652079
columna_70x70;0,0;4156;0,024935999999997783;1232,3610546534276
columna_70x70;0,0;4157;0,024941999999997782;1232,356377205342
columna_70x70;0,0;4158;0,02494799999999778;1232,351697219871
columna_70x70;0,0;4159;0,02495399999999778;1232,3470146959312
columna_70x70;0,0;4160;0,02495999999999778;1232,3423296324415
columna_70x70;0,0;4161;0,024965999999997778;1232,3376420283157
columna_70x70;0,0;4162;0,024971999999997777;1232,3329518824708
columna_70x70;0,0;4163;0,024977999999997776;1232,3282591938191
columna_70x70;0,0;4164;0,024983999999997775;1232,3235639612783
columna_70x70;0,0;4165;0,024989999999997778;1232,3188661837569
columna_70x70;0,0;4166;0,024995999999997777;1232,3141658601694
columna_70x70;0,0;4167;0,02500199999999777;1232,309462989425
columna_70x70;0,0;4168;0,025007999999997768;1232,3047575704359
columna_70x70;0,0;4169;0,02501399999999777;1232,30004960211
columna_70x70;0,0;4170;0,02501999999999777;1232,295339083356
columna_70x70;0,0;4171;0,02502599999999777;1232,2906260130812
columna_70x70;0,0;4172;0,025031999999997768;1232,2859103901937
columna_70x70;0,0;4173;0,025037999999997767;1232,2811922135998
columna_70x70;0,0;4174;0,025043999999997766;1232,276471482203
columna_70x70;0,0;4175;0,025049999999997765;1232,2717481949066
columna_70x70;0,0;4176;0,025055999999997764;1232,2670223506177
columna_70x70;0,0;4177;0,025061999999997763;1232,2622939482364
columna_70x70;0,0;4178;0,025067999999997762;1232,257562986665
columna_70x70;0,0;4179;0,02507399999999776;1232,2528294648037
columna_70x70;0,0;4180;0,02507999999999776;1232,248093381554
columna_70x70;0,0;4181;0,025085999999997763;1232,2433547358144
columna_70x70;0,0;4182;0,025091999999997762;1232,238613526482
columna_70x70;0,0;4183;0,025097999999997754;1232,2338697524558
columna_70x70;0,0;4184;0,025103999999997753;1232,229123412633
columna_70x70;0,0;4185;0,025109999999997756;1232,224374505906
columna_70x70;0,0;4186;0,025115999999997755;1232,2196230311736
columna_70x70;0,0;4187;0,025121999999997754;1232,2148689873266
columna_70x70;0,0;4188;0,025127999999997753;1232,2101123732614
columna_70x70;0,0;4189;0,025133999999997752;1232,2053531878692
columna_70x70;0,0;4190;0,02513999999999775;1232,200591430039
columna_70x70;0,0;4191;0,02514599999999775;1232,1958270986631
columna_70x70;0,0;4192;0,02515199999999775;1232,1910601926334
columna_70x70;0,0;4193;0,025157999999997748;1232,1862907108355
columna_70x70;0,0;4194;0,025163999999997747;1232,181518652159
columna_70x70;0,0;4195;0,025169999999997746;1232,1767440154886
columna_70x70;0,0;4196;0,025175999999997745;1232,1719667997147
columna_70x70;0,0;4197;0,025181999999997748;1232,1671870037198
columna_70x70;0,0;4198;0,025187999999997747;1232,1624046263887
columna_70x70;0,0;4199;0,02519399999999774;1232,1576196666058
columna_70x70;0,0;4200;0,025199999999997738;1232,152832123255
columna_70x70;0,0;4201;0,02520599999999774;1232,1480419952145
columna_70x70;0,0;4202;0,02521199999999774;1232,1432492813674
columna_70x70;0,0;4203;0,02521799999999774;1232,138453980594
columna_70x70;0,0;4204;0,025223999999997738;1232,1336560917748
columna_70x70;0,0;4205;0,025229999999997737;1232,1288556137858
columna_70x70;0,0;4206;0,025235999999997736;1232,1240525455057
columna_70x70;0,0;4207;0,025241999999997735;1232,1192468858098
columna_70x70;0,0;4208;0,025247999999997734;1232,114438633577
columna_70x70;0,0;4209;0,025253999999997733;1232,1096277876793
columna_70x70;0,0;4210;0,025259999999997732;1232,1048143469914
columna_70x70;0,0;4211;0,02526599999999773;1232,0999983103845
columna_70x70;0,0;4212;0,02527199999999773;1232,095179676735
columna_70x70;0,0;4213;0,025277999999997733;1232,0903584449113
columna_70x70;0,0;4214;0,025283999999997732;1232,0855346137844
columna_70x70;0,0;4215;0,025289999999997724;1232,0807081822231
columna_70x70;0,0;4216;0,025295999999997723;1232,0758791490978
columna_70x70;0,0;4217;0,025301999999997726;1232,0710475132753
columna_70x70;0,0;4218;0,025307999999997725;1232,0662132736222
columna_70x70;0,0;4219;0,025313999999997724;1232,0613764290035
columna_70x70;0,0;4220;0,025319999999997723;1232,0565369782878
columna_70x70;0,0;4221;0,025325999999997722;1232,0516949203354
columna_70x70;0,0;4222;0,02533199999999772;1232,0468502540116
columna_70x70;0,0;4223;0,02533799999999772;1232,0420029781776
columna_70x70;0,0;4224;0,02534399999999772;1232,0371530916975
columna_70x70;0,0;4225;0,025349999999997718;1232,0323005934292
columna_70x70;0,0;4226;0,025355999999997717;1232,0274454822336
columna_70x70;0,0;4227;0,025361999999997716;1232,0225877569671
columna_70x70;0,0;4228;0,025367999999997715;1232,0177274164923
columna_70x70;0,0;4229;0,025373999999997718;1232,0128644596637
columna_70x70;0,0;4230;0,025379999999997717;1232,0079988853347
columna_70x70;0,0;4231;0,02538599999999771;1232,0031306923643
columna_70x70;0,0;4232;0,025391999999997708;1231,9982598796073
columna_70x70;0,0;4233;0,02539799999999771;1231,9933864459138
columna_70x70;0,0;4234;0,02540399999999771;1231,9885103901377
columna_70x70;0,0;4235;0,02540999999999771;1231,983631711131
columna_70x70;0,0;4236;0,025415999999997708;1231,9787504077447
columna_70x70;0,0;4237;0,025421999999997707;1231,9738664788274
columna_70x70;0,0;4238;0,025427999999997706;1231,9689799232283
columna_70x70;0,0;4239;0,025433999999997705;1231,9640907397943
columna_70x70;0,0;4240;0,025439999999997704;1231,9591989273758
columna_70x70;0,0;4241;0,025445999999997703;1231,9543044848165
columna_70x70;0,0;4242;0,025451999999997702;1231,9494074109605
columna_70x70;0,0;4243;0,0254579999999977;1231,944507704654
columna_70x70;0,0;4244;0,0254639999999977;1231,9396053647404
columna_70x70;0,0;4245;0,025469999999997703;1231,9347003900602
columna_70x70;0,0;4246;0,025475999999997702;1231,9297927794569
columna_70x70;0,0;4247;0,025481999999997694;1231,9248825317693
columna_70x70;0,0;4248;0,025487999999997693;1231,9199696458395
columna_70x70;0,0;4249;0,025493999999997696;1231,9150541205042
columna_70x70;0,0;4250;0,025499999999997695;1231,910135954602
columna_70x70;0,0;4251;0,025505999999997694;1231,9052151469689
columna_70x70;0,0;4252;0,025511999999997693;1231,9002916964432
columna_70x70;0,0;4253;0,025517999999997692;1231,8953656018582
columna_70x70;0,0;4254;0,02552399999999769;1231,890436862047
columna_70x70;0,0;4255;0,02552999999999769;1231,8855054758437
columna_70x70;0,0;4256;0,02553599999999769;1231,8805714420828
columna_70x70;0,0;4257;0,025541999999997688;1231,8756347595927
columna_70x70;0,0;4258;0,025547999999997687;1231,8706954272054
columna_70x70;0,0;4259;0,025553999999997686;1231,8657534437477
columna_70x70;0,0;4260;0,025559999999997685;1231,860808808052
columna_70x70;0,0;4261;0,025565999999997688;1231,8558615189443
columna_70x70;0,0;4262;0,025571999999997687;1231,8509115752527
columna_70x70;0,0;4263;0,02557799999999768;1231,8459589757979
columna_70x70;0,0;4264;0,025583999999997678;1231,8410037194083
columna_70x70;0,0;4265;0,02558999999999768;1231,8360458049094
columna_70x70;0,0;4266;0,02559599999999768;1231,8310852311201
columna_70x70;0,0;4267;0,02560199999999768;1231,8261219968654
columna_70x70;0,0;4268;0,025607999999997678;1231,821156100967
columna_70x70;0,0;4269;0,025613999999997677;1231,8161875422427
columna_70x70;0,0;4270;0,025619999999997676;1231,811216319511
columna_70x70;0,0;4271;0,025625999999997675;1231,8062424315913
columna_70x70;0,0;4272;0,025631999999997674;1231,8012658773036
columna_70x70;0,0;4273;0,025637999999997673;1231,7962866554597
columna_70x70;0,0;4274;0,025643999999997672;1231,7913047648756
columna_70x70;0,0;4275;0,02564999999999767;1231,786320204368
columna_70x70;0,0;4276;0,02565599999999767;1231,78133297275
columna_70x70;0,0;4277;0,025661999999997673;1231,7763430688326
columna_70x70;0,0;4278;0,025667999999997672;1231,7713504914282
columna_70x70;0,0;4279;0,025673999999997664;1231,766355239346
columna_70x70;0,0;4280;0,025679999999997663;1231,7613573113981
columna_70x70;0,0;4281;0,025685999999997666;1231,7563567063935
columna_70x70;0,0;4282;0,025691999999997665;1231,7513534231366
columna_70x70;0,0;4283;0,025697999999997664;1231,746347460433
columna_70x70;0,0;4284;0,025703999999997663;1231,7413388170962
columna_70x70;0,0;4285;0,025709999999997662;1231,7363274919248
columna_70x70;0,0;4286;0,02571599999999766;1231,7313134837227
columna_70x70;0,0;4287;0,02572199999999766;1231,7262967912943
columna_70x70;0,0;4288;0,02572799999999766;1231,7212774134434
columna_70x70;0,0;4289;0,025733999999997658;1231,7162553489673
columna_70x70;0,0;4290;0,025739999999997657;1231,711230596668
columna_70x70;0,0;4291;0,025745999999997656;1231,7062031553432
columna_70x70;0,0;4292;0,025751999999997655;1231,7011730237937
columna_70x70;0,0;4293;0,025757999999997658;1231,6961402008146
columna_70x70;0,0;4294;0,025763999999997657;1231,6911046852022
columna_70x70;0,0;4295;0,02576999999999765;1231,6860664757505
columna_70x70;0,0;4296;0,025775999999997648;1231,6810255712583
columna_70x70;0,0;4297;0,02578199999999765;1231,675981970513
columna_70x70;0,0;4298;0,02578799999999765;1231,6709356723104
columna_70x70;0,0;4299;0,02579399999999765;1231,665886675438
columna_70x70;0,0;4300;0,025799999999997648;1231,6608349786927
columna_70x70;0,0;4301;0,025805999999997647;1231,655780580858
columna_70x70;0,0;4302;0,025811999999997646;1231,6507234807245
columna_70x70;0,0;4303;0,025817999999997645;1231,6456636770783
columna_70x70;0,0;4304;0,025823999999997644;1231,6406011687075
columna_70x70;0,0;4305;0,025829999999997643;1231,635535954397
columna_70x70;0,0;4306;0,025835999999997642;1231,63046803293
columna_70x70;0,0;4307;0,02584199999999764;1231,6253974030894
columna_70x70;0,0;4308;0,02584799999999764;1231,6203240636623
columna_70x70;0,0;4309;0,025853999999997643;1231,6152480134235
columna_70x70;0,0;4310;0,025859999999997642;1231,6101692511581
columna_70x70;0,0;4311;0,025865999999997634;1231,605087775644
columna_70x70;0,0;4312;0,025871999999997633;1231,6000035856605
columna_70x70;0,0;4313;0,025877999999997636;1231,5949166799842
columna_70x70;0,0;4314;0,025883999999997635;1231,589827057391
columna_70x70;0,0;4315;0,025889999999997634;1231,5847347166564
columna_70x70;0,0;4316;0,025895999999997633;1231,5796396565574
columna_70x70;0,0;4317;0,025901999999997632;1231,5745418758659
columna_70x70;0,0;4318;0,02590799999999763;1231,5694413733524
columna_70x70;0,0;4319;0,02591399999999763;1231,5643381477905
columna_70x70;0,0;4320;0,02591999999999763;1231,559232197951
columna_70x70;0,0;4321;0,025925999999997628;1231,5541235226028
columna_70x70;0,0;4322;0,025931999999997627;1231,5490121205146
columna_70x70;0,0;4323;0,025937999999997626;1231,5438979904518
columna_70x70;0,0;4324;0,025943999999997625;1231,5387811311855
columna_70x70;0,0;4325;0,025949999999997628;1231,533661541477
columna_70x70;0,0;4326;0,025955999999997627;1231,5285392200915
columna_70x70;0,0;4327;0,02596199999999762;1231,5234141657925
columna_70x70;0,0;4328;0,025967999999997618;1231,5182863773457
columna_70x70;0,0;4329;0,02597399999999762;1231,513155853508
columna_70x70;0,0;4330;0,02597999999999762;1231,5080225930421
columna_70x70;0,0;4331;0,02598599999999762;1231,502886594706
columna_70x70;0,0;4332;0,025991999999997618;1231,4977478572607
columna_70x70;0,0;4333;0,025997999999997617;1231,4926063794612
columna_70x70;0,0;4334;0,026003999999997616;1231,487462160063
columna_70x70;0,0;4335;0,026009999999997615;1231,4823151978253
columna_70x70;0,0;4336;0,026015999999997614;1231,4771654914994
columna_70x70;0,0;4337;0,026021999999997613;1231,4720130398398
columna_70x70;0,0;4338;0,026027999999997612;1231,4668578415965
columna_70x70;0,0;4339;0,02603399999999761;1231,4616998955244
columna_70x70;0,0;4340;0,02603999999999761;1231,4565392003722
columna_70x70;0,0;4341;0,026045999999997613;1231,451375754888
columna_70x70;0,0;4342;0,026051999999997612;1231,4462095578208
columna_70x70;0,0;4343;0,026057999999997604;1231,4410406079169
columna_70x70;0,0;4344;0,026063999999997603;1231,435868903925
columna_70x70;0,0;4345;0,026069999999997606;1231,430694444588
columna_70x70;0,0;4346;0,026075999999997605;1231,4255172286496
columna_70x70;0,0;4347;0,026081999999997604;1231,4203372548527
columna_70x70;0,0;4348;0,026087999999997603;1231,415154521943
columna_70x70;0,0;4349;0,026093999999997602;1231,4099690286582
columna_70x70;0,0;4350;0,0260999999999976;1231,4047807737372
columna_70x70;0,0;4351;0,0261059999999976;1231,3995897559205
columna_70x70;0,0;4352;0,0261119999999976;1231,3943959739468
columna_70x70;0,0;4353;0,026117999999997598;1231,3891994265523
columna_70x70;0,0;4354;0,026123999999997597;1231,3840001124718
columna_70x70;0,0;4355;0,026129999999997596;1231,3787980304392
columna_70x70;0,0;4356;0,026135999999997595;1231,3735931791919
columna_70x70;0,0;4357;0,026141999999997598;1231,3683855574593
columna_70x70;0,0;4358;0,026147999999997597;1231,3631751639743
columna_70x70;0,0;4359;0,02615399999999759;1231,3579619974655
columna_70x70;0,0;4360;0,026159999999997588;1231,3527460566665
columna_70x70;0,0;4361;0,02616599999999759;1231,3475273403026
columna_70x70;0,0;4362;0,02617199999999759;1231,3423058471017
columna_70x70;0,0;4363;0,02617799999999759;1231,3370815757914
columna_70x70;0,0;4364;0,026183999999997588;1231,3318545250925
columna_70x70;0,0;4365;0,026189999999997587;1231,3266246937333
columna_70x70;0,0;4366;0,026195999999997586;1231,3213920804392
columna_70x70;0,0;4367;0,026201999999997585;1231,3161566839253
columna_70x70;0,0;4368;0,026207999999997584;1231,310918502921
columna_70x70;0,0;4369;0,026213999999997583;1231,3056775361408
columna_70x70;0,0;4370;0,026219999999997582;1231,3004337823038
columna_70x70;0,0;4371;0,02622599999999758;1231,2951872401277
columna_70x70;0,0;4372;0,02623199999999758;1231,2899379083337
columna_70x70;0,0;4373;0,026237999999997583;1231,2846857856327
columna_70x70;0,0;4374;0,026243999999997582;1231,2794308707423
columna_70x70;0,0;4375;0,026249999999997574;1231,2741731623732
columna_70x70;0,0;4376;0,026255999999997573;1231,2689126592422
columna_70x70;0,0;4377;0,026261999999997575;1231,2636493600564
columna_70x70;0,0;4378;0,026267999999997575;1231,258383263529
columna_70x70;0,0;4379;0,026273999999997574;1231,2531143683664
columna_70x70;0,0;4380;0,026279999999997573;1231,2378611585023
columna_70x70;0,0;4381;0,02628599999999757;1231,2209515534878
columna_70x70;0,0;4382;0,02629199999999757;1231,204039352063
columna_70x70;0,0;4383;0,02629799999999757;1231,1871245531863
columna_70x70;0,0;4384;0,02630399999999757;1231,1702071558088
columna_70x70;0,0;4385;0,026309999999997568;1231,153287158884
columna_70x70;0,0;4386;0,026315999999997567;1231,1363645613628
columna_70x70;0,0;4387;0,026321999999997566;1231,119439362195
columna_70x70;0,0;4388;0,026327999999997565;1231,1025115603338
columna_70x70;0,0;4389;0,026333999999997568;1231,0855811547285
columna_70x70;0,0;4390;0,026339999999997567;1231,0686481443267
columna_70x70;0,0;4391;0,02634599999999756;1231,0517125280776
columna_70x70;0,0;4392;0,026351999999997558;1231,03477430493
columna_70x70;0,0;4393;0,02635799999999756;1231,0178334738282
columna_70x70;0,0;4394;0,02636399999999756;1231,0008900337216
columna_70x70;0,0;4395;0,02636999999999756;1230,9839439835541
columna_70x70;0,0;4396;0,026375999999997558;1230,96699532227
columna_70x70;0,0;4397;0,026381999999997557;1230,9500440488157
columna_70x70;0,0;4398;0,026387999999997556;1230,9330901621322
columna_70x70;0,0;4399;0,026393999999997555;1230,9161336611648
columna_70x70;0,0;4400;0,026399999999997554;1230,8991745448516
columna_70x70;0,0;4401;0,026405999999997553;1230,8822128121378
columna_70x70;0,0;4402;0,026411999999997552;1230,8652484619618
columna_70x70;0,0;4403;0,02641799999999755;1230,8482814932656
columna_70x70;0,0;4404;0,02642399999999755;1230,831311904985
columna_70x70;0,0;4405;0,026429999999997553;1230,8143396960618
columna_70x70;0,0;4406;0,026435999999997552;1230,797364865432
columna_70x70;0,0;4407;0,026441999999997544;1230,7803874120311
columna_70x70;0,0;4408;0,026447999999997543;1230,7634073347983
columna_70x70;0,0;4409;0,026453999999997545;1230,7464246326692
columna_70x70;0,0;4410;0,026459999999997545;1230,729439304576
columna_70x70;0,0;4411;0,026465999999997544;1230,712451349455
columna_70x70;0,0;4412;0,026471999999997543;1230,695460766238
columna_70x70;0,0;4413;0,02647799999999754;1230,678467553859
columna_70x70;0,0;4414;0,02648399999999754;1230,6614717112514
columna_70x70;0,0;4415;0,02648999999999754;1230,6444732373418
columna_70x70;0,0;4416;0,02649599999999754;1230,6274721310645
columna_70x70;0,0;4417;0,026501999999997538;1230,6104683913488
columna_70x70;0,0;4418;0,026507999999997537;1230,5934620171229
columna_70x70;0,0;4419;0,026513999999997536;1230,576453007316
columna_70x70;0,0;4420;0,026519999999997535;1230,5594413608542
columna_70x70;0,0;4421;0,026525999999997538;1230,5424270766666
columna_70x70;0,0;4422;0,026531999999997537;1230,525410153678
columna_70x70;0,0;4423;0,02653799999999753;1230,508390590812
columna_70x70;0,0;4424;0,026543999999997528;1230,4913683869968
columna_70x70;0,0;4425;0,02654999999999753;1230,4743435411556
columna_70x70;0,0;4426;0,02655599999999753;1230,45731605221
columna_70x70;0,0;4427;0,02656199999999753;1230,4402859190834
columna_70x70;0,0;4428;0,026567999999997528;1230,4232531406985
columna_70x70;0,0;4429;0,026573999999997527;1230,4062177159738
columna_70x70;0,0;4430;0,026579999999997526;1230,3891796438313
columna_70x70;0,0;4431;0,026585999999997525;1230,372138923193
columna_70x70;0,0;4432;0,026591999999997524;1230,3550955529715
columna_70x70;0,0;4433;0,026597999999997523;1230,33804953209
columna_70x70;0,0;4434;0,026603999999997522;1230,3210008594647
columna_70x70;0,0;4435;0,02660999999999752;1230,3039495340126
columna_70x70;0,0;4436;0,02661599999999752;1230,2868955546471
columna_70x70;0,0;4437;0,026621999999997523;1230,2698389202876
columna_70x70;0,0;4438;0,02662799999999752;1230,2527796298455
columna_70x70;0,0;4439;0,026633999999997514;1230,2349193886848
columna_70x70;0,0;4440;0,026639999999997513;1230,216727123541
columna_70x70;0,0;4441;0,026645999999997515;1230,1985305433877
columna_70x70;0,0;4442;0,026651999999997514;1230,1803296446903
columna_70x70;0,0;4443;0,026657999999997514;1230,1621244239095
columna_70x70;0,0;4444;0,026663999999997513;1230,1439148775048
columna_70x70;0,0;4445;0,02666999999999751;1230,1257010019274
columna_70x70;0,0;4446;0,02667599999999751;1230,1074827936259
columna_70x70;0,0;4447;0,02668199999999751;1230,0892602490414
columna_70x70;0,0;4448;0,02668799999999751;1230,071033364612
columna_70x70;0,0;4449;0,026693999999997508;1230,0528021367695
columna_70x70;0,0;4450;0,026699999999997507;1230,0345665619386
columna_70x70;0,0;4451;0,026705999999997506;1230,0163266365425
columna_70x70;0,0;4452;0,026711999999997505;1229,998082356997
columna_70x70;0,0;4453;0,026717999999997508;1229,9798337197135
columna_70x70;0,0;4454;0,026723999999997507;1229,9615807210969
columna_70x70;0,0;4455;0,0267299999999975;1229,943323357548
columna_70x70;0,0;4456;0,026735999999997498;1229,9250616254621
columna_70x70;0,0;4457;0,0267419999999975;1229,9067955212297
columna_70x70;0,0;4458;0,0267479999999975;1229,8885250412338
columna_70x70;0,0;4459;0,0267539999999975;1229,8702501818539
columna_70x70;0,0;4460;0,026759999999997498;1229,8519709394666
columna_70x70;0,0;4461;0,026765999999997497;1229,8336873104374
columna_70x70;0,0;4462;0,026771999999997496;1229,815399291131
columna_70x70;0,0;4463;0,026777999999997495;1229,7971068779054
columna_70x70;0,0;4464;0,026783999999997494;1229,778810067115
columna_70x70;0,0;4465;0,026789999999997493;1229,7605088551036
columna_70x70;0,0;4466;0,026795999999997492;1229,7422032382158
columna_70x70;0,0;4467;0,02680199999999749;1229,7238932127857
columna_70x70;0,0;4468;0,02680799999999749;1229,7055787751465
columna_70x70;0,0;4469;0,026813999999997493;1229,687259921625
columna_70x70;0,0;4470;0,02681999999999749;1229,668936648538
columna_70x70;0,0;4471;0,026825999999997484;1229,6506089522022
columna_70x70;0,0;4472;0,026831999999997483;1229,6322768289265
columna_70x70;0,0;4473;0,026837999999997485;1229,6139402750157
columna_70x70;0,0;4474;0,026843999999997484;1229,595599286768
columna_70x70;0,0;4475;0,026849999999997484;1229,577253860477
columna_70x70;0,0;4476;0,026855999999997483;1229,5589039924278
columna_70x70;0,0;4477;0,02686199999999748;1229,540549678906
columna_70x70;0,0;4478;0,02686799999999748;1229,5221909161849
columna_70x70;0,0;4479;0,02687399999999748;1229,5038277005367
columna_70x70;0,0;4480;0,02687999999999748;1229,4854600282274
columna_70x70;0,0;4481;0,026885999999997478;1229,4670878955174
columna_70x70;0,0;4482;0,026891999999997477;1229,448711298657
columna_70x70;0,0;4483;0,026897999999997476;1229,4303302338997
columna_70x70;0,0;4484;0,026903999999997475;1229,4119446974862
columna_70x70;0,0;4485;0,026909999999997478;1229,3935546856544
columna_70x70;0,0;4486;0,026915999999997477;1229,3751601946378
columna_70x70;0,0;4487;0,02692199999999747;1229,35676122066
columna_70x70;0,0;4488;0,026927999999997468;1229,3383577599452
columna_70x70;0,0;4489;0,02693399999999747;1229,319949808703
columna_70x70;0,0;4490;0,02693999999999747;1229,3015373631504
columna_70x70;0,0;4491;0,02694599999999747;1229,2831204194842
columna_70x70;0,0;4492;0,026951999999997468;1229,264698973907
columna_70x70;0,0;4493;0,026957999999997467;1229,2462730226073
columna_70x70;0,0;4494;0,026963999999997466;1229,2278425617749
columna_70x70;0,0;4495;0,026969999999997465;1229,2094075875896
columna_70x70;0,0;4496;0,026975999999997464;1229,1909680962258
columna_70x70;0,0;4497;0,026981999999997463;1229,1725240838543
columna_70x70;0,0;4498;0,026987999999997462;1229,1540755466388
columna_70x70;0,0;4499;0,02699399999999746;1229,1356224807364
columna_70x70;0,0;4500;0,02699999999999746;1229,117164882301
columna_70x70;0,0;4501;0,027005999999997463;1229,0987027474762
columna_70x70;0,0;4502;0,02701199999999746;1229,080236072404
columna_70x70;0,0;4503;0,027017999999997454;1229,0617648532204
columna_70x70;0,0;4504;0,027023999999997453;1229,0432890860525
columna_70x70;0,0;4505;0,027029999999997455;1229,024808767024
columna_70x70;0,0;4506;0,027035999999997454;1229,006323892253
columna_70x70;0,0;4507;0,027041999999997453;1228,987834457849
columna_70x70;0,0;4508;0,027047999999997453;1228,9693404599188
columna_70x70;0,0;4509;0,02705399999999745;1228,9508418945613
columna_70x70;0,0;4510;0,02705999999999745;1228,9323387578734
columna_70x70;0,0;4511;0,02706599999999745;1228,913831045937
columna_70x70;0,0;4512;0,02707199999999745;1228,8953187548384
columna_70x70;0,0;4513;0,027077999999997448;1228,8768018806545
columna_70x70;0,0;4514;0,027083999999997447;1228,858280419451
columna_70x70;0,0;4515;0,027089999999997446;1228,8397543672943
columna_70x70;0,0;4516;0,027095999999997445;1228,8212237202429
columna_70x70;0,0;4517;0,027101999999997448;1228,8026884743501
columna_70x70;0,0;4518;0,027107999999997447;1228,7841486256577
columna_70x70;0,0;4519;0,02711399999999744;1228,765604170208
columna_70x70;0,0;4520;0,027119999999997438;1228,7470551040356
columna_70x70;0,0;4521;0,02712599999999744;1228,7285014231684
columna_70x70;0,0;4522;0,02713199999999744;1228,7099431236268
columna_70x70;0,0;4523;0,02713799999999744;1228,69138020143
columna_70x70;0,0;4524;0,027143999999997438;1228,6728126525843
columna_70x70;0,0;4525;0,027149999999997437;1228,6542404730956
columna_70x70;0,0;4526;0,027155999999997436;1228,635663658959
columna_70x70;0,0;4527;0,027161999999997435;1228,617082206168
columna_70x70;0,0;4528;0,027167999999997434;1228,5984961107065
columna_70x70;0,0;4529;0,027173999999997433;1228,5799053685562
columna_70x70;0,0;4530;0,027179999999997432;1228,5613099756874
columna_70x70;0,0;4531;0,02718599999999743;1228,542709928068
columna_70x70;0,0;4532;0,02719199999999743;1228,5241052216593
columna_70x70;0,0;4533;0,027197999999997433;1228,5054958524133
columna_70x70;0,0;4534;0,02720399999999743;1228,4868818162806
columna_70x70;0,0;4535;0,027209999999997424;1228,4682631092014
columna_70x70;0,0;4536;0,027215999999997423;1228,4496397271134
columna_70x70;0,0;4537;0,027221999999997425;1228,4310116659449
columna_70x70;0,0;4538;0,027227999999997424;1228,4123789216205
columna_70x70;0,0;4539;0,027233999999997423;1228,3937414900556
columna_70x70;0,0;4540;0,027239999999997423;1228,37509936716
columna_70x70;0,0;4541;0,02724599999999742;1228,3564525488403
columna_70x70;0,0;4542;0,02725199999999742;1228,3378010309934
columna_70x70;0,0;4543;0,02725799999999742;1228,31914480951
columna_70x70;0,0;4544;0,02726399999999742;1228,3004838802774
columna_70x70;0,0;4545;0,027269999999997418;1228,2818182391738
columna_70x70;0,0;4546;0,027275999999997417;1228,2631478820713
columna_70x70;0,0;4547;0,027281999999997416;1228,244472804836
columna_70x70;0,0;4548;0,027287999999997415;1228,2257930033277
columna_70x70;0,0;4549;0,027293999999997418;1228,207108473401
columna_70x70;0,0;4550;0,027299999999997417;1228,1884192109012
columna_70x70;0,0;4551;0,02730599999999741;1228,1697252116696
columna_70x70;0,0;4552;0,027311999999997408;1228,15102647154
columna_70x70;0,0;4553;0,02731799999999741;1228,1323229863397
columna_70x70;0,0;4554;0,02732399999999741;1228,1136147518907
columna_70x70;0,0;4555;0,02732999999999741;1228,0949017640062
columna_70x70;0,0;4556;0,027335999999997408;1228,0761840184937
columna_70x70;0,0;4557;0,027341999999997407;1228,057461511156
columna_70x70;0,0;4558;0,027347999999997406;1228,0387342377878
columna_70x70;0,0;4559;0,027353999999997405;1228,0200021941782
columna_70x70;0,0;4560;0,027359999999997404;1228,0012653761078
columna_70x70;0,0;4561;0,027365999999997403;1227,9825237793518
columna_70x70;0,0;4562;0,027371999999997402;1227,963777399679
columna_70x70;0,0;4563;0,0273779999999974;1227,945026232851
columna_70x70;0,0;4564;0,0273839999999974;1227,9262702746244
columna_70x70;0,0;4565;0,027389999999997403;1227,9075095207465
columna_70x70;0,0;4566;0,0273959999999974;1227,8887439669597
columna_70x70;0,0;4567;0,027401999999997394;1227,8699736089986
columna_70x70;0,0;4568;0,027407999999997393;1227,8511984425932
columna_70x70;0,0;4569;0,027413999999997395;1227,832418463464
columna_70x70;0,0;4570;0,027419999999997394;1227,8136336673272
columna_70x70;0,0;4571;0,027425999999997393;1227,7948440498915
columna_70x70;0,0;4572;0,027431999999997392;1227,7760496068572
columna_70x70;0,0;4573;0,02743799999999739;1227,7572503339197
columna_70x70;0,0;4574;0,02744399999999739;1227,7384462267676
columna_70x70;0,0;4575;0,02744999999999739;1227,7196372810827
columna_70x70;0,0;4576;0,02745599999999739;1227,700823492537
columna_70x70;0,0;4577;0,027461999999997388;1227,6820048568018
columna_70x70;0,0;4578;0,027467999999997387;1227,6631813695344
columna_70x70;0,0;4579;0,027473999999997386;1227,6443530263905
columna_70x70;0,0;4580;0,027479999999997385;1227,6255198230178
columna_70x70;0,0;4581;0,027485999999997388;1227,6066817550557
columna_70x70;0,0;4582;0,027491999999997387;1227,587838818137
columna_70x70;0,0;4583;0,02749799999999738;1227,568991007888
columna_70x70;0,0;4584;0,027503999999997378;1227,5501383199287
columna_70x70;0,0;4585;0,02750999999999738;1227,5312807498713
columna_70x70;0,0;4586;0,02751599999999738;1227,512418293322
columna_70x70;0,0;4587;0,02752199999999738;1227,493550945878
columna_70x70;0,0;4588;0,027527999999997377;1227,4746787031322
columna_70x70;0,0;4589;0,027533999999997377;1227,4558015606676
columna_70x70;0,0;4590;0,027539999999997376;1227,4369195140623
columna_70x70;0,0;4591;0,027545999999997375;1227,4180325588882
columna_70x70;0,0;4592;0,027551999999997374;1227,3991406907046
columna_70x70;0,0;4593;0,027557999999997373;1227,3802439050721
columna_70x70;0,0;4594;0,027563999999997372;1227,3613421975365
columna_70x70;0,0;4595;0,02756999999999737;1227,3424355636425
columna_70x70;0,0;4596;0,02757599999999737;1227,3235239989244
columna_70x70;0,0;4597;0,027581999999997373;1227,3046074989063
columna_70x70;0,0;4598;0,02758799999999737;1227,2856860591146
columna_70x70;0,0;4599;0,027593999999997364;1227,2667596750587
columna_70x70;0,0;4600;0,027599999999997363;1227,2478283422465
columna_70x70;0,0;4601;0,027605999999997365;1227,2288920561753
columna_70x70;0,0;4602;0,027611999999997364;1227,2099508123392
columna_70x70;0,0;4603;0,027617999999997363;1227,19100460622
columna_70x70;0,0;4604;0,027623999999997362;1227,1720534332983
columna_70x70;0,0;4605;0,02762999999999736;1227,1530972890419
columna_70x70;0,0;4606;0,02763599999999736;1227,1341361689124
columna_70x70;0,0;4607;0,02764199999999736;1227,1151700683693
columna_70x70;0,0;4608;0,02764799999999736;1227,0961989828559
columna_70x70;0,0;4609;0,027653999999997358;1227,0772229078154
columna_70x70;0,0;4610;0,027659999999997357;1227,0582418386805
columna_70x70;0,0;4611;0,027665999999997356;1227,039255770878
columna_70x70;0,0;4612;0,027671999999997355;1227,0202646998262
columna_70x70;0,0;4613;0,027677999999997357;1227,001268620935
columna_70x70;0,0;4614;0,027683999999997357;1226,9822675296095
columna_70x70;0,0;4615;0,02768999999999735;1226,963261421245
columna_70x70;0,0;4616;0,027695999999997348;1226,944250291232
columna_70x70;0,0;4617;0,02770199999999735;1226,9252341349497
columna_70x70;0,0;4618;0,02770799999999735;1226,906212947772
columna_70x70;0,0;4619;0,02771399999999735;1226,8871867250687
columna_70x70;0,0;4620;0,027719999999997347;1226,8681554621942
columna_70x70;0,0;4621;0,027725999999997347;1226,8491191545022
columna_70x70;0,0;4622;0,027731999999997346;1226,8300777973366
columna_70x70;0,0;4623;0,027737999999997345;1226,8110313860316
columna_70x70;0,0;4624;0,027743999999997344;1226,7919799159179
columna_70x70;0,0;4625;0,027749999999997343;1226,7729233823138
columna_70x70;0,0;4626;0,027755999999997342;1226,7538617805346
columna_70x70;0,0;4627;0,02776199999999734;1226,7347951058864
columna_70x70;0,0;4628;0,02776799999999734;1226,7157233536655
columna_70x70;0,0;4629;0,027773999999997342;1226,696646519162
columna_70x70;0,0;4630;0,02777999999999734;1226,6775645976606
columna_70x70;0,0;4631;0,027785999999997334;1226,6584775844342
columna_70x70;0,0;4632;0,027791999999997333;1226,6393854747498
columna_70x70;0,0;4633;0,027797999999997335;1226,6202882638677
columna_70x70;0,0;4634;0,027803999999997334;1226,601185947038
columna_70x70;0,0;4635;0,027809999999997333;1226,5820785195071
columna_70x70;0,0;4636;0,027815999999997332;1226,5629659765077
columna_70x70;0,0;4637;0,02782199999999733;1226,5438483132702
columna_70x70;0,0;4638;0,02782799999999733;1226,5247255250135
columna_70x70;0,0;4639;0,02783399999999733;1226,50559760695
columna_70x70;0,0;4640;0,02783999999999733;1226,4864645542864
columna_70x70;0,0;4641;0,027845999999997328;1226,4673263622155
columna_70x70;0,0;4642;0,027851999999997327;1226,4481830259292
columna_70x70;0,0;4643;0,027857999999997326;1226,4290345406062
columna_70x70;0,0;4644;0,027863999999997325;1226,409880901421
columna_70x70;0,0;4645;0,027869999999997327;1226,3907221035356
columna_70x70;0,0;4646;0,027875999999997327;1226,3715581421106
columna_70x70;0,0;4647;0,02788199999999732;1226,3523890122917
columna_70x70;0,0;4648;0,027887999999997318;1226,3332147092199
columna_70x70;0,0;4649;0,02789399999999732;1226,3140352280286
columna_70x70;0,0;4650;0,02789999999999732;1226,2948505638428
columna_70x70;0,0;4651;0,02790599999999732;1226,2756607117774
columna_70x70;0,0;4652;0,027911999999997317;1226,2564656669429
columna_70x70;0,0;4653;0,027917999999997316;1226,2372654244389
columna_70x70;0,0;4654;0,027923999999997316;1226,218059979355
columna_70x70;0,0;4655;0,027929999999997315;1226,198849326779
columna_70x70;0,0;4656;0,027935999999997314;1226,1796334617843
columna_70x70;0,0;4657;0,027941999999997313;1226,1604123794389
columna_70x70;0,0;4658;0,027947999999997312;1226,141186074801
columna_70x70;0,0;4659;0,02795399999999731;1226,121954542925
columna_70x70;0,0;4660;0,02795999999999731;1226,1027177788492
columna_70x70;0,0;4661;0,027965999999997312;1226,083475777612
columna_70x70;0,0;4662;0,02797199999999731;1226,0642285342365
columna_70x70;0,0;4663;0,027977999999997304;1226,0449760437423
columna_70x70;0,0;4664;0,027983999999997303;1226,0257183011392
columna_70x70;0,0;4665;0,027989999999997305;1226,006455301427
columna_70x70;0,0;4666;0,027995999999997304;1225,9871870395993
columna_70x70;0,0;4667;0,028001999999997303;1225,9679135106408
columna_70x70;0,0;4668;0,028007999999997302;1225,9486347095258
columna_70x70;0,0;4669;0,0280139999999973;1225,9293506312245
columna_70x70;0,0;4670;0,0280199999999973;1225,910061270694
columna_70x70;0,0;4671;0,0280259999999973;1225,890766622885
columna_70x70;0,0;4672;0,0280319999999973;1225,8714666827402
columna_70x70;0,0;4673;0,028037999999997298;1225,8521614451934
columna_70x70;0,0;4674;0,028043999999997297;1225,8328509051667
columna_70x70;0,0;4675;0,028049999999997296;1225,813535057581
columna_70x70;0,0;4676;0,028055999999997295;1225,7942138973403
columna_70x70;0,0;4677;0,028061999999997297;1225,7748874193467
columna_70x70;0,0;4678;0,028067999999997297;1225,7555556184896
columna_70x70;0,0;4679;0,02807399999999729;1225,736218489649
columna_70x70;0,0;4680;0,028079999999997288;1225,7168760277023
columna_70x70;0,0;4681;0,02808599999999729;1225,6975282275096
columna_70x70;0,0;4682;0,02809199999999729;1225,6781750839302
columna_70x70;0,0;4683;0,02809799999999729;1225,6588165918101
columna_70x70;0,0;4684;0,028103999999997287;1225,6394527459872
columna_70x70;0,0;4685;0,028109999999997286;1225,6200835412913
columna_70x70;0,0;4686;0,028115999999997286;1225,6007089725438
columna_70x70;0,0;4687;0,028121999999997285;1225,5813290345563
columna_70x70;0,0;4688;0,028127999999997284;1225,5619437221317
columna_70x70;0,0;4689;0,028133999999997283;1225,5425530300631
columna_70x70;0,0;4690;0,028139999999997282;1225,5231569531395
columna_70x70;0,0;4691;0,02814599999999728;1225,5037554861367
columna_70x70;0,0;4692;0,02815199999999728;1225,4843486238187
columna_70x70;0,0;4693;0,028157999999997282;1225,464936360947
columna_70x70;0,0;4694;0,02816399999999728;1225,445518692272
columna_70x70;0,0;4695;0,028169999999997274;1225,4260956125318
columna_70x70;0,0;4696;0,028175999999997273;1225,40666711646
columna_70x70;0,0;4697;0,028181999999997275;1225,3872331987775
columna_70x70;0,0;4698;0,028187999999997274;1225,3677938541998
columna_70x70;0,0;4699;0,028193999999997273;1225,348349077432
columna_70x70;0,0;4700;0,028199999999997272;1225,3288988631678
columna_70x70;0,0;4701;0,02820599999999727;1225,3094432060943
columna_70x70;0,0;4702;0,02821199999999727;1225,2899821008878
columna_70x70;0,0;4703;0,02821799999999727;1225,2705155422166
columna_70x70;0,0;4704;0,02822399999999727;1225,251043524742
columna_70x70;0,0;4705;0,028229999999997268;1225,2315660431095
columna_70x70;0,0;4706;0,028235999999997267;1225,2120830919634
columna_70x70;0,0;4707;0,028241999999997266;1225,1925946659326
columna_70x70;0,0;4708;0,028247999999997265;1225,1731007596393
columna_70x70;0,0;4709;0,028253999999997267;1225,1536013676973
columna_70x70;0,0;4710;0,028259999999997266;1225,1340964847063
columna_70x70;0,0;4711;0,02826599999999726;1225,1145861052646
columna_70x70;0,0;4712;0,028271999999997258;1225,095070223955
columna_70x70;0,0;4713;0,02827799999999726;1225,075548835352
columna_70x70;0,0;4714;0,02828399999999726;1225,0560219340232
columna_70x70;0,0;4715;0,02828999999999726;1225,0364895145221
columna_70x70;0,0;4716;0,028295999999997257;1225,0169515713976
columna_70x70;0,0;4717;0,028301999999997256;1224,9974080991863
columna_70x70;0,0;4718;0,028307999999997255;1224,9778590924177
columna_70x70;0,0;4719;0,028313999999997255;1224,9583045456072
columna_70x70;0,0;4720;0,028319999999997254;1224,9387444532651
columna_70x70;0,0;4721;0,028325999999997253;1224,9191788098917
columna_70x70;0,0;4722;0,028331999999997252;1224,8996076099745
columna_70x70;0,0;4723;0,02833799999999725;1224,8800308479954
columna_70x70;0,0;4724;0,02834399999999725;1224,8604485184233
columna_70x70;0,0;4725;0,028349999999997252;1224,8408606157209
columna_70x70;0,0;4726;0,02835599999999725;1224,8212671343365
columna_70x70;0,0;4727;0,028361999999997244;1224,8016680687138
columna_70x70;0,0;4728;0,028367999999997243;1224,7820634132827
columna_70x70;0,0;4729;0,028373999999997245;1224,7624531624651
columna_70x70;0,0;4730;0,028379999999997244;1224,742837310673
columna_70x70;0,0;4731;0,028385999999997243;1224,7232158523102
columna_70x70;0,0;4732;0,028391999999997242;1224,7035887817665
columna_70x70;0,0;4733;0,02839799999999724;1224,6839560934252
columna_70x70;0,0;4734;0,02840399999999724;1224,6643177816595
columna_70x70;0,0;4735;0,02840999999999724;1224,6446738408322
columna_70x70;0,0;4736;0,02841599999999724;1224,6250242652952
columna_70x70;0,0;4737;0,028421999999997238;1224,6053690493918
columna_70x70;0,0;4738;0,028427999999997237;1224,5857081874537
columna_70x70;0,0;4739;0,028433999999997236;1224,5660416738058
columna_70x70;0,0;4740;0,028439999999997235;1224,5463695027584
columna_70x70;0,0;4741;0,028445999999997237;1224,5266916686148
columna_70x70;0,0;4742;0,028451999999997236;1224,5070081656693
columna_70x70;0,0;4743;0,02845799999999723;1224,4873189882017
columna_70x70;0,0;4744;0,028463999999997228;1224,4676241304862
columna_70x70;0,0;4745;0,02846999999999723;1224,447923586785
columna_70x70;0,0;4746;0,02847599999999723;1224,4282173513475
columna_70x70;0,0;4747;0,02848199999999723;1224,4085054184188
columna_70x70;0,0;4748;0,028487999999997227;1224,3887877822294
columna_70x70;0,0;4749;0,028493999999997226;1224,369064436999
columna_70x70;0,0;4750;0,028499999999997225;1224,3493353769393
columna_70x70;0,0;4751;0,028505999999997225;1224,329600596253
columna_70x70;0,0;4752;0,028511999999997224;1224,3098600891256
columna_70x70;0,0;4753;0,028517999999997223;1224,2901138497427
columna_70x70;0,0;4754;0,02852399999999722;1224,2703618722694
columna_70x70;0,0;4755;0,02852999999999722;1224,2506041508675
columna_70x70;0,0;4756;0,02853599999999722;1224,2308406796833
columna_70x70;0,0;4757;0,028541999999997222;1224,2110714528583
columna_70x70;0,0;4758;0,02854799999999722;1224,1912964645167
columna_70x70;0,0;4759;0,028553999999997214;1224,1715157087774
columna_70x70;0,0;4760;0,028559999999997213;1224,1517291797463
columna_70x70;0,0;4761;0,028565999999997215;1224,13193687152
columna_70x70;0,0;4762;0,028571999999997214;1224,1121387781832
columna_70x70;0,0;4763;0,028577999999997213;1224,0923348938118
columna_70x70;0,0;4764;0,028583999999997212;1224,0725252124687
columna_70x70;0,0;4765;0,02858999999999721;1224,0527097282081
columna_70x70;0,0;4766;0,02859599999999721;1224,0328884350727
columna_70x70;0,0;4767;0,02860199999999721;1224,013061327093
columna_70x70;0,0;4768;0,02860799999999721;1223,9932283982919
columna_70x70;0,0;4769;0,028613999999997208;1223,9733896426787
columna_70x70;0,0;4770;0,028619999999997207;1223,9535450542544
columna_70x70;0,0;4771;0,028625999999997206;1223,9336946270057
columna_70x70;0,0;4772;0,028631999999997205;1223,9138383549118
columna_70x70;0,0;4773;0,028637999999997207;1223,893976231938
columna_70x70;0,0;4774;0,028643999999997206;1223,8741082520417
columna_70x70;0,0;4775;0,0286499999999972;1223,8542344091684
columna_70x70;0,0;4776;0,028655999999997198;1223,8343546972517
columna_70x70;0,0;4777;0,0286619999999972;1223,8144691102123
columna_70x70;0,0;4778;0,0286679999999972;1223,794577641965
columna_70x70;0,0;4779;0,028673999999997198;1223,7746802864106
columna_70x70;0,0;4780;0,028679999999997197;1223,7547770374365
columna_70x70;0,0;4781;0,028685999999997196;1223,7348678889216
columna_70x70;0,0;4782;0,028691999999997195;1223,7149528347359
columna_70x70;0,0;4783;0,028697999999997195;1223,6950318687343
columna_70x70;0,0;4784;0,028703999999997194;1223,675104984761
columna_70x70;0,0;4785;0,028709999999997193;1223,65517217665
columna_70x70;0,0;4786;0,02871599999999719;1223,6352334382243
columna_70x70;0,0;4787;0,02872199999999719;1223,6152887632961
columna_70x70;0,0;4788;0,02872799999999719;1223,595338145662
columna_70x70;0,0;4789;0,028733999999997192;1223,5753815791156
columna_70x70;0,0;4790;0,02873999999999719;1223,555419057428
columna_70x70;0,0;4791;0,028745999999997184;1223,535450574369
columna_70x70;0,0;4792;0,028751999999997183;1223,5154761236913
columna_70x70;0,0;4793;0,028757999999997185;1223,4954956991364
columna_70x70;0,0;4794;0,028763999999997184;1223,4755092944397
columna_70x70;0,0;4795;0,028769999999997183;1223,4555169033156
